Product Name,Salt Composition,M.R.P.,Company
LIVIAL TAB 28S,Tibolone,"1,565.63",A.MENARINI INDIA PVT.LTD.
MENOCTYL 40MG TAB 15'S,Oxybutynin,190.31,A.MENARINI INDIA PVT.LTD.
PICLIN PLUS SYRUP 110ML,Sodium Picosulfate + Liquid Paraffin + Milk of Magnesia,75.00,A.MENARINI INDIA PVT.LTD.
DISTACLOR 500MG CAP,Cefaclor,182.81,A.MENARINI INDIA PVT.LTD.
DISTACLOR 125MG TAB,Cefaclor,128.44,A.MENARINI INDIA PVT.LTD.
DISTACLOR DT 250MG TAB,Cefaclor,285.94,A.MENARINI INDIA PVT.LTD.
DISTACLOR 5MG DROP,Cefaclor,86.25,A.MENARINI INDIA PVT.LTD.
DISTACLOR 125MG SUS.,Cefaclor,140.63,A.MENARINI INDIA PVT.LTD.
DISTACLOR 187MG SUS.,Cefaclor,163.13,A.MENARINI INDIA PVT.LTD.
DISTACLOR 750MG CD,Cefaclor,506.25,A.MENARINI INDIA PVT.LTD.
DISTACLOR 375MG CD,Cefaclor,450.00,A.MENARINI INDIA PVT.LTD.
CERAZETTE TAB 28'S,Desogestrel,455.00,A.MENARINI INDIA PVT.LTD.
PYRIDIUM 200 MG TAB 10'S,Phenazopyridine,106.88,A.MENARINI INDIA PVT.LTD.
NASONEX NASAL SPRAY 50MCG,Mometasone Furoate,536.25,A.MENARINI INDIA PVT.LTD.
SINGULAIR 5MG TABS,Montelukast,93.98,A.MENARINI INDIA PVT.LTD.
SINGULAIR 4MG TABS,Montelukast,93.98,A.MENARINI INDIA PVT.LTD.
FOSAVANCE 70MG 5600IU,Alendronic Acid + Cholecalciferol,589.69,A.MENARINI INDIA PVT.LTD.
PICLIN KID SYP 50ML,Sodium Picosulfate,73.13,A.MENARINI INDIA PVT.LTD.
PICLIN SYP 150ML,Sodium Picosulfate + Liquid Paraffin + Milk of Magnesia,156.56,A.MENARINI INDIA PVT.LTD.
PICLIN 10 TAB,Sodium Picosulfate,61.88,A.MENARINI INDIA PVT.LTD.
SUCRAMAL O SUSP 150ML,Sucralfate + Oxetacaine,105.94,A.MENARINI INDIA PVT.LTD.
SUCRAMAL SUSP 200ML,Sucralfate,112.50,A.MENARINI INDIA PVT.LTD.
ESPUMISAN GOLD 10 CAP,Simethicone,64.69,A.MENARINI INDIA PVT.LTD.
FASTUM GEL 30GM,Ketoprofen,94.69,A.MENARINI INDIA PVT.LTD.
ESPUMISAN ENDO 15ML,Simethicone,38.44,A.MENARINI INDIA PVT.LTD.
MENARIF 400 TAB 1,Mifepristone,225.00,A.MENARINI INDIA PVT.LTD.
EMESSA E OIL 100ML,Vitamin E,293.70,A.MENARINI INDIA PVT.LTD.
MENROX DEPIGMENTATION CR.30GM,NEEDS_VERIFICATION,436.10,A.MENARINI INDIA PVT.LTD.
MELALUMIN UNDER EYE SERUM 15ML,NEEDS_VERIFICATION,845.50,A.MENARINI(DERMA)
MELALUMIN UV CREAM 30GM,NEEDS_VERIFICATION,440.55,A.MENARINI(DERMA)
LUHON CREAM 30GM,Luliconazole,351.56,A.MENARINI(DERMA)
G.B.H.C. SOAP 50GM,NEEDS_VERIFICATION,57.84,A.MENARINI(DERMA)
DIPLENE AF CR.20GM,Adapalene,104.06,A.MENARINI(DERMA)
DIPGENTA PLUS CREAM 20GM,Beclometasone Dipropionate + Clotrimazole + Gentamicin,98.44,A.MENARINI(DERMA)
RELIZEMA CREEM 100ML.,NEEDS_VERIFICATION,700.00,A.MENARINI(DERMA)
PAPULEX CLEANSING GEL 100ML,NEEDS_VERIFICATION,534.00,A.MENARINI(DERMA)
OLEMESSA 100ML OIL 100ML,NEEDS_VERIFICATION,190.00,A.MENARINI(DERMA)
DEWDERM SOAP 100G,NEEDS_VERIFICATION,155.75,A.MENARINI(DERMA)
DEWDERM LOTION 100GM,NEEDS_VERIFICATION,335.00,A.MENARINI(DERMA)
HEXILAK ULTRA GEL 15GM,NEEDS_VERIFICATION,925.00,A.MENARINI(DERMA)
ACNELAK SOAP 75GM,Benzoyl Peroxide + Triclosan (anti-acne),137.92,A.MENARINI(DERMA)
DEWDERM LOTION 50GM,NEEDS_VERIFICATION,63.99,A.MENARINI(DERMA)
OLEMESSA BABY SOAP 75GM,NEEDS_VERIFICATION,39.16,A.MENARINI(DERMA)
SCABPER SOAP 75GM,Permethrin,60.52,A.MENARINI(DERMA)
CALAK LOTION 100ML,Calamine,117.00,A.MENARINI(DERMA)
CALAK LOTION 50ML,Calamine,48.75,A.MENARINI(DERMA)
CETRILAK MILD SOLUTION 100ML,NEEDS_VERIFICATION,58.13,A.MENARINI(DERMA)
CETRILAK SOLUTION 0.2 100ML,Chlorhexidine Gluconate,30.84,A.MENARINI(DERMA)
FLONIDA 1%CREAM 10GM,Fluorouracil,122.81,A.MENARINI(DERMA)
FLONIDA 5%CREAM 10GM,Fluorouracil,296.25,A.MENARINI(DERMA)
HEXILAK GEL 10GM,Allium Cepa Extract + Heparin Sodium + Allantoin,273.75,A.MENARINI(DERMA)
HEXILAK GEL 20GM,Allium Cepa Extract + Heparin Sodium + Allantoin,543.75,A.MENARINI(DERMA)
GLYAHA HQ LOTION 50GM,Glycolic Acid + Hydroquinone,208.26,A.MENARINI(DERMA)
GLYAHA KOJ LOTION 30GM,Glycolic Acid + Kojic Acid,219.83,A.MENARINI(DERMA)
GLYAHA LOTION 50GM,Glycolic Acid,425.00,A.MENARINI(DERMA)
PAPULEX CREEM 15GM,Nicotinamide + Zinc PCA,258.10,A.MENARINI(DERMA)
CETRILAK SOAP 75GM,NEEDS_VERIFICATION,80.10,A.MENARINI(DERMA)
U.V.AVO LOTION 30GM,NEEDS_VERIFICATION,177.11,A.MENARINI(DERMA)
DEWDERM CREAM 30GM,NEEDS_VERIFICATION,76.88,A.MENARINI(DERMA)
SCABPER LOTION 30ML,Permethrin,60.66,A.MENARINI(DERMA)
ACNELAK 4 IN1 FACE WASH 100ML,Salicylic Acid + Glycolic Acid + Aloe Vera + Tea Tree Oil,395.00,A.MENARINI(DERMA)
DEWDERM AD CREAM 30GM,NEEDS_VERIFICATION,164.65,A.MENARINI(DERMA)
DEWDERM AD LOTION 200ML,NEEDS_VERIFICATION,600.75,A.MENARINI(DERMA)
DEWDERM AD LOTION 50ML,NEEDS_VERIFICATION,245.20,A.MENARINI(DERMA)
MELALUMIN CREAM 20GM,Arbutin + Kojic Acid + Mulberry Extract + Octadecenedioic Acid,560.00,A.MENARINI(DERMA)
MELALUMIN FACE WASH 60ML,NEEDS_VERIFICATION,284.80,A.MENARINI(DERMA)
OLEMESSA MASEG 200 OIL 200ML,NEEDS_VERIFICATION,298.15,A.MENARINI(DERMA)
HYDE CREAM 30GM,Hydroquinone,127.50,A.MENARINI(DERMA)
HYDE SOLUTION 50ML,Hydroquinone,97.50,A.MENARINI(DERMA)
DEWDERM AD BODY WASH 100M,NEEDS_VERIFICATION,275.90,A.MENARINI(DERMA)
SALYTAR-T SOAP 100G,Coal Tar + Salicylic Acid,81.86,A.MENARINI(DERMA)
SALYTAR SOLUTION 100ML,Coal Tar + Salicylic Acid,177.97,A.MENARINI(DERMA)
U.V AVO LOTION 75GM,Avobenzone + Octinoxate + Oxybenzone (sunscreen filters),540.00,A.MENARINI(DERMA)
A-RET 0.025 GEL 20GM,"Tretinoin (0.025%, 0.05%, 0.1%)",120.00,A.MENARINI(DERMA)
A-RET 0.05 GEL 20GM,"Tretinoin (0.025%, 0.05%, 0.1%)",170.00,A.MENARINI(DERMA)
U.V.AVO PRO 50SPF GEL 50GR,NEEDS_VERIFICATION,975.00,A.MENARINI(DERMA)
A-RET 0.1GEL 20GM,"Tretinoin (0.025%, 0.05%, 0.1%)",205.00,A.MENARINI(DERMA)
HEXIMAR OINTMENT 15GM,NEEDS_VERIFICATION,395.63,A.MENARINI(DERMA)
PODOWART PAINT 10ML,Podophyllin Resin,292.50,A.MENARINI(DERMA)
ACNELAK UV CREAM 30GM,Avobenzone + Octisalate + Oxybenzone,311.50,A.MENARINI(DERMA)
SALYTAR OINTMENT 15GM,Salicylic Acid + Coal Tar + Sulphur,69.38,A.MENARINI(DERMA)
U.V.DEW 15 PLUS LOTION 30GM,NEEDS_VERIFICATION,106.80,A.MENARINI(DERMA)
U.V.DEW 34 PLUS LOTION 30GM,NEEDS_VERIFICATION,179.78,A.MENARINI(DERMA)
SALEX-L SOLUT 10ML,Salicylic Acid + Lactic Acid,165.00,A.MENARINI(DERMA)
GLYAHA KOJ SOAP 75GM,Glycolic Acid + Kojic Acid,222.46,A.MENARINI(DERMA)
U.V.AVO LOTION 75GM,Avobenzone + Octinoxate + Oxybenzone (sunscreen filters),565.00,A.MENARINI(DERMA)
MELALUMIN ULTRA COMBO KIT CREA,NEEDS_VERIFICATION,385.37,A.MENARINI(DERMA)
MENROX HYDRATING CLEANSER 100G,NEEDS_VERIFICATION,382.70,A.MENARINI(DERMA)
MENROX NOURISHING MOISTUR.100G,NEEDS_VERIFICATION,356.00,A.MENARINI(DERMA)
MENROX SUNSCREEN SPF30+50G TUB,NEEDS_VERIFICATION,507.30,A.MENARINI(DERMA)
U.V.AVO JUNIOR 50GM,NEEDS_VERIFICATION,525.10,A.MENARINI(DERMA)
PODOWART-S PAINT 10ML,Podophyllin + Salicylic Acid,298.13,A.MENARINI(DERMA)
HEXILAK ULTRA C 20GM,NEEDS_VERIFICATION,525.10,A.MENARINI(DERMA)
A-RET HC CREAM 15GM,"Tretinoin (0.025%, 0.05%, 0.1%)",184.69,A.MENARINI(DERMA)
HEXILAK ACNE+SCAR SERUM 15G,NEEDS_VERIFICATION,925.00,A.MENARINI(DERMA)
MELALUMIN LIP LIGHTENER 10GM,NEEDS_VERIFICATION,395.00,A.MENARINI(DERMA)
BNC NEO DROP 15ML,NEEDS_VERIFICATION,65.00,AGLOWMED LTD.
CURA 50DS SYRUP 15G 30ML,Cefpodoxime Proxetil,109.88,AGLOWMED LTD.
AGLOZYME CAPS 10'S,Fungal Diastase + Pepsin,85.31,AGLOWMED LTD.
GLOBIRON SYP. 200ML,Ferric Ammonium Citrate + Folic Acid + Cyanocobalamin,110.63,AGLOWMED LTD.
AGLOZYME SYP.200ML,Fungal Diastase + Pepsin,140.51,AGLOWMED LTD.
PANOPAZ INJ I.V 40MG 1,Pantoprazole,42.42,AGLOWMED LTD.
AGLOZYME DROPS 15 ML,Fungal Diastase + Pepsin,103.23,AGLOWMED LTD.
CURA TAB 200MG 10'S,Cefixime,234.82,AGLOWMED LTD.
COTEN SOFTGEL CAP 200MG 10'S,Coenzyme Q10,338.20,AGLOWMED LTD.
CURA TAB 100DT 1*10'S,Cefpodoxime Proxetil,138.75,AGLOWMED LTD.
CHYMOFLAM FORTE TAB 10'S,Trypsin Chymotrypsin (Apollo Pharmacy),203.16,AGLOWMED LTD.
CHYMOFLAM MR TAB 1*10'S,Trypsin Chymotrypsin + Diclofenac + Paracetamol,249.56,AGLOWMED LTD.
CHYMOFLAM GEL 50GM,Diclofenac + Linseed Oil + Methyl Salicylate + Menthol,164.06,AGLOWMED LTD.
PIOLAX SYRUP 200ML,Lactulose,283.59,AGLOWMED LTD.
ZOTUM 1.5GM VAIL INJ,Cefuroxime + Sulbactam,355.68,AGLOWMED LTD.
ZOTUM 500 TAB 10S,Cefuroxime Axetil,395.83,AGLOWMED LTD.
BNC KIDS SYP 150ML,NEEDS_VERIFICATION,151.27,AGLOWMED LTD.
ZOTUM 250MG TAB 10'S,Cefuroxime Axetil,225.43,AGLOWMED LTD.
PANCEF 1GM,Ceftriaxone,64.54,AGLOWMED LTD.
GLOBIRON Z SYP.200ML,Ferric Ammonium Citrate + Folic Acid + Cyanocobalamin + Zinc Sulphate,79.69,AGLOWMED LTD.
OFLAMED OZ TABS 10'S,Ofloxacin + Ornidazole,105.94,AGLOWMED LTD.
AGLOZYME C SYP 200ML,Fungal Diastase + Pepsin,141.80,AGLOWMED LTD.
INSTACODIN SYP 100ML.,Terbutaline + Bromhexine + Guaifenesin + Menthol,85.36,AGLOWMED LTD.
CHYMOFLAM TAB 10'S,Aceclofenac + Paracetamol,148.40,AGLOWMED LTD.
LIZOMED C TAB 10'S,Linezolid + Cefixime,356.25,AGLOWMED LTD.
AGLOZYME JR. SYRUP 60ML,Fungal Diastase + Pepsin,96.42,AGLOWMED LTD.
CHYMOSPAS TAB 10S,Drotaverine + Mefenamic Acid (Apollo Pharmacy),74.06,AGLOWMED LTD.
CURA 100MG DRY SYRUP 30ML,Cefixime,186.66,AGLOWMED LTD.
CURA DRY SYRUP 30ML,Cefpodoxime Proxetil,76.31,AGLOWMED LTD.
PANCEF 500MG INJ.,Ceftriaxone,52.54,AGLOWMED LTD.
PANCEF 250MG INJ.,Ceftriaxone,28.75,AGLOWMED LTD.
PIPACIN-XP INJ,Piperacillin + Tazobactam,419.35,AGLOWMED LTD.
CHYMOFLAM AP+ TAB 10'S,Aceclofenac + Paracetamol + Trypsin-Chymotrypsin,175.00,AGLOWMED LTD.
AGLOFIT POWDER 200GM,Protein Hydrolysate + Multivitamins + Multiminerals,382.63,AGLOWMED LTD.
PRB SUSP 5ML 10S 10S,Probiotic Blend,42.19,AGLOWMED LTD.
PIO AF OINTMENT 30G,NEEDS_VERIFICATION,201.09,AGLOWMED LTD.
BNC NEO DROPS 30ML,Multivitamins (Vitamin B Complex + Vitamin C + Vitamin D),160.00,AGLOWMED LTD.(Radiance)
BNC CAPS 15'S,Vitamin B Complex + Vitamin C,115.00,AGLOWMED LTD.(Radiance)
INSTARYL EXPT.100ML,Ambroxol + Guaifenesin + Terbutaline,52.59,AGLOWMED LTD.(Radiance)
CLOMPIC CV 625 TABS,Amoxicillin + Clavulanic Acid (1mg),192.05,AGLOWMED LTD.(Radiance)
BNC PR SOFGEL TAB 10,Methylcobalamin + Alpha Lipoic Acid + Pyridoxine + Folic Acid,210.94,AGLOWMED LTD.(Radiance)
CLOMPIC CV DRY SYP 30ML,Amoxicillin + Clavulanic Acid,63.32,AGLOWMED LTD.(Radiance)
CLOMPIC CV FORTE 457 DRY SYP 1,Amoxicillin + Clavulanic Acid,106.88,AGLOWMED LTD.(Radiance)
INSTALAST TAB 10'S,Levocetirizine + Montelukast (1mg),74.53,AGLOWMED LTD.(Radiance)
PANOPAZ D CAP 10'S,Pantoprazole + Domperidone,84.84,AGLOWMED LTD.(Radiance)
MPOWERVIT TAB 10'S,NEEDS_VERIFICATION,360.00,AGLOWMED LTD.(Radiance)
INSTARYL-D JUNIOR SYRUP 60ML,Dextromethorphan + Phenylephrine + Chlorpheniramine,77.34,AGLOWMED LTD.(Radiance)
LIZOMED-XL DRY SYRUP 60ML,Linezolid,243.75,AGLOWMED LTD.(Radiance)
NOSOBAC-XP INJ 1.5GM,Cefoperazone + Sulbactam,193.13,AGLOWMED LTD.(Radiance)
PANCEF O DRY 50MG SYP.30ML,Cefixime + Ofloxacin,51.92,AGLOWMED LTD.(Radiance)
PANCEF O 200MG TABS 10'S,Cefixime + Ofloxacin,111.33,AGLOWMED LTD.(Radiance)
PANCEF O DT 100MG TABS 10'S,Cefixime,119.11,AGLOWMED LTD.(Radiance)
INSTARYL P SYP.100ML,Paracetamol + Phenylephrine + Chlorpheniramine,116.53,AGLOWMED LTD.(Radiance)
LIZOMED 600MG TABS 4'S,Linezolid,374.43,AGLOWMED LTD.(Radiance)
INSTARYL D SF SYP.100ML,Dextromethorphan + Phenylephrine + Chlorpheniramine,122.41,AGLOWMED LTD.(Radiance)
LIZOMED DRY SYP 30ML,Linezolid,154.69,AGLOWMED LTD.(Radiance)
BNC SYP 200ML.,NEEDS_VERIFICATION,177.08,AGLOWMED LTD.(Radiance)
GLOBIRON XT TAB 10'S,Ferrous Ascorbate + Folic Acid (MIMS),129.38,AGLOWMED LTD.(Radiance)
GLOBIRON XT SYP 150ML.,Ferrous Ascorbate + Folic Acid (MIMS),167.06,AGLOWMED LTD.(Radiance)
INSTARYL LS SYP 100ML,Levosalbutamol + Ambroxol + Guaifenesin,105.94,AGLOWMED LTD.(Radiance)
PANCEF OF TAB 10,Cefixime + Ofloxacin,164.06,AGLOWMED LTD.(Radiance)
PANCEF O 100MG DRY SYP 30ML,Cefixime,76.27,AGLOWMED LTD.(Radiance)
POWERVIT TAB 10'S,Multivitamins + Multiminerals,215.00,AGLOWMED LTD.(Radiance)
UROFLAMED TAB 10S,Flavoxate + Potassium Magnesium Citrate,203.16,AGLOWMED LTD.(Radiance)
INSTARYL-LS DROPS 15ML,Levosalbutamol + Ambroxol + Guaiphenesin,77.14,AGLOWMED LTD.(Radiance)
INSTARYL-DR SYRUP 100ML,Dextromethorphan + Chlorpheniramine,63.75,AGLOWMED LTD.(Radiance)
LIZOMED 300MG TAB 10S,Linezolid,237.72,AGLOWMED LTD.(Radiance)
LIZOMED INJ.IV 600ML,Linezolid,463.97,AGLOWMED LTD.(Radiance)
INSTARYL-LS JUNIOR 60ML,Levosalbutamol + Ambroxol + Guaiphenesin,97.56,AGLOWMED LTD.(Radiance)
PIO OINTMENT 30G,NEEDS_VERIFICATION,304.22,AGLOWMED LTD.(Radiance)
PANCEF S 1500MG INJ,Cefoperazone + Sulbactam,199.08,AGLOWMED LTD.(Radiance)
AZIPOS 500MG TAB 5'S,Azithromycin (1mg),104.65,AGLOWMED LTD.(Radiance)
INSTALAST SUSP. 60ML,Levocetirizine + Montelukast,87.14,AGLOWMED LTD.(Radiance)
AKSICEF 500MG TAB 6S,Cefuroxime Axetil,309.38,AKSIGEN HOSPITAL CARE
ORALIXIR MOUTHWASH 200ML,Chlorhexidine Gluconate,196.88,AKSIGEN HOSPITAL CARE
AKSIPROL OD TAB 10'S,Aceclofenac + Rabeprazole,328.13,AKSIGEN HOSPITAL CARE
BROMOZYME DT TAB,Bromelain + Trypsin + Rutoside,117.19,AKSIGEN HOSPITAL CARE
FLEXTOR SACHET 12GM,Glucosamine + Chondroitin + Collagen Peptides,87.22,AKSIGEN HOSPITAL CARE
OSEDRATE TAB 10'S,Ondansetron,159.84,AKSIGEN HOSPITAL CARE
CISSQ TAB 10'S,Coenzyme Q10,156.75,AKSIGEN HOSPITAL CARE
CISSQ PLUS TAB 10'S,Coenzyme Q10 + L-Carnitine + Lycopene + Zinc,278.44,AKSIGEN HOSPITAL CARE
SILVERSTREAM 100ML,Silver Nitrate,"2,015.63",AKSIGEN HOSPITAL CARE
QUSTAIN P 1000MG TAB 12S,Paracetamol,56.25,AKSIGEN HOSPITAL CARE
AKSITRAM EF 1*1,Ceftriaxone + Sulbactam,37.50,AKSIGEN HOSPITAL CARE
UCMOVE CAP 10,Glucosamine + Chondroitin + Methylsulfonylmethane,784.28,AKSIGEN HOSPITAL CARE
SILVERSTREAM 250ML,Silver Nitrate,"3,937.50",AKSIGEN HOSPITAL CARE
IBAXIT-XR 80MG TAB 10S,Febuxostat,148.13,ALEMBIC   pharma ltd summit
TELLZY 80MG TAB 15'S 10,Telmisartan,166.63,ALEMBIC   pharma ltd summit
ALTORAN CH 25 MG TAB,Chlorthalidone,111.89,ALEMBIC   pharma ltd summit
AGINAL 5MG,Norethisterone,25.70,ALEMBIC   pharma ltd summit
TELLZY-ACH 40/5/12.50 TAB 10'S,Telmisartan + Amlodipine + Chlorthalidone,174.56,ALEMBIC   pharma ltd summit
TELLZY-ACH 80/5/12.50 TAB 10'S 15,Telmisartan + Amlodipine + Chlorthalidone,217.73,ALEMBIC   pharma ltd summit
TELLZY-ACH 40/5/6.25 TAB 10'S,Telmisartan + Amlodipine + Chlorthalidone,140.25,ALEMBIC   pharma ltd summit
TELLZY-ACH 80/5/6.25 TAB 10'S,Telmisartan + Amlodipine + Chlorthalidone,154.64,ALEMBIC   pharma ltd summit
VOAGE GM 1MG TAB 10'S,Glimepiride + Metformin + Dapagliflozin,130.41,ALEMBIC   pharma ltd summit
VOAGE GM 2MG TAB 10'S,Glimepiride + Metformin + Dapagliflozin,130.41,ALEMBIC   pharma ltd summit
TELLZY LN 40MG TAB 15'S,Telmisartan + Cilnidipine,229.64,ALEMBIC   pharma ltd summit
TELLZY LN 80MG TAB 10'S,Telmisartan + Cilnidipine,185.91,ALEMBIC   pharma ltd summit
VITARESP CAP10,Multivitamins + Multiminerals + Antioxidants,84.38,ALEMBIC   pharma ltd summit
TELLZY 40 TAB,Telmisartan,108.31,ALEMBIC   pharma ltd summit
TELLZY 20 MG TAB 1*10,Telmisartan,62.57,ALEMBIC   pharma ltd summit
ATECARD -AM TAB 1*14,Atenolol + Amlodipine,150.70,ALEMBIC   pharma ltd summit
TELLZY CH 40 TAB 10'S,Telmisartan + Chlorthalidone,341.45,ALEMBIC   pharma ltd summit
ATECARD 25 10S,Atenolol,58.92,ALEMBIC   pharma ltd summit
ATECARD 50 10S,Atenolol,34.88,ALEMBIC   pharma ltd summit
TELLZY MT 50 TAB 15S,Telmisartan + Metoprolol Succinate,400.22,ALEMBIC   pharma ltd summit
ATECARD D TAB 15'S,Atenolol + Hydrochlorothiazide,96.28,ALEMBIC   pharma ltd summit
TELLZY CH 80 TAB 10 S,Telmisartan + Chlorthalidone,381.84,ALEMBIC   pharma ltd summit
TELLZY MT 25MG TABS,Telmisartan + Metoprolol Succinate,329.06,ALEMBIC   pharma ltd summit
TELLZY 80 AM TAB 10S,Telmisartan + Amlodipine,437.16,ALEMBIC   pharma ltd summit
VOAGE-S 15MG TAB 10'S,Dapagliflozin,258.47,ALEMBIC   pharma ltd summit
TELLZY RS TAB 15,Telmisartan + Rosuvastatin,457.64,ALEMBIC   pharma ltd summit
IBAXIT-XR 40 MG TAB 10S,Febuxostat,120.61,ALEMBIC   pharma ltd summit
VOAGE-M 10/1000MG TAB 10'S,Dapagliflozin + Metformin,146.53,ALEMBIC   pharma ltd summit
VOAGE-M 10/500MG TAB 10'S,Dapagliflozin + Metformin,146.91,ALEMBIC   pharma ltd summit
VOAGE-M 5/1000MG TAB 10'S,Dapagliflozin + Metformin,92.39,ALEMBIC   pharma ltd summit
GLIPY OD 100SR TAB 15'S 15S,Vildagliptin,221.53,ALEMBIC   pharma ltd summit
VOAGE MS 1000MG TAB 1*15,Metformin,354.09,ALEMBIC   pharma ltd summit
VOAGE MS 500MG TAB 1*15,Metformin,320.39,ALEMBIC   pharma ltd summit
MIRUMIGEST 10 TAB 10S,Dydrogesterone,719.20,ALEMBIC -ALCARE
PROTINULES CHOCLATE POW.200GM,Protein Supplement,468.14,ALEMBIC -ALCARE
HERMIN IV INFUSION 1*200ML,Iron Sucrose,876.00,ALEMBIC -ALCARE
OVICAB TAB 10 10S,NEEDS_VERIFICATION,209.00,ALEMBIC -ALCARE
MIFENTI 1 CAP 1,Mifepristone,209.63,ALEMBIC -ALCARE
PROTINULES BUUTER 200GM,Protein Supplement,283.91,ALEMBIC -ALCARE
GESTOFIT INJ.100MG/ML,Progesterone,155.63,ALEMBIC -ALCARE
HERMIN FORTE CAP 10'S,L-Methylfolate + Methylcobalamin + Pyridoxine,147.19,ALEMBIC -ALCARE
PROTINULES PL 200GR,Protein Supplement,425.42,ALEMBIC -ALCARE
RICHAR XT TAB 10'S,Ferrous Ascorbate + Folic Acid,78.52,ALEMBIC -ALCARE
RICHAR CR 75MG TABS 10'S,Elemental Iron + Folic Acid,195.00,ALEMBIC -ALCARE
RICHAR-XT SUSP. 150ML,Ferrous Ascorbate + Folic Acid,101.25,ALEMBIC -ALCARE
HERMIN ORAL SACHET 1*5GM,Elemental Iron + Folic Acid,77.81,ALEMBIC -ALCARE
RICHAR CR 100MG TAB 10S,Elemental Iron + Folic Acid,183.37,ALEMBIC -ALCARE
GESTOFIT 200 CAPS,Progesterone,312.75,ALEMBIC -ALCARE
CLOSTOP SRX 10 TAB 10S,Clobazam,424.22,ALEMBIC -ALCARE
RICHAR CR SYRUP 150ML,Ibuprofen + Paracetamol,254.48,ALEMBIC -ALCARE
RUMIGEST CAP 10S,Progesterone,533.81,ALEMBIC -ALCARE
HERMIN D3 SACHET,Cholecalciferol,42.19,ALEMBIC -ALCARE
DUABIT 60 CAP 7S,Duloxetine,127.97,ALEMBIC ( OSTEOFID )
GERIJOINT CAP 10'S,Glucosamine + Diacerein + Methylsulfonylmethane,599.00,ALEMBIC ( OSTEOFID )
COBUILT PLUS TAB 14S,Calcium + Vitamin D3 + Magnesium + Zinc,420.00,ALEMBIC ( OSTEOFID )
OSTEOFIT HD TAB 15'S,Calcium Carbonate + Vitamin D3,442.83,ALEMBIC ( OSTEOFID )
AXOGURD-NT TAB 10'S,Pregabalin + Nortriptyline,201.47,ALEMBIC ( OSTEOFID )
TOFASTAR OD 11MG TAB 14'S,Tofacitinib,420.00,ALEMBIC ( OSTEOFID )
Q-DMRD 200 TAB,Hydroxychloroquine,59.53,ALEMBIC ( OSTEOFID )
AXOGUARD TABS,Alpha Lipoic Acid + Methylcobalamin + Pyridoxine + Folic Acid,180.00,ALEMBIC ( OSTEOFID )
ENZICTRA TAB 10S,Trypsin + Bromelain + Rutoside,296.86,ALEMBIC ( OSTEOFID )
ENZICTRA DS TAB 10S,Trypsin + Bromelain + Rutoside,532.78,ALEMBIC ( OSTEOFID )
AXOGURD SR TAB 10S,Pregabalin + Methylcobalamin,206.81,ALEMBIC ( OSTEOFID )
COBUILT CAP 14S,Calcium + Vitamin D3 + Zinc,191.60,ALEMBIC ( OSTEOFID )
COBUILT TOTAL TAB 14S,Calcium + Vitamin D3 + Minerals,370.00,ALEMBIC ( OSTEOFID )
OSTEOFIT C PLUS CAP 10S,Calcium + Cholecalciferol + Zinc,230.44,ALEMBIC ( OSTEOFID )
OSTEOFIT-C CAP 10S,Calcium + Cholecalciferol,180.84,ALEMBIC ( OSTEOFID )
OSTEOKIT TAB 1S,Alendronic Acid + Calcium + Cholecalciferol,708.75,ALEMBIC ( OSTEOFID )
Q-DMRD 400MG TAB 10S,Hydroxychloroquine,113.77,ALEMBIC ( OSTEOFID )
OSTEOFIT MAX 10,Calcium + Cholecalciferol + Minerals,300.56,ALEMBIC ( OSTEOFID )
ETORNEXT ER TAB 10S,Etoricoxib,244.03,ALEMBIC ( OSTEOFID )
ETORNEXT P TAB 10S,Etoricoxib + Paracetamol,78.75,ALEMBIC ( OSTEOFID )
ETORNEXT TH 4MG TAB 10S,Etoricoxib + Thiocolchicoside,264.94,ALEMBIC ( OSTEOFID )
OSTEOFIT-XT CAP 10S,Calcium + Cholecalciferol + Zinc + Magnesium,235.78,ALEMBIC ( OSTEOFID )
ESOLEMBIC 40MG TAB 15'S,Esomeprazole,99.42,ALEMBIC ( OSTEOFID )
AXOGURD PLUS TAB 1*10,Alpha Lipoic Acid + Methylcobalamin + Pyridoxine + Folic Acid,206.25,ALEMBIC ( OSTEOFID )
TOFASTAR 5MG 10'S,Tofacitinib,249.38,ALEMBIC ( OSTEOFID )
TACKEL 90MG TAB 14'S,Ticagrelor,314.72,ALEMBIC (CARDIGEM)
VOAGE 10MG TAB 10'S,Dapagliflozin,133.45,ALEMBIC (CARDIGEM)
VOAGE 5MG TAB 10'S,Dapagliflozin,104.63,ALEMBIC (CARDIGEM)
BISOZIFF # T 5MG TAB 10'S,Bisoprolol + Telmisartan,121.78,ALEMBIC (CARDIGEM)
BISOZIFF # T 2.5MG TAB 10'S,Bisoprolol + Telmisartan,103.03,ALEMBIC (CARDIGEM)
TUFEHART 1000MG 20ML INJ.,Ferric Carboxymaltose,"2,717.81",ALEMBIC (CARDIGEM)
TUFEHART 500MG 10ML INJ.,Ferric Carboxymaltose,"1,780.31",ALEMBIC (CARDIGEM)
BISOZIFF 5 MG TAB 10'S 10,Bisoprolol,56.25,ALEMBIC (CARDIGEM)
ROSAVE EZ 10 CAP 10S,Rosuvastatin + Ezetimibe,240.40,ALEMBIC (CARDIGEM)
ROSAVE EZ 20 CAP 10S,Rosuvastatin + Ezetimibe,409.59,ALEMBIC (CARDIGEM)
TELLZY AM TAB 1*15,Telmisartan + Amlodipine,335.00,ALEMBIC (CARDIGEM)
TELLZY-H TAB 1*15'S,Telmisartan + Hydrochlorothiazide,333.00,ALEMBIC (CARDIGEM)
GLISEN MF 2MG TAB 15'S,Glimepiride + Metformin,262.64,ALEMBIC (CARDIGEM)
GLISEN MF FORTE 2MG TABS,Glimepiride + Metformin,243.33,ALEMBIC (CARDIGEM)
ETERNEX-T TAB 10 S,Teneligliptin,118.43,ALEMBIC (CARDIGEM)
GLISEN MF FORTE 1 MG TAB 10 S,Glimepiride + Metformin,190.03,ALEMBIC (CARDIGEM)
GLISEN PM- 1 MG TAB 15 S,Glimepiride + Pioglitazone + Metformin,197.53,ALEMBIC (CARDIGEM)
GLISEN PM- 2 MG TAB 15 S,Glimepiride + Pioglitazone + Metformin,288.47,ALEMBIC (CARDIGEM)
GLISEN VM-1MG TAB 10'S,Glimepiride + Voglibose + Metformin,194.72,ALEMBIC (CARDIGEM)
GLISEN VM2 MG TAB 10 S,Glimepiride + Voglibose + Metformin,257.53,ALEMBIC (CARDIGEM)
TELLZY-AH TAB 15 S,Telmisartan + Amlodipine + Hydrochlorothiazide,317.53,ALEMBIC (CARDIGEM)
TELLZY 80 H TAB 15S,Telmisartan + Hydrochlorothiazide,535.31,ALEMBIC (CARDIGEM)
GLISEN MF 1MG TAB 15S,Glimepiride + Metformin,178.83,ALEMBIC (CARDIGEM)
VOAGE-V TAB 10'S,Dapagliflozin + Vildagliptin,236.25,ALEMBIC (CARDIGEM)
ROSAVE GOLD 20 CAP 10S,Rosuvastatin + Aspirin + Clopidogrel,336.19,ALEMBIC (CARDIGEM)
ROSAVE GOLD 10 CAP 10S,Rosuvastatin + Aspirin + Clopidogrel,226.22,ALEMBIC (CARDIGEM)
ETERNEX M 1000 TAB 10S,Metformin + Teneligliptin,180.47,ALEMBIC (CARDIGEM)
ETERNEX M 500 TAB 10S,Metformin + Teneligliptin,198.56,ALEMBIC (CARDIGEM)
SYNX 500MG TAB 10S,Tranexamic Acid,189.19,ALEMBIC (CARDIGEM)
ALSECTAN 100MG TAB 14'S,Aceclofenac,590.63,ALEMBIC (CARDIGEM)
ALSECTAN 200MG 7'S TAB,Aceclofenac,360.94,ALEMBIC (CARDIGEM)
ALSECTAN 50MG 14'S TAB,Aceclofenac,380.63,ALEMBIC (CARDIGEM)
BISOZIFF 2.5MG TAB 10'S,Bisoprolol,42.19,ALEMBIC (CARDIGEM)
ORYZA LOTION 100ML,Oat Extract + Ceramides + Moisturizing Agents,755.00,ALEMBIC (DERMA)
GROCAPIX-M 60ML,Minoxidil + Finasteride,"1,286.25",ALEMBIC (DERMA)
ULZOL CREAM 30MG,Luliconazole,271.88,ALEMBIC (DERMA)
GROGAIN PRO ADV HAIR SERUM 60ML,Redensyl + Anagain + Procapil + Capixyl,"1,390.00",ALEMBIC (DERMA)
GROGAIN MF SOLUTION 60ML,Minoxidil + Finasteride,"1,021.88",ALEMBIC (DERMA)
ADVAN INSTA CREEM 20GM,Adapalene + Clindamycin,646.14,ALEMBIC (DERMA)
ACNICIN CREAM 15GM,Clindamycin,262.08,ALEMBIC (DERMA)
ALTRIS 5 SOLUTION 30ML,Minoxidil,660.38,ALEMBIC (DERMA)
BILAMBIC TAB 20MG 10'S,Bilastine,155.80,ALEMBIC (DERMA)
ORYZA AD CREAM 10GM,NEEDS_VERIFICATION,186.56,ALEMBIC (DERMA)
ORYZA AD CREAM 30GM,NEEDS_VERIFICATION,506.25,ALEMBIC (DERMA)
ORYZA CERAMAX 3.1.1.MOIS.LOTI. 250ML,NEEDS_VERIFICATION,825.00,ALEMBIC (DERMA)
VILDAMBIC OD 100MG TAB 10'S,Vildagliptin,111.28,ALEMBIC (DERMA)
ORYZA ACNE CREAM 75GM,NEEDS_VERIFICATION,550.00,ALEMBIC (DERMA)
CORMUZIK 10GM,Mupirocin,252.00,ALEMBIC (DERMA)
ADVAN 10 GM,Adapalene,480.60,ALEMBIC (DERMA)
HABICCOR 30GM,Tacrolimus,248.58,ALEMBIC (DERMA)
TACORYZA 10GM 10ML,Tacrolimus,790.45,ALEMBIC (DERMA)
HABICCOR-S 15GM,Tacrolimus,177.00,ALEMBIC (DERMA)
ADVAN-THF 15GM,Adapalene + Clindamycin,316.69,ALEMBIC (DERMA)
ALTRIS HD BLAK,NEEDS_VERIFICATION,"1,486.00",ALEMBIC (DERMA)
ALTRIS HD BRON,Hair Color (Non-drug cosmetic),"1,603.00",ALEMBIC (DERMA)
ALTRIS 5 SOLUTION 60ML,Minoxidil,"1,887.00",ALEMBIC (DERMA)
GROCAPIX SOLUTION 60ML,Minoxidil,"1,556.61",ALEMBIC (DERMA)
ORYZA CREAM 50GM,Oat Extract + Ceramides + Moisturizing Agents,895.00,ALEMBIC (DERMA)
CANVAZ GEL,NEEDS_VERIFICATION,594.52,ALEMBIC (DERMA)
ALSIVA 40MG TAB 10S,Olmesartan,150.00,ALEMBIC (DERMA)
ALSIVA 80MG TAB 10S,Olmesartan,279.38,ALEMBIC (DERMA)
ITAPHYTE 200MG CAP 7S,Itraconazole,232.26,ALEMBIC (DERMA)
ULZOL CREAM 10GM,Luliconazole,126.56,ALEMBIC (DERMA)
GROGAIN CAP 10'S,Biotin + Multivitamins + Amino Acids,182.00,ALEMBIC (DERMA)
GROGAIN CAP 30'S,Biotin + Multivitamins + Amino Acids,555.00,ALEMBIC (DERMA)
BILAMBIC 40MG TAB 10'S,Bilastine,168.75,ALEMBIC (DERMA)
ZEET DX SYRUP 100ML,Dextromethorphan + Chlorpheniramine,119.91,ALEMBIC (MAXIS)
ZEET LD SYRUP 120ML,Levosalbutamol + Ambroxol + Guaiphenesin,135.94,ALEMBIC (MAXIS)
ALTHROCIN LIQU. 60 ML,Erythromycin,73.12,ALEMBIC (MAXIS)
ALTHROCIN 500MG TABS 10'S,Erythromycin,135.84,ALEMBIC (MAXIS)
ALTHROCIN 250MG TABS 10'S,Erythromycin,69.70,ALEMBIC (MAXIS)
WIKORYL 10MG TABS 15'S,Cetirizine,86.44,ALEMBIC (MAXIS)
ALTHROCIN KID TABS 10'S,Erythromycin,45.05,ALEMBIC (MAXIS)
ALTHROCIN DROPS 10ML,Erythromycin,57.33,ALEMBIC (MAXIS)
WIKORYL DROPS 15ML,Phenylephrine + Chlorpheniramine,108.23,ALEMBIC (MAXIS)
WIKORYL ND TABS 10'S,Cetirizine + Phenylephrine,67.41,ALEMBIC (MAXIS)
ZEET EXPT.100ML,Ambroxol + Guaifenesin + Terbutaline,125.16,ALEMBIC (MAXIS)
NIMEGASIC TABS 10'S,Nimesulide,51.56,ALEMBIC (MAXIS)
BROZEET SYRUP 100ML,Bromhexine + Guaiphenesin + Terbutaline,137.06,ALEMBIC (MAXIS)
ZEET EXPT. TABS 10'S,Ambroxol + Guaifenesin + Terbutaline,39.94,ALEMBIC (MAXIS)
BILAMBIC-M TAB 10'S,Bilastine + Montelukast,133.30,ALEMBIC (MAXIS)
ONDANBIC TAB 10'S,Ondansetron,39.19,ALEMBIC (MAXIS)
WIKORYL ORAL SUSP. 75ML,Cetirizine,107.20,ALEMBIC (MAXIS)
WIKORYL AF SYP 75ML,Phenylephrine + Chlorpheniramine,101.25,ALEMBIC (MAXIS)
NIMEGESIC IR TABS 10'S,Nimesulide,65.34,ALEMBIC (MAXIS)
FUROBID 500MG TABS 4'S,Furazolidone,151.88,ALEMBIC (MAXIS)
FUROBID 250MG TABS 4'S,Furazolidone,77.39,ALEMBIC (MAXIS)
NIMEGESIC P TABS 10'S,Nimesulide + Paracetamol,40.41,ALEMBIC (MAXIS)
NEOZEET SYP. 60ML,Cetirizine,55.22,ALEMBIC (MAXIS)
MEGACLAV DRY SYP.30ML,Amoxicillin + Clavulanic Acid,49.61,ALEMBIC (MAXIS)
MEGACLAV 375MG TAB,Amoxicillin + Clavulanic Acid,169.69,ALEMBIC (MAXIS)
MEGACLAV 625MG TAB,Amoxicillin + Clavulanic Acid,184.97,ALEMBIC (MAXIS)
WIKORYL AF 1 DROPS 15ML,Cetirizine,91.87,ALEMBIC (MAXIS)
XCEFT-200 TAB,Cefixime,132.42,ALEMBIC (MAXIS)
MEGACLAV DS 30ML,Amoxicillin + Clavulanic Acid,120.56,ALEMBIC (MAXIS)
WIKORYL DS SYP 60ML.,Cetirizine,102.80,ALEMBIC (MAXIS)
WIKORYL L TAB 10'S,Levocetirizine,46.73,ALEMBIC (MAXIS)
AL5ZYME CAP 10'S,Fungal Diastase + Pepsin,148.87,ALEMBIC (MAXIS)
BROZEET LS SYP 100ML.,Levosalbutamol + Ambroxol + Guaifenesin,140.91,ALEMBIC (MAXIS)
ALEM 20 10'S,Rabeprazole,67.41,ALEMBIC (MAXIS)
AL5ZYME LIQ 100ML,Fungal Diastase + Pepsin,161.00,ALEMBIC (MAXIS)
ZEET P SYP 60ML,Paracetamol + Phenylephrine + Chlorpheniramine,72.70,ALEMBIC (MAXIS)
BROZEET SF 100ML,Ambroxol + Guaifenesin + Terbutaline,70.83,ALEMBIC (MAXIS)
BROZEET LS PLUS 100ML,Levosalbutamol + Ambroxol + Guaifenesin,101.77,ALEMBIC (MAXIS)
AL5ZYME DROP 15ML,Fungal Diastase + Pepsin,72.98,ALEMBIC (MAXIS)
ZEET 12 SYRUP 100ML.,Cyproheptadine,66.75,ALEMBIC (MAXIS)
BROZEET LS DROPS 15ML,Levosalbutamol + Ambroxol + Guaiphenesin,87.09,ALEMBIC (MAXIS)
BROZEET LS 1MG 100ML,Levosalbutamol + Ambroxol + Guaiphenesin,133.69,ALEMBIC (MAXIS)
ESOLEMBIC-D CAP 15'S,Esomeprazole + Domperidone,108.94,ALEMBIC (MAXIS)
ULGEL TAB,Aluminium Hydroxide + Magnesium Hydroxide,162.00,ALEMBIC ENTERON
VONOFIDE 10MG TAB 10'S,Olmesartan,84.38,ALEMBIC ENTERON
VONOFIDE 20MG TAB 10'S,Vonoprazan,153.98,ALEMBIC ENTERON
REKOOL 20MG TABS 15'S,Rabeprazole,219.66,ALEMBIC ENTERON
REKOOL 10MG TABS 10'S,Rabeprazole,73.83,ALEMBIC ENTERON
ETRIK 120MG TABS 10'S,Etoricoxib,208.31,ALEMBIC ENTERON
ETRIK 90MG TABS 10'S,Etoricoxib,185.25,ALEMBIC ENTERON
ETRIK 60MG TABS 10'S,Etoricoxib,118.88,ALEMBIC ENTERON
REKOOL D CAPS(20MG) 15'S,Rabeprazole + Domperidone,296.16,ALEMBIC ENTERON
KOOL IT CAPS 10'S,Rabeprazole + Domperidone,179.95,ALEMBIC ENTERON
ULGEL CORDMOM SUSP.200M,Aluminium Hydroxide + Magnesium Hydroxide + Simethicone,228.00,ALEMBIC ENTERON
ULGERAFT SYP 150,Sodium Alginate + Sodium Bicarbonate + Calcium Carbonate,7.97,ALEMBIC ENTERON
ETRIK P TAB 10'S,Etoricoxib + Paracetamol,144.89,ALEMBIC ENTERON
LEVOGASTROL 25MG 10'S,Levosulpiride,127.78,ALEMBIC ENTERON
LEVOGASTROL OD 75MG TAB 10'S,Levosulpiride,202.22,ALEMBIC ENTERON
TOCAMIDE TAB 15S,Tolvaptan,305.34,ALEMBIC ENTERON
ETRIK MR TAB 10'S,Etoricoxib + Thiocolchicoside,303.75,ALEMBIC ENTERON
REKOOL 40MG TAB 10',Rabeprazole,254.34,ALEMBIC ENTERON
REKOOL 40-L-TABS,Rabeprazole + Levosulpiride,295.13,ALEMBIC ENTERON
REKOOL D 40 TAB 10,Rabeprazole + Domperidone,169.69,ALEMBIC ENTERON
REKOOL IT CAP 15S,Rabeprazole + Itopride,354.38,ALEMBIC ENTERON
ULGEL A SYP 200 ML,Aluminium Hydroxide + Magnesium Hydroxide + Simethicone,194.06,ALEMBIC ENTERON
ULGEL TAB,Aluminium Hydroxide + Magnesium Hydroxide,148.22,ALEMBIC ENTERON
ALTORAN 40 TAB 10S,Olmesartan,209.81,ALEMBIC ENTERON
CAMERIV 10MG TAB 14'S,Rivaroxaban,160.88,ALEMBIC LTD.(SPECIA)
GLZ XR TAB 15 S,Gliclazide,122.25,ALEMBIC LTD.(SPECIA)
CAMERIV 15 MG TAB 14'S,Rivaroxaban,170.63,ALEMBIC LTD.(SPECIA)
CETANIL 20MG TAB 10,Telmisartan,46.17,ALEMBIC LTD.(SPECIA)
SITALEMBIC-D 10/100 TAB 15'S,Dapagliflozin + Sitagliptin,258.47,ALEMBIC LTD.(SPECIA)
SITALEMBIC MD(500MG)TAB 15'S,Sitagliptin + Metformin,352.10,ALEMBIC LTD.(SPECIA)
SITALEMBIC MD(500MG)TAB 15'S,Sitagliptin + Metformin,354.09,ALEMBIC LTD.(SPECIA)
SITALEMBIC M(1000MG)TAB 15'S,Sitagliptin + Metformin,214.55,ALEMBIC LTD.(SPECIA)
GLZ TOTAL TAB 10,Gliclazide + Metformin + Voglibose,173.06,ALEMBIC LTD.(SPECIA)
EXENTA 25MG TAB 10 S,Empagliflozin,211.50,ALEMBIC LTD.(SPECIA)
GLZ 80 MG TAB 10S,Gliclazide,140.63,ALEMBIC LTD.(SPECIA)
CETANIL TRIO 12.5MG TAB 10S,Telmisartan + Cilnidipine + Chlorthalidone,251.44,ALEMBIC LTD.(SPECIA)
CETANIL CT TAB 10'S,Telmisartan + Chlorthalidone,270.00,ALEMBIC LTD.(SPECIA)
CETANIL 20MG TAB 10,Telmisartan,200.06,ALEMBIC LTD.(SPECIA)
CETANIL O TAB 10S,Telmisartan + Cilnidipine,165.98,ALEMBIC LTD.(SPECIA)
CETANIL M 50MG TAB 10',Telmisartan + Metoprolol Succinate,153.19,ALEMBIC LTD.(SPECIA)
CETANIL T 80 MG TABS,Telmisartan,195.56,ALEMBIC LTD.(SPECIA)
CETANIL T(40MG) TAB 15S,Telmisartan,217.10,ALEMBIC LTD.(SPECIA)
EXENTA 50 MG TAB 10 S,Vildagliptin,253.64,ALEMBIC LTD.(SPECIA)
EXENTA T 10 MG TAB 20 S,Empagliflozin + Teneligliptin,331.03,ALEMBIC LTD.(SPECIA)
EXENTA T 20 MG TAB 10 S,Empagliflozin + Teneligliptin,280.36,ALEMBIC LTD.(SPECIA)
FULFLO TAB 1*10'S,Tamsulosin + Dutasteride,210.94,ALEMBIC LTD.(SPECIA)
SITALEMBIC M(100/500MG)SR TAB 10'S,Sitagliptin + Metformin,257.39,ALEMBIC LTD.(SPECIA)
CETANIL T 20MG TABS 10S,Telmisartan,133.78,ALEMBIC LTD.(SPECIA)
CETANIL TRIO 6.25MG TAB 10S,Telmisartan + Cilnidipine + Chlorthalidone,244.00,ALEMBIC LTD.(SPECIA)
DIAX OD CAP 10'S,Doxophylline,218.06,ALEMBIC LTD.(SPECIA)
CETANIL CT TAB 10'S,Telmisartan + Chlorthalidone,116.67,ALEMBIC LTD.(SPECIA)
CETANIL TM 50MG TAB 10'S,Telmisartan + Metoprolol Succinate,180.47,ALEMBIC LTD.(SPECIA)
SITALEMBIC M(100/500MG)SR TAB 10'S,Sitagliptin + Metformin,148.31,ALEMBIC LTD.(SPECIA)
SITALEMBIC M(500MG)TAB 15'S,Sitagliptin + Metformin,177.84,ALEMBIC LTD.(SPECIA)
SITALEMBIC MD(1000MG)TAB 15'S,Sitagliptin + Metformin,180.42,ALEMBIC LTD.(SPECIA)
CETANIL TRIO 12.5MG TAB 10S,Telmisartan + Cilnidipine + Chlorthalidone,153.84,ALEMBIC LTD.(SPECIA)
ALTORAN 80MG TAB 10S,Olmesartan,125.44,ALEMBIC LTD.(SPECIA)
ALTORAN CH 12.5MG TAB 10S,Olmesartan + Chlorthalidone,206.67,ALEMBIC LTD.(SPECIA)
CAMERIV 2.5MG TAB 14'S,Rivaroxaban,223.13,ALEMBIC LTD.(SPECIA)
GLZ MEX TAB 10S,Gliclazide + Metformin,73.78,ALEMBIC LTD.(SPECIA)
GLZ PLUS TABS 15'S,Gliclazide + Metformin,138.47,ALEMBIC LTD.(SPECIA)
VEHYCAL C TABS,Calcium + Cholecalciferol,66.75,ALEMBIC LTD.ELENA
DAMOXY 30MG TAB,Duloxetine,184.69,ALEMBIC LTD.ELENA
VEHYCAL-XT TAB 15'S,Calcium + Vitamin D3 + Iron + Folic Acid,294.37,ALEMBIC LTD.ELENA
ISOFIT TAB 10'S,Isosorbide Mononitrate,561.56,ALEMBIC LTD.ELENA
ISOFIT SR 30MG TAB 10'S,Isoxsuprine,936.56,ALEMBIC LTD.ELENA
ISOFIT SR 20MG TAB 1*10'S,Isoxsuprine,651.56,ALEMBIC LTD.ELENA
FOLINAL TABS,Folic Acid,121.88,ALEMBIC LTD.ELENA
NITACURE 500MG TABS 6'S,Nitazoxanide,50.48,ALEMBIC LTD.ELENA
NITACURE SYP. 30ML,Nitazoxanide,27.05,ALEMBIC LTD.ELENA
NITACURE 200MG TABS 6'S,Nitazoxanide,26.77,ALEMBIC LTD.ELENA
NITA-O TAB 10'S,Nitazoxanide + Ofloxacin,118.13,ALEMBIC LTD.ELENA
MUCOSYN 5 TABS 10'S,Ambroxol,54.84,ALEMBIC LTD.ELENA
RICHGLOW 10 SOFTGELS,Biotin + Multivitamins + Minerals + Antioxidants,73.07,ALEMBIC LTD.ELENA
LACTONIC GRANULES 200GM,Lactulose,414.00,ALEMBIC LTD.ELENA
VEHYCAL TAB 15'S,Calcium + Vitamin D3,127.00,ALEMBIC LTD.ELENA
CRINA NCR TAB 1*10TAB,Norethisterone,212.20,ALEMBIC LTD.ELENA
CRINA NCR 15 TAB 10S,Norethisterone,129.20,ALEMBIC LTD.ELENA
RICHGLOW GEL 50G,NEEDS_VERIFICATION,532.00,ALEMBIC LTD.ELENA
AZITHRAL PULSE TAB 15S,Azithromycin,314.84,ALEMBIC MEGACARE
REGUTOL SYRUP 30ML,Lactulose,220.00,ALEMBIC MEGACARE
AZITHRAL 250MG CAPS 6'S,Azithromycin,122.22,ALEMBIC MEGACARE
MAGADOL SUSP 60ML,Paracetamol,42.21,ALEMBIC MEGACARE
EPHEDREX SYP. 100ML,Terbutaline + Bromhexine + Guaifenesin,69.23,ALEMBIC MEGACARE
MAGADOL TABS 10'S,Tramadol + Paracetamol,81.00,ALEMBIC MEGACARE
AZITHRAL LIQ 200 15ML,Azithromycin,54.63,ALEMBIC MEGACARE
AZITHRAL LIQ 100 15ML,Azithromycin,56.95,ALEMBIC MEGACARE
AZITHRAL KID TABS 5'S,Azithromycin,63.09,ALEMBIC MEGACARE
LORMEG TABS 10'S,Loratadine,51.47,ALEMBIC MEGACARE
AZITHRAL 500MG TAB 5'S,Azithromycin,126.73,ALEMBIC MEGACARE
AZITHRAL XP KIT,Azithromycin + Secnidazole + Fluconazole,100.92,ALEMBIC MEGACARE
AZITHRAL JUNR.DROPS 7.5ML,Azithromycin,27.31,ALEMBIC MEGACARE
LAVETA 5MG TABS 10'S,Levocetirizine,104.53,ALEMBIC MEGACARE
LAVETA A TABS 10'S,Levocetirizine + Ambroxol,70.73,ALEMBIC MEGACARE
LAVETA SYP 30ML,Levocetirizine,44.25,ALEMBIC MEGACARE
EPHEDREX PLUS SYP 100ML,Ambroxol + Guaifenesin + Terbutaline,74.63,ALEMBIC MEGACARE
LAVETA M TAB 10'S,Levocetirizine + Montelukast,249.75,ALEMBIC MEGACARE
AZITHRAL XL 200 30ML LIQ.,Azithromycin,109.28,ALEMBIC MEGACARE
AZITHRAL XL 100ML LIQ.30ML,Azithromycin,114.19,ALEMBIC MEGACARE
LAVETA COLD TAB 10'S,Paracetamol + Phenylephrine + Chlorpheniramine,36.09,ALEMBIC MEGACARE
LAVETA M SYP 60ML,Levocetirizine + Montelukast,124.41,ALEMBIC MEGACARE
AZITHRAL 250 DT 5'S,Azithromycin,54.23,ALEMBIC MEGACARE
LAVETA M KID 10S,Levocetirizine + Montelukast,121.97,ALEMBIC MEGACARE
LAVETA 10MG TABS 15S,Levocetirizine,215.58,ALEMBIC MEGACARE
AZITHRAL XL 200 LIQ 60ML,Azithromycin,191.51,ALEMBIC MEGACARE
WIKORYL 325DT 10 TAB,Paracetamol,64.97,ALEMBIC MEGACARE
LAVETA SYRUP 60ML,Levocetirizine,127.22,ALEMBIC MEGACARE
TETAN 80 TAB 15,Telmisartan,148.52,ALEMBIC PAHRMA (PHARMA)
CLOFF XL 60ML,Cefadroxil,239.02,ALEMBIC PAHRMA (PHARMA)
DONANCE 10MG TAB 10'S,Donepezil,121.87,ALEMBIC PAHRMA (PHARMA)
SHARKOFERROL D3 300 GR,Protein Hydrolysate + Vitamins + Minerals + Cholecalciferol,186.56,ALEMBIC PAHRMA (PHARMA)
VITARESP FX KID TAB 10S,Fexofenadine,128.34,ALEMBIC PAHRMA (PHARMA)
SHARKOFERRAL MALT.450GM,Protein Hydrolysate + Vitamins + Minerals,468.80,ALEMBIC PAHRMA (PHARMA)
ROXID TABS 150MG 10S,Roxithromycin,237.66,ALEMBIC PAHRMA (PHARMA)
ROXID KID TABS 10S,Roxithromycin,89.81,ALEMBIC PAHRMA (PHARMA)
ROXID TABS 300MG 10S,Roxithromycin,415.12,ALEMBIC PAHRMA (PHARMA)
ROXID SYUP. 30ML,Roxithromycin,77.25,ALEMBIC PAHRMA (PHARMA)
VITARESP FX 30 SUSP.30ML,Fexofenadine,71.86,ALEMBIC PAHRMA (PHARMA)
JACBIC 5 MG 14S,Tofacitinib,249.38,ALEMBIC PAHRMA (PHARMA)
JAKBIC XR 11MG TAB 14'S,Tofacitinib,420.00,ALEMBIC PAHRMA (PHARMA)
TOFALEMBIC 5MG TAB 14'S,Tofacitinib,249.37,ALEMBIC PAHRMA (PHARMA)
ROXID DROPS 10ML,Roxithromycin,117.09,ALEMBIC PAHRMA (PHARMA)
ROXID M TABS 10S,Roxithromycin,247.50,ALEMBIC PAHRMA (PHARMA)
SHARKOFERROL 200GM,Ferric Ammonium Citrate,222.19,ALEMBIC PAHRMA (PHARMA)
TETAN 40 TABS 10S,Telmisartan,108.31,ALEMBIC PAHRMA (PHARMA)
TETAN 20 TABS 10S,Telmisartan,61.11,ALEMBIC PAHRMA (PHARMA)
TETAN H TABS 15'S,Telmisartan + Hydrochlorothiazide,318.84,ALEMBIC PAHRMA (PHARMA)
GLIMSER 1 TABS 15S,Glimepiride,154.83,ALEMBIC PAHRMA (PHARMA)
GLIMSER 2 TABS 10S,Glimepiride,222.95,ALEMBIC PAHRMA (PHARMA)
ROXID-100 SYP 30ML,Roxithromycin,183.00,ALEMBIC PAHRMA (PHARMA)
ROXID 75 MG TABS,Roxithromycin,72.94,ALEMBIC PAHRMA (PHARMA)
LIVFIT SYP 200ML,Silymarin,246.00,ALEMBIC PAHRMA (PHARMA)
LIVFIT TABS 10S,Silymarin,76.88,ALEMBIC PAHRMA (PHARMA)
ZOFIX 200 TAB 10S,Cefixime,84.07,ALEMBIC PAHRMA (PHARMA)
PANPLUS 40 TAB 10S,Pantoprazole,67.97,ALEMBIC PAHRMA (PHARMA)
ZOFIX 100 TAB,Cefixime,55.73,ALEMBIC PAHRMA (PHARMA)
ZOFIX DRY SYP 30ML.,Cefixime,41.27,ALEMBIC PAHRMA (PHARMA)
ZOFIX 50DT TAB,Cefixime,29.53,ALEMBIC PAHRMA (PHARMA)
GLIMSER P1 TAB 10S,Glimepiride + Pioglitazone,150.00,ALEMBIC PAHRMA (PHARMA)
GLIMSER P2 TAB 10S,Glimepiride + Pioglitazone,159.42,ALEMBIC PAHRMA (PHARMA)
TETAN AM TAB 15'S,Telmisartan + Amlodipine,292.87,ALEMBIC PAHRMA (PHARMA)
TETAN BETA 25 TAB 10S,Telmisartan + Metoprolol Succinate,306.09,ALEMBIC PAHRMA (PHARMA)
TETAN BETA 50 TAB 10S,Telmisartan + Metoprolol Succinate,462.80,ALEMBIC PAHRMA (PHARMA)
ZOFIX O TAB 1*10TAB,Cefixime + Ofloxacin,141.56,ALEMBIC PAHRMA (PHARMA)
PANPLUS D 40 TAB 10S,Pantoprazole + Domperidone,171.66,ALEMBIC PAHRMA (PHARMA)
ZOFIX O 100DT TAB 10S,Cefixime + Ofloxacin,83.58,ALEMBIC PAHRMA (PHARMA)
PANPLUS L TAB,Pantoprazole + Levosulpiride,326.34,ALEMBIC PAHRMA (PHARMA)
TETAN CT 6.25MG 10S,Telmisartan + Chlorthalidone,275.16,ALEMBIC PAHRMA (PHARMA)
TETAN CT 12.5MG 10S,Telmisartan + Chlorthalidone,295.64,ALEMBIC PAHRMA (PHARMA)
PANPLUS D 20 TAB,Pantoprazole + Domperidone,78.19,ALEMBIC PAHRMA (PHARMA)
ZOFIX CV 100 DT 10S,Cefixime + Clavulanic Acid,107.67,ALEMBIC PAHRMA (PHARMA)
PANPLUS 20 TAB 10'TAB,Pantoprazole,25.45,ALEMBIC PAHRMA (PHARMA)
GLIMSER FORTE 1 TAB 10 S 1*10,Glimepiride + Metformin,190.03,ALEMBIC PAHRMA (PHARMA)
GLIMSER FORTE 2 TAB 10S,Glimepiride + Metformin,212.81,ALEMBIC PAHRMA (PHARMA)
VITARESP 120 FX TAB 10S,Fexofenadine,153.84,ALEMBIC PAHRMA (PHARMA)
ZOFIX 100 DRY SYP,Cefixime,58.76,ALEMBIC PAHRMA (PHARMA)
TETAN TRIO TAB 10S,Telmisartan + Cilnidipine + Chlorthalidone,193.92,ALEMBIC PAHRMA (PHARMA)
VITARESP 180 FX TAB 10S,Fexofenadine,265.45,ALEMBIC PAHRMA (PHARMA)
CLOFF 250MG.TAB 1*10'S,Cefadroxil,257.00,ALEMBIC PAHRMA (PHARMA)
CLOFF 500MG TAB 4S,Cefadroxil,425.56,ALEMBIC PAHRMA (PHARMA)
CLOFF 125 DRY SYRUP 30ML,Cefadroxil,148.99,ALEMBIC PAHRMA (PHARMA)
VITARESP FX SUSP 60ML,Fexofenadine,155.70,ALEMBIC PAHRMA (PHARMA)
CLOFF 250 DRY SYRUP 30ML,Cefadroxil,268.22,ALEMBIC PAHRMA (PHARMA)
ONECAN C POWDER100GM,NEEDS_VERIFICATION,98.44,ALEMBIC PAHRMA (PHARMA)
VILDAMBIC M 1000MG TAB 15'S,Vildagliptin + Metformin,175.55,ALEMBIC PAHRMA (PHARMA)
VILDAMBIC M 500MG TAB 15'S,Vildagliptin + Metformin,153.28,ALEMBIC PAHRMA (PHARMA)
VILDAMBIC 50MG TAB 15'S,Vildagliptin,101.86,ALEMBIC PAHRMA (PHARMA)
ROXID LIQUID 60ML,Roxithromycin,222.10,ALEMBIC PAHRMA (PHARMA)
REVAS AM 5 10,Losartan + Amlodipine,149.53,ALEMBIC PHARMA LTD  COROZONE
VALEMBIC H 80 TAB 10,Valsartan + Hydrochlorothiazide,147.75,ALEMBIC PHARMA LTD  COROZONE
VALEMBIC H 160 TAB 10,Valsartan + Hydrochlorothiazide,150.00,ALEMBIC PHARMA LTD  COROZONE
ROSAVE A 150MG CAP 10S,Rosuvastatin + Aspirin,67.50,ALEMBIC PHARMA LTD  COROZONE
ROSAVE A 75MG CAP 10S,Rosuvastatin + Aspirin,115.40,ALEMBIC PHARMA LTD  COROZONE
VALEMBIC AM 160MG TAB 10S,Valsartan + Amlodipine,89.81,ALEMBIC PHARMA LTD  COROZONE
VALEMBIC AM 80MG TAB 10S,Valsartan + Amlodipine,77.80,ALEMBIC PHARMA LTD  COROZONE
GLIPY 50 TAB 15S,Vildagliptin,139.41,ALEMBIC PHARMA LTD  COROZONE
GLIPY MET 1000MG TAB 10S,Vildagliptin + Metformin,159.66,ALEMBIC PHARMA LTD  COROZONE
GLIPY MET 500MG TAB 10S,Vildagliptin + Metformin,152.86,ALEMBIC PHARMA LTD  COROZONE
GLIPY-DM TAB 15'S,Vildagliptin + Dapagliflozin + Metformin,318.14,ALEMBIC PHARMA LTD  COROZONE
ROSAVE F 5 1*10TAB,Rosuvastatin + Fenofibrate,327.52,ALEMBIC PHARMA LTD  COROZONE
ROSAVE 5MG TAB 10'S,Rosuvastatin,191.72,ALEMBIC PHARMA LTD  COROZONE
ROSAVE 10MG TAB 1*10TAB,Rosuvastatin,360.61,ALEMBIC PHARMA LTD  COROZONE
ROSAVE 20 10,Rosuvastatin,560.91,ALEMBIC PHARMA LTD  COROZONE
ROSAVE F 20 MG TABS,Rosuvastatin + Fenofibrate,331.59,ALEMBIC PHARMA LTD  COROZONE
ROSAVE C CAP 10,Rosuvastatin + Clopidogrel,284.53,ALEMBIC PHARMA LTD  COROZONE
ROSAVE D 10 TAB 10S,Rosuvastatin + Vitamin D3,290.63,ALEMBIC PHARMA LTD  COROZONE
ROSAVE D 5 TAB 10S,Rosuvastatin + Vitamin D3,176.91,ALEMBIC PHARMA LTD  COROZONE
VOGO .3 MG TAB 10,Voglibose,250.22,ALEMBIC PHARMA LTD  COROZONE
VOGO .2 TAB 10,Voglibose,186.09,ALEMBIC PHARMA LTD  COROZONE
VOGO M 0.2MG TAB 10'S,Voglibose + Metformin,158.53,ALEMBIC PHARMA LTD  COROZONE
VOGO M 0.3MG TAB 10'S,Voglibose + Metformin,204.56,ALEMBIC PHARMA LTD  COROZONE
ROSAVE 40 MG TAB 10 S,Rosuvastatin,408.56,ALEMBIC PHARMA LTD  COROZONE
ROSAVE D 20MG TAB 10 S,Rosuvastatin + Vitamin D3,256.64,ALEMBIC PHARMA LTD  COROZONE
ROSAVE F 10MG TAB 10 S,Rosuvastatin + Fenofibrate,482.06,ALEMBIC PHARMA LTD  COROZONE
TRIVOGO 1MG TAB 10 S,Glimepiride,203.02,ALEMBIC PHARMA LTD  COROZONE
TRIVOGO 2MG TAB 10 S,Glimepiride,235.17,ALEMBIC PHARMA LTD  COROZONE
ROSAVE TRIO 10 CAP 10S,Rosuvastatin + Aspirin + Clopidogrel,131.25,ALEMBIC PHARMA LTD  COROZONE
ROSAVE TRIO 20 CAP 10S,Rosuvastatin + Aspirin + Clopidogrel,178.13,ALEMBIC PHARMA LTD  COROZONE
TRIVOGO 1/0.3MG TAB 10S,Glimepiride + Voglibose,85.78,ALEMBIC PHARMA LTD  COROZONE
TRIVOGO 2/0.3MG TAB 10S,Glimepiride + Voglibose,98.58,ALEMBIC PHARMA LTD  COROZONE
REVAS 25MG TAB 10S,Losartan,51.23,ALEMBIC PHARMA LTD  COROZONE
REVAS 50MG TAB 10S,Losartan,120.52,ALEMBIC PHARMA LTD  COROZONE
REVAS H TAB 15'S,Losartan + Hydrochlorothiazide,263.72,ALEMBIC PHARMA LTD  COROZONE
REVAS-AT TAB 10S,Losartan + Amlodipine + Atenolol,131.72,ALEMBIC PHARMA LTD  COROZONE
GLIPY-D TAB 1*15'S,Vildagliptin + Dapagliflozin,311.25,ALEMBIC PHARMA LTD  COROZONE
ALNEX-NT TAB 10,Pregabalin + Nortriptyline,175.22,ALEMBIC PHARMA LTD  COROZONE
VALEMBIC 160MG TAB 10S,Valsartan,132.66,ALEMBIC PHARMA LTD  COROZONE
VALEMBIC 40MG TAB 10S,Valsartan,79.55,ALEMBIC PHARMA LTD  COROZONE
VALEMBIC 80MG TAB 10S,Valsartan,139.90,ALEMBIC PHARMA LTD  COROZONE
ROSAVE CV 20 CAP 10S,Rosuvastatin + Clopidogrel,246.56,ALEMBIC PHARMA LTD  COROZONE
GLIPY MET 500 SR TAB 10'S,Vildagliptin + Metformin (SR),94.55,ALEMBIC PHARMA LTD  COROZONE
GESTOFIT SR 50 INJ.,Progesterone,202.13,ALEMBIC PHARMA LTD (ZENOVI)
ESTROPLUS TAB 21S,Estradiol + Norethisterone,620.90,ALEMBIC PHARMA LTD (ZENOVI)
OVIGYN D PLUS TAB 10'S,Dydrogesterone + Folic Acid,492.19,ALEMBIC PHARMA LTD (ZENOVI)
OVIGYN DH CAP 15S 15S,Dydrogesterone + Micronized Progesterone,231.80,ALEMBIC PHARMA LTD (ZENOVI)
HARMONI TAB 21,Ethinyl Estradiol + Levonorgestrel,450.00,ALEMBIC PHARMA LTD (ZENOVI)
ELATA TAB 10'S,Estradiol Valerate,"1,333.12",ALEMBIC PHARMA LTD (ZENOVI)
CYCLOSET SYP 300ML,Cyproheptadine,326.00,ALEMBIC PHARMA LTD (ZENOVI)
GESTOFIT 200MG.SR,Progesterone,495.94,ALEMBIC PHARMA LTD (ZENOVI)
GESTOFIT 300MG SR,Progesterone (Sustained Release),679.69,ALEMBIC PHARMA LTD (ZENOVI)
OVIGYN DSR TAB 7'S,Dydrogesterone,464.44,ALEMBIC PHARMA LTD (ZENOVI)
GESTOFIT SR 400 10,Progesterone,735.94,ALEMBIC PHARMA LTD (ZENOVI)
OVIGYN D3 TAB 7S,Dydrogesterone,549.66,ALEMBIC PHARMA LTD (ZENOVI)
FOLIRIPE TAB 2.5MG TAB 5S,Letrozole,170.62,ALEMBIC PHARMA LTD (ZENOVI)
OAB F 25 TAB,Mirabegron + Solifenacin,215.58,ALEMBIC PHARMA LTD OURON
DONANCE M 500MG TAB 10'S,Donepezil + Memantine,147.40,ALEMBIC PHARMA LTD OURON
GERIFLO D 15 S,Tamsulosin + Dutasteride,323.44,ALEMBIC PHARMA LTD OURON
BLADMIR S 25MG TAB 10S,Mirabegron + Solifenacin,421.50,ALEMBIC PHARMA LTD OURON
BLADMIR S 50MG TAB 14S 14S,Mirabegron + Solifenacin,615.42,ALEMBIC PHARMA LTD OURON
GERISTART TAB,Multivitamins + Multiminerals,188.25,ALEMBIC PHARMA LTD OURON
BLADSOL 5MG TAB,Solifenacin,350.00,ALEMBIC PHARMA LTD OURON
GERIFLO TABS 10'S,Tamsulosin,314.62,ALEMBIC PHARMA LTD OURON
GERIPOD D CAPS 10'S,Tolterodine + Dutasteride,515.95,ALEMBIC PHARMA LTD OURON
GERIPOD 8 TABS 6'S,Tolterodine,354.98,ALEMBIC PHARMA LTD OURON
GERIPOD 4 TABS 10'S,Tolterodine,171.09,ALEMBIC PHARMA LTD OURON
GERIFLO D CAP 30'S,Tamsulosin + Dutasteride,"1,073.77",ALEMBIC PHARMA LTD OURON
DARIF 7.5MG TAB 1*10'S,Darifenacin,404.34,ALEMBIC PHARMA LTD OURON
REGUSOL 5MG TAB 10'S,Solifenacin,234.05,ALEMBIC PHARMA LTD OURON
BLADMIR 25MG TAB 10S,Mirabegron,281.81,ALEMBIC PHARMA LTD OURON
BLADMIR 50MG TAB 10S,Mirabegron,471.75,ALEMBIC PHARMA LTD OURON
OAB-F 50MG TAB 10S,Mirabegron + Solifenacin,306.94,ALEMBIC PHARMA LTD OURON
DELTONE 30 TAB 10,Duloxetine,153.05,ALEMBIC PHARMA. LTD (GASTRON)
CAMERON TAB 2MG TAB 10S,Acenocoumarol,459.38,ALEMBIC PHARMA. LTD (GASTRON)
FREEGO SYRUP 250ML,Lactulose,360.00,ALEMBIC PHARMA. LTD (GASTRON)
MONOVONO 10MG TAB 1*10'S,Montelukast,84.38,ALEMBIC PHARMA. LTD (GASTRON)
MONOVONO 20MG TAB 1*10'S,Bilastine,140.63,ALEMBIC PHARMA. LTD (GASTRON)
EVARAFT SUSPEN. 150ML,Sodium Alginate + Sodium Bicarbonate + Calcium Carbonate,157.41,ALEMBIC PHARMA. LTD (GASTRON)
ACTIGAUT CAPS 10'S,Febuxostat,168.38,ALEMBIC PHARMA. LTD (GASTRON)
URDIOGEM 150MG ATB,Ursodeoxycholic Acid,146.00,ALEMBIC PHARMA. LTD (GASTRON)
URDIOGEM 300MG TAB,Ursodeoxycholic Acid,316.55,ALEMBIC PHARMA. LTD (GASTRON)
FREEGO POW 90GM 90GM,Polyethylene Glycol,291.09,ALEMBIC PHARMA. LTD (GASTRON)
RAFLE 200 TAB 10'S,Rifaximin,122.01,ALEMBIC PHARMA. LTD (GASTRON)
FREEGO 150GM POWDER,Polyethylene Glycol,427.36,ALEMBIC PHARMA. LTD (GASTRON)
RAFLE 550 TAB 10'S,Rifaximin,409.69,ALEMBIC PHARMA. LTD (GASTRON)
TERLIFORCE INJ,Terlipressin,"1,920.09",ALEMBIC PHARMA. LTD (GASTRON)
RAFLE 400 MG 10S,Rifaximin,420.47,ALEMBIC PHARMA. LTD (GASTRON)
FREEGO PEG SYRUP 200ML,Polyethylene Glycol,363.84,ALEMBIC PHARMA. LTD (GASTRON)
DELTONE 60MG TAB 10,Duloxetine,223.12,ALEMBIC PHARMA. LTD (GASTRON)
PIORIDE 1MG TAB 10S,Glimepiride + Pioglitazone,211.08,ALEMBIC PHARMA. LTD (GASTRON)
PIORIDE 2MG TAB 10S,Glimepiride + Pioglitazone,308.72,ALEMBIC PHARMA. LTD (GASTRON)
EXCERAFT SUSPENSION 200ML,Sodium Alginate + Sodium Bicarbonate + Calcium Carbonate,209.81,ALEMBIC PHARMA. LTD (GASTRON)
GLISEN SM 2MG TAB 10'S,Glimepiride + Metformin + Sitagliptin,231.80,ALEMBIC PHARMA. LTD (GASTRON)
GLISEN SM 1MG TAB 10'S,Glimepiride + Metformin + Sitagliptin,231.80,ALEMBIC PHARMA. LTD (GASTRON)
NASO WIKORYL 0.05,Xylometazoline,37.97,ALEMBIC PHARMA. RESPIRATORY
NASO WIKORY 0.10,Xylometazoline,42.66,ALEMBIC PHARMA. RESPIRATORY
MOXOFT KTL DROP 5ML,Moxifloxacin + Ketorolac,108.89,ALEMBIC(EYE CARE)
PEG TEARS EYE DROPS 10ML,Polyethylene Glycol + Propylene Glycol,374.06,ALEMBIC(EYE CARE)
VELDROP(PLANE)EYE DROPS 10ML,Carboxymethylcellulose,146.27,ALEMBIC(EYE CARE)
AZITHRAL EYE DROPS 3ML,Azithromycin,119.39,ALEMBIC(EYE CARE)
VELDROP(GEL)DROP 10ML,Carboxymethylcellulose,155.65,ALEMBIC(EYE CARE)
NEW BIFLACE VIAL 5ML,NEEDS_VERIFICATION,115.78,ALEMBIC(EYE CARE)
NEOLAP EYE DROP 5ML,Olopatadine,142.13,ALEMBIC(EYE CARE)
MOXOFL LP 5ML,Moxifloxacin + Loteprednol,112.92,ALEMBIC(EYE CARE)
AVANEP DROPS 5ML,Nepafenac,153.19,ALEMBIC(EYE CARE)
AZITHRAL EYE OINTM.5GM,Azithromycin,104.58,ALEMBIC(EYE CARE)
MOXOFT EYE DROPS 5ML,Moxifloxacin,106.45,ALEMBIC(EYE CARE)
OMEGARED SOFT CAP 10S,Omega-3 Fatty Acids,270.00,ALEMBIC(EYE CARE)
MOXOFT D DROP 5ML,Moxifloxacin + Dexamethasone,118.03,ALEMBIC(EYE CARE)
CLAVAM 1.0 GM TAB 10S,Amoxicillin + Clavulanic Acid,346.88,ALKEM (AURA MAGNA)
CLAVAM 375 MG TABS,Amoxicillin + Clavulanic Acid,225.00,ALKEM (AURA MAGNA)
CLAVAM 625 MG TABS,Amoxicillin + Clavulanic Acid,195.47,ALKEM (AURA MAGNA)
RHAMO G 6B 1GM SACHETS 10S,Lactobacillus Rhamnosus GG,51.15,ALKEM (AURA MAGNA)
FREEAIR AZ NASAL SPRAY 9.8GM,Azelastine,473.40,ALKEM (AURA MAGNA)
CLAVAM INJ. 600MG,Amoxicillin + Clavulanic Acid,108.27,ALKEM (AURA MAGNA)
CLAVAM DRY SYRUP 30ML,Amoxicillin + Clavulanic Acid,65.84,ALKEM (AURA MAGNA)
CLAVAM INJ.1.2GM,Amoxicillin + Clavulanic Acid,151.33,ALKEM (AURA MAGNA)
CLAVAM BID DRY SYRUP 60ML,Amoxicillin + Clavulanic Acid,111.56,ALKEM (AURA MAGNA)
CLAVAM BID DRY SYRUP 30ML,Amoxicillin + Clavulanic Acid,64.68,ALKEM (AURA MAGNA)
CLAVAM INJ. 300MG,Amoxicillin + Clavulanic Acid,113.40,ALKEM (AURA MAGNA)
CLAVAM INJ. 150MG,Amoxicillin + Clavulanic Acid,91.40,ALKEM (AURA MAGNA)
CLAVAM DT TAB 10'S,Amoxicillin + Clavulanic Acid,171.56,ALKEM (AURA MAGNA)
CLAVAM FORTE DRY SYP.30ML,Amoxicillin + Clavulanic Acid,182.80,ALKEM (AURA MAGNA)
CLAVAM XR TAB.10'S,Amoxicillin + Clavulanic Acid,412.50,ALKEM (AURA MAGNA)
CLAVAM DROP 10ML,Amoxicillin + Clavulanic Acid,124.65,ALKEM (AURA MAGNA)
CRIZ M KID TABS 10S,Levocetirizine + Montelukast,85.31,ALKEM (AURA MAGNA)
CRIZ M TABS 10S,Levocetirizine + Montelukast,178.10,ALKEM (AURA MAGNA)
FREEAIR SPRAY(NOS),Fluticasone Propionate,473.40,ALKEM (AURA MAGNA)
CLAVAM ES DRY SYRUP 50ML,Amoxicillin + Clavulanic Acid,193.13,ALKEM (AURA MAGNA)
RHAMO G CAP 10'S,Lactobacillus Rhamnosus GG,363.00,ALKEM (AURA MAGNA)
CRIZ M SYP 60ML,Levocetirizine + Montelukast,99.38,ALKEM (AURA MAGNA)
CLAVAM FORTE DT TAB 10S,Amoxicillin + Clavulanic Acid,188.44,ALKEM (AURA MAGNA)
YEES 20MG TAB 15S,Esomeprazole,70.31,ALKEM (AURA MAGNA)
YEES 40MG TAB 15S,Esomeprazole,165.00,ALKEM (AURA MAGNA)
YEES-D CAP 10S,Esomeprazole + Domperidone,180.00,ALKEM (AURA MAGNA)
RHAMO G 10MG SACHETS 10S,Lactobacillus Rhamnosus GG,330.00,ALKEM (AURA MAGNA)
RENOCIA STEM 60ML,Minoxidil,"2,225.00",ALKEM LAB. LTD DERMAKEM
CLINDAC A MIST SPRAY 100ML,Clindamycin,530.00,ALKEM LAB. LTD DERMAKEM
LULITUF MAX CREAM 30GM,Luliconazole,397.00,ALKEM LAB. LTD DERMAKEM
LILITUF CREAM 30GM,Luliconazole,397.03,ALKEM LAB. LTD DERMAKEM
HYMOS LOTION 200ML,NEEDS_VERIFICATION,658.00,ALKEM LAB. LTD DERMAKEM
LILITUF LOTION 30ML,Luliconazole,402.19,ALKEM LAB. LTD DERMAKEM
PRUCROS 20MG TAB 10S,Prucalopride,154.65,ALKEM LAB. LTD DERMAKEM
CLINDAC AP GEL 15GM,Clindamycin + Adapalene,350.00,ALKEM LAB. LTD DERMAKEM
LILITUF MAX CREAM 30GM,Luliconazole,397.00,ALKEM LAB. LTD DERMAKEM
PRUCROS ORAL SOLUTION 2.5MG/ML 60ML,Prucalopride,173.90,ALKEM LAB. LTD DERMAKEM
TOFATOP 5MG TAB 10'S,Tofacitinib,215.45,ALKEM LAB. LTD DERMAKEM
TOFATOP OINTMENT 15GM,Tofacitinib,825.00,ALKEM LAB. LTD DERMAKEM
TOFATOP XR TAB 10'S,Tofacitinib,300.00,ALKEM LAB. LTD DERMAKEM
CLINDAC AN GEL 30GMS,Clindamycin + Nicotinamide,195.90,ALKEM LAB. LTD DERMAKEM
CLINDAC TRIO GEL 20GM,Clindamycin + Adapalene + Nicotinamide,445.31,ALKEM LAB. LTD DERMAKEM
SUNHEAL HYDRA LOTION 30GM,NEEDS_VERIFICATION,523.00,ALKEM LAB. LTD DERMAKEM
RENOCIA DIVA CYCLICAL THERAPY 32'S TAB,NEEDS_VERIFICATION,"1,199.00",ALKEM LAB. LTD DERMAKEM
RENOCIA MEN CYCLICAL THERAPY 32'S TAB,NEEDS_VERIFICATION,"1,199.00",ALKEM LAB. LTD DERMAKEM
LUMAGLO CREEM 20GM,NEEDS_VERIFICATION,360.94,ALKEM LAB. LTD DERMAKEM
ALOKEM 75 GEL 50GMS,NEEDS_VERIFICATION,215.38,ALKEM LAB. LTD DERMAKEM
CLINDAC -A 1% GEL 1*20GM,Clindamycin,252.00,ALKEM LAB. LTD DERMAKEM
CLINDAC-A SOLUTION 25ML,Clindamycin,314.00,ALKEM LAB. LTD DERMAKEM
UVRID-NF LOTION 100ML.,Calamine + Aloe Vera + Liquid Paraffin,311.72,ALKEM LAB. LTD DERMAKEM
ALOKEM CREAM 50GM,NEEDS_VERIFICATION,129.05,ALKEM LAB. LTD DERMAKEM
ALOKEM LOTION 100ML.,NEEDS_VERIFICATION,222.50,ALKEM LAB. LTD DERMAKEM
MOMISOFT CREEM 15GM,Mometasone Furoate,225.00,ALKEM LAB. LTD DERMAKEM
CLOBETAMOS GEL 30G,Clobetasol Propionate,208.13,ALKEM LAB. LTD DERMAKEM
CLINDAC A FACEWASH 50ML,Clindamycin,394.27,ALKEM LAB. LTD DERMAKEM
RENOCIA HAIR SHAMPOO 150ML,NEEDS_VERIFICATION,961.00,ALKEM LAB. LTD DERMAKEM
RENOCIA HAIR SOLUTION 60ML,Minoxidil,"2,950.00",ALKEM LAB. LTD DERMAKEM
GLUDASE GEL 20GM,NEEDS_VERIFICATION,514.42,ALKEM LAB. LTD DERMAKEM
RENOCIA TAB 10S,Biotin + Multivitamins + Minerals,286.00,ALKEM LAB. LTD DERMAKEM
SUNHEAL ULTRA GEL 50G 50GM,NEEDS_VERIFICATION,915.00,ALKEM LAB. LTD DERMAKEM
S-CLEAR LOTION 10ML,Hydroquinone,330.00,ALKEM LAB. LTD DERMAKEM
OXTIV-AP GEL 15G,Adapalene + Benzoyl Peroxide,267.26,ALKEM LAB. LTD DERMAKEM
LILITUF XL CREEM 30G,Luliconazole,328.13,ALKEM LAB. LTD DERMAKEM
SUNHEAL PURE CREAM 30GM,NEEDS_VERIFICATION,648.81,ALKEM LAB. LTD DERMAKEM
EUNOZIT-10MG CAP 10S,Isotretinoin,131.25,ALKEM LAB. LTD DERMAKEM
EUNOZIT-20MG CAP 10S,Isotretinoin,216.56,ALKEM LAB. LTD DERMAKEM
RENOCIA HAIR CONDITIONER,NEEDS_VERIFICATION,876.65,ALKEM LAB. LTD DERMAKEM
S-CLEAR CREAM 10GM,Hydroquinone,254.05,ALKEM LAB. LTD DERMAKEM
S-CLEAR CREAM 5GM,Hydroquinone + Tretinoin + Mometasone,126.56,ALKEM LAB. LTD DERMAKEM
LILITUF CREAM 50GM,Luliconazole,394.69,ALKEM LAB. LTD DERMAKEM
PRUCROS 40MG TAB 10'S,Prucalopride,215.45,ALKEM LAB. LTD DERMAKEM
LILITUF CREEM 15GM,Luliconazole,232.50,ALKEM LAB. LTD DERMAKEM
LILITUF LOTION 15GM,Luliconazole,192.19,ALKEM LAB. LTD DERMAKEM
ARIPHERENZ-5 MG TAB 1*10,Aripiprazole,69.84,ALKEM LAB. LTD(PENTACARE)
ARIPHRENZ 15MG TAB 1*10TAB,Aripiprazole,142.97,ALKEM LAB. LTD(PENTACARE)
CEHAM 500MG TAB 10'S,Cefuroxime Axetil,773.40,ALKEM LAB. LTD(PENTACARE)
CEHAM P TAB 10'S,Cefixime + Potassium Clavulanate,848.40,ALKEM LAB. LTD(PENTACARE)
CEHAM SYP. 60ML.,Citicoline,119.53,ALKEM LAB. LTD(PENTACARE)
DEMENZIL 10MG TAB 10'S,Donepezil,130.78,ALKEM LAB. LTD(PENTACARE)
DEMENZIL 5MG TAB 10'S,Donepezil,862.50,ALKEM LAB. LTD(PENTACARE)
DONEP 10MG TABS 15'S,Donepezil,150.00,ALKEM LAB. LTD(PENTACARE)
DONEP 5MG TABS 15'S,Donepezil,84.38,ALKEM LAB. LTD(PENTACARE)
DONEP M FORTE TAB 15'S,Donepezil + Memantine,428.90,ALKEM LAB. LTD(PENTACARE)
DONEP M PLUS TAB 10'S,Donepezil + Memantine,200.65,ALKEM LAB. LTD(PENTACARE)
DONEP M TAB 15'S,Donepezil + Memantine,379.95,ALKEM LAB. LTD(PENTACARE)
DONEP SR 23 TAB 10'S,Donepezil,460.95,ALKEM LAB. LTD(PENTACARE)
DONEP SYP 60ML.,Donepezil,279.63,ALKEM LAB. LTD(PENTACARE)
LEVENUE 1000MG TAB 10',Levetiracetam,195.14,ALKEM LAB. LTD(PENTACARE)
LEVENUE 250MG TABS 10'S,Levetiracetam,295.30,ALKEM LAB. LTD(PENTACARE)
LEVENUE 500MG TABS 10',Levetiracetam,448.55,ALKEM LAB. LTD(PENTACARE)
LEVENUE 750MG TABS 10',Levetiracetam,67.31,ALKEM LAB. LTD(PENTACARE)
LEVENUE ER 500MG TAB 10'S,Levetiracetam,209.48,ALKEM LAB. LTD(PENTACARE)
LEVENUE RTU 1000MG/100ML,Levetiracetam,197.86,ALKEM LAB. LTD(PENTACARE)
LEVENUE RTU 500MG/100ML,Levetiracetam,114.13,ALKEM LAB. LTD(PENTACARE)
LEVENUE SYP 100ML.,Levetiracetam,156.16,ALKEM LAB. LTD(PENTACARE)
LURAKEM 40MG TAB 10S,Lurasidone,96.14,ALKEM LAB. LTD(PENTACARE)
LURAKEM 80MG TAB 10S,Lurasidone,423.05,ALKEM LAB. LTD(PENTACARE)
MELTOLAN 10MG TAB 10S',Melatonin,181.41,ALKEM LAB. LTD(PENTACARE)
MELTOLAN 15MG TAB.10'S,Melatonin,307.03,ALKEM LAB. LTD(PENTACARE)
MELTOLAN 2.5MG TAB 10'S,Melatonin,53.40,ALKEM LAB. LTD(PENTACARE)
MELTOLAN 20 TAB 10'S,Melatonin,118.10,ALKEM LAB. LTD(PENTACARE)
MELTOLAN 5MG TABS,Melatonin,239.05,ALKEM LAB. LTD(PENTACARE)
MELTOLAN 7.5MG TAB.,Melatonin,271.88,ALKEM LAB. LTD(PENTACARE)
MELZAP .25MG MD TABS 10'S,Clonazepam,70.60,ALKEM LAB. LTD(PENTACARE)
MELZAP .5MG MD TABS 15'S,Clonazepam,81.09,ALKEM LAB. LTD(PENTACARE)
MELZAP 1 MD,Clonazepam,32.20,ALKEM LAB. LTD(PENTACARE)
MELZAP 2 MD TAB,Clonazepam,55.28,ALKEM LAB. LTD(PENTACARE)
MELZAP FILM 0.5MG TAB 10'S,Clonazepam,50.84,ALKEM LAB. LTD(PENTACARE)
MIGRABETA 10MG TAB 10 S,Propranolol,119.06,ALKEM LAB. LTD(PENTACARE)
MIGRABETA 20MG TAB 10'S,Propranolol,61.41,ALKEM LAB. LTD(PENTACARE)
MIGRABETA 40MG TAB 10 S,Propranolol,13.75,ALKEM LAB. LTD(PENTACARE)
MIGRABETA PLUS TAB 10'S,Propranolol + Flunarizine,33.60,ALKEM LAB. LTD(PENTACARE)
NEUROKEM 50MG TAB 10'S,Pregabalin,127.50,ALKEM LAB. LTD(PENTACARE)
NEUROKEM 75 CAP 10'S,Pregabalin,231.55,ALKEM LAB. LTD(PENTACARE)
NEUROKEM D 50/20MG CAP 10S,Pregabalin + Duloxetine,28.82,ALKEM LAB. LTD(PENTACARE)
NEUROKEM D 50/20MG CAP 10S,Pregabalin + Duloxetine,244.65,ALKEM LAB. LTD(PENTACARE)
NEUROKEM D 50/30MG CAP 10'S,Pregabalin + Duloxetine,270.15,ALKEM LAB. LTD(PENTACARE)
NEUROKEM D 75/20MG CAP 10'S,Pregabalin + Duloxetine,296.25,ALKEM LAB. LTD(PENTACARE)
NEUROKEM D 75/30MG CAP 10'S,Pregabalin + Duloxetine,336.55,ALKEM LAB. LTD(PENTACARE)
NEUROKEM M CAP 10'S,Methylcobalamin + Alpha Lipoic Acid + Pyridoxine + Folic Acid,199.69,ALKEM LAB. LTD(PENTACARE)
NEUROKEM PLUS CAP 10'S,Pregabalin + Methylcobalamin + Alpha Lipoic Acid,226.85,ALKEM LAB. LTD(PENTACARE)
NEUROKEM-NT 50 TAB 15'S,Pregabalin + Nortriptyline,238.13,ALKEM LAB. LTD(PENTACARE)
NEUROKEM-NT TAB 15'S,Pregabalin + Nortriptyline,357.66,ALKEM LAB. LTD(PENTACARE)
NEUROKEM-OD 75MG TAB 10S,Pregabalin,251.70,ALKEM LAB. LTD(PENTACARE)
NEWCITA 10MG TAB 15'S,Escitalopram,144.27,ALKEM LAB. LTD(PENTACARE)
NEWCITA 15MG TAB 10'S,Escitalopram,130.10,ALKEM LAB. LTD(PENTACARE)
NEWCITA 20MG TAB 10'S,Escitalopram,179.05,ALKEM LAB. LTD(PENTACARE)
NEWCITA 5MG TAB 10'S,Escitalopram,80.48,ALKEM LAB. LTD(PENTACARE)
NEWCITA LITE TAB 10'S,Escitalopram + Clonazepam,141.55,ALKEM LAB. LTD(PENTACARE)
NEWCITA MINI TAB 10'S,Escitalopram,102.15,ALKEM LAB. LTD(PENTACARE)
NEWCITA PLUS TAB 15'S,Escitalopram + Clonazepam,299.45,ALKEM LAB. LTD(PENTACARE)
OXRING 150MG TAB 10'S,Oxcarbazepine,90.45,ALKEM LAB. LTD(PENTACARE)
OXRING 300MG TAB 10'S,Oxcarbazepine,161.85,ALKEM LAB. LTD(PENTACARE)
OXRING 450MG TAB 10S,Oxcarbazepine,197.81,ALKEM LAB. LTD(PENTACARE)
OXRING OD 300MG 10'S,Oxcarbazepine,230.11,ALKEM LAB. LTD(PENTACARE)
OXRING OD 600MG TAB 10'S,Oxcarbazepine,280.50,ALKEM LAB. LTD(PENTACARE)
OXRING OD 900MG TAB 10'S,Oxcarbazepine,183.75,ALKEM LAB. LTD(PENTACARE)
PERAMPIL 2MG TAB 7'S,Perampanel,176.25,ALKEM LAB. LTD(PENTACARE)
PERAMPIL 4MG TAB 15'S,Perampanel,203.44,ALKEM LAB. LTD(PENTACARE)
PERAMPIL 6MG TAB 15'S,Perampanel,340.31,ALKEM LAB. LTD(PENTACARE)
PHENYKEM 100 TAB 100'S,Phenytoin,185.63,ALKEM LAB. LTD(PENTACARE)
PHENYKEM 300 TAB 10'S,Phenytoin,54.84,ALKEM LAB. LTD(PENTACARE)
PROFIGRAN 10MG TAB 10'S,Flunarizine,154.55,ALKEM LAB. LTD(PENTACARE)
PROFIGRAN 5 MG TAB 10'S,Flunarizine,48.60,ALKEM LAB. LTD(PENTACARE)
RABALKEM LS TAB 10,Rabeprazole + Levosulpiride,46.50,ALKEM LAB. LTD(PENTACARE)
RIZ LS TAB 10'S,Rizatriptan,78.35,ALKEM LAB. LTD(PENTACARE)
RIZ PLUS TAB 10'S,Rizatriptan + Naproxen,109.65,ALKEM LAB. LTD(PENTACARE)
SIZLAC 100 TAB 10S,Clozapine,27.14,ALKEM LAB. LTD(PENTACARE)
SIZLAC 200 MG TAB 10S,Clozapine,206.25,ALKEM LAB. LTD(PENTACARE)
SIZLAC 50MG TAB 10S,Clozapine,201.55,ALKEM LAB. LTD(PENTACARE)
TOPEMA 50 TAB 10'S,Topiramate,289.65,ALKEM LAB. LTD(PENTACARE)
TOPEMA-25 TAB 10T,Topiramate,105.00,ALKEM LAB. LTD(PENTACARE)
VALKEM 250MG SOLUTION 100ML,Valproic Acid,214.65,ALKEM LAB. LTD(PENTACARE)
VALKEM OD 1000MG TAB 10'S,Sodium Valproate,275.60,ALKEM LAB. LTD(PENTACARE)
VALKEM OD 125 TAB 10'S,Divalproex Sodium,90.47,ALKEM LAB. LTD(PENTACARE)
VALKEM OD 250MG TAB.10'S,Divalproex Sodium,52.97,ALKEM LAB. LTD(PENTACARE)
VALKEM OD 500MG TAB.10'S,Divalproex Sodium,25.78,ALKEM LAB. LTD(PENTACARE)
VALKEM OD 750MG TAB 10'S,Sodium Valproate,255.00,ALKEM LAB. LTD(PENTACARE)
VALPEX 200 CR TABS 10'S,Sodium Valproate,125.60,ALKEM LAB. LTD(PENTACARE)
VALPEX 300 CR TABS 10'S,Sodium Valproate,223.10,ALKEM LAB. LTD(PENTACARE)
VALPEX 500 CR TABS 10'S,Sodium Valproate,38.33,ALKEM LAB. LTD(PENTACARE)
VALPEX 500 CR TABS 10'S,Divalproex Sodium,80.76,ALKEM LAB. LTD(PENTACARE)
VINSURE 20MG TAB 10'S,Vortioxetine,55.83,ALKEM LAB. LTD(PENTACARE)
VINSURE 20MG TAB 10'S,Vortioxetine,179.06,ALKEM LAB. LTD(PENTACARE)
CARNIMED PLUS TAB 10'S,,395.00,ALKEM LAB.(BERGEN ZURIEVE)
ZURIFER XT TAB 10'S,,111.09,ALKEM LAB.(BERGEN ZURIEVE)
ULTIGEST SR 200 TAB 10'S,,393.75,ALKEM LAB.(BERGEN ZURIEVE)
ULTIGEST SR 300 TAB 10'S,,571.88,ALKEM LAB.(BERGEN ZURIEVE)
OVSTORE SR TAB 10',,345.00,ALKEM LAB.(BERGEN ZURIEVE)
ALKEPIN ODT-100 TAB 10S,Clobazam,90.93,ALKEM LAB.LTD (PRIZMA)
ALKEPIN ODT-12.5 TAB 10S,Clobazam,32.45,ALKEM LAB.LTD (PRIZMA)
ALKEPIN ODT-200 TAB 10S,Clobazam,286.65,ALKEM LAB.LTD (PRIZMA)
ALKEPIN ODT-25 TAB 10S,Clobazam,29.72,ALKEM LAB.LTD (PRIZMA)
ALKEPIN ODT-50 TAB,Clobazam,55.76,ALKEM LAB.LTD (PRIZMA)
ALMITO PLUS TAB 10S,Alpha Lipoic Acid + Methylcobalamin + Folic Acid + Pyridoxine,236.25,ALKEM LAB.LTD (PRIZMA)
BRIVASURE 100 TAB 10S,Brivaracetam,549.80,ALKEM LAB.LTD (PRIZMA)
BRIVASURE 25MG TAB 10'S,Brivaracetam,147.65,ALKEM LAB.LTD (PRIZMA)
BRIVASURE 50 TAB 10S,Brivaracetam,275.60,ALKEM LAB.LTD (PRIZMA)
BRIVASURE 75 TAB 10S,Brivaracetam,428.85,ALKEM LAB.LTD (PRIZMA)
BRIVASURE ORAL SOLUTION 10MG 100ML,Brivaracetam,492.15,ALKEM LAB.LTD (PRIZMA)
BRIVASURE XR 100MG TAB 10'S,Brivaracetam,336.56,ALKEM LAB.LTD (PRIZMA)
BRIVASURE XR 200MG TAB 10'S,Brivaracetam,467.81,ALKEM LAB.LTD (PRIZMA)
CLOBAKEM 10 TAB 10'S,Clobazam,105.11,ALKEM LAB.LTD (PRIZMA)
CLOBAKEM 5 TAB 10'S,Clobazam,61.10,ALKEM LAB.LTD (PRIZMA)
DEANXIFY CAP 10,Paroxetine,95.00,ALKEM LAB.LTD (PRIZMA)
DEANXIFY CR 12.5MG TAB 10'S,Paroxetine,95.00,ALKEM LAB.LTD (PRIZMA)
DEPAXIL CR 12.5 TAB 10'S,Paroxetine,226.85,ALKEM LAB.LTD (PRIZMA)
DEPAXIL CR 25 TAB 10'S,Paroxetine,281.25,ALKEM LAB.LTD (PRIZMA)
DEPAXIL CR 37.5 TAB 10'S,Paroxetine,296.25,ALKEM LAB.LTD (PRIZMA)
DEPAXIL CR PLUS 12.5 TA B 10S,Paroxetine,157.03,ALKEM LAB.LTD (PRIZMA)
DEPAXIL CR PLUS 25 TAB 10S,Paroxetine,195.94,ALKEM LAB.LTD (PRIZMA)
JOYKEM 100MG TAB 10'S,Levetiracetam,133.13,ALKEM LAB.LTD (PRIZMA)
JOYKEM 200MG TAB 10'S,Levetiracetam,217.97,ALKEM LAB.LTD (PRIZMA)
JOYKEM 50MG TAB 10'S,Levetiracetam,68.91,ALKEM LAB.LTD (PRIZMA)
JOYKEM ODT 100 TAB 10,Levetiracetam,203.40,ALKEM LAB.LTD (PRIZMA)
JOYKEM ODT 200 TAB 10,Levetiracetam,396.00,ALKEM LAB.LTD (PRIZMA)
JOYKEM ODT 300 TAB 10S,Levetiracetam,484.65,ALKEM LAB.LTD (PRIZMA)
JOYKEM ODT 400 TAB 10S,Levetiracetam,553.10,ALKEM LAB.LTD (PRIZMA)
JOYKEM ODT 50 TAB 10S,Levetiracetam,116.25,ALKEM LAB.LTD (PRIZMA)
LAMOKEM OD 100MG 10'S,Lamotrigine,238.69,ALKEM LAB.LTD (PRIZMA)
LAMOKEM OD 50MG 10'S,Lamotrigine,110.63,ALKEM LAB.LTD (PRIZMA)
MIGRABETA TR 20 CAP 10'S,Propranolol,51.35,ALKEM LAB.LTD (PRIZMA)
MIGRABETA TR-40 CAPS 15'S,Propranolol,51.59,ALKEM LAB.LTD (PRIZMA)
MIGRABETA TR-60 CAPS 10'S,Propranolol,74.50,ALKEM LAB.LTD (PRIZMA)
"MIGRABETA TR-80 TAB 10,S",Propranolol,76.40,ALKEM LAB.LTD (PRIZMA)
MIRTAKEM 15MG TAB 10'S,Mirtazapine,178.10,ALKEM LAB.LTD (PRIZMA)
MIRTAKEM 30MG 10'S,Mirtazapine,202.50,ALKEM LAB.LTD (PRIZMA)
MIRTAKEM 7.5MG 10'S,Mirtazapine,105.00,ALKEM LAB.LTD (PRIZMA)
NEXVENLA OD 100MG TAB 10S,Venlafaxine,366.55,ALKEM LAB.LTD (PRIZMA)
NEXVENLA OD PLUS 10'S,Venlafaxine + Clonazepam,238.10,ALKEM LAB.LTD (PRIZMA)
NEXVENLA-OD 50MG TAB 10'S,Venlafaxine,212.80,ALKEM LAB.LTD (PRIZMA)
PENTANERV 100MG TAB 10'S,Gabapentin,115.30,ALKEM LAB.LTD (PRIZMA)
PENTANERV 300 MG TAB 10'S,Gabapentin,285.90,ALKEM LAB.LTD (PRIZMA)
PENTANERV 450 SR TAB 10'S,Gabapentin,374.06,ALKEM LAB.LTD (PRIZMA)
PENTANERV GRDS-300 MG TAB 10'S,Gabapentin,280.30,ALKEM LAB.LTD (PRIZMA)
PENTANERV GRDS-450 MG TAB 1*10'S,Gabapentin,410.60,ALKEM LAB.LTD (PRIZMA)
PENTANERV GRDS-600MG TAB 1*10'S,Gabapentin,438.20,ALKEM LAB.LTD (PRIZMA)
PENTANERV M 100MG TAB 10'S,Gabapentin + Methylcobalamin,193.85,ALKEM LAB.LTD (PRIZMA)
PENTANERV M TAB 10'S,Gabapentin + Methylcobalamin,262.50,ALKEM LAB.LTD (PRIZMA)
PENTANERV NT 100MG TAB 15 TAB,Gabapentin + Nortriptyline,194.00,ALKEM LAB.LTD (PRIZMA)
PENTANERV NT 300 TAB 15'S,Gabapentin + Nortriptyline,288.75,ALKEM LAB.LTD (PRIZMA)
PENTANERV NT 400 TAB 10'S,Gabapentin + Nortriptyline,506.30,ALKEM LAB.LTD (PRIZMA)
PRYNERVE M 75MG 10'S,Pregabalin + Methylcobalamin,157.03,ALKEM LAB.LTD (PRIZMA)
PRYNERVE OD 75MG TAB,Pregabalin,122.34,ALKEM LAB.LTD (PRIZMA)
Q-PIN 25,Quetiapine,64.65,ALKEM LAB.LTD (PRIZMA)
Q-PIN 50 10'S,Quetiapine,87.66,ALKEM LAB.LTD (PRIZMA)
Q-PIN SR 100MG TAB 10'S,Quetiapine,132.15,ALKEM LAB.LTD (PRIZMA)
Q-PIN SR 200MG TAB 10'S,Quetiapine,241.85,ALKEM LAB.LTD (PRIZMA)
Q-PIN SR 300MG TAB 10'S,Quetiapine,280.30,ALKEM LAB.LTD (PRIZMA)
Q-PIN SR 400MG TAB 10'S,Quetiapine,388.00,ALKEM LAB.LTD (PRIZMA)
Q-PIN SR 50MG TAB 10'S,Quetiapine,99.45,ALKEM LAB.LTD (PRIZMA)
SUPRABENZ 0.50MG TABS,Clonazepam,93.75,ALKEM LAB.LTD (PRIZMA)
SUPRABENZ O.25MG TABS,Clonazepam,62.30,ALKEM LAB.LTD (PRIZMA)
SUPRABENZ PLUS 10MG 10'S,Clonazepam + Escitalopram,151.88,ALKEM LAB.LTD (PRIZMA)
SUPRABENZ PLUS 5MG,Clonazepam + Escitalopram,108.75,ALKEM LAB.LTD (PRIZMA)
TOLKEM 450 SR TAB 10'S,Tolperisone,561.95,ALKEM LAB.LTD (PRIZMA)
TOLKEM 50MG 10'S,Tolperisone,53.91,ALKEM LAB.LTD (PRIZMA)
TOLKEM D TAB 10S,Tolperisone + Diclofenac,221.25,ALKEM LAB.LTD (PRIZMA)
TOLKEM TAB 10'S,Tolperisone,192.15,ALKEM LAB.LTD (PRIZMA)
TRALIN 100MG TABS 10'S,Sertraline,136.88,ALKEM LAB.LTD (PRIZMA)
TRALIN 25MG TAB 10'S,Sertraline,36.09,ALKEM LAB.LTD (PRIZMA)
TRALIN 50MG. 10S',Sertraline,85.31,ALKEM LAB.LTD (PRIZMA)
VERGO 25MG TAB 10'S,need_verification,36.56,ALKEM LAB.LTD (PRIZMA)
VESBAL 16MG TAB 10S,Betahistine,101.72,ALKEM LAB.LTD (PRIZMA)
VESBAL 24MG TAB 10S,Betahistine,140.63,ALKEM LAB.LTD (PRIZMA)
VESBAL 8MG TAB 10S,Betahistine,55.78,ALKEM LAB.LTD (PRIZMA)
VOXITIN 10MG TAB 10'S,Vortioxetine,198.75,ALKEM LAB.LTD (PRIZMA)
VOXITIN 20MG TAB 10'S,Vortioxetine,351.56,ALKEM LAB.LTD (PRIZMA)
VOXITIN 5MG TAB 10'S,Vortioxetine,110.60,ALKEM LAB.LTD (PRIZMA)
DAPANORM GM 1 FORTE TAB 10'S,Glimepiride + Metformin + Dapagliflozin,150.00,ALKEM LAB(metabolic)
DAPANORM GM 2 FORTE TAB 10'S,Glimepiride + Metformin + Dapagliflozin,182.80,ALKEM LAB(metabolic)
DAPANORM GM 2 MG TAB 10'S,Glimepiride + Metformin + Dapagliflozin,153.10,ALKEM LAB(metabolic)
DAPANORM GM 1MG TAB 10'S,Glimepiride + Metformin + Dapagliflozin,128.90,ALKEM LAB(metabolic)
GLUVILDA M + 1000MG TAB 15S,Vildagliptin + Metformin,141.56,ALKEM LAB(metabolic)
GLUVILDA M + 500MG TAB 15S,Vildagliptin + Metformin,156.05,ALKEM LAB(metabolic)
DAPANORM 10MG TAB 10'S,,296.70,ALKEM LAB(metabolic)
DAPANORM 5MG TAB 10'S,,172.20,ALKEM LAB(metabolic)
GLUVILDA DM 10/500MG TAB 15S,Dapagliflozin + Metformin + Vildagliptin,206.25,ALKEM LAB(metabolic)
GLUVILDA DM 10/1000MG TAB 15S,Dapagliflozin + Metformin + Vildagliptin,207.15,ALKEM LAB(metabolic)
DAPANORM L 10MG TAB 10'S,,170.16,ALKEM LAB(metabolic)
DAPANORM LM TAB 10'S,,168.75,ALKEM LAB(metabolic)
OLYMPRIX 20 TAB 15S,Teneligliptin,177.54,ALKEM LAB(metabolic)
OLYMPRIX-M 1000MG TAB 15S,Teneligliptin + Metformin,348.28,ALKEM LAB(metabolic)
OLYMPRIX-M 500 TAB 15S,Teneligliptin + Metformin,333.75,ALKEM LAB(metabolic)
GLUVILDA D10 TAB 10'S,,258.50,ALKEM LAB(metabolic)
GLUVILDA D5 TAB 10'S,,186.55,ALKEM LAB(metabolic)
DAPANORM TRIO FORTE TAB,,255.20,ALKEM LAB(metabolic)
DAPANORM TRIO TAB,,222.65,ALKEM LAB(metabolic)
GLUVILDA OD TAB 15'S,,136.10,ALKEM LAB(metabolic)
DAPANORM M 10 FORTE TAB 10'S,Dapagliflozin + Metformin,179.05,ALKEM LAB(metabolic)
DAPANORM M 10MG TAB 10'S,,154.65,ALKEM LAB(metabolic)
DAPANORM M 5 FORTE TAB 10'S,,113.40,ALKEM LAB(metabolic)
DAPANORM M 5MG TAB 10'S,,103.10,ALKEM LAB(metabolic)
DABICLOT 110MG CAP 10S,Dabigatran Etexilate,317.45,ALKEM LAB(metabolic)
DABICLOT 150MG CAP 10S,Dabigatran Etexilate,373.69,ALKEM LAB(metabolic)
FAMELIAL F TAB 10'S,,244.70,ALKEM LABORAT. LTD.(ASCENDA)
FAMELIAL M TAB 10'S,Methylcobalamin + Alpha Lipoic Acid + Folic Acid + Pyridoxine,288.30,ALKEM LABORAT. LTD.(ASCENDA)
HEMFER SYP.225ML,Ferrous Ascorbate + Folic Acid,200.60,ALKEM LABORAT. LTD.(ASCENDA)
EASCOF D SYP 100ML,,94.22,ALKEM LABORAT. LTD.(ASCENDA)
EASCOF LS SYP 100ML,Levosalbutamol + Ambroxol + Guaifenesin,83.44,ALKEM LABORAT. LTD.(ASCENDA)
HEMFER CAPS 30`S,Ferrous Ascorbate + Folic Acid,130.31,ALKEM LABORAT. LTD.(ASCENDA)
ONDEM 4MG TABS 10'S,Ondansetron,54.85,ALKEM LABORAT. LTD.(ASCENDA)
DYDROSURE SR 20MG TAB 10'S,,623.40,ALKEM LABORAT. LTD.(ASCENDA)
ONDEM 8MG TABS 10'S,Ondansetron,95.03,ALKEM LABORAT. LTD.(ASCENDA)
SATROGYL 300MG TABS 10'S,Satranidazole,180.90,ALKEM LABORAT. LTD.(ASCENDA)
ONDEM SYP.30ML,Ondansetron,40.23,ALKEM LABORAT. LTD.(ASCENDA)
SATROGYL O TABS 10'S,Satranidazole + Ofloxacin,203.40,ALKEM LABORAT. LTD.(ASCENDA)
ONDEM MD 4MG 10'S,Ondansetron,54.85,ALKEM LABORAT. LTD.(ASCENDA)
ONDEM MD 8MG TABS 10'S,Ondansetron,96.81,ALKEM LABORAT. LTD.(ASCENDA)
SATROGYL O DRY SYP 30ML,Satranidazole + Ofloxacin,66.56,ALKEM LABORAT. LTD.(ASCENDA)
HEMFER INJ,Iron Sucrose,186.56,ALKEM LABORAT. LTD.(ASCENDA)
HEMFER XT TAB 10'S,,177.19,ALKEM LABORAT. LTD.(ASCENDA)
TRINERVE LC TAB 10'S,,173.91,ALKEM LABORAT. LTD.(ASCENDA)
HEMFER DROPS 15ML,,90.45,ALKEM LABORAT. LTD.(ASCENDA)
HEMFER KID SYRUP 100ML,,135.90,ALKEM LABORAT. LTD.(ASCENDA)
NOVOGERMINA LIQUID 5ML,Bacillus Clausii,399.38,ALKEM LABORAT. LTD.(ASCENDA)
DIGIPEN SYP 200ML,Fungal Diastase + Pepsin,92.81,ALKEM LABORAT. LTD.(ASCENDA)
DIGIPEN DROPS 15ML,Fungal Diastase + Pepsin,77.34,ALKEM LABORAT. LTD.(ASCENDA)
DIGIPEN TAB 10S,Fungal Diastase + Pepsin,102.00,ALKEM LABORAT. LTD.(ASCENDA)
SATROGYL-O DRY SYRUP 60ML,,128.40,ALKEM LABORAT. LTD.(ASCENDA)
DYDROSURE 10MG TAB 10'S,,679.65,ALKEM LABORAT. LTD.(ASCENDA)
GEMCAL GOLD TAB 15'S,,193.88,ALKEM LABORAT. LTD.(BERGEN ASTA)
GEMCAL-XT TAB 15'S,,255.20,ALKEM LABORAT. LTD.(BERGEN ASTA)
XCLAVAM 600 INJ,Amoxicillin + Clavulanic Acid,108.26,ALKEM LABORAT. LTD.(BERGEN ASTA)
GEMCAL CAPS 15'S,,431.00,ALKEM LABORAT. LTD.(BERGEN ASTA)
GEMCAL SYRUP 120ML,,196.85,ALKEM LABORAT. LTD.(BERGEN ASTA)
GEMFOS 35 TAB 4'3 4,Risedronate Sodium,421.40,ALKEM LABORAT. LTD.(BERGEN ASTA)
ENZOFLAM GEL 30GM,Diclofenac + Linseed Oil + Menthol + Methyl Salicylate,107.34,ALKEM LABORAT. LTD.(BERGEN ASTA)
GEMCAL KIT TABS 7'S,Calcium Carbonate + Cholecalciferol,265.30,ALKEM LABORAT. LTD.(BERGEN ASTA)
ENZOCORT 6MG TAB 10'S,,211.40,ALKEM LABORAT. LTD.(BERGEN ASTA)
ENZOCORT 30MG TAB 10'S,Deflazacort,276.56,ALKEM LABORAT. LTD.(BERGEN ASTA)
GEMIDRO TAB 1'S,,443.40,ALKEM LABORAT. LTD.(BERGEN ASTA)
GEMCAL NASAL SPRAY 3.7ML,,"2,357.80",ALKEM LABORAT. LTD.(BERGEN ASTA)
GEMCAL MOM TAB 30'S,Calcium Carbonate + Cholecalciferol + Folic Acid,344.06,ALKEM LABORAT. LTD.(BERGEN ASTA)
GEMCAL DS TAB 15'S,,479.06,ALKEM LABORAT. LTD.(BERGEN ASTA)
GEMCAL D3 CAP 10'S,,223.70,ALKEM LABORAT. LTD.(BERGEN ASTA)
ENZOFLAM SV TAB 10'S,Aceclofenac + Paracetamol + Serratiopeptidase,197.34,ALKEM LABORAT. LTD.(BERGEN ASTA)
GEMCAL PLUS SOFT CAP 15S,Calcium + Cholecalciferol + Minerals,489.80,ALKEM LABORAT. LTD.(BERGEN ASTA)
MOXAM EYE DROP 5ML,Moxifloxacin,65.63,ALKEM LABORAT. LTD.(EYE CARE)
MOXAM D EYE DROP 5ML,Moxifloxacin + Dexamethasone,67.50,ALKEM LABORAT. LTD.(EYE CARE)
HYDRAKEM EYE DROP 0.5% 5ML,Carboxymethylcellulose,129.14,ALKEM LABORAT. LTD.(EYE CARE)
HYDRAKEM MAX DROP 1% 5ML,Carboxymethylcellulose,174.09,ALKEM LABORAT. LTD.(EYE CARE)
HYSODEW EYE DROP 0.1% 10ML,Sodium Hyaluronate,281.25,ALKEM LABORAT. LTD.(EYE CARE)
HYSODEW LIQUIGEL EYE DROPS 10ML,Sodium Hyaluronate,351.56,ALKEM LABORAT. LTD.(EYE CARE)
TRAVORITE-T EYE DROPS 3ML,Travoprost + Timolol,225.00,ALKEM LABORAT. LTD.(EYE CARE)
TRAVORITE EYE DROPS 3ML,Travoprost,206.25,ALKEM LABORAT. LTD.(EYE CARE)
VONZAI 20MG TAB 10'S,,154.65,ALKEM LABORAT. LTD.(GESTROKEM)
EMTY PEG ORAL SOLUTION 200ML,Polyethylene Glycol,323.40,ALKEM LABORAT. LTD.(GESTROKEM)
EMTY PEG ORAL SOLUTION 100ML,Polyethylene Glycol,123.75,ALKEM LABORAT. LTD.(GESTROKEM)
EMTY SOLUTION 150ML,Lactulose,196.88,ALKEM LABORAT. LTD.(GESTROKEM)
DSS 112.5 CAP 10'S,Docusate Sodium,490.00,ALKEM LABORAT. LTD.(GESTROKEM)
URSOKEM 150 TAB 10'S,Ursodeoxycholic Acid,242.00,ALKEM LABORAT. LTD.(GESTROKEM)
URSOKEM 300 TAB 10'S,Ursodeoxycholic Acid,400.00,ALKEM LABORAT. LTD.(GESTROKEM)
URSOKEM PLUS TAB 10'S,Ursodeoxycholic Acid + Silymarin,290.63,ALKEM LABORAT. LTD.(GESTROKEM)
EMTY SOLUTION 200ML,Lactulose,258.30,ALKEM LABORAT. LTD.(GESTROKEM)
EMTY SOLUTION 100ML,Lactulose,131.25,ALKEM LABORAT. LTD.(GESTROKEM)
RIFAKEM 200MG TAB 10S,Rifaximin,177.19,ALKEM LABORAT. LTD.(GESTROKEM)
RIFAKEM 400MG TAB 10S,Rifaximin,389.05,ALKEM LABORAT. LTD.(GESTROKEM)
RIFAKEM 550MG TAB 10S,Rifaximin,495.90,ALKEM LABORAT. LTD.(GESTROKEM)
OBETOHEP-10 TAB 10,Obeticholic Acid,448.10,ALKEM LABORAT. LTD.(GESTROKEM)
OBETOHEP-5 TAB 10,Obeticholic Acid,214.69,ALKEM LABORAT. LTD.(GESTROKEM)
STONEPAC SYRUP 200ML,Potassium Magnesium Citrate + Citric Acid,295.00,ALKEM LABORAT. LTD.(UROCARE)
CRANVOID SOLUTION LIQUID 200ML,Cranberry Extract + D-Mannose,288.30,ALKEM LABORAT. LTD.(UROCARE)
CRANVOID SACHETS,Cranberry Extract + D-Mannose,30.00,ALKEM LABORAT. LTD.(UROCARE)
TAMSUKEM 0.4 TAB 15,Tamsulosin,293.85,ALKEM LABORAT. LTD.(UROCARE)
TAMSUKEM D TAB 10,Tamsulosin + Dutasteride,506.25,ALKEM LABORAT. LTD.(UROCARE)
MAXVOID 4 TAB 10,Tolterodine,263.40,ALKEM LABORAT. LTD.(UROCARE)
MAXVOID PLUS 4 TAB,Tolterodine + Tamsulosin,283.13,ALKEM LABORAT. LTD.(UROCARE)
MAXVOID 8MG TAB 15'S,,598.10,ALKEM LABORAT. LTD.(UROCARE)
MAXVOID PLUS 8 TAB 15'S,,840.45,ALKEM LABORAT. LTD.(UROCARE)
MAXVOID S TAB 10,Tolterodine + Solifenacin,495.00,ALKEM LABORAT. LTD.(UROCARE)
MIRAKEM 25 TAB 10,Mirabegron,325.00,ALKEM LABORAT. LTD.(UROCARE)
MIRAKEM 50 TAB 10,Mirabegron,449.05,ALKEM LABORAT. LTD.(UROCARE)
MIRAKEM S 25 TAB 10,Mirabegron + Solifenacin,351.56,ALKEM LABORAT. LTD.(UROCARE)
MIRAKEM S 50 TAB 10,Mirabegron + Solifenacin,468.75,ALKEM LABORAT. LTD.(UROCARE)
MAXVOID 8 CP CAP 10,Tolterodine,862.50,ALKEM LABORAT. LTD.(UROCARE)
SOLIKEM 5 TAB 10,Solifenacin,328.13,ALKEM LABORAT. LTD.(UROCARE)
SOLIKEM 10 TAB 10,Solifenacin,448.13,ALKEM LABORAT. LTD.(UROCARE)
POLMAKEM-P TAB 10'S,,132.95,ALKEM LABORATORIE LTD VITA
TOFE 5MG TAB 10'S,Tofacitinib,215.45,ALKEM LABORATORIE LTD VITA
POLMAKEM 2MG CAP 10'S,,112.00,ALKEM LABORATORIE LTD VITA
GEMTIDE PREFILLED COMBI PEN INJ.,Teriparatide,"10,546.85",ALKEM LABORATORIE LTD VITA
DENU 60MG INJ. 1ML,Denosumab,"8,085.90",ALKEM LABORATORIE LTD VITA
TAZIDO TAB 6'S,,600.00,ALKEM LABORATORIE LTD VITA
GEMTIDE 600MCG/2.4ML INJ.,Teriparatide,"4,000.00",ALKEM LABORATORIE LTD VITA
T-HEAL CAP 10N,NEEDS_VERIFICATION,436.90,ALKEM LABORATORIE LTD VITA
TOFE 10MG TAB 10'S,Tofacitinib,365.63,ALKEM LABORATORIE LTD VITA
TOFE ER 11MG TAB 10'S,,330.00,ALKEM LABORATORIE LTD VITA
GLINTRA FOAMING FACEWASH,NEEDS_VERIFICATION,433.43,ALKEM LABORATORIES LIMITED
BRAMOLIDE-T EYE DROPS 5ML,Brimonidine + Timolol,186.56,ALKEM LABORATORIES LIMITED
BUPROJOY TAB 10'S,,112.50,ALKEM LABORATORIES LIMITED
LINAPIL-DM 1000MG TAB 10'S,Linagliptin + Dapagliflozin + Metformin,178.13,ALKEM LABORATORIES LIMITED
RITENOV PLUS ORAL LIQUID 200ML,Multivitamins + Lysine,241.85,ALKEM LABORATORIES LIMITED
EMPANORM L 25MG TAB 10'S,,163.95,ALKEM LABORATORIES LIMITED
EMPANORM L 10MG TAB 10'S,,143.30,ALKEM LABORATORIES LIMITED
ONETRELA 50MG TAB 4'S,,262.50,ALKEM LABORATORIES LIMITED
CARILIFT 6MG CAP 10'S,Cariprazine,290.63,ALKEM LABORATORIES LIMITED
CARILIFT 4.5MG CAP 10'S,,225.00,ALKEM LABORATORIES LIMITED
CARILIFT 3MG CAP 10'S,,190.30,ALKEM LABORATORIES LIMITED
CARILIFT 1.5MG CAP 10'S,,116.25,ALKEM LABORATORIES LIMITED
DENURIL INJ. PFS 60MG,Denosumab,"11,717.81",ALKEM LABORATORIES LIMITED
PAN ASP 150MG CAP 15'S,Aspirin + Pantoprazole,150.00,ALKEM LABORATORIES LIMITED
PAN ASP 81MG CAP 15'S,Aspirin + Pantoprazole,145.31,ALKEM LABORATORIES LIMITED
OBESEMA 0.25MG INJ. INJ.(KT-DISP.),Semaglutide,"1,800.00",ALKEM LABORATORIES LTD (ADROIT)
OBESEMA 0.5MG INJ. INJ.(KIT-DISP.),Semaglutide,"1,900.00",ALKEM LABORATORIES LTD (ADROIT)
OBESEMA 1MG INJ.,Semaglutide,"2,000.00",ALKEM LABORATORIES LTD (ADROIT)
OBESEMA 1.7MG INJ. (KIT-DISP.),Semaglutide,"2,500.00",ALKEM LABORATORIES LTD (ADROIT)
OBESEMA 2.4MG INJ. (KIT-DISP.),Semaglutide,"3,500.00",ALKEM LABORATORIES LTD (ADROIT)
RACINE-K TAB 3*10'S,Biotin + Amino Acids + Multivitamins + Minerals,427.10,ALKEM LABORATORIES LTD (ADROIT)
GLUTONE 1000MG TAB 15'S,,"2,447.00",ALKEM LABORATORIES LTD (ADROIT)
GLUTONE C TAB 15'S,,"1,752.95",ALKEM LABORATORIES LTD (ADROIT)
GLUTONE FACEWASH 100ML,,435.00,ALKEM LABORATORIES LTD (ADROIT)
GLUTONE MD TAB 10'S,Glutathione,249.00,ALKEM LABORATORIES LTD (ADROIT)
RACINE PRO CONDITION.SHAMPOO 175ML,NEEDS_VERIFICATION,621.95,ALKEM LABORATORIES LTD (ADROIT)
JUENE TAB 10'S,Glutathione + Vitamin C + Antioxidants,145.00,ALKEM LABORATORIES LTD (ADROIT)
SKINFAY SYRUP 100ML,Cyproheptadine + Multivitamins,284.70,ALKEM LABORATORIES LTD (ADROIT)
ESCOR Z 20MG TAB ORANGE 20'S,Escitalopram,422.65,ALKEM LABORATORIES LTD (ADROIT)
SKINFAY CAP 30'S,,560.55,ALKEM LABORATORIES LTD (ADROIT)
SKINFAY CAP 3*10'S,,213.55,ALKEM LABORATORIES LTD (ADROIT)
ACCURA GEL 30GM,Adapalene,375.00,ALKEM LABORATORIES LTD (ADROIT)
SKINFAY MOIST./BATHING BAR 75GM,NEEDS_VERIFICATION,164.65,ALKEM LABORATORIES LTD (ADROIT)
FORTISIL OSA CAP 10'S,,790.00,ALKEM LABORATORIES LTD (ADROIT)
CHYMOTRA AT SPRAY 1*60ML,Diclofenac Diethylamine + Linseed Oil + Menthol + Methyl Salicylate,"1,012.50",ALKEM LABORATORIES LTD (ADROIT)
JUENE HAIR OIL 100ML,,382.60,ALKEM LABORATORIES LTD (ADROIT)
GLUTONE SERUM 30ML,,"1,068.00",ALKEM LABORATORIES LTD (ADROIT)
SKINFAY BODY WASH 175ML,,649.00,ALKEM LABORATORIES LTD (ADROIT)
GLUTONE SX2 TAB 15'S,,"2,665.00",ALKEM LABORATORIES LTD (ADROIT)
ACCURA TAB 10'S,NEEDS_VERIFICATION,340.00,ALKEM LABORATORIES LTD (ADROIT)
EUKARIT 200MG TAB 4S,Hydroxychloroquine,131.25,ALKEM LABORATORIES LTD (ADROIT)
LENIN CREAM 30GM,NEEDS_VERIFICATION,300.00,ALKEM LABORATORIES LTD (ADROIT)
SKINFAY-CB MOISTURIZING CREAM 50GM,NEEDS_VERIFICATION,845.50,ALKEM LABORATORIES LTD (ADROIT)
FORTISIL-C TAB 10'S,Calcium Citrate + Cholecalciferol,533.00,ALKEM LABORATORIES LTD (ADROIT)
SKINFAY-A CAP 3*10'S,Biotin + Amino Acids + Multivitamins + Minerals,560.55,ALKEM LABORATORIES LTD (ADROIT)
NERVMAX-NT TAB 10'S,,251.25,ALKEM LABORATORIES LTD (BERGEN CRISTA)
ENZOFLAM-CT TAB 15',Aceclofenac + Thiocolchicoside,280.31,ALKEM LABORATORIES LTD (BERGEN CRISTA)
NERVMAX ACTIVE CAP 10'S,,195.90,ALKEM LABORATORIES LTD (BERGEN CRISTA)
ENZOFLAM P TAB 10'S,Aceclofenac + Paracetamol,72.19,ALKEM LABORATORIES LTD (BERGEN CRISTA)
NERVMAX-MNT TAB 10'S,,255.00,ALKEM LABORATORIES LTD (BERGEN CRISTA)
ZOCEF 1.5MG VIAL,Cefuroxime,315.94,ALKEM LABORATORIES LTD (BERGEN CRISTA)
ZOCEF 250MG TABS 10'S,Cefuroxime,435.94,ALKEM LABORATORIES LTD (BERGEN CRISTA)
ZOCEF 500MG TABS 10'S,Cefuroxime,549.39,ALKEM LABORATORIES LTD (BERGEN CRISTA)
NODIMOX PLUS 500MG T.10'S,Amoxicillin + Clavulanic Acid,43.13,ALKEM LABORATORIES LTD (BERGEN CRISTA)
NODIMOX PLUS 250MG 10'S,Amoxicillin + Clavulanic Acid,19.27,ALKEM LABORATORIES LTD (BERGEN CRISTA)
ZOCEF DRY SYP. 30ML,Cefuroxime,165.75,ALKEM LABORATORIES LTD (BERGEN CRISTA)
ENZOFLAM TABS 10'S,Aceclofenac + Paracetamol,172.00,ALKEM LABORATORIES LTD (BERGEN CRISTA)
OXUM 100ML SPRAY,Povidone Iodine,330.00,ALKEM LABORATORIES LTD (BERGEN CRISTA)
NERVMAX SR 75 CAP 10'S,,235.30,ALKEM LABORATORIES LTD (BERGEN CRISTA)
ZOCEF CV 250MG TAB 6'S,,299.05,ALKEM LABORATORIES LTD (BERGEN CRISTA)
ZOCEF CV 500MG TAB 6'S,,587.75,ALKEM LABORATORIES LTD (BERGEN CRISTA)
NERVMAX CAP 10'S,Methylcobalamin + Alpha Lipoic Acid + Pyridoxine + Folic Acid,195.94,ALKEM LABORATORIES LTD (BERGEN CRISTA)
ZOCEF CV DRY SYP 30ML,Cefuroxime + Clavulanic Acid,262.50,ALKEM LABORATORIES LTD (BERGEN CRISTA)
ENZOFLAM SP TAB 10'S,Aceclofenac + Paracetamol + Serratiopeptidase,150.50,ALKEM LABORATORIES LTD (BERGEN CRISTA)
ENZOFLAM MR TAB 10'S,Aceclofenac + Paracetamol + Chlorzoxazone,190.30,ALKEM LABORATORIES LTD (BERGEN CRISTA)
NERVMAX D 50/20MG CAP 10'S,,179.05,ALKEM LABORATORIES LTD (BERGEN CRISTA)
NERVMAX D 75/20 MG CAP 10'S,Pregabalin + Duloxetine,223.10,ALKEM LABORATORIES LTD (BERGEN CRISTA)
NERVMAX D 75/30 MG CAP 10'S,Pregabalin + Duloxetine,245.63,ALKEM LABORATORIES LTD (BERGEN CRISTA)
TOPIROXO 20MG TAB 10'S,,113.40,ALKEM LABORATORIES LTD (BERGEN CRISTA)
TOPIROXO 40MG TAB 10'S,,203.90,ALKEM LABORATORIES LTD (BERGEN CRISTA)
GLUCORYL-M 0.5MG TAB 15S,Glimepiride + Metformin,54.80,ALKEM LABORATORIES LTD DIABTALOGY
ZILOKEM CT 40/12.5MG TAB 10S,Olmesartan + Chlorthalidone,102.19,ALKEM LABORATORIES LTD DIABTALOGY
EMPANORM M 25/1000MG TAB 10'S,,149.05,ALKEM LABORATORIES LTD DIABTALOGY
ZILOKEM 80MG TAB 10S,Olmesartan,139.69,ALKEM LABORATORIES LTD DIABTALOGY
GLUCORYL M4 FORTE TAB 15S,Glimepiride + Metformin,256.40,ALKEM LABORATORIES LTD DIABTALOGY
GLUCORYL MP1 TAB 15'S,,192.15,ALKEM LABORATORIES LTD DIABTALOGY
GLUCORYL MP2 TAB 15'S,,292.50,ALKEM LABORATORIES LTD DIABTALOGY
LINAPIL-D 10MG TAB 10'S,,170.15,ALKEM LABORATORIES LTD DIABTALOGY
GLUCORYL MV FORTE 1MG TAB 10'S,,124.21,ALKEM LABORATORIES LTD DIABTALOGY
GLUCORYL MV FORTE 2MG TAB 10'S,Glimepiride + Metformin + Voglibose,140.38,ALKEM LABORATORIES LTD DIABTALOGY
GLUCORYL MD1 TAB 15',Glimepiride + Metformin,117.19,ALKEM LABORATORIES LTD DIABTALOGY
GLUCORYL MD2 TAB 15'S,Glimepiride + Metformin,126.56,ALKEM LABORATORIES LTD DIABTALOGY
GLUCORYL MD FORTE 1MG TAB 10'S,Glimepiride + Metformin,150.00,ALKEM LABORATORIES LTD DIABTALOGY
GLUCORYL MD FORTE 2MG TAB 10'S,Glimepiride + Metformin,166.41,ALKEM LABORATORIES LTD DIABTALOGY
GLUCORYL 1MG TABS 10'S,Glimepiride,32.78,ALKEM LABORATORIES LTD DIABTALOGY
GLUCORYL 2MG TABS 10'S,Glimepiride,59.63,ALKEM LABORATORIES LTD DIABTALOGY
GLUCORYL M1 TABS 10'S,Glimepiride + Metformin,191.75,ALKEM LABORATORIES LTD DIABTALOGY
GLUCORYL M2 TABS 10'S,Glimepiride + Metformin,250.75,ALKEM LABORATORIES LTD DIABTALOGY
NEBIPIL SA TAB 10'S,Nebivolol + S-Amlodipine,137.34,ALKEM LABORATORIES LTD DIABTALOGY
INSUMIN PLUS CAP 10'S,Alpha Lipoic Acid + Benfotiamine + Inositol + Methylcobalamin + Pyridoxine + Folic Acid,202.50,ALKEM LABORATORIES LTD DIABTALOGY
GLUCORYL MV 1 TAB 10'S,,290.75,ALKEM LABORATORIES LTD DIABTALOGY
GLUCORYL MV 2 TAB 10'S,,381.50,ALKEM LABORATORIES LTD DIABTALOGY
GLUCORYL M1 FORTE 10'S,Glimepiride + Metformin,147.19,ALKEM LABORATORIES LTD DIABTALOGY
GLUCORYL M2 FORTE 10'S,Glimepiride + Metformin,235.75,ALKEM LABORATORIES LTD DIABTALOGY
VOGLIKEM 0.2 TAB 10'S,Voglibose,83.44,ALKEM LABORATORIES LTD DIABTALOGY
VOGLIKEM 0.3 TAB 10'S,,177.19,ALKEM LABORATORIES LTD DIABTALOGY
VOGLIKEM M 0.2 TAB 10'S,,142.00,ALKEM LABORATORIES LTD DIABTALOGY
VOGLIKEM M 0.3 TAB 10'S,,178.10,ALKEM LABORATORIES LTD DIABTALOGY
ROSUKEM 10MG TAB 15'S,,233.40,ALKEM LABORATORIES LTD DIABTALOGY
ROSUKEM 20MG TAB 10'S,Rosuvastatin,357.19,ALKEM LABORATORIES LTD DIABTALOGY
ROSUKEM 5MG TAB 10'S,Rosuvastatin,103.13,ALKEM LABORATORIES LTD DIABTALOGY
ROSUKEM-A CAP 10'S,Rosuvastatin + Aspirin,86.72,ALKEM LABORATORIES LTD DIABTALOGY
ROSUKEM A 150MG TAB,,104.65,ALKEM LABORATORIES LTD DIABTALOGY
ROSUKEM F TAB 10'S,Rosuvastatin + Fenofibrate,191.25,ALKEM LABORATORIES LTD DIABTALOGY
GLUCORYL MV 1/O.3 TAB 10S,Glimepiride + Metformin + Voglibose,240.00,ALKEM LABORATORIES LTD DIABTALOGY
GLUCORYL MV 2/O.3 TAB 15S,Glimepiride + Metformin + Voglibose,285.00,ALKEM LABORATORIES LTD DIABTALOGY
VOGLIKEM-M 0.2FORTE TAB 10'S,Voglibose + Metformin,82.50,ALKEM LABORATORIES LTD DIABTALOGY
VOGLIKEM-M 0.3 FORTE TAB 10'S,Voglibose + Metformin,103.13,ALKEM LABORATORIES LTD DIABTALOGY
ROSUKEM CV 10 CAP 10S,Rosuvastatin + Clopidogrel,218.40,ALKEM LABORATORIES LTD DIABTALOGY
ROSUKEM GOLD 10 CAP 10S,Rosuvastatin + Aspirin + Clopidogrel,217.50,ALKEM LABORATORIES LTD DIABTALOGY
ROSUKEM-40 TAB 10S,Rosuvastatin,260.63,ALKEM LABORATORIES LTD DIABTALOGY
ZILOKEM 40MG TAB 10S,Olmesartan,97.97,ALKEM LABORATORIES LTD DIABTALOGY
GLUCORYL M3 TAB 15'S,Glimepiride + Metformin,187.50,ALKEM LABORATORIES LTD DIABTALOGY
LINAPIL M 2.5/500MG TAB 10'S,,92.80,ALKEM LABORATORIES LTD DIABTALOGY
ZILOKEM 20MG TABS,Olmesartan,40.31,ALKEM LABORATORIES LTD DIABTALOGY
LINAPIL TAB 10'S,,106.85,ALKEM LABORATORIES LTD DIABTALOGY
ROSUKEM EZ 20MG TAB 10'S,,336.05,ALKEM LABORATORIES LTD DIABTALOGY
ROSUKEM EZ 10MG TAB 10'S,,261.55,ALKEM LABORATORIES LTD DIABTALOGY
HEPAGLIDE 0.25 INJ KIT-DIP,Semaglutide,"1,800.00",ALKEM LABORATORIES LTD DIABTALOGY
HEPAGLIDE 0.5 INJ KIT-DIP,Semaglutide,"1,900.00",ALKEM LABORATORIES LTD DIABTALOGY
HEPAGLIDE 1.7 INJ KIT-DIP,Semaglutide,"2,500.00",ALKEM LABORATORIES LTD DIABTALOGY
HEPAGLIDE 1MG INJ KIT-DIP,Semaglutide,"2,000.00",ALKEM LABORATORIES LTD DIABTALOGY
JUPIROS GOLD 20 CAP,,271.85,ALKEM LABORATORIES LTD. (IMPERIA)
EMPANORM 10MG TAB 10'S,,102.05,ALKEM LABORATORIES LTD. (IMPERIA)
EMPANORM 25MG TAB 10'S,Empagliflozin,130.30,ALKEM LABORATORIES LTD. (IMPERIA)
EMPANORM DUO 10MG TAB 10'S,,149.05,ALKEM LABORATORIES LTD. (IMPERIA)
EMPANORM DUO 25MG TAB 10'S,,174.20,ALKEM LABORATORIES LTD. (IMPERIA)
VALERA TAB 15'S,,386.70,ALKEM LABORATORIES LTD. (IMPERIA)
TICAVIC 90MG TAB 10'S,,255.00,ALKEM LABORATORIES LTD. (IMPERIA)
TICAVIC 60MG TAB 10',Ticagrelor,204.80,ALKEM LABORATORIES LTD. (IMPERIA)
VALERA M TAB 1000MG 15'S,Vildagliptin + Metformin,402.15,ALKEM LABORATORIES LTD. (IMPERIA)
VALERA M TAB 500MG 15'S,Vildagliptin + Metformin,392.80,ALKEM LABORATORIES LTD. (IMPERIA)
JUPIROS EZ 10MG TAB 10'S,,261.56,ALKEM LABORATORIES LTD. (IMPERIA)
JUPIROS EZ 20MG TAB 10'S,,369.65,ALKEM LABORATORIES LTD. (IMPERIA)
TSART B 2.5MG TAB 15'S,Telmisartan + Bisoprolol,111.55,ALKEM LABORATORIES LTD. (IMPERIA)
TSART B 5 MG TAB 10'S,Telmisartan + Bisoprolol,145.75,ALKEM LABORATORIES LTD. (IMPERIA)
JUPIROS CV 20 CAP 1*10'S,Rosuvastatin + Clopidogrel,257.80,ALKEM LABORATORIES LTD. (IMPERIA)
BISOKEM 2.5MG TAB 1*10'S,Bisoprolol,60.90,ALKEM LABORATORIES LTD. (IMPERIA)
BISOKEM 5MG TAB 1*10'S,Bisoprolol,74.05,ALKEM LABORATORIES LTD. (IMPERIA)
BISOKEM AM 2.5MG TAB 1*10'S,Bisoprolol + Amlodipine,67.20,ALKEM LABORATORIES LTD. (IMPERIA)
BISOKEM AM 5MG TAB 1*10'S,Bisoprolol + Amlodipine,94.25,ALKEM LABORATORIES LTD. (IMPERIA)
EMPANORM TRIO TAB 10'S,,158.40,ALKEM LABORATORIES LTD. (IMPERIA)
HOMOCHECK CAPS 10'S,L-Methylfolate + Methylcobalamin + Pyridoxal-5-Phosphate,132.15,ALKEM LABORATORIES LTD. (IMPERIA)
JUPIROS 10MG TAB 10'S,,256.70,ALKEM LABORATORIES LTD. (IMPERIA)
JUPIROS 20MG TAB 10'S,,431.70,ALKEM LABORATORIES LTD. (IMPERIA)
JUPIROS 5MG TAB 10'S,,124.65,ALKEM LABORATORIES LTD. (IMPERIA)
TSART 20MG TAB 15'S,,62.15,ALKEM LABORATORIES LTD. (IMPERIA)
JUPIROS F-10 TAB 10'S,,306.05,ALKEM LABORATORIES LTD. (IMPERIA)
TSART 40MG TAB 10'S,Telmisartan,108.99,ALKEM LABORATORIES LTD. (IMPERIA)
TSART H TAB 15'S,Telmisartan + Hydrochlorothiazide,311.70,ALKEM LABORATORIES LTD. (IMPERIA)
TSART 80 TAB 10'S,Telmisartan,163.80,ALKEM LABORATORIES LTD. (IMPERIA)
TSART 80H TAB 10'S,,265.75,ALKEM LABORATORIES LTD. (IMPERIA)
TSART 80 AM TAB 10'S,Telmisartan + Amlodipine,144.38,ALKEM LABORATORIES LTD. (IMPERIA)
TSART AM TAB 10'S,,274.20,ALKEM LABORATORIES LTD. (IMPERIA)
JUPIROS A CAP 10'S,,104.50,ALKEM LABORATORIES LTD. (IMPERIA)
JUPIROS A 150 CAPS 10S,Rosuvastatin + Aspirin,95.15,ALKEM LABORATORIES LTD. (IMPERIA)
JUPIROS FL 10MG TAB 10',Rosuvastatin + Fenofibrate,103.13,ALKEM LABORATORIES LTD. (IMPERIA)
JUPIROS FL 5MG TAB 10',Rosuvastatin + Fenofibrate,65.63,ALKEM LABORATORIES LTD. (IMPERIA)
TSART TRIO 12.5MG TAB 10'S,Telmisartan + Amlodipine + Hydrochlorothiazide,245.60,ALKEM LABORATORIES LTD. (IMPERIA)
TSART TRIO 6.25MG TAB 10'S,Telmisartan + Amlodipine + Hydrochlorothiazide,228.75,ALKEM LABORATORIES LTD. (IMPERIA)
TSART-M 40/25MG TAB 10'S,,191.25,ALKEM LABORATORIES LTD. (IMPERIA)
TSART-40CT TAB 10'S,,196.85,ALKEM LABORATORIES LTD. (IMPERIA)
TSART CL TAB 10'S,Telmisartan + Cilnidipine,82.50,ALKEM LABORATORIES LTD. (IMPERIA)
JUPIROS 40 TAB 10'S,Rosuvastatin,418.10,ALKEM LABORATORIES LTD. (IMPERIA)
JUPIROS CV 10 CAP 10S,Rosuvastatin + Clopidogrel,218.40,ALKEM LABORATORIES LTD. (IMPERIA)
JUPIROS GOLD 10 CAP 10S,Rosuvastatin + Aspirin + Clopidogrel,239.05,ALKEM LABORATORIES LTD. (IMPERIA)
TSART MCL 50MG TAB 10'S,,179.50,ALKEM LABORATORIES LTD. (IMPERIA)
TSART MCL 25MG TAB 10'S,Metoprolol + Cilnidipine,148.10,ALKEM LABORATORIES LTD. (IMPERIA)
JUPIROS A 20/150MG TAB 10S,Rosuvastatin + Aspirin,131.25,ALKEM LABORATORIES LTD. (IMPERIA)
EMPANORM TRIO 25 TAB 10,Empagliflozin + Metformin + Teneligliptin,177.15,ALKEM LABORATORIES LTD. (IMPERIA)
GUTGAIN SACHET 1GM 50G,Bacillus Clausii,50.63,ALKEM LABORATORIES LTD.(BREGEN NOVA)
UPRISE D3 2k CAP 10'S,,229.69,ALKEM LABORATORIES LTD.(BREGEN NOVA)
UPRISE-D3 60K CAP 12'S,,397.15,ALKEM LABORATORIES LTD.(BREGEN NOVA)
GUTGAIN SUSP 10 RESPULS 5ML,Bacillus Clausii,496.88,ALKEM LABORATORIES LTD.(BREGEN NOVA)
UPRISE D3 DROPS 15ML,,110.60,ALKEM LABORATORIES LTD.(BREGEN NOVA)
UPRISE D3 ORAL SYRUP 100ML,,275.64,ALKEM LABORATORIES LTD.(BREGEN NOVA)
LINAPIL-DM 500MG TAB 10,,185.60,ALKEM LABORATORIES LTD.(BREGEN NOVA)
NULOC 20MG TABS,Omeprazole,50.63,ALKEM LABORATORIES LTD.(BREGEN NOVA)
NULOC-D TAB 10'S,Omeprazole + Domperidone,105.00,ALKEM LABORATORIES LTD.(BREGEN NOVA)
GEMCAL GRO SYP 200ML.,Calcium + Vitamin D3 + Lysine,149.06,ALKEM LABORATORIES LTD.(BREGEN NOVA)
UPRISE D3 1k CAP 15'S,,78.44,ALKEM LABORATORIES LTD.(BREGEN NOVA)
UPRISE D3 SYP 30ML.,Cholecalciferol,79.69,ALKEM LABORATORIES LTD.(BREGEN NOVA)
UPRISE D3 6L INJ,,77.80,ALKEM LABORATORIES LTD.(BREGEN NOVA)
UPRISE-XT CAP 10'S,Ferrous Ascorbate + Folic Acid + Zinc,122.34,ALKEM LABORATORIES LTD.(BREGEN NOVA)
UPRISE-D360K(SHOTS)SYRUP 4*5ML,Cholecalciferol,96.40,ALKEM LABORATORIES LTD.(BREGEN NOVA)
NULOC MPS SYRUP 200ML,Aluminium Hydroxide + Magnesium Hydroxide + Simethicone,91.41,ALKEM LABORATORIES LTD.(BREGEN NOVA)
GEMCAL P SUSPENSION 150ML,,199.65,ALKEM LABORATORIES LTD.(BREGEN NOVA)
GEMFRAC INJ.OF 1 CARTRIDGE,Teriparatide,"4,000.00",ALKEM LABORATORIES LTD.(BREGEN NOVA)
GEMFRAC PEN NEEDLES PACK OF 30,,0.94,ALKEM LABORATORIES LTD.(BREGEN NOVA)
GEMFRAC INJ.COMBO PACK OF CAT. 1*3VIAL,,"10,546.88",ALKEM LABORATORIES LTD.(BREGEN NOVA)
TAMSUKEM PLUS TAB 10'S,,717.15,ALKEM LABORATORIES LTD.(UROCARE)
TAXIM-OF 100DT TAB 10'S,,117.15,ALKEM LABORATORIES LTD.ALFA NEXGEN
TAXIM O DRY SYRUP 60ML,,101.20,ALKEM LABORATORIES LTD.ALFA NEXGEN
LULIHALT CREAM 30GM,Luliconazole,355.31,ALKEM LABORATORIES LTD.ALFA NEXGEN
LULIHALT CREAM 10GM,Luliconazole,133.13,ALKEM LABORATORIES LTD.ALFA NEXGEN
LULIHALT LOTION 15ML,Luliconazole,210.94,ALKEM LABORATORIES LTD.ALFA NEXGEN
HOSPIMYCIN IV 1,Meropenem,993.75,ALKEM LABORATORIES LTD.ALFA NEXGEN
PRULASTIN M TABS,,111.55,ALKEM LABORATORIES LTD.ALFA NEXGEN
HEPATOGLO.HAMPER VAS/WHITE JEL,,89.53,ALKEM LABORATORIES LTD.ALFA NEXGEN
SUMO-L PLUS DS SUSP.100ML,,139.65,ALKEM LABORATORIES LTD.ALFA NEXGEN
GLUCORYL 0.3 TAB 10,,101.25,ALKEM LABORATORIES LTD.ALFA NEXGEN
TAXIM-O 200 DRY SYRUP 12G/30ML,,72.19,ALKEM LABORATORIES LTD.ALFA NEXGEN
TAXIM O DT 100MG TABS 10'S,,76.85,ALKEM LABORATORIES LTD.ALFA NEXGEN
XPECT-LS JUNIOR SYRUP 60ML,,52.09,ALKEM LABORATORIES LTD.ALFA NEXGEN
XPECT-D JUNIOR SYRUP 60ML,,14.12,ALKEM LABORATORIES LTD.ALFA NEXGEN
TAXIM-O DRY SYP. 30ML,,273.75,ALKEM LABORATORIES LTD.ALFA NEXGEN
SUMO L 500MG TAB 15'S,,107.36,ALKEM LABORATORIES LTD.ALFA NEXGEN
TAXIM-O 200 DS SYRUP 60ML,,148.85,ALKEM LABORATORIES LTD.ALFA NEXGEN
PRATHAM 200MG REDIUSE 30ML,,64.69,ALKEM LABORATORIES LTD.ALFA NEXGEN
TAXIM O FORTE DRY SYP 60ML,,32.13,ALKEM LABORATORIES LTD.ALFA NEXGEN
XPECT LS DROPS 15ML,,140.00,ALKEM LABORATORIES LTD.ALFA NEXGEN
SUMO L FAST 650MG TAB 15'S,Doxepin,299.00,ALKEM LABORATORIES LTD.ALFA NEXGEN
XPECT B SYP. 100ML,,105.10,ALKEM LABORATORIES LTD.ALFA NEXGEN
DSS 45MG CAP 10'S,Multivitamins + Multiminerals + Lysine,41.83,ALKEM LABORATORIES LTD.ALFA NEXGEN
TAXIM O 200MG TABS 10'S,Cefixime,67.50,ALKEM LABORATORIES LTD.ALFA NEXGEN
XPECT A SYP. 100ML,Ambroxol + Guaifenesin + Terbutaline,50.16,ALKEM LABORATORIES LTD.ALFA NEXGEN
SUMO SPAS TABS 10'S,Mefenamic Acid + Dicyclomine,28.13,ALKEM LABORATORIES LTD.ALFA NEXGEN
TAXIM O PEAD. DROP 10ML.,Cefixime,82.50,ALKEM LABORATORIES LTD.ALFA NEXGEN
XPECT PD SYP 100ML,Paracetamol + Phenylephrine + Chlorpheniramine,64.69,ALKEM LABORATORIES LTD.ALFA NEXGEN
TAXIM O FORTE DRY SYP 30ML,,76.53,ALKEM LABORATORIES LTD.ALFA NEXGEN
TAXIM O 400 MG TAB 10'S,Cefixime,232.04,ALKEM LABORATORIES LTD.ALFA NEXGEN
PRATHAM 100 REDI.15ML,Cefixime,26.95,ALKEM LABORATORIES LTD.ALFA NEXGEN
PRATHAM 250 MG TAB**,Cefixime,60.36,ALKEM LABORATORIES LTD.ALFA NEXGEN
PRATHAM 500 TAB **,Cefixime,123.72,ALKEM LABORATORIES LTD.ALFA NEXGEN
PRATHAM 200 REDI 15ML.,Cefixime,53.68,ALKEM LABORATORIES LTD.ALFA NEXGEN
TRUMP A 100ML.,Ambroxol + Guaifenesin + Terbutaline,71.25,ALKEM LABORATORIES LTD.ALFA NEXGEN
TRUMP D SYP 100ML.,Dextromethorphan + Phenylephrine + Chlorpheniramine,78.28,ALKEM LABORATORIES LTD.ALFA NEXGEN
SUMO L 100MG DROP 15ML.,Paracetamol + Levocetirizine,37.00,ALKEM LABORATORIES LTD.ALFA NEXGEN
SUMO L 120 SYP 60ML.,Paracetamol + Levocetirizine,38.79,ALKEM LABORATORIES LTD.ALFA NEXGEN
TAXIM O CV 200MG **,Cefixime + Clavulanic Acid,271.88,ALKEM LABORATORIES LTD.ALFA NEXGEN
TAXIM-OF 200MG TAB 10'S,,180.00,ALKEM LABORATORIES LTD.ALFA NEXGEN
TAXIM O CV DRY SYP 30ML.,Cefixime + Clavulanic Acid,63.23,ALKEM LABORATORIES LTD.ALFA NEXGEN
TAXIM OFZ TAB 10'S,,147.19,ALKEM LABORATORIES LTD.ALFA NEXGEN
SUMO L IV 100ML,,284.05,ALKEM LABORATORIES LTD.ALFA NEXGEN
SUMO L PLUS SYP 60ML.,Paracetamol + Levocetirizine + Phenylephrine,72.19,ALKEM LABORATORIES LTD.ALFA NEXGEN
MOXAM TAB 5'S,Moxifloxacin,135.55,ALKEM LABORATORIES LTD.ALFA NEXGEN
PEDIATOTAL CF 200GR,DHA + Multivitamins + Minerals,231.40,ALKEM LABORATORIES LTD.ALFA NEXGEN
SUMO-JOY TAB 10S,Aceclofenac + Paracetamol,30.94,ALKEM LABORATORIES LTD.ALFA NEXGEN
SUMO-L SPAS TAB 10'S,Mefenamic Acid + Dicyclomine + Paracetamol,28.13,ALKEM LABORATORIES LTD.ALFA NEXGEN
SUMO L 250 DS SYP 60ml,,42.84,ALKEM LABORATORIES LTD.ALFA NEXGEN
XPECT-PD SYRUP 60ML.,Paracetamol + Phenylephrine + Chlorpheniramine,35.16,ALKEM LABORATORIES LTD.ALFA NEXGEN
XPECT-LS SYRUP 100ML,,129.35,ALKEM LABORATORIES LTD.ALFA NEXGEN
FUNGIKEM 100MG CAP 7S,Itraconazole,103.13,ALKEM LABORATORIES LTD.ALFA NEXGEN
FUNGIKEM 200MG CAP 4S,,164.68,ALKEM LABORATORIES LTD.ALFA NEXGEN
XPECT D SYRUP 100ML,,123.75,ALKEM LABORATORIES LTD.ALFA NEXGEN
POVIROBES OINTMENT 15GM,Povidone Iodine,92.81,ALKEM LABORATORIES LTD.ALFA NEXGEN
ALPROVIT ACTIVE 200GM POWDER,,371.95,ALKEM LABORATORIES LTD.ALFA NEXGEN
DSS 10 MG CAP 10'S,Doxepin,220.00,ALKEM LABORATORIES LTD.ALFA NEXGEN
AUSUM PL TAB 10S,Aceclofenac + Paracetamol,140.00,ALKEM LABORATRIES LTD.(ACE-ALTIS)
TRINERV NT TAB 10S,Pregabalin + Nortriptyline,149.53,ALKEM LABORATRIES LTD.(ACE-ALTIS)
TRINERVE SOFT GEL CAP 10'S,,175.31,ALKEM LABORATRIES LTD.(ACE-ALTIS)
MOVACE P TAB 10'S,Aceclofenac + Paracetamol,33.75,ALKEM LABORATRIES LTD.(ACE-ALTIS)
PROWEL CAP 10'S,Bacillus Clausii,92.50,ALKEM LABORATRIES LTD.(ACE-ALTIS)
PROWEL POWDER SACHET 1GM,Bacillus Clausii,9.25,ALKEM LABORATRIES LTD.(ACE-ALTIS)
TRINERVE INJ 1ML,Methylcobalamin,10.78,ALKEM LABORATRIES LTD.(ACE-ALTIS)
XONE XP HS VAIL,Ceftriaxone + Sulbactam,150.50,ALKEM LABORATRIES LTD.(ACE-ALTIS)
PROWEL DRY SYP 30ML,Bacillus Clausii,54.21,ALKEM LABORATRIES LTD.(ACE-ALTIS)
TAXCLAV DRY SYP 30ML.,Cefixime + Clavulanic Acid,83.44,ALKEM LABORATRIES LTD.(ACE-ALTIS)
PUC DROP 15ML.,Paracetamol,28.19,ALKEM LABORATRIES LTD.(ACE-ALTIS)
TRINERVE FORTE CAP 10'S,Methylcobalamin + Alpha Lipoic Acid + Pyridoxine + Folic Acid,132.66,ALKEM LABORATRIES LTD.(ACE-ALTIS)
PUC SYP 60ML.,Paracetamol,20.57,ALKEM LABORATRIES LTD.(ACE-ALTIS)
ESOKEM 20MG TAB 10'S,,48.70,ALKEM LABORATRIES LTD.(ACE-ALTIS)
ESOKEM 40MG TAB 10'S,Esomeprazole,124.69,ALKEM LABORATRIES LTD.(ACE-ALTIS)
ESOKEM D CAP 10'S,Esomeprazole + Domperidone,136.88,ALKEM LABORATRIES LTD.(ACE-ALTIS)
PUC 650TAB 1*10,Paracetamol,15.88,ALKEM LABORATRIES LTD.(ACE-ALTIS)
LINCEF TAB 10'S,Cefixime,412.50,ALKEM LABORATRIES LTD.(ACE-ALTIS)
EVACURE 4 TAB 10'S,Ondansetron,450.00,ALKEM LABORATRIES LTD.(ACE-ALTIS)
COLPEP DROPS 15 ML,Fungal Diastase + Pepsin,49.69,ALKEM LABORATRIES LTD.(ACE-ALTIS)
COLPEP SYP 30ML,Fungal Diastase + Pepsin,41.95,ALKEM LABORATRIES LTD.(ACE-ALTIS)
PUC 250 SUSP.60ML,Paracetamol,35.62,ALKEM LABORATRIES LTD.(ACE-ALTIS)
PUC 500 TAB 10'S,Paracetamol,9.19,ALKEM LABORATRIES LTD.(ACE-ALTIS)
ESOKEM L CAPS,Esomeprazole + Levosulpiride,211.88,ALKEM LABORATRIES LTD.(ACE-ALTIS)
PANIT CAP 10S,Pantoprazole + Itopride,171.56,ALKEM LABORATRIES LTD.(ACE-ALTIS)
TAXIM INJ.250MG VAIL,Cefotaxime,18.91,ALKEM LABORATRIES LTD.(ALTRON)
TAXIM INJ.500MG VAIL,Cefotaxime,26.03,ALKEM LABORATRIES LTD.(ALTRON)
TAXIM INJ.1 GM. VIAL,Cefotaxime,42.67,ALKEM LABORATRIES LTD.(ALTRON)
TAZID INJ.125MG,Ceftazidime,57.19,ALKEM LABORATRIES LTD.(ALTRON)
XONE-O TAB 10'S,Cefixime + Ofloxacin,180.94,ALKEM LABORATRIES LTD.(ALTRON)
XONE SB VIAL** 1,Ceftriaxone + Sulbactam,50.16,ALKEM LABORATRIES LTD.(ALTRON)
TAXIM INJ.125MG.VIAL,Cefotaxime,19.20,ALKEM LABORATRIES LTD.(ALTRON)
TAXIM INJ.2 GM. VIAL,Cefotaxime,72.15,ALKEM LABORATRIES LTD.(ALTRON)
MEROSURE -INJEC 1GM 1,Meropenem,961.88,ALKEM LABORATRIES LTD.(ALTRON)
MEROSURE-O 200MG TAB 9'S,,867.15,ALKEM LABORATRIES LTD.(ALTRON)
MEROSURE SB 1.5GM INJ.,Meropenem + Sulbactam,"1,350.00",ALKEM LABORATRIES LTD.(ALTRON)
ONDEM 2ML INJ.,,12.73,ALKEM LABORATRIES LTD.(ALTRON)
ONDEM 4ML INJ.,,25.45,ALKEM LABORATRIES LTD.(ALTRON)
TAZID INJ. 1GM,,242.52,ALKEM LABORATRIES LTD.(ALTRON)
TAZID INJ. 250MG,,85.00,ALKEM LABORATRIES LTD.(ALTRON)
MEROSURE O DRY SYRUP 30ML,,283.55,ALKEM LABORATRIES LTD.(ALTRON)
XONE-ES 1.5GM INJ. 1 VIAL,Ceftriaxone + Sulbactam,280.30,ALKEM LABORATRIES LTD.(ALTRON)
XONE 250MG VIAL**,,29.76,ALKEM LABORATRIES LTD.(ALTRON)
XONE 500MG VIAL,,53.69,ALKEM LABORATRIES LTD.(ALTRON)
XONE 1GM VIAL**,,66.64,ALKEM LABORATRIES LTD.(ALTRON)
XONE 125MG VIAL,,25.31,ALKEM LABORATRIES LTD.(ALTRON)
TAXIMAX 1500MG INJ.,,105.00,ALKEM LABORATRIES LTD.(ALTRON)
TAXIMAX 750MG INJ.,,58.59,ALKEM LABORATRIES LTD.(ALTRON)
PIPZO 4.5 INJ.VIAL,,326.22,ALKEM LABORATRIES LTD.(ALTRON)
TAXIMAX 375 VAIL,Cefotaxime + Sulbactam,41.25,ALKEM LABORATRIES LTD.(ALTRON)
PIPZO 1.125MG.VIAL,Piperacillin + Tazobactam,106.46,ALKEM LABORATRIES LTD.(ALTRON)
XONE XP 1.125MG VIAL,,238.13,ALKEM LABORATRIES LTD.(ALTRON)
XONE XP KID VIAL,,91.85,ALKEM LABORATRIES LTD.(ALTRON)
XONE XP 125MG INJ,Ceftriaxone + Tazobactam,39.70,ALKEM LABORATRIES LTD.(ALTRON)
PIPZO 2.25MG INJ,,204.61,ALKEM LABORATRIES LTD.(ALTRON)
LINOKEM 600MG TAB 10'S,,268.27,ALKEM LABORATRIES LTD.(ALTRON)
MEROSURE -KIT 500MG TAB,Meropenem,467.81,ALKEM LABORATRIES LTD.(ALTRON)
MEROSURE-O TAB 6S,Cefixime + Ofloxacin,482.81,ALKEM LABORATRIES LTD.(ALTRON)
MEROSURE-O DRY SYRUP 60ML,Cefixime + Ofloxacin,529.65,ALKEM LABORATRIES LTD.(ALTRON)
RACINE PRO HAIR SERUM 30ML,NEEDS_VERIFICATION,823.25,ALKEM LABORATRIES LTD.(ALTRON)
MEROSURE-O ER 300MG TAB 10'S,,"1,265.60",ALKEM LABORATRIES LTD.(ALTRON)
ALSITA E 10MG TAB 10'S,Empagliflozin,149.05,ALKEM LABORATRIES LTD.(METANEXT)
ALSITA E 25MG TAB 10'S,Empagliflozin,158.40,ALKEM LABORATRIES LTD.(METANEXT)
ALSITA GM 2MG TAB,Glimepiride + Metformin,139.65,ALKEM LABORATRIES LTD.(METANEXT)
ALSITA GM 1MG TAB,Glimepiride + Metformin,132.95,ALKEM LABORATRIES LTD.(METANEXT)
FORMIN PG 1 TAB 10'S,Metformin + Pioglitazone + Glimepiride,159.38,ALKEM LABORATRIES LTD.(METANEXT)
EUCLIDE XR 60 TAB 10'S,Gliclazide,101.25,ALKEM LABORATRIES LTD.(METANEXT)
ALSITA MP 1000MG TAB 10'S,Metformin + Pioglitazone,209.05,ALKEM LABORATRIES LTD.(METANEXT)
FORMIN PG 2 TAB 10'S,Metformin + Pioglitazone,292.50,ALKEM LABORATRIES LTD.(METANEXT)
EUCLIDE 40MG TABS 10'S,Gliclazide,40.22,ALKEM LABORATRIES LTD.(METANEXT)
EUCLIDE 80MG TABS 10'S,Gliclazide,119.50,ALKEM LABORATRIES LTD.(METANEXT)
FORMIN 500MG TABS 10'S,Metformin,9.75,ALKEM LABORATRIES LTD.(METANEXT)
EUCLIDE M TABS 15'S,Gliclazide + Metformin,266.72,ALKEM LABORATRIES LTD.(METANEXT)
FORMIN SR 500 TAB 10'S,Metformin (Sustained Release),31.45,ALKEM LABORATRIES LTD.(METANEXT)
FORMIN PGL 1 FORTE,Metformin + Pioglitazone + Glimepiride,50.63,ALKEM LABORATRIES LTD.(METANEXT)
FORMIN PGL 2 FORTE,Metformin + Pioglitazone + Glimepiride,69.84,ALKEM LABORATRIES LTD.(METANEXT)
FORMIN PLUS 500 TAB 10'S,Metformin,114.35,ALKEM LABORATRIES LTD.(METANEXT)
OLKEM 20 AM TAB 14'S,Olmesartan + Amlodipine,249.38,ALKEM LABORATRIES LTD.(METANEXT)
OLKEM 20 H TAB 14'S,Olmesartan + Hydrochlorothiazide,269.50,ALKEM LABORATRIES LTD.(METANEXT)
OLKEM 20MG TAB 15'S,Olmesartan,227.80,ALKEM LABORATRIES LTD.(METANEXT)
OLKEM 40 AM TAB 14'S,Olmesartan + Amlodipine,439.65,ALKEM LABORATRIES LTD.(METANEXT)
OLKEM 40 H TAB 14'S,Olmesartan + Hydrochlorothiazide,459.84,ALKEM LABORATRIES LTD.(METANEXT)
OLKEM 40MG TAB 15'S,Olmesartan,405.45,ALKEM LABORATRIES LTD.(METANEXT)
FORMIN PLUS 1000 TAB,Metformin,130.30,ALKEM LABORATRIES LTD.(METANEXT)
OLKEM 20 CT TAB,Olmesartan + Chlorthalidone,194.50,ALKEM LABORATRIES LTD.(METANEXT)
OLKEM 40 CT TAB,Olmesartan + Chlorthalidone,299.05,ALKEM LABORATRIES LTD.(METANEXT)
OLKEM TRIO 12.5MG TABS,Olmesartan + Amlodipine + Hydrochlorothiazide,199.20,ALKEM LABORATRIES LTD.(METANEXT)
OLKEM TRIO 6.25MG TABS,Olmesartan + Amlodipine + Hydrochlorothiazide,195.90,ALKEM LABORATRIES LTD.(METANEXT)
OLKEM CL TAB 10'S,Olmesartan + Cilnidipine,84.38,ALKEM LABORATRIES LTD.(METANEXT)
EUCLIDE M 60 OD TAB 10'S,Gliclazide (MR) + Metformin,170.15,ALKEM LABORATRIES LTD.(METANEXT)
EUCLIDE M 30 OD TAB 10'S,Gliclazide (MR) + Metformin,110.15,ALKEM LABORATRIES LTD.(METANEXT)
FORMIN PGL 2 TAB 10'S,Metformin + Pioglitazone + Glimepiride,65.16,ALKEM LABORATRIES LTD.(METANEXT)
OLKEM TRIO 40MG TAB 10 S,Olmesartan + Amlodipine + Hydrochlorothiazide,289.20,ALKEM LABORATRIES LTD.(METANEXT)
OLKEM BETA 25 TAB 10S,Olmesartan + Metoprolol,175.75,ALKEM LABORATRIES LTD.(METANEXT)
OLKEM BETA 50 TAB 10S,Olmesartan + Metoprolol,209.50,ALKEM LABORATRIES LTD.(METANEXT)
ALSITA TAB 50MG 10'S,Sitagliptin,110.15,ALKEM LABORATRIES LTD.(METANEXT)
ALSITA M 50MG FORTE TAB 10'S,Sitagliptin + Metformin,101.25,ALKEM LABORATRIES LTD.(METANEXT)
ALSITA M 50MG IR TAB 10'S,Sitagliptin + Metformin,74.06,ALKEM LABORATRIES LTD.(METANEXT)
ALSITA M 100MG FORTE TAB 10'S,Metformin,156.56,ALKEM LABORATRIES LTD.(METANEXT)
ALSITA TAB 100MG 10'S,Sitagliptin,121.41,ALKEM LABORATRIES LTD.(METANEXT)
ALSITA M 100MG TAB 10'S,Metformin,159.80,ALKEM LABORATRIES LTD.(METANEXT)
ALSITA M 50MG FORTE IR TAB 10'S,Sitagliptin + Metformin,86.25,ALKEM LABORATRIES LTD.(METANEXT)
ALSITA M 50MG TAB 10'S,Metformin,110.15,ALKEM LABORATRIES LTD.(METANEXT)
DAPANORM DUO 5MG TAB 10'S,Dapagliflozin + Metformin,186.55,ALKEM LABORATRIES LTD.(METANEXT)
DAPANORM DUO 10MG TAB 10'S,Dapagliflozin + Metformin,209.05,ALKEM LABORATRIES LTD.(METANEXT)
SACUVAL 200MG TAB 10'S,Sacubitril + Valsartan,501.56,ALKEM LABORATRIES LTD.(METANEXT)
SACUVAL 100MG TAB 10'S,Sacubitril + Valsartan,424.65,ALKEM LABORATRIES LTD.(METANEXT)
SACUVAL 50MG TAB 10'S,Sacubitril + Valsartan,213.25,ALKEM LABORATRIES LTD.(METANEXT)
ALSITA MP 500MG TAB 10'S,Sitagliptin + Metformin + Pioglitazone,209.80,ALKEM LABORATRIES LTD.(METANEXT)
A TO Z WOMAN CAP 15,Multivitamins + Multiminerals + Antioxidants,383.50,ALKEM LABS LTD NEXA
A TO Z NS NEW DROPS 30ML,Multivitamins + Minerals (with Lysine),145.00,ALKEM LABS LTD NEXA
ALPROVIT GRANUALS JAR (20GM 10 SACHET),Protein Hydrolysate + Vitamins + Minerals,359.00,ALKEM LABS LTD NEXA
A TO Z CV CAP 10'S,Multivitamins + Multiminerals + Antioxidants,249.15,ALKEM LABS LTD NEXA
SORBACID LIQ.200ML,Aluminium Hydroxide + Magnesium Hydroxide + Simethicone,91.41,ALKEM LABS LTD NEXA
NOWORM TABS 400MG 1'S,Albendazole,8.54,ALKEM LABS LTD NEXA
NOWORM SUSP.10ML,Albendazole,19.11,ALKEM LABS LTD NEXA
METRON FORTE 400MG 10'S,Metronidazole,7.67,ALKEM LABS LTD NEXA
ALPROVIT+ SYP.200ML,Cyproheptadine + Lysine + Multivitamins,229.65,ALKEM LABS LTD NEXA
MEGANOR TABS 10'S,Metronidazole,77.34,ALKEM LABS LTD NEXA
PRULASTIN 20 MG TABS,Bilastine,124.69,ALKEM LABS LTD NEXA
A TO Z IMMUNE TABS 16'S,Multivitamins + Multiminerals + Zinc + Vitamin C,216.00,ALKEM LABS LTD NEXA
A TO Z AMINO TAB 15'S,Multivitamins + Multiminerals + Amino Acids,241.10,ALKEM LABS LTD NEXA
MEGANOR SUSP. 30ML,Metronidazole,39.38,ALKEM LABS LTD NEXA
A TO Z NS+TAB 15'S,Multivitamins + Multiminerals,170.85,ALKEM LABS LTD NEXA
ALEVO 250MG TABS 10'S,Levofloxacin,46.13,ALKEM LABS LTD NEXA
ALEVO 500MG TABS 10'S,Levofloxacin,84.84,ALKEM LABS LTD NEXA
A TO Z NS+DROPS 15ML,Multivitamins + Minerals + Vitamin D3,80.00,ALKEM LABS LTD NEXA
A TO Z GOLD SOFTCAPS 15'S,Multivitamins + Multiminerals + Ginseng + Antioxidants,225.00,ALKEM LABS LTD NEXA
ALEVO 750MG TABS 10'S,Levofloxacin,120.00,ALKEM LABS LTD NEXA
BROADICLOX NOVO 10'S,Ampicillin + Dicloxacillin,75.94,ALKEM LABS LTD NEXA
NOZUKA TAB 10'S,Paracetamol + Phenylephrine + Chlorpheniramine,38.44,ALKEM LABS LTD NEXA
NOZUKA SYP 60ML,Paracetamol + Phenylephrine + Chlorpheniramine,43.13,ALKEM LABS LTD NEXA
NOZUKA AF SYP 60ML,Phenylephrine + Chlorpheniramine,52.03,ALKEM LABS LTD NEXA
NOZUKA AF DROPS 15ML,Phenylephrine + Chlorpheniramine,37.41,ALKEM LABS LTD NEXA
NOZUKA NASAL SPRAY 20ML,Xylometazoline,32.81,ALKEM LABS LTD NEXA
V&M DROP 15ML,Multivitamins + Multiminerals,38.50,ALKEM LABS LTD NEXA
ULTITUSS SUSP.100ML,Dextromethorphan + Phenylephrine + Chlorpheniramine,103.13,ALKEM LABS LTD NEXA
A TO Z SYRUP 200ML,Multivitamins + Multiminerals,260.00,ALKEM LABS LTD NEXA
NOWORM PLUS TAB 1S,Albendazole + Ivermectin,16.81,ALKEM LABS LTD NEXA
NOZUKA NU TAB 10S,Paracetamol + Phenylephrine + Chlorpheniramine,26.38,ALKEM LABS LTD NEXA
PRULASTIN-M SUSPENSION 60ML,Montelukast + Levocetirizine,117.19,ALKEM LABS LTD NEXA
PRULASTIN 40 MG TABS,Montelukast,195.90,ALKEM LABS LTD NEXA
COLMINT CAPS,Peppermint Oil,111.56,ALKEM LABS LTD NEXA
GLUVILDA 50MG TAB 15S,Vildagliptin,112.00,ALKEM LABS LTD. CARDIOLOGY
TSART-M 40/50MG TAB 10'S,Telmisartan + Metoprolol,229.65,ALKEM LABS LTD. CARDIOLOGY
APIXAPIL 5MG TAB 10'S,Apixaban,122.15,ALKEM LABS LTD. CARDIOLOGY
CILNIKEM 10MG TAB,Cilnidipine,142.50,ALKEM LBT LTD (imperia)CARDIO-2
CILNIKEM 5MG TAB,Cilnidipine,83.45,ALKEM LBT LTD (imperia)CARDIO-2
"CILNIKEM 20MG TAB 10,S",Cilnidipine,185.60,ALKEM LBT LTD (imperia)CARDIO-2
CILNIKEM OM TAB 10S,Cilnidipine + Olmesartan,92.81,ALKEM LBT LTD (imperia)CARDIO-2
CILNIKEM BETA 2.5MG TAB 10S,Cilnidipine + Bisoprolol,171.15,ALKEM LBT LTD (imperia)CARDIO-2
CILNIKEM BETA 5MG TAB 10S,Cilnidipine + Bisoprolol,226.85,ALKEM LBT LTD (imperia)CARDIO-2
CILNIKEM CT 12.5MG TAB 10S,Cilnidipine + Chlorthalidone,79.69,ALKEM LBT LTD (imperia)CARDIO-2
CILNIKEM CT 6.25MG TAB 10S,Cilnidipine + Chlorthalidone,70.31,ALKEM LBT LTD (imperia)CARDIO-2
DABICLOT 75MG CAP 10S,Dabigatran,274.22,ALKEM LBT LTD (imperia)CARDIO-2
EZURIC-25MG TAB 10S,Febuxostat,231.56,ALKEM LBT LTD (imperia)CARDIO-2
EZURIC-50MG TAB 10S,Febuxostat,271.88,ALKEM LBT LTD (imperia)CARDIO-2
MUZIKA TAB 10S,Alpha Lipoic Acid + Methylcobalamin + Pyridoxine + Folic Acid,81.09,ALKEM LBT LTD (imperia)CARDIO-2
KOJIGLO GOLD CREAM 20GM,Kojic Acid + Glutathione + Vitamin C,665.50,ALKEM PAHARMA (DARMA CARE)
OLESOFT MAX CREAM 150GR 150GM,NEEDS_VERIFICATION,541.35,ALKEM PAHARMA (DARMA CARE)
OLESOFT PH 5.5 BAR 75GM,Syndet Base (Soap-free cleanser),209.00,ALKEM PAHARMA (DARMA CARE)
OLESOFT MAX LOTION (200ML),NEEDS_VERIFICATION,608.40,ALKEM PAHARMA (DARMA CARE)
OLESOFT CREAM 100GM,NEEDS_VERIFICATION,269.53,ALKEM PAHARMA (DARMA CARE)
MINOKEM F 5%(90ML),Minoxidil + Finasteride,"1,115.63",ALKEM PAHARMA (DARMA CARE)
MINOKEM N 5% 90ML,Minoxidil,740.63,ALKEM PAHARMA (DARMA CARE)
OLESOFT MAX 300 CREAM 300GM,NEEDS_VERIFICATION,759.35,ALKEM PAHARMA (DARMA CARE)
KOJIGLO 0% FACE WASH 100ML,Kojic Acid + Glycolic Acid + Vitamin C,473.00,ALKEM PAHARMA (DARMA CARE)
OLESOFT LOTION 75ML,,195.90,ALKEM PAHARMA (DARMA CARE)
KOJIGLO GOLD SKIN LOTION 50GM,Kojic Acid + Glutathione + Vitamin C,750.00,ALKEM PAHARMA (DARMA CARE)
OLESOFT PPK CREAM 100 GM,NEEDS_VERIFICATION,700.00,ALKEM PAHARMA (DARMA CARE)
OLESOFT LITE MOISTUR.CREAM 50GM.,,575.00,ALKEM PAHARMA (DARMA CARE)
ITRATUF SB 65MG CAP,Itraconazole (Super Bioavailable),255.00,ALKEM PAHARMA (DARMA CARE)
KOJIGLO SERUM 30ML,Kojic Acid + Vitamin C + Niacinamide,"1,625.00",ALKEM PAHARMA (DARMA CARE)
TACROVERA FORTE OINMENT 15GM,Tacrolimus,701.25,ALKEM PAHARMA (DARMA CARE)
OLESOFT TRUCERA LOTION 150ML,Ceramides + Emollients,649.00,ALKEM PAHARMA (DARMA CARE)
KOJIGLO GEL 20GM,Kojic Acid + Dipalmitate + Vitamin C,484.00,ALKEM PAHARMA (DARMA CARE)
KOJIGLO FORTE CREAM 20GM,Kojic Acid + Arbutin + Vitamin C,770.00,ALKEM PAHARMA (DARMA CARE)
MELBILD SOLU 2 ML 2ML,Monobenzone,634.20,ALKEM PAHARMA (DARMA CARE)
MELBILD SOLU 5ML 5ML,Monobenzone,"1,175.60",ALKEM PAHARMA (DARMA CARE)
MINOKEM N 2%(90ML)TM,Minoxidil,649.65,ALKEM PAHARMA (DARMA CARE)
MINOKEM N 5%(60ML)TM,Minoxidil,"1,187.81",ALKEM PAHARMA (DARMA CARE)
OLESOFT CREEM 60GM,NEEDS_VERIFICATION,194.85,ALKEM PAHARMA (DARMA CARE)
OLESOFT LOTION 200ML,NEEDS_VERIFICATION,506.25,ALKEM PAHARMA (DARMA CARE)
OLESOFT MAX CREEM 125GM,NEEDS_VERIFICATION,266.25,ALKEM PAHARMA (DARMA CARE)
ITRATUF 100MG CAP 15'S,Itraconazole,221.76,ALKEM PAHARMA (DARMA CARE)
TACROVERA LOTION 15ML,Tacrolimus,656.25,ALKEM PAHARMA (DARMA CARE)
TACROVERA FORTE OINMENT 50GM,Tacrolimus,907.50,ALKEM PAHARMA (DARMA CARE)
CALKEM LOTION 100ML,Calamine + Aloe Vera + Light Liquid Paraffin,82.83,ALKEM PAHARMA (DARMA CARE)
TACROVERA OINT. 15GM,Tacrolimus,260.63,ALKEM PAHARMA (DARMA CARE)
ITRATUF 200MG CAP 15'S,Itraconazole,354.38,ALKEM PAHARMA (DARMA CARE)
DANDROP LOTION 75ML,Ketoconazole + Zinc Pyrithione,234.38,ALKEM PAHARMA (DARMA CARE)
BI-TO-ZED FORTE TAB 10S,Biotin + Zinc + Selenium + Multivitamins,144.58,ALKEM PAHARMA (DARMA CARE)
XPLODE POW,Protein + Vitamins + Minerals,365.79,ALKEM PAHARMA (DARMA CARE)
MELBILD-XL-10ML SOLUTION,Monobenzone,"1,603.10",ALKEM PAHARMA (DARMA CARE)
MINOKEM SPRAY 5%(90ML)TM,Minoxidil,270.94,ALKEM PAHARMA (DARMA CARE)
MINOKEM SPRAY 5%(90ML)TM,Minoxidil,897.19,ALKEM PAHARMA (DARMA CARE)
PRUSTAT TAB 10S,Prucalopride,101.72,ALKEM PAHARMA (DARMA CARE)
TERBIKEM 250MG TAB 7S,Terbinafine,163.59,ALKEM PAHARMA (DARMA CARE)
TERBIKEM CREAM 10GM,Terbinafine,75.00,ALKEM PAHARMA (DARMA CARE)
MINOKEM F 5% (60ML),Minoxidil + Finasteride,918.75,ALKEM PAHARMA (DARMA CARE)
ITRATUF ORAL SOLUTION 100ML,Itraconazole,471.10,ALKEM PAHARMA (DARMA CARE)
ITRATUF SB 130MG TAB 10'S,Itraconazole (Super Bioavailable),437.30,ALKEM PAHARMA (DARMA CARE)
MINOKEM SOLUTION 5% 60ML,Minoxidil,993.75,ALKEM PAHARMA (DARMA CARE)
MINOKEM SPRAY 2%(60ML),Minoxidil,843.75,ALKEM PAHARMA (DARMA CARE)
OLESOFT LITE GEL 75G,NEEDS_VERIFICATION,749.00,ALKEM PAHARMA (DARMA CARE)
ZADONASE-F SUSPENSION 100ML,Fungal Diastase + Pepsin,128.91,ALKEM PHARMA (AURA)
PAN RFT ORAL SUSP. 200ML,Sodium Alginate + Sodium Bicarbonate + Calcium Carbonate,200.00,ALKEM PHARMA (AURA)
TEGLIPTIN-M 500MG TAB 15S,Teneligliptin + Metformin,198.75,ALKEM PHARMA (AURA)
TEGLIPTIN 20MG TAB 15S,Teneligliptin,152.58,ALKEM PHARMA (AURA)
TAMICA 20MG TAB 15S,Telmisartan,57.46,ALKEM PHARMA (AURA)
TAMICA 40MG TAB 15S,Telmisartan,106.47,ALKEM PHARMA (AURA)
TAMICA 80MG TAB 10S,Telmisartan,99.02,ALKEM PHARMA (AURA)
TAMICA-H 40MG TAB 10'S,Telmisartan + Hydrochlorothiazide,154.69,ALKEM PHARMA (AURA)
TAMICA-AM 40MG TAB 15S,Telmisartan + Amlodipine,170.63,ALKEM PHARMA (AURA)
PAN MPS O ORAL SUSPN.200ML,Aluminium Hydroxide + Magnesium Hydroxide + Simethicone + Oxetacaine,173.44,ALKEM PHARMA (AURA)
PAN MD 20MG TABS 10'S,Pantoprazole (Mouth Dissolving),89.06,ALKEM PHARMA (AURA)
PAN 40MG TABS 10'S,Pantoprazole,192.80,ALKEM PHARMA (AURA)
PAN 20 TABS 10'S,Pantoprazole,129.35,ALKEM PHARMA (AURA)
PAN 40MG INJ.,Pantoprazole,51.86,ALKEM PHARMA (AURA)
PAN D CAPS 15'S,Pantoprazole + Domperidone,261.90,ALKEM PHARMA (AURA)
PAN L CAP 10'S,Pantoprazole + Levosulpiride,296.25,ALKEM PHARMA (AURA)
PAN IT CAP 10'S,Pantoprazole + Itopride,274.65,ALKEM PHARMA (AURA)
PAN MPS SYP 200ML,Magaldrate + Simethicone,117.15,ALKEM PHARMA (AURA)
ZADONASE TAB 10S,Serratiopeptidase,176.25,ALKEM PHARMA (AURA)
PAN 80MG TAB 15'S,Pantoprazole,316.85,ALKEM PHARMA (AURA)
SAFTOIN TAB 10,Nitrofurantoin,75.68,ALKEM PHARMA (AURA)
ULTIGEST 200 10,Progesterone,271.88,ALKEM PHARMA (AURA)
TEGLIPT-M 500MG TAB 15S,Teneligliptin + Metformin,180.70,ALKEM PHARMA (AURA)
TEGLIPT TAB 15S,Teneligliptin,152.58,ALKEM PHARMA (AURA)
TEGLIPTIN-M 1000MG TAB 15S,Teneligliptin + Metformin,207.19,ALKEM PHARMA (AURA)
FENCETA M SUSPENSION 60ML,Mefenamic Acid + Paracetamol,43.31,ALKEM PHARMA ALPHA MAX
ML-CETIRIZ TAB 10S,Montelukast + Levocetirizine,112.03,ALKEM PHARMA ALPHA MAX
ALCIPRO TABS 500MG**,Ciprofloxacin,44.52,ALKEM PHARMA ALPHA MAX
ALCIPRO TABS 250MG,Ciprofloxacin,21.71,ALKEM PHARMA ALPHA MAX
REVOTAZ TRIO VAIL,Ceftriaxone + Sulbactam + EDTA,578.90,ALKEM PHARMA ALPHA MAX
ML-CETIRIZ SYP 30ML,Montelukast + Levocetirizine,75.00,ALKEM PHARMA ALPHA MAX
CETIRIZ TABS 10'S,Cetirizine,19.74,ALKEM PHARMA ALPHA MAX
SUMO COLD AF SYP 60ML,Paracetamol + Phenylephrine + Chlorpheniramine,82.50,ALKEM PHARMA ALPHA MAX
SUMO ACE TABS 1*15TAB,Aceclofenac + Paracetamol,108.28,ALKEM PHARMA ALPHA MAX
SUMO TABS 15'S,Paracetamol,184.55,ALKEM PHARMA ALPHA MAX
RAPEED 20 TABS 10'S,Rabeprazole,38.44,ALKEM PHARMA ALPHA MAX
SWICH 200MG TABS 6'S,Cefixime,206.25,ALKEM PHARMA ALPHA MAX
SWICH 50MG SYP 30ML,Cefixime,129.35,ALKEM PHARMA ALPHA MAX
SWICH 100MG DT TABS 10'S,Cefixime,186.55,ALKEM PHARMA ALPHA MAX
SUMO GEL 30GM,Diclofenac + Methyl Salicylate + Menthol + Linseed Oil,74.53,ALKEM PHARMA ALPHA MAX
SWICH 50MG DT TABS 10'S,Cefixime,128.40,ALKEM PHARMA ALPHA MAX
FENCETA 325MG TAB 15'S,Paracetamol,33.25,ALKEM PHARMA ALPHA MAX
SUMOFLAM TAB 10'S,Aceclofenac + Paracetamol,229.65,ALKEM PHARMA ALPHA MAX
SWICH XP 250MG VAIL,Ceftriaxone + Sulbactam,83.91,ALKEM PHARMA ALPHA MAX
SWICH XP 1000MG VAIL,Ceftriaxone + Sulbactam,216.56,ALKEM PHARMA ALPHA MAX
SWICH XP 500MG VAIL,Ceftriaxone + Sulbactam,124.69,ALKEM PHARMA ALPHA MAX
SWICH 100MG DRY SYRUP 30ML,Cefixime,226.85,ALKEM PHARMA ALPHA MAX
SUMO COLD TAB 10S,Paracetamol + Phenylephrine + Caffeine,50.60,ALKEM PHARMA ALPHA MAX
CLAVPOD DS100MG DRY SY.,Cefpodoxime + Clavulanic Acid,152.34,ALKEM PHARMA ALPHA MAX
CLAVPOD 325 DT TAB 10'S,Cefpodoxime + Clavulanic Acid,279.38,ALKEM PHARMA ALPHA MAX
SWICH DROPS 25MG 10ML.,Cefixime,99.35,ALKEM PHARMA ALPHA MAX
INDIKOF A SYP 100ML.,Ambroxol + Guaifenesin + Terbutaline,71.25,ALKEM PHARMA ALPHA MAX
INDIKOF B SYP 100ML.,Bromhexine + Guaifenesin + Terbutaline,89.53,ALKEM PHARMA ALPHA MAX
RONFLOX 200MG TAB 10'S,Ofloxacin,38.34,ALKEM PHARMA ALPHA MAX
RONFLOX 400MG TAB 10'S,Ofloxacin,77.81,ALKEM PHARMA ALPHA MAX
RONFLOX OZ TAB 10'S,Ofloxacin + Ornidazole,99.38,ALKEM PHARMA ALPHA MAX
RONFLOX SYP 60ML.,Ofloxacin,35.63,ALKEM PHARMA ALPHA MAX
TOTALDERM CREAM 10GM.,Clobetasol + Gentamicin + Miconazole,49.69,ALKEM PHARMA ALPHA MAX
ZITHIUM 250MG TAB 6'S,Azithromycin,66.62,ALKEM PHARMA ALPHA MAX
ZITHIUM 500MG TAB 3'S,Azithromycin,125.87,ALKEM PHARMA ALPHA MAX
ZITHIUM ORAL SYP 15ML.,Azithromycin,47.30,ALKEM PHARMA ALPHA MAX
ZITHIUM DS ORAL SYP 15ML.,Azithromycin,54.61,ALKEM PHARMA ALPHA MAX
SUMO COLD PCF DROP 10ML.,Paracetamol + Phenylephrine + Chlorpheniramine,75.47,ALKEM PHARMA ALPHA MAX
SUMO COLD PCF SYP 60ML.,Paracetamol + Phenylephrine + Chlorpheniramine,62.81,ALKEM PHARMA ALPHA MAX
FENCETA NOVO 325MG TAB 10'S,Paracetamol,28.59,ALKEM PHARMA ALPHA MAX
RONFLOX OZ SYP 30ML.,Ofloxacin + Ornidazole,47.34,ALKEM PHARMA ALPHA MAX
SWICH XP 125MG.VAIL,Ceftriaxone + Sulbactam,45.89,ALKEM PHARMA ALPHA MAX
RONFLOX FORTE SYP 30ML.,Ofloxacin,39.38,ALKEM PHARMA ALPHA MAX
FENCETA PLUS SYP 60ML.,Paracetamol + Phenylephrine + Chlorpheniramine,44.50,ALKEM PHARMA ALPHA MAX
V & M FORTE 15'S,Multivitamins + Multiminerals,161.05,ALKEM PHARMA ALPHA MAX
CLAVPOD 50 DRY SYP 30ML.,Cefpodoxime + Clavulanic Acid,99.84,ALKEM PHARMA ALPHA MAX
ZITHIUM O TAB 5'S,Azithromycin,172.97,ALKEM PHARMA ALPHA MAX
SWICH O TAB 10'S,Cefixime + Ofloxacin,240.00,ALKEM PHARMA ALPHA MAX
SUMO SPRAY 50GMS,Diclofenac + Methyl Salicylate + Menthol + Linseed Oil,128.91,ALKEM PHARMA ALPHA MAX
FENCETA SP TAB 15S,Aceclofenac + Paracetamol + Serratiopeptidase,78.28,ALKEM PHARMA ALPHA MAX
TAXIM AZ 200MG TAB 10'S,Cefixime + Azithromycin,283.59,ALKEM PHARMA ALPHA MAX
SWICH CV 325 TAB 10'S,Cefixime + Clavulanic Acid,381.56,ALKEM PHARMA ALPHA MAX
SWICH CV 50MG SRY SYP30ML,Cefixime + Clavulanic Acid,99.84,ALKEM PHARMA ALPHA MAX
SWICH CV 100MG SYP 30ML.,Cefixime + Clavulanic Acid,138.75,ALKEM PHARMA ALPHA MAX
ZITHIUM O BD TAB 10'S,Azithromycin,177.66,ALKEM PHARMA ALPHA MAX
ZITHIUM O SYP 30ML.,Azithromycin,68.44,ALKEM PHARMA ALPHA MAX
TOTALDERM PLUS CREAM 15GM,Clobetasol + Gentamicin + Miconazole,45.94,ALKEM PHARMA ALPHA MAX
EFIMOX ER 5TABS,Cefixime,82.97,ALKEM PHARMA ALPHA MAX
INDIKOF LS SYRUP 60ML.,Levosalbutamol + Ambroxol + Guaifenesin,79.69,ALKEM PHARMA ALPHA MAX
CETIRIZ SYRUP 60ML.,Cetirizine,42.21,ALKEM PHARMA ALPHA MAX
INDIKOF-LS SYRUP 100ML,Levosalbutamol + Ambroxol + Guaifenesin,72.19,ALKEM PHARMA ALPHA MAX
ZITHIUM XL100 SUSP.30ML,Azithromycin,71.25,ALKEM PHARMA ALPHA MAX
ALKEL SYRUP 100ML,Potassium Citrate + Magnesium Citrate,62.34,ALKEM PHARMA ALPHA MAX
FENCETA-MR4 TAB 10S,Aceclofenac + Paracetamol + Chlorzoxazone,170.63,ALKEM PHARMA ALPHA MAX
FENCETA-SPAS TAB 10S,Mefenamic Acid + Dicyclomine,92.81,ALKEM PHARMA ALPHA MAX
L-CETIRIZ SYRUP 30ML,Levocetirizine,28.13,ALKEM PHARMA ALPHA MAX
L-CETIRIZ TAB 10S,Levocetirizine,36.56,ALKEM PHARMA ALPHA MAX
ALKEL SYRUP 200ML,Potassium Citrate + Magnesium Citrate,95.63,ALKEM PHARMA ALPHA MAX
V&M NU SYRUP 100ML,Multivitamins + Multiminerals,102.30,ALKEM PHARMA ALPHA MAX
FENCETA PLUS TAB 10S,Paracetamol + Phenylephrine + Chlorpheniramine,25.50,ALKEM PHARMA ALPHA MAX
SWICH SR 200MG TAB 5'S,Cefixime,112.50,ALKEM PHARMA ALPHA MAX
SWICH SR 400MG TAB 5'S,Cefixime,195.94,ALKEM PHARMA ALPHA MAX
ZITHIUM-O SUSPENSION 60ML,Azithromycin,112.50,ALKEM PHARMA ALPHA MAX
TAMANDRO 0.4MG TAB 10'S,Tamsulosin,112.50,ANDROMEDA PHARMACEUTICALS P. L
TAMANDRO D TAB 10S,Telmisartan + Hydrochlorothiazide,187.50,ANDROMEDA PHARMACEUTICALS P. L
CARDIOTEL-LN-40 TAB 10,Telmisartan + Cilnidipine,117.18,ANDROMEDA PHARMACEUTICALS P. L
ORGACIUM NF TAB 15'S,Calcium + Vitamin D3 + Minerals,361.34,ANDROMEDA PHARMACEUTICALS P. L
HANDTOUCH SANITIZER  100ML,Ethyl Alcohol,46.88,ANDROMEDA PHARMACEUTICALS P. L
NEUROMEDA-P TAB 10'S,Pregabalin + Methylcobalamin,168.75,ANDROMEDA PHARMACEUTICALS P. L
VICTOBET-AM 5MG TAB 10'S,Amlodipine + Metoprolol,130.31,ANDROMEDA PHARMACEUTICALS P. L
JUPIFLY EZ 10 MG TAB 10'S,Empagliflozin + Linagliptin,205.78,ANDROMEDA PHARMACEUTICALS P. L
CARDIOTEL LNB 25MG TAB 10'S,Telmisartan + Nebivolol,125.63,ANDROMEDA PHARMACEUTICALS P. L
CARDIOTEL LNB 50MG TAB 10'S,Telmisartan + Nebivolol,163.13,ANDROMEDA PHARMACEUTICALS P. L
ORGACIUM-D3 60K TAB 4'S,"Cholecalciferol (Vitamin D3) 60,000 IU",95.63,ANDROMEDA PHARMACEUTICALS P. L
PROMEDA-LS CAP 1*10'S,Rabeprazole + Levosulpiride,215.15,ANDROMEDA PHARMACEUTICALS P. L
JUSTETO-P TAB 1*10'S,Etoricoxib + Paracetamol,136.88,ANDROMEDA PHARMACEUTICALS P. L
DOXYDEF-LB CAP 10'S,Doxycycline + Lactic Acid Bacillus,103.12,ANDROMEDA PHARMACEUTICALS P. L
CARDIOTEL 20MG TAB 10'S,Telmisartan,40.73,ANDROMEDA PHARMACEUTICALS P. L
CARDIOTEL-AM TAB 10'S,Telmisartan + Amlodipine,140.63,ANDROMEDA PHARMACEUTICALS P. L
NEUROMEDA INJ. 1*2ML,Methylcobalamin,45.00,ANDROMEDA PHARMACEUTICALS P. L
FAROMIL TAB 10'S,Faropenem,199.00,ANDROMEDA PHARMACEUTICALS P. L
PROMEDA-20 10S,Rabeprazole,84.35,ANDROMEDA PHARMACEUTICALS P. L
PROMEDA-DSR 10S,Rabeprazole + Domperidone,121.85,ANDROMEDA PHARMACEUTICALS P. L
NEUROMEDA TAB 10S,Methylcobalamin + Alpha Lipoic Acid + Pyridoxine + Folic Acid,168.75,ANDROMEDA PHARMACEUTICALS P. L
LYCOMEDA TAB  10'S,Lycopene + Multivitamins + Multiminerals,240.00,ANDROMEDA PHARMACEUTICALS P. L
LYCOMEDA SYRUP 200ML.,Lycopene + Multivitamins + Multiminerals,168.75,ANDROMEDA PHARMACEUTICALS P. L
D-SURE SACHET  1GM,Cholecalciferol,30.00,ANDROMEDA PHARMACEUTICALS P. L
LEVEDA  500 TAB 10S,Levetiracetam,75.00,ANDROMEDA PHARMACEUTICALS P. L
CARDIOTEL BETA 25MG TAB 15'S,Telmisartan + Metoprolol,184.68,ANDROMEDA PHARMACEUTICALS P. L
CARDIOTEL BETA 50MG TAB 15'S,Telmisartan + Metoprolol,210.80,ANDROMEDA PHARMACEUTICALS P. L
CARDIOTEL-40  TAB 15S 15TAB,Telmisartan,108.30,ANDROMEDA PHARMACEUTICALS P. L
CARDIOTEL-CT 40MG TAB,Telmisartan + Chlorthalidone,103.13,ANDROMEDA PHARMACEUTICALS P. L
D-SURE TABS 2S,Cholecalciferol,46.88,ANDROMEDA PHARMACEUTICALS P. L
GCPRED 4MG TAB 10'S,Methylprednisolone,65.62,ANDROMEDA PHARMACEUTICALS P. L
GCPRED 8MG TAB 10'S 10,Methylprednisolone,71.25,ANDROMEDA PHARMACEUTICALS P. L
CARDIOTEL-TRIO 6.25 TAB 1*10TAB,Telmisartan + Amlodipine + Hydrochlorothiazide,120.93,ANDROMEDA PHARMACEUTICALS P. L
LEVEDA 120MG TAB 10'S,Fexofenadine,171.56,ANDROMEDA PHARMACEUTICALS P. L
LEVEDA 180MG TAB 10'S,Fexofenadine,186.56,ANDROMEDA PHARMACEUTICALS P. L
LEVEDA M TAB 10'S,Montelukast + Fexofenadine,186.56,ANDROMEDA PHARMACEUTICALS P. L
LACTURYTE SYRUP 200ML,Lactulose,262.50,ANDROMEDA PHARMACEUTICALS P. L
NEUROMEDA FORTE SR TAB 10'S,Methylcobalamin + Pregabalin,214.50,ANDROMEDA PHARMACEUTICALS P. L
VICTOBET-LN 25/10 1*15TAB,Metoprolol + Cilnidipine,171.56,ANDROMEDA PHARMACEUTICALS P. L
VICTOBET-LN 50/10 1*15TAB,Metoprolol + Cilnidipine,186.56,ANDROMEDA PHARMACEUTICALS P. L
RAFTKOOL SUSPENSION 150ML,Sodium Alginate + Sodium Bicarbonate + Calcium Carbonate,173.44,ANDROMEDA PHARMACEUTICALS P. L
REMOULD CAP 1*30,Protein Hydrolysate + Vitamins + Minerals,444.00,APPENA LIFE PVT.LTD
FLEXKNEE CAP 14'S,Glucosamine + Chondroitin + Collagen Peptide + Vitamins & Minerals,644.00,APPENA LIFE PVT.LTD
APPCOXIB-90MG TAB 10'S,Etoricoxib,100.00,APPENA LIFE PVT.LTD
APPCOXIB-MR TAB 10'S,Etoricoxib + Thiocolchicoside,220.00,APPENA LIFE PVT.LTD
APPDAF-6MG TAB 10'S,Deflazacort,122.81,APPENA LIFE PVT.LTD
APPDAF-12MG TAB 10'S,Deflazacort,225.00,APPENA LIFE PVT.LTD
RABENA-D CAP 10'S,Rabeprazole + Domperidone,131.00,APPENA LIFE PVT.LTD
APPFLAM TABS 10'S,Aceclofenac + Paracetamol,130.00,APPENA LIFE PVT.LTD
MIXX CAP 10'S,Probiotic Blend,133.00,APPENA LIFE PVT.LTD
BONEAPP TABS 10'S,Calcium Citrate + Vitamin D3,220.00,APPENA LIFE PVT.LTD
BONEAPP PLUS TAB 10'S,Calcium Citrate + Vitamin D3 + Zinc + Magnesium,300.00,APPENA LIFE PVT.LTD
REMOULD SYRUP 300ML,Cyproheptadine + Lysine + Multivitamins,350.00,APPENA LIFE PVT.LTD
APPIGAB-NT TAB 10'S,Pregabalin + Nortriptyline,206.00,APPENA LIFE PVT.LTD
RUTOSURE TAB 10'S,Trypsin + Bromelain + Rutoside,182.00,APPENA LIFE PVT.LTD
UPGRADE-D NANO 5ML,Cholecalciferol,280.00,APPENA LIFE PVT.LTD
FUROXAPP-CV TAB 10'S,Cefuroxime + Clavulanic Acid,690.00,APPENA LIFE PVT.LTD
NAGLUT-TRIO FORTE TAB 10'S,Teneligliptin + Metformin + Dapagliflozin,224.06,ARRIENT HEALTHCARE (ARRIENT)PRIVATE  LIM
NAGLUT-S TAB 10'S,Teneligliptin + Dapagliflozin,205.31,ARRIENT HEALTHCARE (ARRIENT)PRIVATE  LIM
BEXOTAT-40MG TAB 10'S,Febuxostat,111.56,ARRIENT HEALTHCARE (ARRIENT)PRIVATE  LIM
NAGLUT-TRIO TAB 1*10'S,Teneligliptin + Metformin + Dapagliflozin,216.56,ARRIENT HEALTHCARE (ARRIENT)PRIVATE  LIM
TAZPURE-AM TAB 1*10TAB,Telmisartan + Amlodipine,149.50,ARRIENT HEALTHCARE (ARRIENT)PRIVATE  LIM
SAFRENO TAB 1*10'S,Safinamide,163.00,ARRIENT HEALTHCARE (ARRIENT)PRIVATE  LIM
SOBIARA TAB 10'S,Orlistat,54.00,ARRIENT HEALTHCARE (ARRIENT)PRIVATE  LIM
APIPURE MAX TAB 10'S,Apixaban,399.00,ARRIENT HEALTHCARE (ARRIENT)PRIVATE  LIM
GLIMPURE M1 TAB 1*15,Glimepiride + Metformin,136.88,ARRIENT HEALTHCARE (ARRIENT)PRIVATE  LIM
GLIMPURE M2 TAB 1*15,Glimepiride + Metformin,225.70,ARRIENT HEALTHCARE (ARRIENT)PRIVATE  LIM
ARIVOG-M 0.2 TAB 1*15,Voglibose + Metformin,135.94,ARRIENT HEALTHCARE (ARRIENT)PRIVATE  LIM
ARIVOG-M 0.3 TAB 1*15,Voglibose + Metformin,118.59,ARRIENT HEALTHCARE (ARRIENT)PRIVATE  LIM
GLIMPURE MV 2.3 TAB 1*15,Glimepiride + Voglibose,239.06,ARRIENT HEALTHCARE (ARRIENT)PRIVATE  LIM
GLIMPURE MV 1 TAB 1*15,Glimepiride + Metformin + Voglibose,198.00,ARRIENT HEALTHCARE (ARRIENT)PRIVATE  LIM
GLIMPURE MV 2 TAB 1*15,Glimepiride + Voglibose,324.80,ARRIENT HEALTHCARE (ARRIENT)PRIVATE  LIM
GLIMPURE MV 1.3 TAB 1*15,Glimepiride + Metformin + Voglibose,235.31,ARRIENT HEALTHCARE (ARRIENT)PRIVATE  LIM
GLIMPURE MV 3.3 TAB 1*15,Glimepiride + Metformin + Voglibose,278.00,ARRIENT HEALTHCARE (ARRIENT)PRIVATE  LIM
NAGLUT 10 TAB 1*14,Teneligliptin,224.06,ARRIENT HEALTHCARE (ARRIENT)PRIVATE  LIM
NAGLUT 5 TAB 1*14,Teneligliptin,117.18,ARRIENT HEALTHCARE (ARRIENT)PRIVATE  LIM
NAGLUT M TAB 1*15,Teneligliptin + Metformin,257.81,ARRIENT HEALTHCARE (ARRIENT)PRIVATE  LIM
OBIARA-120 TAB 1*10,Orlistat,505.31,ARRIENT HEALTHCARE (ARRIENT)PRIVATE  LIM
OBIARA-60 TAB 1*10,Orlistat,290.62,ARRIENT HEALTHCARE (ARRIENT)PRIVATE  LIM
SITAMAY TAB 1*7,Sitagliptin,172.50,ARRIENT HEALTHCARE (ARRIENT)PRIVATE  LIM
SITAMAY M TAB 1*15'S,Sitagliptin + Metformin,193.12,ARRIENT HEALTHCARE (ARRIENT)PRIVATE  LIM
TAZPURE 40MG TAB 1*15,Telmisartan,105.94,ARRIENT HEALTHCARE (ARRIENT)PRIVATE  LIM
TAZPURE 80MG TAB 1*15,Telmisartan,165.96,ARRIENT HEALTHCARE (ARRIENT)PRIVATE  LIM
TAZPURE BETA 25 TAB 1*15,Telmisartan + Metoprolol,226.87,ARRIENT HEALTHCARE (ARRIENT)PRIVATE  LIM
TAZPURE BETA 50 TAB 1*15,Telmisartan + Metoprolol,276.56,ARRIENT HEALTHCARE (ARRIENT)PRIVATE  LIM
TAZPURE CH 80MG TAB 1*10,Telmisartan + Chlorthalidone,165.00,ARRIENT HEALTHCARE (ARRIENT)PRIVATE  LIM
TAZPURE LN 40MG TAB 1*15,Telmisartan + Cilnidipine,224.00,ARRIENT HEALTHCARE (ARRIENT)PRIVATE  LIM
TAZPURE LN 80MG TAB 1*10,Telmisartan + Cilnidipine,196.87,ARRIENT HEALTHCARE (ARRIENT)PRIVATE  LIM
TAZPURE CH 40MG TAB 1*15,Telmisartan + Chlorthalidone,215.53,ARRIENT HEALTHCARE (ARRIENT)PRIVATE  LIM
TAZPURE TRIO TAB 1*15,Telmisartan + Amlodipine + Hydrochlorothiazide,258.00,ARRIENT HEALTHCARE (ARRIENT)PRIVATE  LIM
TEGNECT 20MG TAB 1*10,Teneligliptin,112.50,ARRIENT HEALTHCARE (ARRIENT)PRIVATE  LIM
TEGNECT-M TAB 1*10,Teneligliptin + Metformin,140.63,ARRIENT HEALTHCARE (ARRIENT)PRIVATE  LIM
TRIGLIMPURE 1MG TAB 1*10,Glimepiride,120.00,ARRIENT HEALTHCARE (ARRIENT)PRIVATE  LIM
TRIGLIMPURE 2MG TAB 1*10,Glimepiride,153.65,ARRIENT HEALTHCARE (ARRIENT)PRIVATE  LIM
A2 BEST POWDER 200GM,Protein + Multivitamins + Minerals,435.13,ARRIENT HEALTHCARE (ARRIENT)PRIVATE  LIM
SOLPURE C TAB 1*10,Calcium + Vitamin D3,156.60,ARRIENT HEALTHCARE (ARRIENT)PRIVATE  LIM
SOLPURE TAB 1*15'S,Solifenacin,112.50,ARRIENT HEALTHCARE (ARRIENT)PRIVATE  LIM
VELBIE TAB 1*10,Vitamin B Complex,126.56,ARRIENT HEALTHCARE (ARRIENT)PRIVATE  LIM
ROZPURE-CV CAP 10'S,Rosuvastatin + Clopidogrel,158.43,ARRIENT HEALTHCARE (MERAKUS)PRIVATE  LIM
CABLOK MT-50MG TAB 10'S,Metoprolol,139.68,ARRIENT HEALTHCARE (MERAKUS)PRIVATE  LIM
CABLOK MT-25MG TAB 10'S,Metoprolol,115.08,ARRIENT HEALTHCARE (MERAKUS)PRIVATE  LIM
SOLPURE 60K NANO 1*5ML,Cholecalciferol (Vitamin D3),65.62,ARRIENT HEALTHCARE (MERAKUS)PRIVATE  LIM
CABLOK M-25MG TAB 10'S,Metoprolol,126.56,ARRIENT HEALTHCARE (MERAKUS)PRIVATE  LIM
CABLOK M-50MG TAB 10'S,Metoprolol,135.94,ARRIENT HEALTHCARE (MERAKUS)PRIVATE  LIM
BYTEY MV 40.2MG TAB 10'S,Telmisartan + Voglibose,159.38,ARRIENT HEALTHCARE (MERAKUS)PRIVATE  LIM
BYTEY MV 40.3MG TAB 10'S,Telmisartan + Voglibose,164.06,ARRIENT HEALTHCARE (MERAKUS)PRIVATE  LIM
BYTEY MV 80.2MG TAB 10'S,Telmisartan + Voglibose,164.06,ARRIENT HEALTHCARE (MERAKUS)PRIVATE  LIM
BYTEY MV 80.3MG TAB 10'S,Telmisartan + Voglibose,168.75,ARRIENT HEALTHCARE (MERAKUS)PRIVATE  LIM
CABLOK TRIO TAB 10'S,Telmisartan + Amlodipine + Hydrochlorothiazide,180.46,ARRIENT HEALTHCARE (MERAKUS)PRIVATE  LIM
BISOWEL-AM TAB 10'S,Bisoprolol + Amlodipine,92.81,ARRIENT HEALTHCARE (MERAKUS)PRIVATE  LIM
ROZPURE-40MG TAB 1*10'S,Rosuvastatin,234.38,ARRIENT HEALTHCARE (MERAKUS)PRIVATE  LIM
PEMGA-25MG TAB 10'S,Pregabalin,129.00,ARRIENT HEALTHCARE (MERAKUS)PRIVATE  LIM
SOLPURE 60K TAB 1*4,"Cholecalciferol (Vitamin D3) 60,000 IU",93.75,ARRIENT HEALTHCARE (MERAKUS)PRIVATE  LIM
BISOWEL 2.5 TAB 1*10,Bisoprolol,55.31,ARRIENT HEALTHCARE (MERAKUS)PRIVATE  LIM
BISOWEL 5MG TAB 1*10,Bisoprolol,83.44,ARRIENT HEALTHCARE (MERAKUS)PRIVATE  LIM
BYTEY M 30 TAB 1*10,Telmisartan + Metoprolol,64.68,ARRIENT HEALTHCARE (MERAKUS)PRIVATE  LIM
BYTEY M 40 TAB 1*10,Telmisartan + Metoprolol,84.37,ARRIENT HEALTHCARE (MERAKUS)PRIVATE  LIM
BYTEY M 60 TAB 1*15,Telmisartan + Metoprolol,205.31,ARRIENT HEALTHCARE (MERAKUS)PRIVATE  LIM
BYTEY M 80 TAB 1*10,Telmisartan + Metoprolol,61.26,ARRIENT HEALTHCARE (MERAKUS)PRIVATE  LIM
BYTEY TOTAL 30 TAB 1*10,Telmisartan + Metoprolol + Amlodipine,96.40,ARRIENT HEALTHCARE (MERAKUS)PRIVATE  LIM
BYTEY TOTAL 60 TAB 1*15,Telmisartan + Metoprolol + Amlodipine,224.00,ARRIENT HEALTHCARE (MERAKUS)PRIVATE  LIM
CABLOK 10 TAB 1*15'S,Cilnidipine,180.00,ARRIENT HEALTHCARE (MERAKUS)PRIVATE  LIM
CABLOK 20 TAB 1*10,Cilnidipine,163.96,ARRIENT HEALTHCARE (MERAKUS)PRIVATE  LIM
CABLOK BETA 2.5 TAB 1*10,Cilnidipine + Metoprolol,122.71,ARRIENT HEALTHCARE (MERAKUS)PRIVATE  LIM
CABLOK BETA 5 TAB 1*10,Cilnidipine + Metoprolol,163.12,ARRIENT HEALTHCARE (MERAKUS)PRIVATE  LIM
ETZIC PLUS 10MG TAB 1*10,Escitalopram + Clonazepam,175.31,ARRIENT HEALTHCARE (MERAKUS)PRIVATE  LIM
ROZPURE 10MG TAB 1*15,Rosuvastatin,247.50,ARRIENT HEALTHCARE (MERAKUS)PRIVATE  LIM
ROZPURE 20MG TAB 1*10,Rosuvastatin,182.81,ARRIENT HEALTHCARE (MERAKUS)PRIVATE  LIM
ROZPURE 5MG TAB 1*10,Rosuvastatin,101.25,ARRIENT HEALTHCARE (MERAKUS)PRIVATE  LIM
ROZPURE F TAB 1*10,Rosuvastatin + Fenofibrate,196.87,ARRIENT HEALTHCARE (MERAKUS)PRIVATE  LIM
ROZPURE GOLD 10 TAB 1*10,Rosuvastatin + Aspirin + Clopidogrel,201.00,ARRIENT HEALTHCARE (MERAKUS)PRIVATE  LIM
ROZPURE GOLD 20MG TAB 1*10,Rosuvastatin + Aspirin + Clopidogrel,275.81,ARRIENT HEALTHCARE (MERAKUS)PRIVATE  LIM
TORUTIC 10MG TAB 1*10,Torasemide,91.00,ARRIENT HEALTHCARE (MERAKUS)PRIVATE  LIM
TORUTIC 20MG TAB 1*10,Torsemide,92.81,ARRIENT HEALTHCARE (MERAKUS)PRIVATE  LIM
TORUTIC PLUS TAB 1*15'S,Torasemide + Spironolactone,205.20,ARRIENT HEALTHCARE (MERAKUS)PRIVATE  LIM
VIGLIDA M FORTE 1*10,Vildagliptin + Metformin,123.75,ARRIENT HEALTHCARE (MERAKUS)PRIVATE  LIM
VIGLIDA-50 TAB 1*10,Vildagliptin,158.43,ARRIENT HEALTHCARE (MERAKUS)PRIVATE  LIM
VIGLIDA M TAB 1*15,Vildagliptin + Metformin,180.93,ARRIENT HEALTHCARE (MERAKUS)PRIVATE  LIM
APIPURE TAB 1*10,Apixaban,129.05,ARRIENT HEALTHCARE (MERAKUS)PRIVATE  LIM
MAXPURE TAB 1*15'S,Mirabegron,265.78,ARRIENT HEALTHCARE (MERAKUS)PRIVATE  LIM
FERIENT TAB 1*10,Ferrous Ascorbate + Folic Acid,168.50,ARRIENT HEALTHCARE (MERAKUS)PRIVATE  LIM
ETZIC PLUS 5MG TAB 1*10,Escitalopram + Clonazepam,92.81,ARRIENT HEALTHCARE (MERAKUS)PRIVATE  LIM
ROGNIT TAB 2.6MG 30'S,Nitroglycerin,196.88,ARRIENT HEALTHCARE (MERAKUS)PRIVATE  LIM
ETZIC-E TAB 10'S,Escitalopram,87.65,ARRIENT HEALTHCARE (MERAKUS)PRIVATE  LIM
PEMGA-M TAB 10'S,Pregabalin + Methylcobalamin,105.00,ARRIENT HEALTHCARE (MERAKUS)PRIVATE  LIM
SAFRENO-KETO TAB 10'S,Alpha Lipoic Acid + Methylcobalamin + Pyridoxine + Folic Acid,349.00,ARRIENT HEALTHCARE (MERAKUS)PRIVATE  LIM
EZITRIP TAB 10,Amitriptyline,25.40,ARRIENT HEALTHCARE (NEUROX)PRIVATE  LIM
BETPURE 24 OD TAB 10'S,Betahistine,159.37,ARRIENT HEALTHCARE (NEUROX)PRIVATE  LIM
EGLAF-D TAB,Glimepiride + Metformin,206.25,ARRIENT HEALTHCARE (NEUROX)PRIVATE  LIM
EGLAF-PLUS TAB 10,Alpha Lipoic Acid + Methylcobalamin + Pyridoxine + Folic Acid,178.13,ARRIENT HEALTHCARE (NEUROX)PRIVATE  LIM
BETPURE 16MG TAB 15'S,Betahistine,168.61,ARRIENT HEALTHCARE (NEUROX)PRIVATE  LIM
ETZIC BETA TAB 10'S,Propranolol,77.81,ARRIENT HEALTHCARE (NEUROX)PRIVATE  LIM
ARIANZ MD-10MG TAB 10'S,Aripiprazole,88.13,ARRIENT HEALTHCARE (NEUROX)PRIVATE  LIM
ARIANZ MD-2.5MG TAB 10'S,Aripiprazole,40.31,ARRIENT HEALTHCARE (NEUROX)PRIVATE  LIM
ARIANZ MD-7.5MG TAB 10'S,Aripiprazole,57.19,ARRIENT HEALTHCARE (NEUROX)PRIVATE  LIM
ARIANZ MD-5MG TAB 10'S,Aripiprazole,46.87,ARRIENT HEALTHCARE (NEUROX)PRIVATE  LIM
DULTEX-20MG TAB 10'S,Duloxetine,74.00,ARRIENT HEALTHCARE (NEUROX)PRIVATE  LIM
DULTEX-30MG TAB 10'S,Duloxetine,111.56,ARRIENT HEALTHCARE (NEUROX)PRIVATE  LIM
NEUDIVA OD-250MG TAB 10'S,Divalproex Sodium,95.50,ARRIENT HEALTHCARE (NEUROX)PRIVATE  LIM
NEUPIP MD-15MG TAB 10'S,Olanzapine,113.44,ARRIENT HEALTHCARE (NEUROX)PRIVATE  LIM
NEUSULPA-100MG TAB 10'S,Amisulpride,148.13,ARRIENT HEALTHCARE (NEUROX)PRIVATE  LIM
NEUSULPA-200MG TAB 10'S,Amisulpride,217.50,ARRIENT HEALTHCARE (NEUROX)PRIVATE  LIM
NEUSULPA-50MG TAB 10'S,Amisulpride,84.38,ARRIENT HEALTHCARE (NEUROX)PRIVATE  LIM
ROXIENT-37.5MG TAB 10'S,Venlafaxine,314.06,ARRIENT HEALTHCARE (NEUROX)PRIVATE  LIM
TALOROX 20MG TAB 10'S,Escitalopram,141.56,ARRIENT HEALTHCARE (NEUROX)PRIVATE  LIM
TALOROX 5MG TAB 10'S,Atorvastatin,53.50,ARRIENT HEALTHCARE (NEUROX)PRIVATE  LIM
ZERIPRAN-10MG TAB 10'S,Domperidone,136.87,ARRIENT HEALTHCARE (NEUROX)PRIVATE  LIM
NEUDIVA OD 500MG TAB 10'S,Divalproex Sodium,155.62,ARRIENT HEALTHCARE (NEUROX)PRIVATE  LIM
TALOROX 10MG TAB 10'S,Atorvastatin,96.00,ARRIENT HEALTHCARE (NEUROX)PRIVATE  LIM
ROXIENT-12.5MG TAB 10'S,Hydrochlorothiazide,168.75,ARRIENT HEALTHCARE (NEUROX)PRIVATE  LIM
ROXIENT-25MG TAB 10'S,Hydrochlorothiazide,234.38,ARRIENT HEALTHCARE (NEUROX)PRIVATE  LIM
REVYNERV TAB 10'S,Methylcobalamin + Alpha Lipoic Acid,223.00,ARRIENT HEALTHCARE (NEUROX)PRIVATE  LIM
FLUPSY TAB 10'S,Fluoxetine,75.00,ARRIENT HEALTHCARE (NEUROX)PRIVATE  LIM
NEUPIP MD-10MG TAB 10'S,Olanzapine,103.13,ARRIENT HEALTHCARE (NEUROX)PRIVATE  LIM
NEUPIP MD-5MG TAB 10'S,Olanzapine,69.38,ARRIENT HEALTHCARE (NEUROX)PRIVATE  LIM
BETPURE 8MG TAB 1*10'S,Betahistine,61.87,ARRIENT HEALTHCARE (NEUROX)PRIVATE  LIM
ROXIENT PLUS-12.5MG TAB 10'S,Hydrochlorothiazide + Losartan,96.56,ARRIENT HEALTHCARE (NEUROX)PRIVATE  LIM
ZERIPRAN-5MG TAB 10,Domperidone,97.50,ARRIENT HEALTHCARE (NEUROX)PRIVATE  LIM
TALOROX PLUS 5 TAB,Escitalopram + Clonazepam,60.00,ARRIENT HEALTHCARE (NEUROX)PRIVATE  LIM
TALOROX PLUS 10 TAB 10'S,Atorvastatin + Clopidogrel,76.88,ARRIENT HEALTHCARE (NEUROX)PRIVATE  LIM
TALOROX PLUS 20 TAB 10,Escitalopram + Clonazepam,146.25,ARRIENT HEALTHCARE (NEUROX)PRIVATE  LIM
ROXIENT PLUS-25MG TAB,Venlafaxine + Clonazepam,154.68,ARRIENT HEALTHCARE (NEUROX)PRIVATE  LIM
NEUPIP 20 MG TAB 10,Olanzapine,145.31,ARRIENT HEALTHCARE (NEUROX)PRIVATE  LIM
EGLAF M TAB 1*10,Metformin + Glimepiride,155.71,ARRIENT HEALTHCARE (NEUROX)PRIVATE  LIM
ETZIC LITE TAB 1*10,Escitalopram,128.90,ARRIENT HEALTHCARE (NEUROX)PRIVATE  LIM
ETZIC 0.25 TAB 1*10,Clonazepam,50.53,ARRIENT HEALTHCARE (NEUROX)PRIVATE  LIM
ETZIC 0.5 TAB 1*10,Clonazepam,67.50,ARRIENT HEALTHCARE (NEUROX)PRIVATE  LIM
VALPURE CR 300 TAB 1*10,Sodium Valproate,65.00,ARRIENT HEALTHCARE (NEUROX)PRIVATE  LIM
VALPURE CR 500 TAB 1*10,Sodium Valproate,97.03,ARRIENT HEALTHCARE (NEUROX)PRIVATE  LIM
BETPURE 24 TAB 1*10,Betahistine,139.69,ARRIENT HEALTHCARE (NEUROX)PRIVATE  LIM
EGLAF-NT TAB 1*10,Nortriptyline + Pregabalin,169.68,ARRIENT HEALTHCARE (NEUROX)PRIVATE  LIM
OREPRIDE 25MG TAB 15'S,Itopride,162.42,ARRIENT HEALTHCARE (ORENDA)PRIVATE  LIM
RABENDA-IT CAP 10'S,Rabeprazole + Itopride,257.81,ARRIENT HEALTHCARE (ORENDA)PRIVATE  LIM
RABENDA-40MG DSR TAB 10'S,Rabeprazole + Domperidone,186.56,ARRIENT HEALTHCARE (ORENDA)PRIVATE  LIM
RABENDA-ACE TAB 10'S,Rabeprazole + Aceclofenac,113.00,ARRIENT HEALTHCARE (ORENDA)PRIVATE  LIM
UROXYDA TAB 1*10TAB,Potassium Citrate + Magnesium Citrate + Vitamin B6,389.00,ARRIENT HEALTHCARE (ORENDA)PRIVATE  LIM
RIFAORA 400MG TAB 10'S,Rifaximin,449.00,ARRIENT HEALTHCARE (ORENDA)PRIVATE  LIM
NEFUSA TAB 10'S,Nifedipine,86.62,ARRIENT HEALTHCARE (ORENDA)PRIVATE  LIM
RIFAORA-550MG TAB 10'S,Rifaximin,611.00,ARRIENT HEALTHCARE (ORENDA)PRIVATE  LIM
UROXYDA-450MG TAB 10'S,Potassium Citrate,575.00,ARRIENT HEALTHCARE (ORENDA)PRIVATE  LIM
ALERCID M TAB 1*10,Montelukast + Levocetirizine,167.81,ARRIENT HEALTHCARE (ORENDA)PRIVATE  LIM
ALERCID TOTAL TAB 1*10,Montelukast + Fexofenadine,154.69,ARRIENT HEALTHCARE (ORENDA)PRIVATE  LIM
APIPURE SYP 200ML,Multivitamins + Minerals,164.06,ARRIENT HEALTHCARE (ORENDA)PRIVATE  LIM
DORUTIL TAB 1*10,Diclofenac,45.00,ARRIENT HEALTHCARE (ORENDA)PRIVATE  LIM
DORUTIL-SP TAB 1*10,Diclofenac + Serratiopeptidase,84.37,ARRIENT HEALTHCARE (ORENDA)PRIVATE  LIM
LAXERA SUSPENTION 200ML,Lactulose,194.06,ARRIENT HEALTHCARE (ORENDA)PRIVATE  LIM
RABENDA 20MG TAB 1*10,Rabeprazole,103.13,ARRIENT HEALTHCARE (ORENDA)PRIVATE  LIM
RABENDA DSR TAB 1*15,Rabeprazole + Domperidone,229.69,ARRIENT HEALTHCARE (ORENDA)PRIVATE  LIM
RABENDA PLUS TAB 1*10,Rabeprazole + Levosulpiride,225.00,ARRIENT HEALTHCARE (ORENDA)PRIVATE  LIM
ZEDOBACT-CL TAB 1*10,Cefuroxime + Clavulanic Acid,164.06,ARRIENT HEALTHCARE (ORENDA)PRIVATE  LIM
DIAPSIN SYP 200ML,Multivitamins + Antioxidants,145.40,ARRIENT HEALTHCARE (ORENDA)PRIVATE  LIM
OREGUT TAB 1*15'S,Probiotic Preparation,225.57,ARRIENT HEALTHCARE (ORENDA)PRIVATE  LIM
SOLPURE XT TAB 1*15,Calcium + Vitamin D3 + Minerals,280.30,ARRIENT HEALTHCARE (ORENDA)PRIVATE  LIM
EMISTAD MD TAB 1*10,Ondansetron,123.75,ARRIENT HEALTHCARE (ORENDA)PRIVATE  LIM
HANSAPLAST WASHPROOF 1*100 STRIPS,Adhesive bandage (waterproof medical device),300.00,BEIERSDORT INDIA PRIVATE.LIMITED
HANSAPLAST REGULAR 1*100 STRIPS,Adhesive bandage (medical device),234.38,BEIERSDORT INDIA PRIVATE.LIMITED
CLOTAWIN INJ 2ML,Hydroxocobalamin,26.28,BESTOCHEM FORMU.(SALUTE)
ABCEF-200 TAB 10'S,Cefixime,90.94,BESTOCHEM FORMU.(SALUTE)
DAY-5MG TAB 5'S,Levocetirizine,37.50,BESTOCHEM FORMU.(SALUTE)
FOTIA INJECTION 2500 1*1ML,Hydroxocobalamin,51.33,BESTOCHEM FORMU.(SALUTE)
BESTOGESIC KID TABS 10'S,Paracetamol,38.16,BESTOCHEM FORMU.(SALUTE)
BONFLOX SUSP.30ML.,Ofloxacin,40.46,BESTOCHEM FORMU.(SALUTE)
BESTOGESIC PLUS SUS 60ML,Paracetamol + Phenylephrine + Chlorpheniramine,60.05,BESTOCHEM FORMU.(SALUTE)
BONFLOX N SYP 30ML.,Norfloxacin,56.20,BESTOCHEM FORMU.(SALUTE)
BESTOGESIC FAST 650 TAB 10S,Paracetamol,16.69,BESTOCHEM FORMU.(SALUTE)
SVARN SAATHI SACHET 1*4GMS,NEEDS_VERIFICATION,13.31,BESTOCHEM FORMULATIONS
AB CEF 200 TAB 10,Cefixime,85.02,BESTOCHEM FORMULATIONS
CLOTAWIN T TAB 10'S,Hydroxocobalamin + Alpha Lipoic Acid + Folic Acid,268.13,BESTOCHEM FORMULATIONS
PREGNAVIT-L TAB 10'S,L-Methylfolate + Methylcobalamin + Pyridoxine,10.80,BESTOCHEM FORMULATIONS
BESTOFLOX 200MG TABS 10'S,Ofloxacin,40.95,BESTOCHEM FORMULATIONS
SISTAL FORTE TABS 10'S,Paracetamol,193.27,BESTOCHEM FORMULATIONS
T-FLOX SYP. 30ML,Ofloxacin,33.75,BESTOCHEM FORMULATIONS
FLUWEL TABS 10'S NR,Oseltamivir,100.78,BESTOCHEM FORMULATIONS
FH-12 TABS 10'S,Folic Acid + Iron + Vitamin B12,13.09,BESTOCHEM FORMULATIONS
PREGNAVIT CAPS 10'S (F),Iron + Folic Acid + Vitamin B12,84.88,BESTOCHEM FORMULATIONS
FUNGID TABS 1'S,Fluconazole,11.63,BESTOCHEM FORMULATIONS
BESTOGESIC PLUS 10'S,Paracetamol + Caffeine,70.31,BESTOCHEM FORMULATIONS
BIGVIN INJ. 1ML,Methylcobalamin,10.80,BESTOCHEM FORMULATIONS
BIGVIN PLUS INJ. 2ML,Methylcobalamin + Pyridoxine + Nicotinamide,24.12,BESTOCHEM FORMULATIONS
DORAN O TABS 10'S,Ofloxacin + Ornidazole,97.03,BESTOCHEM FORMULATIONS
DORAN O INJ. 2ML,Ondansetron,14.92,BESTOCHEM FORMULATIONS
BIG JOINT SACHET 3GM,Glucosamine + Chondroitin + Collagen Peptide,41.00,BESTOCHEM FORMULATIONS
BIGVIN PLUS CAPS 10'S,Methylcobalamin + Alpha Lipoic Acid + Pyridoxine + Folic Acid,93.48,BESTOCHEM FORMULATIONS
BIGVIN INJ. 2500 1ML,Methylcobalamin,55.95,BESTOCHEM FORMULATIONS
SISTAL PLUS CAPS 10'S,Diclofenac + Paracetamol + Chlorzoxazone,103.03,BESTOCHEM FORMULATIONS
BIGCEF 250MG 10'S,Cefuroxime,191.63,BESTOCHEM FORMULATIONS
BIGCEF 500MG 10'S,Cefuroxime,304.69,BESTOCHEM FORMULATIONS
RACE BASE-J SACHET 1GM,Racecadotril,31.83,BESTOCHEM FORMULATIONS
AZIBIG-100MG TAB 3'S,Azithromycin,16.24,BESTOCHEM FORMULATIONS
AZIBIG-250MG TAB 3'S,Azithromycin,66.68,BESTOCHEM FORMULATIONS
BELENO EZ CAP 10'S,Esomeprazole + Domperidone,165.00,BESTOCHEM FORMULATIONS
BIG-TUM INJ 1.5GM,Cefoperazone + Sulbactam,151.15,BESTOCHEM FORMULATIONS
BESTOFLOX N SUSP 30ML,Norfloxacin + Metronidazole,65.63,BESTOCHEM FORMULATIONS
CV-CEF 325,Cefixime + Clavulanic Acid,159.38,BESTOCHEM FORMULATIONS
MIKA-BEST 500 VIAL 2ML,Amikacin,76.65,BESTOCHEM FORMULATIONS
BESTOFLOX N TABS 10'S,Ofloxacin + Ornidazole,119.16,BESTOCHEM FORMULATIONS
FUNGID NC CREAM 15GM,Clotrimazole + Neomycin + Clobetasol,77.92,BESTOCHEM FORMULATIONS
BEST 3 TAB 10'S,Methylcobalamin + Alpha Lipoic Acid + Pyridoxine + Folic Acid,100.29,BESTOCHEM FORMULATIONS
C-SORA OINT.20 GM,Clobetasol Propionate + Salicylic Acid,111.38,BESTOCHEM FORMULATIONS
ASTA 4 SYP 100ML,Cyproheptadine + Multivitamins,66.73,BESTOCHEM FORMULATIONS
BESTOLYTE SACH 1*21GM.,Oral Rehydration Salts,16.93,BESTOCHEM FORMULATIONS
BESTOMYCIN SUSP.30 ML,Erythromycin,74.80,BESTOCHEM FORMULATIONS
GYNABEST TAB 10'S,Multivitamins + Multiminerals + Antioxidants,46.03,BESTOCHEM FORMULATIONS
BELENO EZ SYP 200ML.,Aluminium Hydroxide + Magnesium Hydroxide + Simethicone,138.43,BESTOCHEM FORMULATIONS
FUNGID 50 TAB 1'S,Fluconazole,10.26,BESTOCHEM FORMULATIONS
CV CEF 162 10'S,Cefixime + Clavulanic Acid,164.06,BESTOCHEM FORMULATIONS
BIGCEF CV 625MG 10S,Cefuroxime + Clavulanic Acid,234.38,BESTOCHEM FORMULATIONS
BESTOMYCIN DS SYP 30ML.,Erythromycin,88.58,BESTOCHEM FORMULATIONS
AB-CEF O DRY SYP 30ML.,Cefixime + Ofloxacin,79.62,BESTOCHEM FORMULATIONS
SISTAL AP TAB 10'S,Aceclofenac + Paracetamol,89.06,BESTOCHEM FORMULATIONS
NORMALEX TABS,Multivitamins + Minerals (laxative support variants exist),93.75,BESTOCHEM FORMULATIONS
BIG JOINT H GR,Glucosamine + Chondroitin + Collagen Peptide,59.83,BESTOCHEM FORMULATIONS
BESTOZINC TAB 15 S,Zinc Sulphate,122.00,BESTOCHEM FORMULATIONS
BESTOZINC SYRUP 200ML,Zinc Sulphate,133.50,BESTOCHEM FORMULATIONS
COLISPAS PAD DROP 10ML,Dicyclomine + Simethicone,43.18,BESTOCHEM FORMULATIONS
ORDOM CAP 15'S,Omeprazole + Domperidone,87.13,BESTOCHEM FORMULATIONS
AHB-15,NEEDS_VERIFICATION,133.41,BESTOCHEM FORMULATIONS
CHERRY BEST SYRUP 100ML,Cyproheptadine + Lysine + Multivitamins,74.77,BESTOCHEM FORMULATIONS
CALCIBEST-60K 4S,Cholecalciferol,74.16,BESTOCHEM FORMULATIONS
BIOGNIDE -ISR TAB 10,Gliclazide,34.75,BIOGENOMICS LIMITED
BIOGNIDE GV 1 TAB 10,Glimepiride + Voglibose,127.50,BIOGENOMICS LIMITED
BIOGNIDE GV 2 TAB 1*10,Glimepiride + Voglibose,169.69,BIOGENOMICS LIMITED
ROSNANO 10MG TAB 10'S,Rosuvastatin,140.63,BIOGENOMICS LIMITED
GARCIBIO CAP 30S,Garcinia Cambogia Extract,750.00,BIOGENOMICS LIMITED
COBALFINE TAB,Methylcobalamin + Vitamins,196.88,BIOGENOMICS LIMITED
BIOGNIDE-T,Gliclazide + Teneligliptin,127.50,BIOGENOMICS LIMITED
COBALFINE 6G TAB 15'S,Methylcobalamin + Vitamins,330.00,BIOGENOMICS LIMITED
COBALFINE FP POWDER JAR 150G,Protein Hydrolysate + Vitamins + Minerals,379.00,BIOGENOMICS LIMITED
P-PPI L TAB,Pantoprazole + Levosulpiride,131.25,BLUE CROSS LABS LTD (GOLD CROS
MEFTAGESIC P DT 10'S,Paracetamol,30.00,BLUE CROSS LABS LTD (GOLD CROS
MEFTAGESIC DS SUSP. 100ML,Mefenamic Acid,76.87,BLUE CROSS LABS LTD (GOLD CROS
MEFTAGESIC P SYP 60ML.,Mefenamic Acid + Paracetamol,48.75,BLUE CROSS LABS LTD (GOLD CROS
LIPONORM 10MG.TABS,Atorvastatin,52.50,BLUE CROSS LABS LTD (GOLD CROS
DOLOSTAT PC TAB,Paracetamol + Caffeine,30.00,BLUE CROSS LABS LTD (GOLD CROS
LEK 500 TABS,Levofloxacin,61.27,BLUE CROSS LABS LTD (GOLD CROS
KOLQ + TABS 15'S,Calcium + Vitamin D3 + Minerals,56.25,BLUE CROSS LABS LTD (GOLD CROS
CEDON P DRY SYP.,Cefpodoxime Proxetil,59.53,BLUE CROSS LABS LTD (GOLD CROS
KOLQ SYP.60 ML,Dill Oil + Fennel Oil + Simethicone,56.25,BLUE CROSS LABS LTD (GOLD CROS
AZIBEST 250MG. TABS,Azithromycin,71.25,BLUE CROSS LABS LTD (GOLD CROS
AZIBEST 500MG. TABS 3'S,Azithromycin,119.06,BLUE CROSS LABS LTD (GOLD CROS
BLUDROX 250 DT TABS,Cefadroxil,37.03,BLUE CROSS LABS LTD (GOLD CROS
BLUDROX 500 TABS,Cefadroxil,41.25,BLUE CROSS LABS LTD (GOLD CROS
CEDON 50 DT TABS,Cefpodoxime Proxetil,82.50,BLUE CROSS LABS LTD (GOLD CROS
CEDON 200MG TABS,Cefpodoxime Proxetil,173.44,BLUE CROSS LABS LTD (GOLD CROS
KOLQ VAPO INH. CAPS,Menthol + Camphor + Eucalyptus Oil,38.44,BLUE CROSS LABS LTD (GOLD CROS
AZIBEST 100MG.DT TABS 3'S,Azithromycin,15.94,BLUE CROSS LABS LTD (GOLD CROS
SONADERM NM CREAM 20GM,Mometasone + Neomycin,91.87,BLUE CROSS LABS LTD (GOLD CROS
CEDON- DROPS 10ML,Cefpodoxime Proxetil,98.43,BLUE CROSS LABS LTD (GOLD CROS
SONADERM NM CR. 15GM,Mometasone + Neomycin,91.88,BLUE CROSS LABS LTD (GOLD CROS
DOLOSTAT SP TAB 10'S,Aceclofenac + Paracetamol + Serratiopeptidase,55.31,BLUE CROSS LABS LTD (GOLD CROS
MEFTAGESIC TAB 10'S,Mefenamic Acid,43.12,BLUE CROSS LABS LTD (GOLD CROS
MEGO XL INJ 2ML.,Methylcobalamin,31.88,BLUE CROSS LABS LTD (GOLD CROS
P-RD CAP 10'S,Pantoprazole + Domperidone,82.50,BLUE CROSS LABS LTD (GOLD CROS
R-RD CAP 10'S,Rabeprazole + Domperidone,75.00,BLUE CROSS LABS LTD (GOLD CROS
KOLQ ORAL DROPS,Dill Oil + Fennel Oil + Simethicone,36.56,BLUE CROSS LABS LTD (GOLD CROS
R-PPI 20 TAB 10'S,Rabeprazole,34.69,BLUE CROSS LABS LTD (GOLD CROS
P-PPI 40 TAB 15'S,Pantoprazole,60.93,BLUE CROSS LABS LTD (GOLD CROS
OME-PPI 20 CAP 10'S,Omeprazole,22.69,BLUE CROSS LABS LTD (GOLD CROS
P-PPI INJ 10ML.,Pantoprazole,46.46,BLUE CROSS LABS LTD (GOLD CROS
DOLOSTAT MR TAB 10'S,Chlorzoxazone + Paracetamol,54.37,BLUE CROSS LABS LTD (GOLD CROS
KOLQ PLUS SYP,Dill Oil + Fennel Oil + Simethicone,45.94,BLUE CROSS LABS LTD (GOLD CROS
EKON XL MD TAB 10'S,Escitalopram,38.91,BLUE CROSS LABS LTD (GOLD CROS
ETERNA 10ML MULTIDOSE,Lubricating eye drops (Carboxymethylcellulose),37.38,BLUE CROSS LABS LTD (GOLD CROS
ETERNA MD TAB 4MG**,Methylprednisolone,32.81,BLUE CROSS LABS LTD (GOLD CROS
MEFTAGESIC DS SYP 60ML,Mefenamic Acid,75.00,BLUE CROSS LABS LTD (GOLD CROS
CEDON PLUS 200 TAB 10'S,Cefpodoxime Proxetil + Potassium Clavulanate,148.13,BLUE CROSS LABS LTD (GOLD CROS
R-PPI-L CAP 15'S,Rabeprazole + Levosulpiride,131.25,BLUE CROSS LABS LTD (GOLD CROS
DOLOSTAT + R CAP 10S,Rabeprazole + Domperidone,73.13,BLUE CROSS LABS LTD (GOLD CROS
ENGEL 250MG TAB 10S,Levofloxacin,117.19,BLUE CROSS LABS LTD (GOLD CROS
S-PPI L CAP 10'S,Pantoprazole + Levosulpiride,131.25,BLUE CROSS LABS LTD BCL
MEGO D3 CAPS 1*15'S,Cholecalciferol,98.43,BLUE CROSS LABS LTD BCL
XSTAN-BETA 25 TAB 15'S,Telmisartan + Metoprolol Succinate,75.00,BLUE CROSS LABS LTD BCL
XSTAN-CT 6.25 TAB 1*15'S,Telmisartan + Chlorthalidone,63.28,BLUE CROSS LABS LTD BCL
XSTAN-CT 12.5 TAB 15'S,Telmisartan + Chlorthalidone,77.34,BLUE CROSS LABS LTD BCL
BLUPRAZ L 10MG TAB 15'S,Pantoprazole + Levosulpiride,131.25,BLUE CROSS LABS LTD BCL
BLUPRAZ D CAP 15'S,Pantoprazole + Domperidone,75.00,BLUE CROSS LABS LTD BCL
PROGLIFT L 10MG TAB 15'S,Dapagliflozin,105.00,BLUE CROSS LABS LTD BCL
PROGLIFT L 25MG TAB 15'S,Losartan,150.00,BLUE CROSS LABS LTD BCL
PROGLIFT-25 MG TAB 10'S,Losartan,120.00,BLUE CROSS LABS LTD BCL
MEGO XL CAPS,Methylcobalamin + Alpha Lipoic Acid + Folic Acid + Pyridoxine,77.00,BLUE CROSS LABS LTD BCL
K PIO 15 TABS 10'S,Pioglitazone,32.81,BLUE CROSS LABS LTD BCL
K PIO 30 TABS 10'S,Pioglitazone,33.75,BLUE CROSS LABS LTD BCL
S-RD CAP 10'S,Rabeprazole + Domperidone,70.31,BLUE CROSS LABS LTD BCL
K-GEM TAB 15'S,Multivitamins + Minerals,61.87,BLUE CROSS LABS LTD BCL
XSTAN 20MG TABS,Telmisartan,31.87,BLUE CROSS LABS LTD BCL
XSTAN 40MG TABS,Telmisartan,51.56,BLUE CROSS LABS LTD BCL
XSTAN H TABS,Telmisartan + Hydrochlorothiazide,79.68,BLUE CROSS LABS LTD BCL
S-PPI 40 TAB 10'S,Pantoprazole,60.94,BLUE CROSS LABS LTD BCL
XSTAN AM TAB 15'S,Telmisartan + Amlodipine,79.68,BLUE CROSS LABS LTD BCL
K-PIO GM 1 TAB 10'S,Glimepiride + Pioglitazone + Metformin,93.75,BLUE CROSS LABS LTD BCL
K-PIO GM 2 TAB 10'S,Glimepiride + Pioglitazone + Metformin,126.56,BLUE CROSS LABS LTD BCL
ROVASTAT 10 TAB,Rosuvastatin,42.18,BLUE CROSS LABS LTD BCL
ROVASTAT 20MG TAB,Rosuvastatin,79.69,BLUE CROSS LABS LTD BCL
ROVASTAT 5 TAB,Rosuvastatin,28.12,BLUE CROSS LABS LTD BCL
OLMEBLU-20MG TAB 10'S,Olmesartan,65.62,BLUE CROSS LABS LTD BCL
OLMEBLU-40MG TAB 10'S,Olmesartan,98.43,BLUE CROSS LABS LTD BCL
OLMEBLU-AM TAB 15',Olmesartan Medoxomil + Amlodipine,89.06,BLUE CROSS LABS LTD BCL
OLMEBLU-H 20 TAB 15',Olmesartan Medoxomil + Hydrochlorothiazide,89.06,BLUE CROSS LABS LTD BCL
OLMEBLU-H 40 TAB 10',Olmesartan Medoxomil + Hydrochlorothiazide,140.62,BLUE CROSS LABS LTD BCL
CILNIBLU 10MG TAB 15'S,Cilnidipine,53.43,BLUE CROSS LABS LTD BCL
CILNIBLU 5MG TAB 15'S,Cilnidipine,40.00,BLUE CROSS LABS LTD BCL
CILNIBLU-T TAB 15'S,Cilnidipine + Telmisartan,81.00,BLUE CROSS LABS LTD BCL
DIABIZ 5 TAB 10S,Dapagliflozin,70.31,BLUE CROSS LABS LTD BCL
DIABIZ 10 TAB 10S,Dapagliflozin,98.43,BLUE CROSS LABS LTD BCL
BLUGLIP TAB 15'S,Glimepiride,49.22,BLUE CROSS LABS LTD BCL
BLUGLIP M 500 TAB 15'S,Glimepiride + Metformin,79.68,BLUE CROSS LABS LTD BCL
XSTAN-AMH TAB 15'S,Telmisartan + Amlodipine + Hydrochlorothiazide,93.75,BLUE CROSS LABS LTD BCL
DIABIZ-M FORTE TAB 15'S,Dapagliflozin + Metformin,140.62,BLUE CROSS LABS LTD BCL
DIABIZ-M TAB 15'S,Dapagliflozin + Metformin,126.56,BLUE CROSS LABS LTD BCL
XSTAN-BETA 50 TAB 15'S,Telmisartan + Metoprolol Succinate,90.00,BLUE CROSS LABS LTD BCL
K-PIO M TAB 10S,Pioglitazone + Metformin,51.56,BLUE CROSS LABS LTD BCL
EXTACEF-XL 1.5G INJ. 10ML,Ceftriaxone + Sulbactam,155.16,BLUE CROSS LABS LTD.
MEFTAL FORTE JUNIOR TAB 10'S,Mefenamic Acid + Paracetamol,37.50,BLUE CROSS LABS LTD.
TENEBLU TAB 15S,Teneligliptin,66.56,BLUE CROSS LABS LTD.
BLUMETA TAB 15'S,Metformin,30.94,BLUE CROSS LABS LTD.
TENEBLU-M TAB 15'S,Teneligliptin + Metformin,107.81,BLUE CROSS LABS LTD.
MEFTAL SPAS SUSPENS. 60ML,Dicyclomine + Simethicone,93.75,BLUE CROSS LABS LTD.
DICLOTAL-FORTE GEL 30GM,Diclofenac Diethylamine + Linseed Oil + Menthol + Methyl Salicylate,79.69,BLUE CROSS LABS LTD.
TENEBLU M FORTE  TABS,Teneligliptin + Metformin,150.00,BLUE CROSS LABS LTD.
FAVIBLU 200MG TAB 10'S,Favipiravir,300.00,BLUE CROSS LABS LTD.
FAVIBLUZ 400MG TABS,Favipiravir,515.63,BLUE CROSS LABS LTD.
CEDON DRY SYRUP 30ML,Cefpodoxime Proxetil,65.16,BLUE CROSS LABS LTD.
BLUVIT-D3 DROP 30ML,Cholecalciferol,75.00,BLUE CROSS LABS LTD.
BLUVIT-CZ TAB 10,Vitamin C + Zinc,60.93,BLUE CROSS LABS LTD.
BLUVIT IV INJECT 2ML,Vitamin B Complex,32.81,BLUE CROSS LABS LTD.
MEFTAL P SUS.100ML 100ML,Paracetamol,58.12,BLUE CROSS LABS LTD.
BLUVIT TAB 10'S,Multivitamins,48.75,BLUE CROSS LABS LTD.
DIABIZ-GM 10/1/1000 TAB 10'S,Dapagliflozin + Glimepiride + Metformin,103.12,BLUE CROSS LABS LTD.
TUSQ-LS JUNIOR LIQ. 60ML,Ambroxol + Levosalbutamol + Guaiphenesin,79.68,BLUE CROSS LABS LTD.
EXTACEF-I 1G INJ. 10ML,Ceftriaxone,65.44,BLUE CROSS LABS LTD.
BLUPRAZ TAB 15'S,Pantoprazole,60.93,BLUE CROSS LABS LTD.
BLUMOX CA DRY SYP,Amoxicillin + Clavulanic Acid,60.93,BLUE CROSS LABS LTD.
BLUVIT D3 GR.1GR,Cholecalciferol (Vitamin D3),9.37,BLUE CROSS LABS LTD.
MEFTAL FORTE TABS,Mefenamic Acid,43.12,BLUE CROSS LABS LTD.
MEFTAL P TABS 10'S,Paracetamol,35.62,BLUE CROSS LABS LTD.
MEFTAL SPAS TABS,Dicycloverine + Mefenamic Acid,51.56,BLUE CROSS LABS LTD.
MEFTAL MR TABS,Mefenamic Acid + Paracetamol + Tizanidine,60.47,BLUE CROSS LABS LTD.
MEFTAL TX TABS,Tranexamic Acid + Mefenamic Acid,103.13,BLUE CROSS LABS LTD.
TUSQ D LOZ.TAB 6'S,Amylmetacresol + Dichlorobenzyl Alcohol,50.62,BLUE CROSS LABS LTD.
TUSQ-DX DT TAB 10'S,Dextromethorphan + Phenylephrine + Chlorpheniramine,56.25,BLUE CROSS LABS LTD.
BLUMOX 250MG DT,Amoxicillin,96.56,BLUE CROSS LABS LTD.
BLUMOX CA 625MG TABS,Amoxicillin + Clavulanic Acid,178.13,BLUE CROSS LABS LTD.
CEBRAN 250MG TABS,Ciprofloxacin,16.59,BLUE CROSS LABS LTD.
TUSQ X + LIQ.100ML,Dextromethorphan + Phenylephrine + Chlorpheniramine,103.12,BLUE CROSS LABS LTD.
TUSQ  ORAL DROPS,Ambroxol + Guaiphenesin + Terbutaline,40.31,BLUE CROSS LABS LTD.
TUSQ DX SYP 100ML,Dextromethorphan + Phenylephrine + Chlorpheniramine,103.12,BLUE CROSS LABS LTD.
BLUMOX CA FORTE DRY SYP,Amoxicillin + Clavulanic Acid,131.25,BLUE CROSS LABS LTD.
ANGICAM BETA TABS 15'S,Amlodipine + Metoprolol,41.25,BLUE CROSS LABS LTD.
MEFTAL FORTE TOPICAL CREAM 50GM,Mefenamic Acid (Topical),112.50,BLUE CROSS LABS LTD.
DICLOTAL INJ.3ML 3ML,Diclofenac,4.27,BLUE CROSS LABS LTD.
MEFTAL SPAS DROPS,Dicycloverine + Simethicone,48.75,BLUE CROSS LABS LTD.
K GLIM 1MG TABS,Glimepiride,20.62,BLUE CROSS LABS LTD.
EXTACEF 50 DT TABS,Cefpodoxime Proxetil,47.81,BLUE CROSS LABS LTD.
CEBRAN 500MG TABS,Ciprofloxacin,36.56,BLUE CROSS LABS LTD.
CEBRAN EYE DROPS,Ciprofloxacin,9.56,BLUE CROSS LABS LTD.
BLUMOX CA 375MG 6'S,Amoxicillin + Clavulanic Acid,159.38,BLUE CROSS LABS LTD.
LOSTAT 50 15'S,Losartan,58.12,BLUE CROSS LABS LTD.
MEFTAL 500MG 10'S,Mefenamic Acid,31.87,BLUE CROSS LABS LTD.
BLUMOX P DT 15'S,Amoxicillin + Potassium Clavulanate,46.88,BLUE CROSS LABS LTD.
HIBESOR 50MG TAB 10'S,Losartan,14.53,BLUE CROSS LABS LTD.
MEFTAL P SYP 60ML,Paracetamol,34.69,BLUE CROSS LABS LTD.
ANGICAM 2.5 MG TAB 10'S,Amlodipine,15.93,BLUE CROSS LABS LTD.
LOSTAT H TABS 15 15,Losartan + Hydrochlorothiazide,76.87,BLUE CROSS LABS LTD.
LOSTAT 25 TABS,Losartan,33.75,BLUE CROSS LABS LTD.
K GLIM 2MG TABS 10`S,Glimepiride,30.94,BLUE CROSS LABS LTD.
K GLIM M 1MG TABS 10`S,Glimepiride + Metformin,60.93,BLUE CROSS LABS LTD.
K GLIM M 2MG TABS 10`S,Glimepiride + Metformin,70.31,BLUE CROSS LABS LTD.
K MET TABS 10`S,Metformin,12.75,BLUE CROSS LABS LTD.
MEFTAL 250DT TABS 10`S,Mefenamic Acid,21.56,BLUE CROSS LABS LTD.
MEFTAL SPAS DS TABS 10`S,Dicyclomine + Mefenamic Acid,63.50,BLUE CROSS LABS LTD.
ODIPRIL 2.5MG CAPS 10`S,Ramipril,38.44,BLUE CROSS LABS LTD.
ODIPRIL 5MG CAPS 10`S,Ramipril,60.94,BLUE CROSS LABS LTD.
ODIPRIL H CAPS 10`S,Ramipril + Hydrochlorothiazide,46.88,BLUE CROSS LABS LTD.
ANGICAM 5MG TABS 10`S,Amlodipine,25.31,BLUE CROSS LABS LTD.
ANGICAM LT TABS 10`S,Amlodipine + Losartan,60.94,BLUE CROSS LABS LTD.
DICLOTAL-FORTE TABS 10`,Diclofenac Potassium + Paracetamol,32.81,BLUE CROSS LABS LTD.
O CEBRAN OZ TABS,Ofloxacin + Ornidazole,87.19,BLUE CROSS LABS LTD.
EXTACEF  DROPS 10ML,Cefpodoxime Proxetil,84.37,BLUE CROSS LABS LTD.
MEFTAL SPAS SUSP 30ML,Dicyclomine + Simethicone,32.81,BLUE CROSS LABS LTD.
VEBA PLUS TAB.15'S,Calcium Carbonate + Vitamin D3 + Minerals,84.37,BLUE CROSS LABS LTD.
EXTACEF 100 DT TAB 10'S,Cefpodoxime Proxetil,79.69,BLUE CROSS LABS LTD.
EXTACEF 200 DT TAB 10'S,Cefixime,92.81,BLUE CROSS LABS LTD.
EXTACEF P DRY SYP. 30ML.,Cefpodoxime Proxetil,50.63,BLUE CROSS LABS LTD.
BLUMOX PLUS CAP 10'S,Amoxicillin + Dicloxacillin,89.06,BLUE CROSS LABS LTD.
CARBAPEN-M 1 GM INJ.,Meropenem,834.38,BLUE CROSS LABS LTD.
K-VOG 0.3MG TAB 10'S,Voglibose,93.75,BLUE CROSS LABS LTD.
DICLOTAL + MR TAB 10'S,Diclofenac + Chlorzoxazone,53.43,BLUE CROSS LABS LTD.
K-VOG 0.2 MG 10'S,Voglibose,67.96,BLUE CROSS LABS LTD.
DICLOTAL+SP TAB 10TAB,Diclofenac + Paracetamol + Serratiopeptidase,50.62,BLUE CROSS LABS LTD.
EXTACEF PLUS TAB 10'S,Cefpodoxime Proxetil + Potassium Clavulanate,136.88,BLUE CROSS LABS LTD.
MEFTAL SPAS INJ 2ML.,Dicyclomine,6.76,BLUE CROSS LABS LTD.
ANGICAM M TAB 15'S,Amlodipine + Metoprolol,89.06,BLUE CROSS LABS LTD.
K GLIM M FORTE 1 MG,Glimepiride + Metformin,91.87,BLUE CROSS LABS LTD.
K GLIM M FORTE 2 MG,Glimepiride + Metformin,102.18,BLUE CROSS LABS LTD.
MEFTAL SPAS MULTIDOSE 30M,Dicyclomine + Simethicone,40.78,BLUE CROSS LABS LTD.
BLUMOX 500MG CAP 10'S,Amoxicillin,114.38,BLUE CROSS LABS LTD.
CEDON DS DRY SYR.30ML.,Cefpodoxime Proxetil,118.13,BLUE CROSS LABS LTD.
DICLOTAL AQ INJ 1ML,Diclofenac,27.65,BLUE CROSS LABS LTD.
ANGICAM H TAB 15'S,Amlodipine + Hydrochlorothiazide,33.75,BLUE CROSS LABS LTD.
SOLITAIR TAB  10',Montelukast,89.50,BLUE CROSS LABS LTD.
TUSQ -LS SYP 100ML,Ambroxol + Levosalbutamol + Guaiphenesin,84.38,BLUE CROSS LABS LTD.
K GLIM TRIO 1MG TAB 15S,Glimepiride + Metformin + Voglibose,128.44,BLUE CROSS LABS LTD.
K GLIM TRIO 2MG TAB 15S 15,Glimepiride + Metformin + Voglibose,169.00,BLUE CROSS LABS LTD.
MEFTAL SPAS NEO DROPS 15ML,Dicyclomine + Simethicone,55.31,BLUE CROSS LABS LTD.
PRADAXA 110 CAP,Dabigatran,333.75,BOEHRINGER INGELHEIM I P LTD THROMBI
PRADAXA 150 CAP,Dabigatran,373.00,BOEHRINGER INGELHEIM I P LTD THROMBI
GLYXAMBI 10/5MG TAB,Empagliflozin + Linagliptin,607.00,BOEHRINGER INGELHEIM PHA.DIABETIS
GLYXAMBI 25/5MG TAB,Empagliflozin + Linagliptin,609.35,BOEHRINGER INGELHEIM PHA.DIABETIS
TRAJENTA 5MG TABS 10S,Linagliptin,348.75,BOEHRINGER INGELHEIM PHA.DIABETIS
TRAJENTA DUO 1000mg TABS,Linagliptin + Metformin,191.25,BOEHRINGER INGELHEIM PHA.DIABETIS
TRAJENTA DUO 500MG TAB,Linagliptin + Metformin,201.50,BOEHRINGER INGELHEIM PHA.DIABETIS
TRAJENTA DUO 850MG TAB,Linagliptin + Metformin,187.50,BOEHRINGER INGELHEIM PHA.DIABETIS
JARDIANCE 90/10MG TABS,Empagliflozin,384.35,BOEHRINGER INGELHEIM PHA.DIABETIS
JARDIANCE 90/25MG TABS,Empagliflozin,504.00,BOEHRINGER INGELHEIM PHA.DIABETIS
JARDIANCE MET 12.5/1000MG,Empagliflozin + Metformin,494.50,BOEHRINGER INGELHEIM PHA.DIABETIS
JARDIANCE MET 12.5/500MG,Empagliflozin + Metformin,470.50,BOEHRINGER INGELHEIM PHA.DIABETIS
JARDIANCE MET 5/500MG,Linagliptin + Metformin,341.25,BOEHRINGER INGELHEIM PHA.DIABETIS
PROMAX VF 200GM POWDER,,347.10,BRITISH BIOLOGICAL CRITICAL CARE
KETO-KID 200GM POWDER,,"1,691.00",BRITISH BIOLOGICAL CRITICAL CARE
MEDI SLIM GOLD VF 500MG,Garcinia Cambogia + Weight management nutrients,"1,064.00",BRITISH BIOLOGICAL CRITICAL CARE
HEPAPRO POWDER 400GM,Protein supplement + Vitamins + Minerals (liver support formula),957.00,BRITISH BIOLOGICAL CRITICAL CARE
BILK-1 400MG POWDER 400GM,,375.00,BRITISH BIOLOGICAL CRITICAL CARE
NASCENT 1 400MG POWDER 400GM,,895.00,BRITISH BIOLOGICAL CRITICAL CARE
TEENSPRO.COOKIES & CREAM FLAV. 400GM,,666.61,BRITISH BIOLOGICAL CRITICAL CARE
TEENSPRO.DUTCH CHOCOLATE FLAV. 400GM,,666.61,BRITISH BIOLOGICAL CRITICAL CARE
PULMOCARE 400GM,High Protein + High Fat Nutritional Supplement,548.00,BRITISH BIOLOGICAL CRITICAL CARE
MENOPRO 400GM,Protein + Calcium + Vitamins (women/menopause support),619.00,BRITISH BIOLOGICAL CRITICAL CARE
MEDI SLIM 500GM,,548.00,BRITISH BIOLOGICAL CRITICAL CARE
PULMOCARE 200GM,High Protein + High Fat Nutritional Supplement (for COPD patients),280.35,BRITISH BIOLOGICAL CRITICAL CARE
MENOPRO 200GM,,324.85,BRITISH BIOLOGICAL CRITICAL CARE
HEPAPRO POWDER 200GM,,324.85,BRITISH BIOLOGICAL CRITICAL CARE
PULMOPLUS 200GM,Protein + Vitamins + Minerals (respiratory support),281.00,BRITISH BIOLOGICAL CRITICAL CARE
C BOOSTER TAB 30'S,,190.00,BRITISH BIOLOGICAL CRITICAL CARE
FERTI PRO-M SCH,,31.15,BRITISH BIOLOGICAL CRITICAL CARE
FERTI PRO 5G SACHETS,,29.37,BRITISH BIOLOGICAL CRITICAL CARE
RENOPRO 200GM VF POWDER,,267.00,BRITISH BIOLOGICALS LTD.
RENOPRO 200GM HP POWDER,,356.00,BRITISH BIOLOGICALS LTD.
B-PROTIN VF 200GM POWDER,Protein supplement (Vegetarian formula),375.00,BRITISH BIOLOGICALS LTD.
KIDS PRO CF 200GM,Protein + Vitamins + Minerals (for children),312.00,BRITISH BIOLOGICALS LTD.
D-PROTIN VF 500GM,Protein supplement (Vegetarian formula),651.56,BRITISH BIOLOGICALS LTD.
I-BOOSTER TAB 30S,,390.00,BRITISH BIOLOGICALS LTD.
PRO-PL VF POWDER 200GM,Protein supplement (Vegetarian formula),299.00,BRITISH BIOLOGICALS LTD.
D-PROTIN PLUS VF 500GM,,745.31,BRITISH BIOLOGICALS LTD.
SIRUS 300 300GMS,,595.00,BRITISH BIOLOGICALS LTD.
BILK-2 POWDER 200GM,Infant milk substitute (Stage 2 formula),225.00,BRITISH BIOLOGICALS LTD.
KIDS PRO VF 200GM,,312.00,BRITISH BIOLOGICALS LTD.
B-PROTIN(CHOC.) 200GM,,305.00,BRITISH BIOLOGICALS LTD.
D-PROTIN CHO. POWDER 200GM,Protein supplement + Vitamins + Minerals,305.00,BRITISH BIOLOGICALS LTD.
PRO-PL CF POWDER 200GM,Protein supplement + Vitamins + Minerals,299.00,BRITISH BIOLOGICALS LTD.
B-PROTIN MANGO 200GM,Protein supplement + Vitamins + Minerals,272.00,BRITISH BIOLOGICALS LTD.
B-PROTIN CF 500GM,Protein supplement + Vitamins + Minerals,575.00,BRITISH BIOLOGICALS LTD.
B-PROTIN PF 200GM,,271.45,BRITISH BIOLOGICALS LTD.
B-PROTIN DF 200GM,"Protein supplement (Diabetic-friendly, low sugar)",348.00,BRITISH BIOLOGICALS LTD.
PRO-PL CORDIMOM  POWDER  2,,298.15,BRITISH BIOLOGICALS LTD.
D-PROTIN CF  500MG,,652.00,BRITISH BIOLOGICALS LTD.
D-PROTIN VF 200GM,Protein supplement (Vegetarian formula),305.00,BRITISH BIOLOGICALS LTD.
PRO-PL CF 500GM,Protein supplement + Vitamins + Minerals,619.00,BRITISH BIOLOGICALS LTD.
COL-RED POWDER 200GM,,254.54,BRITISH BIOLOGICALS LTD.
D-PROTIN MF 500GM,,541.88,BRITISH BIOLOGICALS LTD.
PRO-PL VF 500GM,Protein supplement (Vegetarian formula),619.00,BRITISH BIOLOGICALS LTD.
BILK-1 200MG POWDER 200GM,,225.00,BRITISH BIOLOGICALS LTD.
PRO-PL LITE 200GM,Low-calorie Protein supplement,427.00,BRITISH BIOLOGICALS LTD.
FERTIPRO W SACHET 5.G,,29.37,BRITISH BIOLOGICALS LTD.
KIDS PRO CF 500GM,Protein + Vitamins + Minerals (for children),667.50,BRITISH BIOLOGICALS LTD.
VIBRANTE TAB 10S,,90.00,CADILA PHARMA LTD MEGNASTAR
ACIBAN 20MG TABS 10'S,,34.78,CADILA PHARMA LTD MEGNASTAR
ACIBAN 40MG TABS 10'S,,57.19,CADILA PHARMA LTD MEGNASTAR
ACIBAN-DSR CAP 10'S,,92.81,CADILA PHARMA LTD MEGNASTAR
OLVAS AM TAB 1*10,,109.88,CADILA PHARMA LTD MEGNASTAR
CALCIROL SOFT GEL CAP 1*4,,206.56,CADILA PHARMA LTD MEGNASTAR
ENVAS 10MG TAB  1*15,,77.20,CADILA PHARMA LTD MEGNASTAR
ENVAS 2.5 MG TAB  1*15,,30.45,CADILA PHARMA LTD MEGNASTAR
ENVAS 5 MG TAB  1*15,,50.63,CADILA PHARMA LTD MEGNASTAR
POLYCAP CAP  1*15,,361.78,CADILA PHARMA LTD MEGNASTAR
CALCIROL GRANULES  1*1GM,,52.88,CADILA PHARMA LTD MEGNASTAR
LOSIUM 50MG TAB 1*30'S,,121.41,CADILA PHARMA LTD MEGNASTAR
LOSIUM H TAB 30S,,245.06,CADILA PHARMA LTD MEGNASTAR
ENVAS H TAB 10S,,74.06,CADILA PHARMA LTD MEGNASTAR
OLVAS 20MG TAB 10S,,102.19,CADILA PHARMA LTD MEGNASTAR
ZYCIN 500MG TABS 3'S,,58.65,CADILA PHARMA PLT (MAGFAM)
ZYCIN 250MG TABS 6'S,,267.56,CADILA PHARMA PLT (MAGFAM)
FLUDAC 10 MG CAP  1*10,,27.27,CADILA PHARMA PLT (MAGFAM)
FLUDAC 60 MG CAP  1*10,,89.38,CADILA PHARMA PLT (MAGFAM)
FLUDAC SUP  1*60ML,,63.75,CADILA PHARMA PLT (MAGFAM)
LMX 250 MG TAB 1*10,,61.50,CADILA PHARMA PLT (MAGFAM)
LMX 500 MG TAB 1*6,,65.16,CADILA PHARMA PLT (MAGFAM)
ACILOC 150 TAB  30S,,21.06,CADILA PHARMA PLT (MAGFAM)
ACILOC RD TAB  10S,,33.28,CADILA PHARMA PLT (MAGFAM)
ZYCIN REDADY MIX SYP  30ML,,79.14,CADILA PHARMA PLT (MAGFAM)
CADILOSE 200ML,,192.94,CADILA PHARMA PLT (MAGFAM)
CADILOSE 60ML,,57.88,CADILA PHARMA PLT (MAGFAM)
ACILOC INJ  2ML,,5.10,CADILA PHARMA PLT (MAGFAM)
MIGON 10MG TAB,,41.34,CADILA PHARMA SAMATHA
MIGON PLUS TAB 10X10 T,,58.12,CADILA PHARMA SAMATHA
LEVECAD 500 TAB 10'S,,107.81,CADILA PHARMA SAMATHA
MIGON 5MG TAB 10S,,20.63,CADILA PHARMA SAMATHA
GABLINCAD 75MG,,81.75,CADILA PHARMA SAMATHA
DYNOCAD TAB 10,,467.81,CADILA PHARMA. LTD (EVANEXT)
ALGEST 200MG SOFTGEL CAP 10'S,,213.75,CADILA PHARMA. LTD (EVANEXT)
HAEM UP LIQUID  200ML,,121.41,CADILA PHARMA. LTD (EVANEXT)
HAEM UP GEMS  30 TAB,,165.28,CADILA PHARMA. LTD (EVANEXT)
TRIGAN-D TAB 10'S,Diclofenac + Paracetamol,25.97,CADILA PHARMA. LTD (EVANEXT)
NIFNEXT 100MG SR TAB 10S,,74.29,CADILA PHARMA. LTD (EVANEXT)
FOLNEW SOFT CAP 10S,,90.19,CADILA PHARMA. LTD (EVANEXT)
HAEM UP C TAB 10S,,101.16,CADILA PHARMA. LTD (EVANEXT)
ALGEST SR 300MG TAB 10S,,426.56,CADILA PHARMA. LTD (EVANEXT)
CADISPER C TAB 10'S,Calcium + Vitamin D3 + Vitamin C,21.00,CADILA PHARMA. LTD (EVANEXT)
EZEE WASH 100ML,,161.80,CADILA PHARMA. LTD (EVANEXT)
HAEM UP 100 GEMS,,283.31,CADILA PHARMA. LTD (EVANEXT)
ALGEST SR 200MG TAB 10S,,246.56,CADILA PHARMA. LTD (EVANEXT)
DIVALCAD ER 250 TAB,,53.44,CADILA PHARMA. LTD (NIBBANA)
DIVALCAD ER 500 TAB,,86.86,CADILA PHARMA. LTD (NIBBANA)
ARIPICAD 15MG TAB,,81.75,CADILA PHARMA. LTD (NIBBANA)
HAEMUP FAST TAB 10,,83.25,CADILA PHARMACEUTICALS LTD.
CILEDGE 10MG 21*14,,703.13,CADILA PHARMACEUTICALS LTD.
METSPOT XL 25 10,,31.91,CADILA PHARMACEUTICALS LTD.
METSPOT XL 50 10,,48.36,CADILA PHARMACEUTICALS LTD.
FUNGIBEST TAB 1*1,,12.11,CADILA PHARMACEUTICALS LTD.
RENOCRIT 4K PFS,Erythropoietin (Epoetin Alfa),"1,225.31",CADILA PHARMACEUTICALS LTD.
DOMPERON SUSP 30ML,,39.06,CADILA PHARMACEUTICALS LTD.
TAMBAC 200MG TABS 10'S,,123.05,CADILA PHARMACEUTICALS LTD.
CADOLAC 10MG TABS 10'S,,33.38,CADILA PHARMACEUTICALS LTD.
DOMPERON DROPS 5ML,,50.63,CADILA PHARMACEUTICALS LTD.
LORFAST AM TAB 10'S,,63.75,CADILA PHARMACEUTICALS LTD.
LORFAST MELTAB 30'S,,75.66,CADILA PHARMACEUTICALS LTD.
MYCOBUTOL 600 TAB 10'S,,34.86,CADILA PHARMACEUTICALS LTD.
MYCOBUTOL 400 TAB 10'S,,22.89,CADILA PHARMACEUTICALS LTD.
SYMBIOTIK CAP,,31.08,CADILA PHARMACEUTICALS LTD.
SYMBIOTIK-P TAB 10'S,,18.19,CADILA PHARMACEUTICALS LTD.
VASOGRAIN TAB,,88.13,CADILA PHARMACEUTICALS LTD.
MYCOBUTOL 800MG TAB 10'S,,41.68,CADILA PHARMACEUTICALS LTD.
MYCOBUTOL 1000GM,,93.80,CADILA PHARMACEUTICALS LTD.
RISORINE CAP 6'S,,30.94,CADILA PHARMACEUTICALS LTD.
CHYMOCAD TAB 10'S,,74.91,CADILA PHARMACEUTICALS LTD.
LORFAST MT TAB 10'S,,82.92,CADILA PHARMACEUTICALS LTD.
MOXIGOOD TABS 5S,,100.33,CADILA PHARMACEUTICALS LTD.
RENOCRIT 10000 PFS INJ.,Erythropoietin (Epoetin Alfa),"2,067.38",CADILA PHARMACEUTICALS LTD.
CABBY LS TAB 10'S,Levosulpiride,93.75,CAVIN PHARMACEUTICALS
VOGFIT-M 0.2MG TAB 10S,,95.00,CAVIN PHARMACEUTICALS
VOGFIT-M 0.3MG TAB 10S,,105.00,CAVIN PHARMACEUTICALS
MICRO-P 300SR TAB 10'S,,365.63,CAVIN PHARMACEUTICALS
TENE PLUS M TAB 1,,111.56,CAVIN PHARMACEUTICALS
IRON EDGE XT SYP 200ML,Iron + Folic Acid + Zinc,126.56,CAVIN PHARMACEUTICALS
METVIN 1000MG TAB 10'S,Metformin,34.70,CAVIN PHARMACEUTICALS
METVIN 500MG TAB 10'S,Metformin,22.50,CAVIN PHARMACEUTICALS
CAMO-CV 375MG TAB 10'S,,243.75,CAVIN PHARMACEUTICALS
CAVIFLORA-RD SACHETS 1*1GM,,52.00,CAVIN PHARMACEUTICALS
C-AMO-CV 625 MG TAB 1*1'S,,195.51,CAVIN PHARMACEUTICALS
DAWN D3 POUCH,Cholecalciferol (Vitamin D3),30.00,CAVIN PHARMACEUTICALS
DAWN-D3 DROP 30ML,Cholecalciferol (Vitamin D3),86.25,CAVIN PHARMACEUTICALS
G-9 PROTIN POWDER 250GM,Protein + Multivitamins + Minerals,444.00,CAVIN PHARMACEUTICALS
RHD CAP 10S,,117.18,CAVIN PHARMACEUTICALS
ACITALL-OD TAB 10S,,46.80,CAVIN PHARMACEUTICALS
CABBY TABS,Levosulpiride,103.00,CAVIN PHARMACEUTICALS
TAAVI SYRUP 200ML.,,169.00,CAVIN PHARMACEUTICALS
IRON EDGE TAB 10S,,74.00,CAVIN PHARMACEUTICALS
VOGFIT-0.3MG TAB 10'S,,55.31,CAVIN PHARMACEUTICALS
VOGFIT-02MG TAB 10'S,,45.94,CAVIN PHARMACEUTICALS
TAAVI TAB 10S,,169.00,CAVIN PHARMACEUTICALS
CAVIFLORA SACHET 1GM,Probiotic (Lactic Acid Bacillus),19.92,CAVIN PHARMACEUTICALS
ISOLACT POWDER 90G,,182.81,CAVIN PHARMACEUTICALS
AID GEL,Diclofenac + Linseed Oil + Menthol + Methyl Salicylate,76.87,CAVIN PHARMACEUTICALS
DAWN-D3(SHOTS)ORAL SOLUTION 4*1*5ML,,243.75,CAVIN PHARMACEUTICALS
METVIN-G1 TAB 10'S,Glimepiride + Metformin,46.88,CAVIN PHARMACEUTICALS
METVIN-G2 TAB 10'S,Glimepiride + Metformin,60.00,CAVIN PHARMACEUTICALS
TENE PLUS TAB 3S,,74.06,CAVIN PHARMACEUTICALS
RHD-20 CAP 10S,,45.94,CAVIN PHARMACEUTICALS
MONO FIBER POW 90GM,,258.10,CAVIN PHARMACEUTICALS
SWEET FREE JAR,,151.30,CAVIN PHARMACEUTICALS
F-TRACIN TAB 10S,,115.00,CAVIN PHARMACEUTICALS
METVIN-TRIO-2MG TAB 10'S,Glimepiride + Metformin + Pioglitazone,98.40,CAVIN PHARMACEUTICALS
METVIN-TRIO-1MG TAB 10'S,Glimepiride + Metformin + Pioglitazone,89.00,CAVIN PHARMACEUTICALS
METVIN G1 FORTE TAB 10'S,Glimepiride + Metformin,56.25,CAVIN PHARMACEUTICALS
METVIN G2 FORTE TAB 10'S,Glimepiride + Metformin,65.63,CAVIN PHARMACEUTICALS
TAAVI LCQ TAB 10,,390.00,CAVIN PHARMACEUTICALS
IRON EDGE LACTO TAB 10'S,,490.00,CAVIN PHARMACEUTICALS
SPORAFIX-100 CAP 1*4,,56.25,CAVIN PHARMACEUTICALS
SPORAFIX-200CAP 4S,,101.25,CAVIN PHARMACEUTICALS
MITOBRAIN TAB 10'S,Piracetam + Vitamins,750.00,CELAGENEX RESEARCH INDIA PVT LTD
JUVIANA PLUS CAP 10S,,525.00,CELAGENEX RESEARCH INDIA PVT LTD
NUREWIRE CAP 10'S,Methylcobalamin + Alpha Lipoic Acid,549.00,CELAGENEX RESEARCH INDIA PVT LTD
SEVENDOR TAB 10'S,Sevelamer,249.00,CELAGENEX RESEARCH INDIA PVT LTD
GLIBRANTA TAB,Glibenclamide,"1,199.00",CELAGENEX RESEARCH INDIA PVT LTD
REJUVANCE  TAB,,225.00,CELAGENEX RESEARCH INDIA PVT LTD
CHOLIN SYRUP 100ML,,250.00,CELAGENEX RESEARCH INDIA PVT LTD
MUSCLAR 6MG TAB 10,,200.00,CELAGENEX RESEARCH INDIA PVT LTD(CCD)
JUVIANA CAP 10S,,267.00,CELAGENEX RESEARCH INDIA PVT LTD(CCD)
MYOREVAL TAB 1*10'S,,699.00,CELAGENEX RESEARCH INDIA PVT LTD(CCD)
GLYPASS 10MG TAB 1*10'S,,112.50,CELAGENEX RESEARCH INDIA PVT LTD(CCD)
GLYPASS M 500MG TAB 1*10'S,,131.25,CELAGENEX RESEARCH INDIA PVT LTD(CCD)
GLYPASS M-1000MG TAB 1*10'S,,149.06,CELAGENEX RESEARCH INDIA PVT LTD(CCD)
GLYPASS V 10/100MG TAB 1*10'S,,210.94,CELAGENEX RESEARCH INDIA PVT LTD(CCD)
GLYPASS DUO TAB 1*10'S,,210.94,CELAGENEX RESEARCH INDIA PVT LTD(CCD)
PLAQSTAT-10MG TAB 1*10'S,,92.81,CELAGENEX RESEARCH INDIA PVT LTD(CCD)
PLAQSTAT-20MG TAB 1*10'S,,139.69,CELAGENEX RESEARCH INDIA PVT LTD(CCD)
PLAQSTAT-ASP 10/75 CAPS 1*10'S,,92.81,CELAGENEX RESEARCH INDIA PVT LTD(CCD)
PLAQSTAT-ASP 20/75MG CAPS 1*10'S,,124.69,CELAGENEX RESEARCH INDIA PVT LTD(CCD)
PLAQSTAT-GOLD 10/75MG CAPS 1*10'S,,124.69,CELAGENEX RESEARCH INDIA PVT LTD(CCD)
PLAQSTAT-GOLD 20/75MG CAPS 1*10'S,,186.56,CELAGENEX RESEARCH INDIA PVT LTD(CCD)
GLYPASS TRIO 500 TAB 10,,205.31,CELAGENEX RESEARCH INDIA PVT LTD(CCD)
HOPENTA SYRUP 100ML,Cyproheptadine + Multivitamins,"1,199.00",CELAGENEX RESEARCH INDIA PVT LTD(NEURO)
MAGLADENSE SYRP 100ML,Magaldrate + Simethicone,499.00,CELAGENEX RESEARCH INDIA PVT LTD(NEURO)
ALTIBRAIN CAP 1*30'S,,"1,780.00",CELAGENEX RESEARCH INDIA PVT LTD(NEURO)
REJIYANA CAP 10'S,Multivitamins + Antioxidants,252.00,CELAGENEX RESEARCH INDIA PVT LTD(NEURO)
MAGLADENSE TAB 10'S,Magaldrate + Simethicone,249.00,CELAGENEX RESEARCH INDIA PVT LTD(NEURO)
PFILEPTOR TAB,,99.00,CELAGENEX RESEARCH INDIA PVT LTD(NEURO)
PFILEPTOR SYRUP,Sodium Valproate,249.00,CELAGENEX RESEARCH INDIA PVT LTD(NEURO)
ZUBILANCE TAB 10'S,Levosulpiride + Rabeprazole,195.00,CELAGENEX RESEARCH INDIA PVT LTD(NEURO)
BYZEPTA  TAB 10'S,,"1,067.00",CELAGENEX RESEARCH(INDIA)PVT.LTD.G.Y.
CHEERFOL TAB 1*10'S,,199.00,CELAGENEX RESEARCH(INDIA)PVT.LTD.G.Y.
EQOQ TAB 1*10'S,,599.00,CELAGENEX RESEARCH(INDIA)PVT.LTD.G.Y.
OLIGONORM TAB 10'S,,699.00,CELAGENEX RESEARCH(INDIA)PVT.LTD.G.Y.
FIBROSURE TAB 1*10'S,,467.81,CELAGENEX RESEARCH(INDIA)PVT.LTD.G.Y.
BYZEPTA PLUS TAB 14'S,,"2,500.00",CELAGENEX RESEARCH(INDIA)PVT.LTD.G.Y.
EQOQ 34MG TAB 7'S,,"2,500.00",CELAGENEX RESEARCH(INDIA)PVT.LTD.G.Y.
CENTRIVIVI 200 TAB 10S,,"1,999.00",CELAGENEX RESEARCH(INDIA)PVT.LTD.STROCK.
CENTRIVIVE CAPSULES 30,Multivitamins + Multiminerals,"2,669.00",CELAGENEX RESEARCH(INDIA)PVT.LTD.STROCK.
ALTIBRAIN S CAP 10'S,Omega-3 + Ginkgo Biloba + Vitamins,445.00,CELAGENEX RESEARCH(INDIA)PVT.LTD.STROCK.
AGABEN DUSTING POWDER 1% 75GM,,107.81,CIAGA
AGAMINE CALAMINE LOTION 100ML,,222.50,CIAGA
CEYSUN SUN SCREEN LOTION 50ML,,310.61,CIAGA
CLOBCIA CREAM 30GM,,129.38,CIAGA
CIACLIN CLEANSING LOTION 125ML,,200.25,CIAGA
CIAGTRA-100MG CAP. 10'S,,175.03,CIAGA
CIAGTRA-200MG CAP. 10'S,,232.26,CIAGA
CIALITE CREAM 20GM,,166.88,CIAGA
CIAWITE CREAM 15GM,,333.75,CIAGA
MEGAMOIST CREAM 100GM,,222.50,CIAGA
MEGAMOIST LOTION 100ML,,222.50,CIAGA
HUMALOG KWIKPEN JUNIOR 100U/ML 5PEN,,936.00,CIPLA LTD
LYUMJEV KWIK PEN 1*1,,"1,187.10",CIPLA LTD
LYUMJEV CARTRIDGE 5*1,,"5,196.73",CIPLA LTD
BASAGLAR CARTRIDGES 5*3ML,Insulin Glargine,"3,260.00",CIPLA LTD
HUMALOG 100 CART 5'S 3ML,Insulin Lispro,"5,989.00",CIPLA LTD
HUMALOG MIX 25 CART'5,,"5,989.00",CIPLA LTD
HUMALOG MIX 50 CART'5,,"5,445.00",CIPLA LTD
HUMALOG 100IU KWIK PEN,Insulin Lispro,"1,244.00",CIPLA LTD
HUMALOG MIX 50 KWIK PEN,Insulin Lispro Protamine + Insulin Lispro,"1,368.00",CIPLA LTD
HUMALOG MIX 25 KWIKPEN 100IUML,,"1,368.00",CIPLA LTD
TRULICITY 0.75MG,Dulaglutide,"5,154.19",CIPLA LTD
TRULICITY 1.5MG/0.5ML*2PEND,,"5,154.19",CIPLA LTD
HUMALOG 200U/ML KWIK PEN,,"1,535.00",CIPLA LTD
QDEE CAP  1*15,,307.05,DD NUTRITIONS (INDIA)
MAXZEE CAP  1*10,,176.22,DD NUTRITIONS (INDIA)
CC3 TAB 1*40TAB,,384.05,DD NUTRITIONS (INDIA)
GLOIT TAB  1*10,,226.95,DD NUTRITIONS (INDIA)
REDNEXT SYP  1*150ML,,88.11,DD NUTRITIONS (INDIA)
VITABIG SYP  1*200ML,,81.88,DD NUTRITIONS (INDIA)
HG 9 SACH,,41.83,DD NUTRITIONS (INDIA)
SAVE JOINT SACHET,Glucosamine + Chondroitin + Collagen,25.31,DD NUTRITIONS (INDIA)
STEVICAL TAB 100S,,131.25,DD NUTRITIONS (INDIA)
HERBOLACT TAB 10S,,56.25,DEPSONS PHARMA
FOLICTIN GEL 10GM,Folic Acid (Topical),48.75,DEPSONS PHARMA
FOLISPOR SB POWDER,,28.48,DEPSONS PHARMA
PEPMAX TAB 10'S,Digestive Enzymes,89.00,DEPSONS PHARMA
FEXOLIV TAB 10'S,Fexofenadine,78.75,DEPSONS PHARMA
CETRAMON TAB 10'S,,46.88,DEPSONS PHARMA
OSSIMAX TABS 10's,,91.88,DEPSONS PHARMA
LAXHER LIQUID 100ML,Lactulose,99.00,DEPSONS PHARMA
KLINODERM CREAM 25GM,Clindamycin,102.00,DEPSONS PHARMA
FOLICTIN TABS 10'S,Folic Acid,29.06,DEPSONS PHARMA
FOLIMAX TABS 10'S,Folic Acid,16.27,DEPSONS PHARMA
STIC TABS 10'S,Multivitamins,53.44,DEPSONS PHARMA
DETAB PLUS TABS 10'S,Multivitamins + Minerals,81.00,DEPSONS PHARMA
DP-50 TABS 10'S,,17.81,DEPSONS PHARMA
FOLISPOR TABS 10'S,Cefixime,56.70,DEPSONS PHARMA
FOLICTIN DROPS 30ML,Folic Acid,56.25,DEPSONS PHARMA
KLD LOTION 50ML,Ketoconazole,105.00,DEPSONS PHARMA
FOLISPOR DRY SYRUP 60ML,Cefixime,61.88,DEPSONS PHARMA
FOLIRED TABS 30'S,Iron + Folic Acid,45.00,DEPSONS PHARMA
FOLICTIN SYP 100ML,Folic Acid,72.19,DEPSONS PHARMA
APTIRICH SYP 200ML,Cyproheptadine + Multivitamins,81.56,DEPSONS PHARMA
FOLIMAX 12 TAB 10'S,L-Methylfolate + Vitamin B12,42.19,DEPSONS PHARMA
DETAB 10'S,,9.23,DEPSONS PHARMA
KLINODERM DPR 25GR.,,92.81,DEPSONS PHARMA
FOLIMAX PLUS TAB,Folic Acid + Vitamins,56.25,DEPSONS PHARMA
FOLIRED SYP 200ML.,,92.81,DEPSONS PHARMA
LINHERB 60TABS,,300.00,DEPSONS PHARMA
FOLIRED Z TAB 10'S,,15.47,DEPSONS PHARMA
LAXHER JAR 100 GR,,103.13,DEPSONS PHARMA
ANZEE TAB 10'S,Azithromycin,56.25,DEPSONS PHARMA
FOLIRED XT TAB 1*10,,51.56,DEPSONS PHARMA
LAXHER POUCH 10'S 5GM,,9.38,DEPSONS PHARMA
B12-SL TAB 10'S,Methylcobalamin (Sublingual),43.31,DEPSONS PHARMA
STIC T TAB 10S,,150.00,DEPSONS PHARMA
STIC MF TAB 10S,,168.75,DEPSONS PHARMA
HERBOLACT  BOTTEL 1S,,196.88,DEPSONS PHARMA
URTIMAX  TAB 30S,,97.50,DEPSONS PHARMA
URTIMAX SYRUP 100ML,Potassium Citrate,93.75,DEPSONS PHARMA
LAXHER TAB 10S,,65.63,DEPSONS PHARMA
LAXHER LIQUID 200ML,,177.19,DEPSONS PHARMA
URTIMAX SPRAY 1*30ML,,180.00,DEPSONS PHARMA
FOLIMAX D3 FORTE TAB 10S,,107.70,DEPSONS PHARMA
FOLIMAX PLUS D3 TAB 10,,84.38,DEPSONS PHARMA
VEANA CR 200 10'S,,30.19,DYCINE PHARMA
RISDIL PLUS 10'S,,42.19,DYCINE PHARMA
REVOZIP 0.25 10'S,,14.53,DYCINE PHARMA
REVOZIP 2 10'S,,47.81,DYCINE PHARMA
VEANA CR-300 TAB  1*10,,56.25,DYCINE PHARMA
ONBAXIN 12.5MG 10S,,97.97,DYCINE PHARMA
HUMAPEN SAVVIO,,937.50,ELI LILLY & CO.(I) PVT.LTD.
ENERGLITE PB EFFERVESCENT 12 TAB,,360.00,ENICAR PHARMACEUTICALS PVT.LTD.
ALGATE O SYRUP,Sodium Alginate + Sodium Bicarbonate + Calcium Carbonate,213.00,ENICAR PHARMACEUTICALS PVT.LTD.
ENERGVIT TONIC SYRUP 220ML,Multivitamins + Minerals,204.00,ENICAR PHARMACEUTICALS PVT.LTD.
ALGATE SYRUP 200ML,Sodium Alginate + Sodium Bicarbonate + Calcium Carbonate,192.00,ENICAR PHARMACEUTICALS PVT.LTD.
ALLERZY-DC SYRUP 110ML,Dextromethorphan + Chlorpheniramine,99.00,ENICAR PHARMACEUTICALS PVT.LTD.
ALLERZY-X SYRUP 110ML,Levocetirizine,99.00,ENICAR PHARMACEUTICALS PVT.LTD.
ALLERZY-LM SYRUP 50ML,Levocetirizine + Montelukast,99.00,ENICAR PHARMACEUTICALS PVT.LTD.
SUPRANERV PFS 1ML,,187.50,ERIS LIFE LTD (ALTIZA)
GINKOCER TABS 10`S,,139.69,ERIS LIFE LTD (ALTIZA)
CERESTAR CAPS 10S,,165.94,ERIS LIFE LTD (ALTIZA)
SOBRIUM 10MG TABS 10S NR,,77.18,ERIS LIFE LTD (ALTIZA)
LEVROXA-500MG TAB 10'S,,107.81,ERIS LIFE LTD (ALTIZA)
GINKOCER M CAP 10'S,,136.88,ERIS LIFE LTD (ALTIZA)
NOXGTN 2.6MG TAB 30'S,Nitroglycerin,210.00,FINECURE PHARMACEUTICALS LTD.
ROSEVAST CV CAP 10/75MG 10'S,Rosuvastatin + Clopidogrel,107.81,FINECURE PHARMACEUTICALS LTD.
GLIMEFINE MV2 FORTE TAB 10'S,,103.13,FINECURE PHARMACEUTICALS LTD.
SITGLYPT M 50/500 MG TAB 15'S,,106.88,FINECURE PHARMACEUTICALS LTD.
SITGLYPT M 50/1000MG TAB 10'S,,89.06,FINECURE PHARMACEUTICALS LTD.
SITGLYPT 100MG TAB 1*15'S,,125.16,FINECURE PHARMACEUTICALS LTD.
TELSART-CH TAB 10'S,,72.19,FINECURE PHARMACEUTICALS LTD.
NOXGTN 6.4MG TAB 30'S,Nitroglycerin,239.06,FINECURE PHARMACEUTICALS LTD.
DIABNERVE NP TAB 10'S,Nortriptyline + Pregabalin,150.00,FINECURE PHARMACEUTICALS LTD.
SITGLYPT D 10/100MG TAB 10'S,Dapagliflozin + Sitagliptin,147.19,FINECURE PHARMACEUTICALS LTD.
RAMM 2.5MG TAB 10'S,Ramipril,36.56,FINECURE PHARMACEUTICALS LTD.
RAMM 5MG TAB 10'S,Ramipril,58.13,FINECURE PHARMACEUTICALS LTD.
SITGLYPT DM 500MG TAB 10'S,Sitagliptin + Metformin,154.69,FINECURE PHARMACEUTICALS LTD.
ROSEVAST F TAB 10'S,,113.44,FINECURE PHARMACEUTICALS LTD.
ATVAST-40MG TAB 10'S,,126.56,FINECURE PHARMACEUTICALS LTD.
DIABNERVE GOLD TAB 10'S,Methylcobalamin + Alpha Lipoic Acid + Vitamins,170.00,FINECURE PHARMACEUTICALS LTD.
DIABNERVE PM TAB 10'S,Pregabalin + Methylcobalamin,101.25,FINECURE PHARMACEUTICALS LTD.
GLIMEFINE M1 TAB 10'S,Glimepiride + Metformin,71.00,FINECURE PHARMACEUTICALS LTD.
GLIMEFINE M2 TAB 10'S,Glimepiride + Metformin,88.59,FINECURE PHARMACEUTICALS LTD.
GLIMEFINE MV1 TAB,Glimepiride + Metformin + Voglibose,86.25,FINECURE PHARMACEUTICALS LTD.
NEVELOL AM 10GM TAB 10'S,,90.00,FINECURE PHARMACEUTICALS LTD.
NEVELOL 5MG TAB 10'S,Nebivolol,75.94,FINECURE PHARMACEUTICALS LTD.
NEVELOL 2.5MG TAB 10'S,Nebivolol,46.88,FINECURE PHARMACEUTICALS LTD.
GLIMEFINE MV2 TAB 10'S,Glimepiride + Metformin + Voglibose,170.00,FINECURE PHARMACEUTICALS LTD.
NEVELOL-H TAB 10'S,Nebivolol + Hydrochlorothiazide,92.00,FINECURE PHARMACEUTICALS LTD.
ROSEVAST 10MG TAB 10'S,,70.31,FINECURE PHARMACEUTICALS LTD.
ROSEVAST GOLD 10MG CAP 10'S,Rosuvastatin + Aspirin + Clopidogrel,189.84,FINECURE PHARMACEUTICALS LTD.
TELSART 20MG TAB 10'S,,32.81,FINECURE PHARMACEUTICALS LTD.
TELSART 40MG TAB 10'S,,61.00,FINECURE PHARMACEUTICALS LTD.
TELSART AM 5MG TAB 10'S 10,,81.56,FINECURE PHARMACEUTICALS LTD.
TELSART AMH TAB 10'S,Telmisartan + Amlodipine + Hydrochlorothiazide,80.00,FINECURE PHARMACEUTICALS LTD.
TELSART-H TAB 10'S,Telmisartan + Hydrochlorothiazide,76.88,FINECURE PHARMACEUTICALS LTD.
ATVAST 20MG TAB 10'S,,92.81,FINECURE PHARMACEUTICALS LTD.
DIABFLOZ-10MG TAB 10'S,,107.81,FINECURE PHARMACEUTICALS LTD.
DIABFLOZ-5MG TAB 10'S,,75.00,FINECURE PHARMACEUTICALS LTD.
GLIMEFINE M1 FORTE TAB 10'S,,52.50,FINECURE PHARMACEUTICALS LTD.
METFINE XL-25MG TAB 10'S,Metformin (Extended Release),41.25,FINECURE PHARMACEUTICALS LTD.
METFINE-XL 50MG TAB 10'S,Metformin (Extended Release),60.00,FINECURE PHARMACEUTICALS LTD.
PLUSS D3 GOLD TAB 20'S,,163.00,FINECURE PHARMACEUTICALS LTD.
RBFINE 20MG TAB 10'S,,63.75,FINECURE PHARMACEUTICALS LTD.
RBFINE DSR CAP 15'S,,140.63,FINECURE PHARMACEUTICALS LTD.
ROSEVAST A 10/75 MG CAP 10'S,,91.41,FINECURE PHARMACEUTICALS LTD.
ROSEVAST GOLD 20MG CAP 10'S,Rosuvastatin + Aspirin + Clopidogrel,173.44,FINECURE PHARMACEUTICALS LTD.
ROSEVAST-40MG TAB 15'S,,315.94,FINECURE PHARMACEUTICALS LTD.
TELITEN M 500MG TAB 10'S,,82.50,FINECURE PHARMACEUTICALS LTD.
TELSART-M 25MG TAB 10'S,,107.81,FINECURE PHARMACEUTICALS LTD.
VOGLEBOZ M 0.2MG TAB 10'S,,54.38,FINECURE PHARMACEUTICALS LTD.
VOGLEBOZ M 0.3MG TAB 10'S,,59.06,FINECURE PHARMACEUTICALS LTD.
VOGLEBOZ-0.2MG TAB 10'S,,31.88,FINECURE PHARMACEUTICALS LTD.
VOGLEBOZ-0.3MG TAB 10'S,,45.94,FINECURE PHARMACEUTICALS LTD.
DIABNERVE TAB 10'S,Methylcobalamin + Vitamins,121.88,FINECURE PHARMACEUTICALS LTD.
PLUSS D3 TAB 4'S,Cholecalciferol (Vitamin D3),83.44,FINECURE PHARMACEUTICALS LTD.
VILDATOP M 50/500 TAB 10'S,,63.75,FINECURE PHARMACEUTICALS LTD.
METFINE AM TAB 10,Metformin + Amlodipine,92.00,FINECURE PHARMACEUTICALS LTD.
PPFINE 40 MG TAB 10,,70.31,FINECURE PHARMACEUTICALS LTD.
PPFINE DSR CAP 10'S,,89.06,FINECURE PHARMACEUTICALS LTD.
CLOPCARE 75 TAB 10S,,61.88,FINECURE PHARMACEUTICALS LTD.
CLOPCARE A 75 TAB 10S,,57.19,FINECURE PHARMACEUTICALS LTD.
CLOPCARE A 150 TAB 10S,,58.13,FINECURE PHARMACEUTICALS LTD.
PPFINE D TAB 10,,75.00,FINECURE PHARMACEUTICALS LTD.
BLOC C 5MG TAB 10'S,,41.25,FINECURE PHARMACEUTICALS LTD.
ROSEVAST-5MG TAB 10'S,,51.56,FINECURE PHARMACEUTICALS LTD.
BLOC C 10MG TAB 10'S,Cilnidipine,70.31,FINECURE PHARMACEUTICALS LTD.
TELSART-M 50MG TAB 10'S,,140.63,FINECURE PHARMACEUTICALS LTD.
ROSEVAST A 20/150MG CAP 10'S,,90.94,FINECURE PHARMACEUTICALS LTD.
SILOSTA-100MG TAB 10'S,Cilostazol,135.94,FINECURE PHARMACEUTICALS LTD.
SILOSTA-50MG TAB 10'S,Cilostazol,73.13,FINECURE PHARMACEUTICALS LTD.
RBFINE D TAB 10'S,,68.44,FINECURE PHARMACEUTICALS LTD.
BLOC C 20MG TAB 10'S,Cilnidipine,93.75,FINECURE PHARMACEUTICALS LTD.
METFINE-R 25MG TAB 10'S,Metformin (Regular Release),106.88,FINECURE PHARMACEUTICALS LTD.
PLUSS D3 SACHET 1GM,,21.00,FINECURE PHARMACEUTICALS LTD.
METFINE-R 50MG TAB 10'S,Metformin (Regular Release),150.00,FINECURE PHARMACEUTICALS LTD.
METFINE XL TRIO 25MG TAB 10'S,Metformin + Glimepiride + Pioglitazone,101.00,FINECURE PHARMACEUTICALS LTD.
METFINE XL TRIO 50MG TAB 10'S,Metformin + Glimepiride + Pioglitazone,117.19,FINECURE PHARMACEUTICALS LTD.
TELSART-CH 40/12.5MG TAB 10'S,Telmisartan + Chlorthalidone,84.38,FINECURE PHARMACEUTICALS LTD.
GLIMEFINE MP 2 TAB 10'S,,118.00,FINECURE PHARMACEUTICALS LTD.
GLIMEFINE MP 1 TAB 10'S,,89.06,FINECURE PHARMACEUTICALS LTD.
QUADRIDERM CR 5GM,,58.13,"FULFORD (INDIA ) LTD.,"
ELOCON OINT 5GM,,100.19,"FULFORD (INDIA ) LTD.,"
QUADRIDERM CR 10GM,,98.44,"FULFORD (INDIA ) LTD.,"
ELOCON LOTION 5ML,,109.69,"FULFORD (INDIA ) LTD.,"
SUSTANON 250MG INJ.,,211.88,"FULFORD (INDIA ) LTD.,"
DIPSALIC F OINT 20GM,,118.13,"FULFORD (INDIA ) LTD.,"
SUSTANON 100 INJ,,122.81,"FULFORD (INDIA ) LTD.,"
ELOCON CR.10GM,,196.88,"FULFORD (INDIA ) LTD.,"
ELOCON OINT.10GM,,167.81,"FULFORD (INDIA ) LTD.,"
DIPSALIC F OINT 30GM,,154.69,"FULFORD (INDIA ) LTD.,"
EMOLENE CREAM 100GM,,234.38,"FULFORD (INDIA ) LTD.,"
ELOCON OIT 30GM,,305.63,"FULFORD (INDIA ) LTD.,"
ELOCON CREAM 30GM,,367.50,"FULFORD (INDIA ) LTD.,"
ESTRANON 21S TAB,,285.00,"FULFORD (INDIA ) LTD.,"
BETNESOL 0.5MG TABS 20'S,Betamethasone,17.53,GSK LIMITED  (OPTIVE)
BETNESOL FORTE 20`S,,29.11,GSK LIMITED  (OPTIVE)
BETNESOL ORAL DROPS 15ML,Betamethasone,29.01,GSK LIMITED  (OPTIVE)
BETNESOL INJ. 4MG*5*100*1ML 1ML,,5.09,GSK LIMITED  (OPTIVE)
PHEXIN DRY SYP. 30ML,,143.25,GSK LIMITED  (OPTIVE)
PIRITON EXPEC. 100ML,,128.30,GSK LIMITED  (OPTIVE)
ZODERM E CREAM 1% 50GM,Eberconazole,321.33,GSK LIMITED  (OPTIVE)
BETNESOL N E/E DROPS 5ML,Betamethasone + Neomycin,22.59,GSK LIMITED  (OPTIVE)
PHEXIN DROPS 10ML,,96.56,GSK LIMITED  (OPTIVE)
PHEXIN KID 125 TABS 10`S,,125.62,GSK LIMITED  (OPTIVE)
PHEXIN 500MG CAPS 10`S,,269.63,GSK LIMITED  (OPTIVE)
PHEXIN 250MG CAPS 10`S,,121.50,GSK LIMITED  (OPTIVE)
PHEXIN DISP 250MG TAB 10',,241.73,GSK LIMITED  (OPTIVE)
BANOCIDE FORTE TABS 30'S,Diethylcarbamazine,53.52,GSK LIMITED  (OPTIVE)
LANOXIN 0.25MG TAB 10'S,Digoxin,14.18,GSK LIMITED  (OPTIVE)
ZYLORIC 100MG TABS 10'S,,20.16,GSK LIMITED  (OPTIVE)
PHEXIN BD 750mg TABS 10'S,,399.09,GSK LIMITED  (OPTIVE)
PHEXIN BD 375MG TABS 10',,254.34,GSK LIMITED  (OPTIVE)
ZYLORIC 300MG TABS 10'S,,60.02,GSK LIMITED  (OPTIVE)
FLIXONASE NASALSPRAY 12GM,,576.89,GSK LIMITED  (OPTIVE)
ZENTEL SUSP 10ML,Albendazole,19.11,GSK LIMITED  (OPTIVE)
ZENTEL 400MG TABS 1*10'S,,86.70,GSK LIMITED  (OPTIVE)
FEFOL  CAPS 15'S,,83.34,GSK LIMITED  (OPTIVE)
FEFOL Z CAPS 15'S,Ferrous Sulphate + Folic Acid + Zinc,195.42,GSK LIMITED  (OPTIVE)
PHEXIN RED.SYP 125MG 60ML,,126.33,GSK LIMITED  (OPTIVE)
PIRITON CS SYP.100 ML,,106.41,GSK LIMITED  (OPTIVE)
PHEXIN RED.SYP 250MG 60ML,,239.16,GSK LIMITED  (OPTIVE)
DERMOCALM LOTION 100ML.,,279.66,GSK LIMITED  (OPTIVE)
OILATUM EMOLLIENT 100ML.,,314.70,GSK LIMITED  (OPTIVE)
OILATUM CREAM 40GM.,,131.77,GSK LIMITED  (OPTIVE)
OILATUM BAR 50GM.,,117.61,GSK LIMITED  (OPTIVE)
OILATUM BAR 100GM.,,206.90,GSK LIMITED  (OPTIVE)
OILATUM LOTION 100ML.,,464.20,GSK LIMITED  (OPTIVE)
OILATUM KIDS BAR 50GM.,,117.61,GSK LIMITED  (OPTIVE)
ZIMIVIR 500MG TAB 3'S,Famciclovir,181.85,GSK LIMITED  (OPTIVE)
ZIMIVIR TAB 1 GM 1*3,,273.27,GSK LIMITED  (OPTIVE)
DERMOCALM LOTION 50ML.,,104.20,GSK LIMITED  (OPTIVE)
BETNOVATE C SKIN CREAM 30GM,Betamethasone + Clioquinol,66.42,GSK LIMITED  DERMA ACE TEAM 2
EUMOSONE SKIN CREAM 15G.,,114.38,GSK LIMITED  DERMA ACE TEAM 2
EUMOSONE M SKIN CREAM 15G.,,138.70,GSK LIMITED  DERMA ACE TEAM 2
TENOVATE 15GM OINT.,,123.94,GSK LIMITED  DERMA ACE TEAM 2
GRISOVIN FP TABS 250MG10`,,18.58,GSK LIMITED  DERMA ACE TEAM 2
BETNELAN TABS 20`S,,9.00,GSK LIMITED  DERMA ACE TEAM 2
LONGCET TAB 5MG 15S,,103.13,GSK LIMITED  DERMA ACE TEAM 2
FLUTIVATE E CREAM 30GM,Fluticasone,376.97,GSK LIMITED  DERMA ACE TEAM 2
T-BACT OINT. 5GR.,,108.36,GSK LIMITED  DERMA ACE TEAM 2
BETNOVATE N 20 GR.,,68.90,GSK LIMITED  DERMA ACE TEAM 2
BETNOVATE PLANE SKIN C 20 GM,,22.22,GSK LIMITED  DERMA ACE TEAM 2
BETNOVATE GM 20 GR.,,46.63,GSK LIMITED  DERMA ACE TEAM 2
BETNOVATE(S)SKIN OINT. 20G.,,45.23,GSK LIMITED  DERMA ACE TEAM 2
TENOVATE M SKIN CREAM 15GM,Clobetasol + Miconazole,136.97,GSK LIMITED  DERMA ACE TEAM 2
PHYSIOGEL A.I.BODY LOTION 400ML,,"2,002.50",GSK LIMITED  DERMA ACE TEAM 2
ZOVIRAX 200MG TABS 5'S,Acyclovir,40.63,GSK LIMITED  DERMA ACE TEAM 2
PHYSIOGEL CLEANSER 150ML,Soap-free cleanser,551.00,GSK LIMITED  DERMA ACE TEAM 2
BIDURET L TABS 10'S,,27.33,GSK LIMITED  DERMA ACE TEAM 2
FLUTIBACT OINT 10GM,Fluticasone + Mupirocin,267.80,GSK LIMITED  DERMA ACE TEAM 2
ZOVIRAX 800MG TABS 5'S,Acyclovir,201.16,GSK LIMITED  DERMA ACE TEAM 2
ZOVIRAX SUSP. 100ML,,144.22,GSK LIMITED  DERMA ACE TEAM 2
EMODERM CREAM 50GMS,,82.03,GSK LIMITED  DERMA ACE TEAM 2
ZOVIRAX 400MG TABS 10'S,Acyclovir,145.81,GSK LIMITED  DERMA ACE TEAM 2
FLUTIVATE SKIN OINT 20GM,Fluticasone,218.62,GSK LIMITED  DERMA ACE TEAM 2
FLUTIBACT OINT. 5GM,,101.86,GSK LIMITED  DERMA ACE TEAM 2
ZIMIG CREAM 10GM,,78.52,GSK LIMITED  DERMA ACE TEAM 2
ZIMIG 250MG TABS 7'S,Azithromycin,424.60,GSK LIMITED  DERMA ACE TEAM 2
TENOVATE SK.CREAM 30GM,,160.92,GSK LIMITED  DERMA ACE TEAM 2
VOZET TAB 10'S,,50.02,GSK LIMITED  DERMA ACE TEAM 2
URICOSTAT 40 10'S,,80.72,GSK LIMITED  DERMA ACE TEAM 2
ZODERM E CREAM 30GM.,,90.23,GSK LIMITED  DERMA ACE TEAM 2
T-BACT 10GM CREAM,Mupirocin,218.09,GSK LIMITED  DERMA ACE TEAM 2
TENOVATE GN CREAM 20GM,Clobetasol + Gentamicin + Neomycin,94.22,GSK LIMITED  DERMA ACE TEAM 2
DUOFILM 15ML.,,204.84,GSK LIMITED  DERMA ACE TEAM 2
STIEPROX LIQ.,,226.50,GSK LIMITED  DERMA ACE TEAM 2
PHYSIOGEL DMT MOI LOTION 100ML,Ceramides + Moisturizers,660.00,GSK LIMITED  DERMA ACE TEAM 2
PHYSIOGEL A.I LOTION 100ML,Ceramides + Lipids,730.00,GSK LIMITED  DERMA ACE TEAM 2
PHYSIOGEL DMT CREAM 75G,,740.00,GSK LIMITED  DERMA ACE TEAM 2
PHYSIOGEL A.I.CREAM 50GM,,725.00,GSK LIMITED  DERMA ACE TEAM 2
FLUTIVATE SKIN CREAM 20GM,Fluticasone,370.31,GSK LIMITED  DERMA ACE TEAM 2
T-BACT OINTMENT 15GM,Mupirocin,327.13,GSK LIMITED  DERMA ACE TEAM 2
BIOPATCH 1.9CM/1.5MM ANTIMICRO 1,,613.13,GSK LIMITED NEUROSCIENCE
BIOPATCH 2.5CM/4MM ANTIMICRO 1,,613.13,GSK LIMITED NEUROSCIENCE
BIOPATCH 2.5CM/7MM ANTIMICR 1,,613.13,GSK LIMITED NEUROSCIENCE
OSTOCALCIUM SUSPENSION(BANANA) 200ML,,208.04,GSK LIMITED NEUROSCIENCE
CENTRUM OSTOCAL CHEWABLE(BOTTE L30'TAB,,260.00,GSK LIMITED NEUROSCIENCE
CROCIN 120 SUSPENSION 24MG/ML 100ML,,64.05,GSK LIMITED NEUROSCIENCE
CROCIN 650MG TAB 21*4FREE,,31.65,GSK LIMITED NEUROSCIENCE
CROCIN DROP 100MG/1ML 15ML,,34.10,GSK LIMITED NEUROSCIENCE
CROCIN LIQUID 240MG/5ML 100ML,,108.52,GSK LIMITED NEUROSCIENCE
LAMICTAL DISP 100MG,,215.63,GSK LIMITED NEUROSCIENCE
CROCIN SUSPENSION 48MG 60ML,,71.62,GSK LIMITED NEUROSCIENCE
LAMICTAL DISP 50MG,,130.31,GSK LIMITED NEUROSCIENCE
LAMICTAL DISP 25MG,,75.23,GSK LIMITED NEUROSCIENCE
ESPAZINE 5MG TABS 10'S,,27.47,GSK LIMITED NEUROSCIENCE
ESPAZINE 1MG TABS 10'S,,26.34,GSK LIMITED NEUROSCIENCE
ICTACETAM 250MG TAB 10'S,,53.45,GSK LIMITED NEUROSCIENCE
ICTACETAM 500MG TAB 10'S,,100.41,GSK LIMITED NEUROSCIENCE
LAMICTAL DISP 5MG,,40.50,GSK LIMITED NEUROSCIENCE
LAMICTAL(R) XR 100MG TAB  30'S,,523.13,GSK LIMITED NEUROSCIENCE
LAMICTAL(R) XR 200MG TAB  30'S,,703.13,GSK LIMITED NEUROSCIENCE
LAMICTAL(R)XR 50MG 30'S,,421.88,GSK LIMITED NEUROSCIENCE
CROCIN ADVANCE 500MG TAB 20'S,,19.31,GSK LIMITED NEUROSCIENCE
BECADEXAMIN CAPS 60`S,,115.50,GSK LIMITED TEAM (ALTUS)
ELTROXIN 88 TAB 60,Levothyroxine,105.11,GSK LIMITED TEAM (ALTUS)
FORTUM 250MG VIAL**,,62.03,GSK LIMITED TEAM (ALTUS)
FORTUM 1GM VIAL,,199.41,GSK LIMITED TEAM (ALTUS)
SUPACEF INJ.250MG VIAL,,59.53,GSK LIMITED TEAM (ALTUS)
SUPACEF INJ.750MG VIAL,,244.00,GSK LIMITED TEAM (ALTUS)
CEFTUM CAP 125MG 4`S,,103.27,GSK LIMITED TEAM (ALTUS)
CEFTUM CAP 250MG 4`S,,198.38,GSK LIMITED TEAM (ALTUS)
ELTROXIN TABS 100MCG 120'S,Levothyroxine,168.84,GSK LIMITED TEAM (ALTUS)
SUPACEF INJ 1.5 GM,,361.87,GSK LIMITED TEAM (ALTUS)
ELTROXIN 75MG**,Levothyroxine,189.72,GSK LIMITED TEAM (ALTUS)
CEFSPAN 100MG 10S',,68.16,GSK LIMITED TEAM (ALTUS)
ZOVIRAX I.V. 250MG 5ML,,499.43,GSK LIMITED TEAM (ALTUS)
BIDURET TABS 10'S,,44.91,GSK LIMITED TEAM (ALTUS)
CEFTUM TAB 500MG 10'S,,552.97,GSK LIMITED TEAM (ALTUS)
ELTROXIN TAB 12.5MCG. 120'S,Levothyroxine,189.72,GSK LIMITED TEAM (ALTUS)
ELTROXIN TAB 37.5MCG 120'S,Levothyroxine,187.86,GSK LIMITED TEAM (ALTUS)
CEFSPAN 200MG CAPS 4'S,,83.48,GSK LIMITED TEAM (ALTUS)
HEPITEC TAB 14`S,,565.00,GSK LIMITED TEAM (ALTUS)
ELTROXIN TAB 50MG**,Levothyroxine,114.03,GSK LIMITED TEAM (ALTUS)
FORTUM ES 2GM.VIAL,,464.91,GSK LIMITED TEAM (ALTUS)
CCM TABS 250MG TAB 40`S 1,,561.56,GSK LIMITED TEAM (ALTUS)
CARZEC 6.25MG TAB 10,,42.44,GSK LIMITED TEAM (ALTUS)
ELTROXIN 25MG TAB**,Levothyroxine,185.79,GSK LIMITED TEAM (ALTUS)
CALPOL T TAB 15'S NRX,,115.73,GSK LIMITED TEAM (ALTUS)
AVAMYS NASAL SPARY 10G,,458.77,GSK LIMITED TEAM (ALTUS)
ELTROXIN TAB 125MG.,Levothyroxine,108.32,GSK LIMITED TEAM (ALTUS)
FLUTIVATE CREAM 10GM,,166.36,GSK LIMITED TEAM 2 ETT
FLUTIVATE E CREAM 10GM,,97.97,GSK LIMITED TEAM 2 ETT
TOPGRAF OINT .03% 10GM,,162.28,GSK LIMITED TEAM 2 ETT
TOPGRAF OINT .1% 10GM,,415.45,GSK LIMITED TEAM 2 ETT
BREVOXYL CREAM 20GM,,105.84,GSK LIMITED TEAM 2 ETT
BREVOXYL CREAMY WASH 50GM,,130.69,GSK LIMITED TEAM 2 ETT
SPECTRABAN SENSITIVE 30GM,,241.19,GSK LIMITED TEAM 2 ETT
ACNE-AID BAR 50GM.,,69.46,GSK LIMITED TEAM 2 ETT
ACNE-AID BAR 100GM.,,128.76,GSK LIMITED TEAM 2 ETT
SARNA LOTION 60GM,,107.69,GSK LIMITED TEAM 2 ETT
ANSOLAR LOTION SPF 60ML.,,614.10,GSK LIMITED TEAM 2 ETT
ANSOLAR GEL CREAM SPF 30,,845.50,GSK LIMITED TEAM 2 ETT
CLINDOXYL GEL 10GM.,,450.00,GSK LIMITED TEAM 2 ETT
ACNE-AID WASH 60G,,179.02,GSK LIMITED TEAM 2 ETT
CETZIN TABS 10`S,,16.22,GSK LIMITED TEAM 8
CETZIN SYP. 60ML,,35.03,GSK LIMITED TEAM 8
ZUPAR TABS 10`S,,10.45,GSK LIMITED TEAM 8
VENTORLIN SYP. 100ML,,14.86,GSK LIMITED TEAM 8
VENTORLIN EXPT.120 ML,,11.36,GSK LIMITED TEAM 8
SERETIDE ACCU.100MG,,509.48,GSK LIMITED TEAM 8
SERETIDE ACCUH 50/250MCG,,813.28,GSK LIMITED TEAM 8
SERETIDE ACCUH 50/500MCG,,932.81,GSK LIMITED TEAM 8
SERETIDE 250 EVOHALER 1'S,,551.81,GSK LIMITED TEAM 8
SHIELD OINT. 15GM,,87.60,GSK LIMITED TEAM 8
GLACEX CAPS 10'S,,85.00,GSK LIMITED TEAM 8
CETZIN A TABS 10'S,,41.91,GSK LIMITED TEAM 8
ZEMETRIL 250MG.TABS 6`S,,266.58,GSK LIMITED TEAM 8
ZEMETRIL 500MG.TABS 6`S,,491.11,GSK LIMITED TEAM 8
CARZEC 3.125MG TAB 10'S,,25.22,GSK LIMITED TEAM 8
BENITEC 20 10'S,,76.91,GSK LIMITED TEAM 8
BENITEC 40 10'S,,137.47,GSK LIMITED TEAM 8
ROSUTEC 5 TAB 10'S,,60.66,GSK LIMITED TEAM 8
ROSUTEC 10 TAB 10'S,,106.60,GSK LIMITED TEAM 8
ANGIOTEC TAB 10'S,,70.78,GSK LIMITED TEAM 8
COBADEX FORTE CAPS 15'S,,23.44,GSK LIMITED TEAM CTC 6
DILOSYN EXPT. 115ML,,69.00,GSK LIMITED TEAM CTC 6
DILOSYN TABS 10`S,,18.14,GSK LIMITED TEAM CTC 6
DILOSYN SYP. 115ML,,50.77,GSK LIMITED TEAM CTC 6
COBADEX SYP. 120ML,,15.94,GSK LIMITED TEAM CTC 6
DAPSONE 100MG TABS 1000'S,,437.99,GSK LIMITED TEAM CTC 6
ACTIFED DM SYP. 100ML,,67.73,GSK LIMITED TEAM CTC 6
ZEVIT CAPS 30'S,,39.47,GSK LIMITED TEAM CTC 6
FESOVIT SPANS CAPS 30'S,,176.48,GSK LIMITED TEAM CTC 6
ZINETAC 150MG TABS 10`S,,21.21,GSK LIMITED TEAM PC2 (FORTIOR)
ZINETAC 300MG TABS 10`S,,16.59,GSK LIMITED TEAM PC2 (FORTIOR)
CALPOL 500MG + TABS 15'S,,14.26,GSK LIMITED TEAM PC2 (FORTIOR)
CALPOL 120MG SUSP.60ML,,37.80,GSK LIMITED TEAM PC2 (FORTIOR)
NEOSPORIN ANTIBIOTIC OINT.10GM,,123.38,GSK LIMITED TEAM PC2 (FORTIOR)
NEOSPORIN H OINT.5GM,,86.35,GSK LIMITED TEAM PC2 (FORTIOR)
NEOSPORIN POWDER. 10 GM,,107.15,GSK LIMITED TEAM PC2 (FORTIOR)
NEOSPORIN H DROPS 5 ML,,101.55,GSK LIMITED TEAM PC2 (FORTIOR)
NEOSPORIN SKIN OINTMENT 30GM,,240.00,GSK LIMITED TEAM PC2 (FORTIOR)
CALPOL PAED DROPS 15ML,Paracetamol,30.98,GSK LIMITED TEAM PC2 (FORTIOR)
AUGMENTIN IV 1.2GM**,Amoxicillin + Clavulanic Acid,151.21,GSK LIMITED TEAM PC2 (FORTIOR)
AUGMENTIN IV 600MG,Amoxicillin + Clavulanic Acid,108.24,GSK LIMITED TEAM PC2 (FORTIOR)
AUGMENTIN I.V.300MG,,77.06,GSK LIMITED TEAM PC2 (FORTIOR)
AUGMENTIN DUO SY 30ML,,64.42,GSK LIMITED TEAM PC2 (FORTIOR)
CALPOL 650MG + TABS 15'S,,32.04,GSK LIMITED TEAM PC2 (FORTIOR)
COBADEX CZS 15'S,,128.00,GSK LIMITED TEAM PC2 (FORTIOR)
CALPOL 250MG. SUSP.60ML,,42.84,GSK LIMITED TEAM PC2 (FORTIOR)
ENTEROPLUS (TM) CAP 10S,,280.00,GSK LIMITED TEAM PC2 (FORTIOR)
ENTEROPLUS (TM) SACHET 1S,,35.00,GSK LIMITED TEAM PC2 (FORTIOR)
CALPOL 1000MG TAB,,569.85,GSK LIMITED TEAM PC2 (FORTIOR)
AUGMENTIN ES SUSP 642.9MG/5ML 50MLIN,,230.38,GSK LIMITED TEAM PC2 (FORTIOR)
AUGMENTIN 375MG TABS 10'S,,259.64,GSK LIMITED TEAM PC2 (FORTIOR)
AUGMENTIN DUO 1GM TAB 10'S,,681.98,GSK LIMITED TEAM PC2 (FORTIOR)
AUGMENTIN 625MG DUO T.10S,,195.39,GSK LIMITED TEAM PC2 (FORTIOR)
AUGMENTIN DDS SYP 30ML.,,196.13,GSK LIMITED TEAM PC2 (FORTIOR)
OBESIGO POWDER 400GM,,755.61,HEXAGON NUTRITION PVT.LTD
PEDIA GOLD POW MANGO 400GM,,545.00,HEXAGON NUTRITION PVT.LTD
PEDIA GOLD VENILA POW 400GM,,545.00,HEXAGON NUTRITION PVT.LTD
OBESIGO CHOCOLATE 7*50GM,,755.61,HEXAGON NUTRITION PVT.LTD
OBESIGO MANGO 7*50GM,,755.61,HEXAGON NUTRITION PVT.LTD
ASHVAGANDHA TAB 120'S,Withania somnifera (Ashwagandha),390.00,HIMALAYA DRUG COMPANY (OTX)
RUMALAYA FORTE TABS 30,,131.25,HIMALAYA DRUG COMPANY (OTX)
RUMALAYA GEL 30G,,112.50,HIMALAYA DRUG COMPANY (OTX)
TENTEX ROYAL CAPS 10S,,234.38,HIMALAYA DRUG COMPANY (OTX)
KOFLET H LONG GIN FL 6S,Ginger + Clove + Honey-based herbal blend,28.00,HIMALAYA DRUG COMPANY (OTX)
KOFLET H LONG ORAN FL 6S,Ginger + Clove + Honey-based herbal blend,28.00,HIMALAYA DRUG COMPANY (OTX)
KOFLET LOZEN.(STANDUP POUCH) 10'S,Yashtimadhu + Tulsi + Ginger,25.00,HIMALAYA DRUG COMPANY (OTX)
KOFLET LOZENGES(160+40FREE),Yashtimadhu + Tulsi + Ginger,375.00,HIMALAYA DRUG COMPANY (OTX)
KOFLET SYP 100ML,Vasaka + Tulsi + Honey + Licorice,117.00,HIMALAYA DRUG COMPANY (OTX)
RUMALIYA LINIM. 60ML,,168.00,HIMALAYA DRUG COMPANY (OTX)
RUMALIYA TAB 60S,,112.50,HIMALAYA DRUG COMPANY (OTX)
GASEX SYP ELI FL 200ML,Trikatu + Ajwain + Jeera + Herbal carminatives,131.25,HIMALAYA DRUG COMPANY (OTX)
GASEX SYP G\L FL 200ML,,93.75,HIMALAYA DRUG COMPANY (OTX)
GASEX TABS 100S,Trikatu + Ajwain + Jeera + Digestive herbs,187.50,HIMALAYA DRUG COMPANY (OTX)
HIMCOCID SUSP MINT 200ML,Shankh Bhasma + Amalaki + Yashtimadhu,135.94,HIMALAYA DRUG COMPANY (OTX)
HIMCOCID SUSP BANANA 200M,Shankh Bhasma + Amalaki + Yashtimadhu,135.94,HIMALAYA DRUG COMPANY (OTX)
HIMCOCID SUSP SAUNF  200M,,155.00,HIMALAYA DRUG COMPANY (OTX)
ASHVAGANDHA TAB 60'S,Withania somnifera (Ashwagandha),240.00,HIMALAYA DRUG COMPANY (OTX)
BRAHMI CAPS 60S,,135.00,HIMALAYA DRUG COMPANY (OTX)
GOKSHURA CAPS 60S,,200.00,HIMALAYA DRUG COMPANY (OTX)
GUDUCHI CAPS 60S,Tinospora cordifolia (Guduchi),220.00,HIMALAYA DRUG COMPANY (OTX)
NEEM CAPS 60S,,240.00,HIMALAYA DRUG COMPANY (OTX)
TULASI CAPS 60S,,93.75,HIMALAYA DRUG COMPANY (OTX)
KOFLET SF LINCTUS 100ML,,93.75,HIMALAYA DRUG COMPANY (OTX)
AYURSLIM CAPSUL 3*60,Garcinia Cambogia + Guggulu + Triphala + Herbal extracts,320.00,HIMALAYA DRUG COMPANY (OTX)
AYURSLIM TEA 2G 10S,,84.38,HIMALAYA DRUG COMPANY (OTX)
AYURSLIM TAB 1*30,,210.94,HIMALAYA DRUG COMPANY (OTX)
Q-DEE(IMMUNITY)TAB 1*8'S,,37.50,HIMALAYA DRUG COMPANY (OTX)
KOFLET LOZENGES(60+15FREE),Yashtimadhu + Tulsi + Ginger,140.00,HIMALAYA DRUG COMPANY (OTX)
KOFLET-SF LOZENGES(GIN.MINT.F) 10N*6'S,Sugar-free herbal lozenges (Tulsi + Ginger),36.00,HIMALAYA DRUG COMPANY (OTX)
KOFLET-SF LOZENGES(LEMON LIME. 6S,,28.13,HIMALAYA DRUG COMPANY (OTX)
ORO-T ORAL RINSE LIQUID 200ML,Clove oil + Peppermint oil,164.06,HIMALAYA DRUG COMPANY (ZEAL)
QUISTA KIDZ 200GM POWDER C/F,,470.00,HIMALAYA DRUG COMPANY (ZEAL)
QUISTA PRO CHOC 1KG POWDER 1KG,,"2,225.00",HIMALAYA DRUG COMPANY (ZEAL)
PILEX FORTE  TABS 30S,,140.63,HIMALAYA DRUG COMPANY (ZEAL)
ORO-T ORAL RINSE LIQUID 100ML,,135.94,HIMALAYA DRUG COMPANY (ZEAL)
QUISTA KIDZ VENILA F 200GM POW 200,,285.00,HIMALAYA DRUG COMPANY (ZEAL)
RENALKA SYRUP 200ML,,126.56,HIMALAYA DRUG COMPANY (ZEAL)
QUISTA DN 200GM VANILLA,,400.00,HIMALAYA DRUG COMPANY (ZEAL)
TULASI SYP 200 ML,,121.88,HIMALAYA DRUG COMPANY (ZEAL)
DIABECON DS TABS 60,,285.00,HIMALAYA DRUG COMPANY (ZEAL)
DIABECON TABS 60,,164.06,HIMALAYA DRUG COMPANY (ZEAL)
OXITARD CAPS 10S,,75.00,HIMALAYA DRUG COMPANY (ZEAL)
RENALKA SUSP 100ML,Varuna + Gokshura + Punarnava,120.00,HIMALAYA DRUG COMPANY (ZEAL)
CONFIDO TABS 60S,,192.19,HIMALAYA DRUG COMPANY (ZEAL)
HIMCOLIN GEL 30G,,276.56,HIMALAYA DRUG COMPANY (ZEAL)
LIV 52 DROPS 60ML,Capparis spinosa + Cichorium intybus,155.00,HIMALAYA DRUG COMPANY (ZEAL)
OPHTACARE EYE DROPS 10ML,,84.38,HIMALAYA DRUG COMPANY (ZEAL)
PILEX FORTE OINT 30G,Lajjalu + Nagkesar + Herbal extracts,150.00,HIMALAYA DRUG COMPANY (ZEAL)
PILEX TABS 60S,Herbal anti-hemorrhoidal formulation,250.00,HIMALAYA DRUG COMPANY (ZEAL)
PURIM TABS 60S,Neem + Turmeric + Manjistha,140.63,HIMALAYA DRUG COMPANY (ZEAL)
TENTEX FORTE 10S,Ashwagandha + Kapikacchu + Shilajit,131.25,HIMALAYA DRUG COMPANY (ZEAL)
BLEMINOR ANTI BLE CRE 30M,,178.13,HIMALAYA DRUG COMPANY (ZEAL)
CLARINA ANTI ACNE CR 30G,,192.00,HIMALAYA DRUG COMPANY (ZEAL)
CLARINA ANTI ACNE FACE WASH GEL 60ML,,133.50,HIMALAYA DRUG COMPANY (ZEAL)
DIAREX TABS 30S,,103.13,HIMALAYA DRUG COMPANY (ZEAL)
HAIRZONE SOL 60ML,,293.70,HIMALAYA DRUG COMPANY (ZEAL)
HERBOLEX CAPS 10S,,60.94,HIMALAYA DRUG COMPANY (ZEAL)
HERBOLEX TABS 100S,,173.44,HIMALAYA DRUG COMPANY (ZEAL)
LIV 52 HB CAPS 1*10,,164.06,HIMALAYA DRUG COMPANY (ZEAL)
LIV 52 SYP 100ML,Capparis spinosa + Cichorium intybus,140.00,HIMALAYA DRUG COMPANY (ZEAL)
LIV 52 SYP 200ML,Capparis spinosa + Cichorium intybus,234.00,HIMALAYA DRUG COMPANY (ZEAL)
LIV 52 TABS 100S,Capparis spinosa + Cichorium intybus,220.00,HIMALAYA DRUG COMPANY (ZEAL)
TALEKT CAPS 60S,,140.63,HIMALAYA DRUG COMPANY (ZEAL)
TALEKT SYP 120ML,,56.25,HIMALAYA DRUG COMPANY (ZEAL)
DIAREX SYP 100ML,,89.06,HIMALAYA DRUG COMPANY (ZEAL)
AMALAKI CAPS. 60S,,140.63,HIMALAYA DRUG COMPANY (ZEAL)
HADJOD CAPS 60S,,240.00,HIMALAYA DRUG COMPANY (ZEAL)
SHALLAKI CAPS 60S,,165.00,HIMALAYA DRUG COMPANY (ZEAL)
TRIPHALA CAPS 60,Amla + Haritaki + Bibhitaki,275.00,HIMALAYA DRUG COMPANY (ZEAL)
ABANA TABS 60S,,201.56,HIMALAYA DRUG COMPANY (ZEAL)
AACTARIL SOAP 75GM.,,106.80,HIMALAYA DRUG COMPANY (ZEAL)
ANTI HAIR LOSS CREAM 100M,,311.50,HIMALAYA DRUG COMPANY (ZEAL)
QUISTA ACTIVE 200G CF,,391.60,HIMALAYA DRUG COMPANY (ZEAL)
QUISTA DN 400G VANILLA FLAVOUR,,550.00,HIMALAYA DRUG COMPANY (ZEAL)
ACNE N PIMPLE CREAM  20GM,,42.19,HIMALAYA DRUG COMPANY JINDAL
FOOTCARE CREAM  20GM,,46.88,HIMALAYA DRUG COMPANY JINDAL
GREEN TEA 2G 10S,,56.25,HIMALAYA DRUG COMPANY JINDAL
EVECARE FORTE SYP 200ML,Ashoka + Lodhra,257.00,HIMALAYA DRUG COMPANY ZANDRA
PLATENZA TAB 20'S,Papaya leaf extract + Giloy,164.06,HIMALAYA DRUG COMPANY ZANDRA
PURE HANDS ADVANCE BLUE 500ML,,222.50,HIMALAYA DRUG COMPANY ZANDRA
PURE HANDS ADVANCE 750ML,,667.50,HIMALAYA DRUG COMPANY ZANDRA
FLORASANTE CAP 10'S,,280.00,HIMALAYA DRUG COMPANY ZANDRA
EVECARE CAPSULS 30S,,150.00,HIMALAYA DRUG COMPANY ZANDRA
EVECARE SYP 200ML,Ashwagandha + Amla + Chyawanprash base,215.00,HIMALAYA DRUG COMPANY ZANDRA
LIV 52 DS SYP 100,Double strength liver herbs,206.25,HIMALAYA DRUG COMPANY ZANDRA
LIV 52 DS TABS 60,Double strength liver herbs,281.25,HIMALAYA DRUG COMPANY ZANDRA
LUKOL TABS 60,Ashoka + Lodhra + Shatavari,253.00,HIMALAYA DRUG COMPANY ZANDRA
MENOSAN TABS 30,,131.25,HIMALAYA DRUG COMPANY ZANDRA
REOSTO TABS 30,,112.50,HIMALAYA DRUG COMPANY ZANDRA
SPEMAN TABS 60S,Kapikacchu + Gokshura,248.00,HIMALAYA DRUG COMPANY ZANDRA
STYPLON TABS 30S,,154.69,HIMALAYA DRUG COMPANY ZANDRA
V GEL 30G,Aloe vera + Herbal vaginal care blend,140.00,HIMALAYA DRUG COMPANY ZANDRA
LUKOL SYP 200ML,,159.38,HIMALAYA DRUG COMPANY ZANDRA
GERIFORTE TABS 100S,,145.31,HIMALAYA DRUG COMPANY ZANDRA
GERIFORTE SYP 200ML,Double strength liver herbs,173.44,HIMALAYA DRUG COMPANY ZANDRA
HARIDRA CAPS 60S,,103.13,HIMALAYA DRUG COMPANY ZANDRA
KARELA CAPS 60S,,136.00,HIMALAYA DRUG COMPANY ZANDRA
LASUNA CAPS 60S,,140.63,HIMALAYA DRUG COMPANY ZANDRA
SHATAVARI TAB 60'S,Asparagus racemosus,275.00,HIMALAYA DRUG COMPANY ZANDRA
LIV 52 DS SYP 200,Double strength liver herbs,351.00,HIMALAYA DRUG COMPANY ZANDRA
IMMUSANTE TAB 20S,,84.38,HIMALAYA DRUG COMPANY ZANDRA
HIOWNA MOM CHO POWDER  200G,,231.40,HIMALAYA DRUG COMPANY ZANDRA
SERPINA TAB 100S 100,,154.69,HIMALAYA DRUG COMPANY ZANDRA
PURE HANDS 500ML(LEMON),,222.50,HIMALAYA DRUG COMPANY ZEAL
PURE HANDS 100 ML(LEMON),,44.50,HIMALAYA DRUG COMPANY ZEAL
GENTLE BABY WASH 100 ML,,71.20,HIMALAYA DRUG COMPANY ZEAL
PURE HANDS (ORNG) 85ML,,37.38,HIMALAYA DRUG COMPANY ZEAL
PURE HANDS 100 ML(STRAWBERRY),,44.50,HIMALAYA DRUG COMPANY ZEAL
CHIROPEX CREAM 30G,,75.00,HIMALAYA DRUG COMPANY ZEAL
CLARINA ANTI ACNE KIT,,226.95,HIMALAYA DRUG COMPANY ZEAL
CLEARVITAL ANTI WRINKLE G,,89.00,HIMALAYA DRUG COMPANY ZEAL
HIOWNA CH FL 200G,,222.50,HIMALAYA DRUG COMPANY ZEAL
PARTY SMART CAP  5S,,56.25,HIMALAYA DRUG COMPANY ZEAL
KOFLET EX LINCTUS 100ML,Vasaka + Honey,117.19,HIMALAYA DRUG COMPANY ZENITH
BADE FAYDE KA WINTER BOX,,"2,831.09",HIMALAYA DRUG COMPANY ZENITH
MENTAT DS SYRUP SF 100ML,Brahmi + Mandukaparni,240.00,HIMALAYA DRUG COMPANY ZENITH
CLARINA ANTI ACNE FACE MASK 1*75ML,,91.67,HIMALAYA DRUG COMPANY ZENITH
BONNISAN LIQ 200ML 200,Dill oil + Fennel,160.00,HIMALAYA DRUG COMPANY ZENITH
PURE HANDS ADVANCE PINK 500ML,,222.50,HIMALAYA DRUG COMPANY ZENITH
HIORA K TOOTH PASTE 100GM,Potassium nitrate + Herbal extracts,160.00,HIMALAYA DRUG COMPANY ZENITH
BRESOL SYRUP 200ML,Tulsi + Turmeric + Vasaka,196.88,HIMALAYA DRUG COMPANY ZENITH
BONNISAN DROPS 30ML,Dill oil + Fennel + Herbal carminatives,105.00,HIMALAYA DRUG COMPANY ZENITH
BRESOL TABS 60,,182.81,HIMALAYA DRUG COMPANY ZENITH
HIMPLASIA TABS 10,Gokshura + Shilajit,222.66,HIMALAYA DRUG COMPANY ZENITH
BONNISAN LIQ 100ML,Dill oil + Fennel,84.38,HIMALAYA DRUG COMPANY ZENITH
BONNISPAZ DROP 15ML,Dill oil + Antispasmodic herbs,79.69,HIMALAYA DRUG COMPANY ZENITH
BRESOL SYP 100ML,,75.00,HIMALAYA DRUG COMPANY ZENITH
CYSTONE SYP 100ML,,103.13,HIMALAYA DRUG COMPANY ZENITH
HIORA-K-MOUTHWASH 150ML,Clove + Mint + Antiseptic herbs,97.90,HIMALAYA DRUG COMPANY ZENITH
HIORA GA GEL 15ML,Clove oil + Potassium nitrate,103.00,HIMALAYA DRUG COMPANY ZENITH
HIORA-K TOOTHPASTE 50G,Potassium nitrate + Herbal extracts,97.90,HIMALAYA DRUG COMPANY ZENITH
HIORA-MOUTHWASH REG 150ML,,89.00,HIMALAYA DRUG COMPANY ZENITH
HIORA SG GEL 10G,,75.00,HIMALAYA DRUG COMPANY ZENITH
KOFLET H LONG LEM FL 6S,,25.31,HIMALAYA DRUG COMPANY ZENITH
LIV 52 DROPS 100ML,,98.44,HIMALAYA DRUG COMPANY ZENITH
MENTAT SYP 200ML,,234.38,HIMALAYA DRUG COMPANY ZENITH
MENTAT TAB 60S,Brahmi + Mandukaparni,168.75,HIMALAYA DRUG COMPANY ZENITH
SEPTILIN DROP 60ML,,56.25,HIMALAYA DRUG COMPANY ZENITH
SEPTILIN SYPP 200ML,Guduchi + Licorice + Amla,225.00,HIMALAYA DRUG COMPANY ZENITH
SEPTILIN TABS 60S,Guduchi + Licorice,275.00,HIMALAYA DRUG COMPANY ZENITH
CYSTONE TABS 60S,Pashanbheda + Gokshura,220.31,HIMALAYA DRUG COMPANY ZENITH
SHIGRU CAPS 60S,,140.63,HIMALAYA DRUG COMPANY ZENITH
HIOWNA KIDS POW CHOC.  200G,,222.50,HIMALAYA DRUG COMPANY ZENITH
CYSTONE SYRUP 200ML,Pashanbheda + Gokshura,271.00,HIMALAYA DRUG COMPANY ZENITH
HIORA TOOTHPASTE 50G.,,57.85,HIMALAYA DRUG COMPANY ZENITH
REFRESHING BABY LOTION 100ML,,89.00,HIMALAYA DRUG COMPANY ZENITH
CYSTONE FORTE TAB 30'S,Pashanbheda + Gokshura,170.00,HIMALAYA DRUG COMPANY ZENITH
BRESOL NS SALINE NASAL SOLU. 10ML,Saline + Herbal extracts,75.00,HIMALAYA DRUG COMPANY ZENITH
PLATENZA 100ML SYP 100ML,,150.00,HIMALAYA DRUG COMPANY ZENITH
ORGANIC ASHVAGANDHA TAB,,450.00,HIMALAYA DRUG COMPANY ZENITH
SHILAJIT GOLD CAP 20S 20,,515.00,HIMALAYA DRUG COMPANY ZENITH
HIORA-K SENSI-KIT,,111.25,HIMALAYA DRUG COMPNY (H.DENTAL
ORO-T LIQU 200ML 200ML,,140.63,HIMALAYA DRUG COMPNY (H.DENTAL
BABY LOTION 50ML,Aloe vera + Olive oil,53.40,HIMALIYA DRUGS BABY CARE
EXTRA MOISTURIZING SOAP 125,,56.96,HIMALIYA DRUGS BABY CARE
BABY LOTION 400 400ML,,226.95,HIMALIYA DRUGS BABY CARE
EXTRA MOISTURIZING SOAP 75GM,,39.16,HIMALIYA DRUGS BABY CARE
BABY MASSAGE OIL 500ML,,333.75,HIMALIYA DRUGS BABY CARE
PURE HANDS 100ML BOTT (ORENGE),,44.50,HIMALIYA DRUGS BABY CARE
PURE HANDS(LEMON)5LTR,,"2,225.00",HIMALIYA DRUGS BABY CARE
PURE HANDS 100ML(LITCHI),,44.50,HIMALIYA DRUGS BABY CARE
PURE HANDS 100ML(GREEN APPLE),,44.50,HIMALIYA DRUGS BABY CARE
BABY HAIR OIL  100G,,115.70,HIMALIYA DRUGS BABY CARE
HAPPY BABY GIFT PACK 7'S W/RIB,,560.70,HIMALIYA DRUGS BABY CARE
GENTLE BABY SOAP 25 GM,,8.90,HIMALIYA DRUGS BABY CARE
GENTLE BABY SOAP 75 GM,,57.85,HIMALIYA DRUGS BABY CARE
GENTLE BABY WIPES 12,,42.72,HIMALIYA DRUGS BABY CARE
GENTLE BABY WIPES 24,,75.65,HIMALIYA DRUGS BABY CARE
GENTLE BABY WIPES 72,,178.00,HIMALIYA DRUGS BABY CARE
GENTLE BABY BATH 200ML,,120.15,HIMALIYA DRUGS BABY CARE
BABY LOTION 100ML,,97.90,HIMALIYA DRUGS BABY CARE
BABY LOTION 200ML,,155.75,HIMALIYA DRUGS BABY CARE
BABY MASSAGE OIL 100 ML,,106.80,HIMALIYA DRUGS BABY CARE
BABY MASSAGE OIL 200ML,Olive oil + Herbal oils,186.90,HIMALIYA DRUGS BABY CARE
BABY MASSAGE OIL 50 ML,,55.18,HIMALIYA DRUGS BABY CARE
BABY POWDER 100GM,,93.45,HIMALIYA DRUGS BABY CARE
BABY POWDER 200GM,,173.55,HIMALIYA DRUGS BABY CARE
BABY POWDER 400GM,,164.65,HIMALIYA DRUGS BABY CARE
BABY POWDER 50 GM,,48.95,HIMALIYA DRUGS BABY CARE
GENTLE BABY BATH 100ML,,66.75,HIMALIYA DRUGS BABY CARE
GENTLE BABY SHAMPOO 100ML,,97.90,HIMALIYA DRUGS BABY CARE
GENTLE BABY SHAMPOO 200ML,,151.30,HIMALIYA DRUGS BABY CARE
GENTLE BABY SOAP 125 GM,Mild herbal soap base,84.55,HIMALIYA DRUGS BABY CARE
DIAPER RASH CREM 20GM,,75.00,HIMALIYA DRUGS BABY CARE
DIAPER RASH CREAM 50GM,,121.88,HIMALIYA DRUGS BABY CARE
PRICKLYHEAT BABY POW.100,,65.63,HIMALIYA DRUGS BABY CARE
PRICKLYHEAT BABY POW.50GM,,42.19,HIMALIYA DRUGS BABY CARE
BABY CARE BIG GIFT1S WIN,,489.50,HIMALIYA DRUGS BABY CARE
BABY CARE OILGIFT PACKI,,213.60,HIMALIYA DRUGS BABY CARE
BABY CREM 100ML,,133.50,HIMALIYA DRUGS BABY CARE
BABY CREAM 50ML,,84.55,HIMALIYA DRUGS BABY CARE
BABY DIAPERS LARGE 9,,112.50,HIMALIYA DRUGS BABY CARE
PURE HANDS 500ML (ORANGE),,222.50,HIMALIYA DRUGS BABY CARE
BABY CREAM 200ML,,222.50,HIMALIYA DRUGS BABY CARE
GENTLE BABY SOAP 3+1 FREE  4*75GM,,106.80,HIMALIYA DRUGS BABY CARE
GENTLE BABY SOAP 4*75GM,,124.60,HIMALIYA DRUGS BABY CARE
HAPPY BABY GIFT PACK 9'S(BIG),,"1,023.50",HIMALIYA DRUGS BABY CARE
PURE HANDS 100ML TUBE,,44.50,HIMALIYA DRUGS BABY CARE
PURE HANDS 200ML(LITCHI),,89.00,HIMALIYA DRUGS BABY CARE
PURE HANDS 200 ML(STRAWBERRY),,89.00,HIMALIYA DRUGS BABY CARE
NOSIC OD TAB 10'S,,112.50,INDOCO REMEDIES LTD
MULTIFIBRO CAP 10'S,,150.00,INDOCO REMEDIES LTD
TOCO FIBRO CAP 10'S,,356.00,INDOCO REMEDIES LTD
OH D3 PLUS  DROP,,164.40,INDOCO REMEDIES LTD
BACTOGARD 100 DT TAB 10'S,,145.31,INDOCO REMEDIES LTD
CYCLOPAM MF TAB 10'S,,47.34,INDOCO REMEDIES LTD
OXIPOD CV 100 DRY SYP 30ML,,179.44,INDOCO REMEDIES LTD
BACTOGARD CV 50MG DS SYP 30ML,,107.02,INDOCO REMEDIES LTD
BACTOGARD CV 100 DS SYP 30ML 1,,179.44,INDOCO REMEDIES LTD
CYCLOPAM PLUS TAB 10'S,,74.86,INDOCO REMEDIES LTD
XXAPIXABID 2.5MG TAB 10S,,112.50,INDOCO REMEDIES LTD
XXAPIXABID 5MG TAB 10S,,168.75,INDOCO REMEDIES LTD
OXIPOD 50 DT TAB 10,,101.16,INDOCO REMEDIES LTD
TUSPEL PX SYP 100ML.,,19.59,INDOCO REMEDIES LTD
NOXA CREAM 10GM,,145.75,INDOCO REMEDIES LTD
LYGYLAC SACHET 1*1GM,,48.00,INDOCO REMEDIES LTD
LADYBOON TAB 1*14'S,,792.19,INDOCO REMEDIES LTD
CYCLOPAM INJ. 30ML,,67.41,INDOCO REMEDIES LTD
FOSHS SACHET 8G 1*1'S,,342.19,INDOCO REMEDIES LTD
"ALOHA XT TAB 30,S",,401.95,INDOCO REMEDIES LTD
CLOBEN G CREAM 20G 20GM,,149.34,INDOCO REMEDIES LTD
HYPERLACT CAP 30'S,,252.19,INDOCO REMEDIES LTD
CLOBEN G CR.5 GM,,76.64,INDOCO REMEDIES LTD
CLOBEN G CR.15 GM,,126.56,INDOCO REMEDIES LTD
CYCLOPAM TAB.10'S,,62.50,INDOCO REMEDIES LTD
CYCLOPAM SUSP.30 ML,,71.00,INDOCO REMEDIES LTD
CYCLOPAM DROPS 15ML,,81.75,INDOCO REMEDIES LTD
CYCLOPAM INJ.5*2 ML,,35.45,INDOCO REMEDIES LTD
OXIPOD 200 MG TAB 10'S,,178.83,INDOCO REMEDIES LTD
OXIPOD CV 50MG DRY SYR 30ML,,107.02,INDOCO REMEDIES LTD
VEPAN 250 DT TAB.10'S,,42.19,INDOCO REMEDIES LTD
VEPAN 500 DT TAB.10'S,,46.93,INDOCO REMEDIES LTD
CITAL S/F SYP 100ML.,,131.00,INDOCO REMEDIES LTD
OXIPOD 100 DT 10'S,,155.48,INDOCO REMEDIES LTD
OXIPOD 50 DRY SYRUP 1*30ML,,110.63,INDOCO REMEDIES LTD
OXIPOD DROPS 10ML.,,83.25,INDOCO REMEDIES LTD
CYCLOCHEK CAP 10'S,,82.50,INDOCO REMEDIES LTD
OMEGACHEK CAP.10S,,179.06,INDOCO REMEDIES LTD
APISPUR 175ML.,,106.88,INDOCO REMEDIES LTD
OXIPOD 100 DRY SYRUP 30ML,,208.36,INDOCO REMEDIES LTD
CLOBEN DUST. POWDER 100G,,130.45,INDOCO REMEDIES LTD
OH-D3 DROPS 15ML,,34.49,INDOCO REMEDIES LTD
KARVOL CLEAR NAS.SPR.20ML,,36.09,INDOCO REMEDIES LTD
CCZEMS TAB  1*10,,134.40,INDOCO REMEDIES LTD
CITAL -UTI SYP 100ML,,214.00,INDOCO REMEDIES LTD
ALT-FM TAB 10S,,158.81,INDOCO REMEDIES LTD
FEVINDO 400 TAB 10S,,656.25,INDOCO REMEDIES LTD
AZILTENCE-40MG TAB 10S,,130.31,INDOCO REMEDIES LTD
CITAL -UTI 200ML SYP 200,,270.00,INDOCO REMEDIES LTD
CYCLOPAM BIG SYP 60ML,,101.50,INDOCO REMEDIES LTD
NARICOVER LOZENGES TAB 10'S,,100.00,INDOCO REMEDIES LTD
SENSODENT K MOUTHWASH 150ML,,106.88,INDOCO REMEDIES LTD
NOXA CREEM 5GM 5GM,,89.75,INDOCO REMEDIES LTD
NINAF CREAM 20GM,,214.59,INDOCO REMEDIES LTD
OXIPOD CV TAB 10,,346.50,INDOCO REMEDIES LTD
MOFLOREN LP 5ML.,,92.53,INDOCO REMEDIES LTD (EXCEL)
LOTECHEK LS 5ML.,,74.56,INDOCO REMEDIES LTD (EXCEL)
HOMIDE DROPS 5ML,,36.17,INDOCO REMEDIES LTD (EXCEL)
RENOLEN DROPS 10ML.,,76.88,INDOCO REMEDIES LTD (EXCEL)
ZINCOREN DROPS 10ML,,55.78,INDOCO REMEDIES LTD (EXCEL)
MOFLOREN EYE OINM 5GM,,94.86,INDOCO REMEDIES LTD (EXCEL)
IRIVISC EYE DROPS 10ML,,102.58,INDOCO REMEDIES LTD (EXCEL)
XYLOCHEK DROP 10ML.,,49.56,INDOCO REMEDIES LTD (EXCEL)
ALERCHEK DROP 5ML.,,104.06,INDOCO REMEDIES LTD (EXCEL)
MACUCHEK CAP 15'S,,356.25,INDOCO REMEDIES LTD (EXCEL)
AXL CV TAB 6'S,,110.75,INDOCO REMEDIES LTD (EXCEL)
IRIVISC DS EYE DROP 10ML,,128.88,INDOCO REMEDIES LTD (EXCEL)
MOFLOREN KT EYE DROP 5ML.,,106.88,INDOCO REMEDIES LTD (EXCEL)
MOFLOREN D EYE DROP 5ML,,158.44,INDOCO REMEDIES LTD (EXCEL)
TOBAREN -DM EYE DROPS 1*10ML,,84.00,INDOCO REMEDIES LTD (EXCEL)
XYLOCHEK NASAL SPRAY 10ML,,47.98,INDOCO REMEDIES LTD (EXCEL)
TAVAREN EYE DROP 3ML,,585.94,INDOCO REMEDIES LTD (EXCEL)
LORCHEK P  TAB 10'S,,77.34,INDOCO REMEDIES LTD (ORTHO)
LORCHEK MR TAB 10'S,,190.78,INDOCO REMEDIES LTD (ORTHO)
OSTEOCHEK CAP 10'S,,101.63,INDOCO REMEDIES LTD (ORTHO)
SCABEX L LOT. 50ML,,85.75,INDOCO REMEDIES LTD (ORTHO)
SCABEX LOTION 100ML,,125.50,INDOCO REMEDIES LTD (ORTHO)
SCABEX S CR. 20 GM,,33.61,INDOCO REMEDIES LTD (ORTHO)
SPERAFLOX TAB 5'S,,45.00,INDOCO REMEDIES LTD (ORTHO)
CARMICIDE ADULT SYP 100M.,,111.56,INDOCO REMEDIES LTD (ORTHO)
CARMICIDE + CHILD SYRUP 100ML,,96.56,INDOCO REMEDIES LTD (ORTHO)
CITAL H TAB 60'S,,243.00,INDOCO REMEDIES LTD (ORTHO)
LORCHEK MR GEL 20GM,,111.09,INDOCO REMEDIES LTD (ORTHO)
OSTEOCHEK D3 TAB 4'S,,91.43,INDOCO REMEDIES LTD (ORTHO)
OSTEOCHEK K TAB 3'S,,165.00,INDOCO REMEDIES LTD (ORTHO)
TRYBR-D TAB 10',,145.31,INDOCO REMEDIES LTD (ORTHO)
THEOROM CAPS 40S,,356.00,INDOCO REMEDIES LTD (ORTHO)
SPEAR OINTMENT 30GM,,285.94,INDOCO REMEDIES LTD (ORTHO)
BACTOGARD 100MG DS SYRUP 15G/30ML,,175.31,INDOCO REMEDIES LTD (SPADE)
BACTOGARD 50DT TAB 10,,79.31,INDOCO REMEDIES LTD (SPADE)
ZMUN CD TAB 10'S,,120.00,INDOCO REMEDIES LTD (SPADE)
OTOREX DROPS 10ML,,154.59,INDOCO REMEDIES LTD (SPADE)
FEBREX PLUS  60ML SYP,,100.31,INDOCO REMEDIES LTD (SPADE)
ATM 100 SYP 15ML,,53.66,INDOCO REMEDIES LTD (SPADE)
ATM 200 SYP 15ML,,54.66,INDOCO REMEDIES LTD (SPADE)
ATM KID TAB. 3'S,,29.90,INDOCO REMEDIES LTD (SPADE)
ATM 500 TAB  5'S,,125.90,INDOCO REMEDIES LTD (SPADE)
ATM 250 TAB 10'S,,125.47,INDOCO REMEDIES LTD (SPADE)
FEBREX PLUS TAB.15'S,,111.00,INDOCO REMEDIES LTD (SPADE)
FEBREX PLUS DROPS 15ML,,95.62,INDOCO REMEDIES LTD (SPADE)
FEBREX PLUS DS SYP 60ML 60ML,,105.00,INDOCO REMEDIES LTD (SPADE)
ATM XL 100 SYP 30ML.,,103.22,INDOCO REMEDIES LTD (SPADE)
ATM XL 200 SYP 30ML.,,109.31,INDOCO REMEDIES LTD (SPADE)
TRIZ TAB 10'S,,37.03,INDOCO REMEDIES LTD (SPADE)
FEBREX PLUS AF DROPS 15ML,,79.03,INDOCO REMEDIES LTD (SPADE)
FEBREX PLUS AF SYP 60ML.,,84.38,INDOCO REMEDIES LTD (SPADE)
FEBREX CCF TAB 10'S,,42.09,INDOCO REMEDIES LTD (SPADE)
FEBREX LP TAB 10'S,,68.26,INDOCO REMEDIES LTD (SPADE)
FEBREX CCF DROP 15ML.,,49.50,INDOCO REMEDIES LTD (SPADE)
FEBREX CCF SYP 60ML.,,54.38,INDOCO REMEDIES LTD (SPADE)
BACTOGARD 50 DRY SYP,,101.16,INDOCO REMEDIES LTD (SPADE)
BACTOGARD 200MG TAB 10'S,,178.83,INDOCO REMEDIES LTD (SPADE)
DOLINSTA-P TAB 10'S,,57.19,INDOCO REMEDIES LTD (SPADE)
DOLINSTA TAB 10S,,99.69,INDOCO REMEDIES LTD (SPADE)
FEDRIS TAB 10'S,,118.55,INDOCO REMEDIES LTD (SPADE)
BACTOGARD CV 200MG TAB 10S,,346.50,INDOCO REMEDIES LTD (SPADE)
FEBREX PLUS SYRUP 100ML,,94.41,INDOCO REMEDIES LTD (SPADE)
DROPIZIN SYRUP 100ML,,118.75,INDOCO REMEDIES LTD (SPADE)
SUBITRAL 50MG CAP.10'S,,84.38,INDOCO REMEDIES LTD (SPADE)
SUBITRAL DS 100MG CAP.10'S,,157.60,INDOCO REMEDIES LTD (SPADE)
DROPIZIN SF SYRUP 100ML,,112.50,INDOCO REMEDIES LTD (SPERA)
MCBM L TABS,,258.94,INDOCO REMEDIES LTD (SPERA)
METHYCAL 2000MG TAB 10'S,,185.63,INDOCO REMEDIES LTD (SPERA)
HEMSYL 500MG TAB.10'S,,380.00,INDOCO REMEDIES LTD (SPERA)
HEMSYL 250MG TAB.10'S,,163.59,INDOCO REMEDIES LTD (SPERA)
MCBM 69 TAB 15'S,,223.59,INDOCO REMEDIES LTD (SPERA)
METHYCAL TAB 15'S,,271.88,INDOCO REMEDIES LTD (SPERA)
CYCLOMEFF TAB 10'S,,54.38,INDOCO REMEDIES LTD (SPERA)
ABZ SYP 10ML.,,15.60,INDOCO REMEDIES LTD (SPERA)
MCBM DHA CAP 10'S,,208.00,INDOCO REMEDIES LTD (SPERA)
KG-LOW TAB  1*60'S,,587.40,INDOCO REMEDIES LTD (SPERA)
METHYCAL 60K TAB 4'S,,75.00,INDOCO REMEDIES LTD (SPERA)
REXIDIN SRS M/W 150ML,,164.06,INDOCO REMEDIES LTD (WARREN)
TOBAREN DROP 5ML,,86.00,INDOCO REMEDIES LTD (WARREN)
REXIDIN M.WASH 60ML.,,48.75,INDOCO REMEDIES LTD (WARREN)
REXIDIN M.WASH 120ML.,,74.53,INDOCO REMEDIES LTD (WARREN)
SENSOFORM 100GM.,,120.00,INDOCO REMEDIES LTD (WARREN)
REXIDIN PLUS M.WASH 150ML,,157.50,INDOCO REMEDIES LTD (WARREN)
SENOLIN 50GM.,,151.30,INDOCO REMEDIES LTD (WARREN)
SENOLIN 100GM.,,157.50,INDOCO REMEDIES LTD (WARREN)
REXIDIN MOUTH WASH 170ML.,,63.75,INDOCO REMEDIES LTD (WARREN)
LIGNOX 2% ADR 30ML.,,44.53,INDOCO REMEDIES LTD (WARREN)
SENSODENT R 100GM,,120.94,INDOCO REMEDIES LTD (WARREN)
KIDODENT MOUTHWASH 150ML.,,133.59,INDOCO REMEDIES LTD (WARREN)
SM FIBRO CAP 20'S,,367.00,INDOCO REMEDIES LTD (WARREN)
RR SENSOFORM DEN.GEL 80GM,,208.62,INDOCO REMEDIES LTD (WARREN)
MACUCHEK FORTE CAP,,310.00,INDOCO REMEDIES LTD (WARREN)
REXIDIN M FORT GEL 15G,,92.72,INDOCO REMEDIES LTD (WARREN)
SNOWDENT BRUSH,,40.05,INDOCO REMEDIES LTD (WARREN)
SENSOFORM SENS.TOOTH BRUS,,40.94,INDOCO REMEDIES LTD (WARREN)
FLAMAR 3D TAB 10'S,,265.31,INDOCO REMEDIES LTD (WARREN)
SENSODENT KF XPRO 125GM,,155.75,INDOCO REMEDIES LTD (WARREN)
ZAP CAP 10S,,103.13,INDOCO REMEDIES LTD (WARREN)
TURBOCORT TUB 15GM,,151.50,INDOCO REMEDIES LTD (WARREN)
KIDODENT XP 100GM,,170.88,INDOCO REMEDIES LTD (WARREN)
REXIDIN SRS M/W 75ML,,84.38,INDOCO REMEDIES LTD (WARREN)
ROSUCHEK GOLD 10MG CAP 10'S,,127.97,INDOCO REMEDIES LTD. (CND)
FEBUBEST 40 TAB 10,,104.06,INDOCO REMEDIES LTD. (CND)
FEBUBEST 80 TAB 10,,154.69,INDOCO REMEDIES LTD. (CND)
AMCHEK Z TAB 10`S,,113.44,INDOCO REMEDIES LTD. (CND)
AMCHEK 5 TAB 10`S,,27.40,INDOCO REMEDIES LTD. (CND)
AMCHEK 2.5 TAB 10`S,,17.43,INDOCO REMEDIES LTD. (CND)
AMCHEK AT TAB 10`S,,70.31,INDOCO REMEDIES LTD. (CND)
AMCHEK L TAB 10`S,,73.50,INDOCO REMEDIES LTD. (CND)
ROSUCHEK  10 MG TAB 1*10,,107.25,INDOCO REMEDIES LTD. (CND)
ROSUCHEK D TAB 1*10,,137.81,INDOCO REMEDIES LTD. (CND)
OBI-X TAB 60'S,,587.40,INDOCO REMEDIES LTD. (CND)
ROSUCHEK 5 TAB 10S,,57.19,INDOCO REMEDIES LTD. (CND)
OBI-X-SACHET 4.5GM.,,44.50,INDOCO REMEDIES LTD. (CND)
ROSUCHEK-GOOLD 20MG 10'S,,154.69,INDOCO REMEDIES LTD. (CND)
TRUCHARGE CAP 10S,,276.00,INDOCO REMEDIES LTD. FOCUS
ATHEROCHEK 10MG TAB 10'S,,141.84,INDOCO REMEDIES LTD. FOCUS
TUSPEL LS SYP. 100ML,,112.22,INDOCO REMEDIES LTD. FOCUS
TUSPEL PLUS SYP. 100ML,,103.97,INDOCO REMEDIES LTD. FOCUS
INFLACHEK TAB 10'S,,192.09,INDOCO REMEDIES LTD. FOCUS
INFLACHEK D TAB 10'S,,198.00,INDOCO REMEDIES LTD. FOCUS
DURASHAPE TAB 60'S,,534.00,INDOCO REMEDIES LTD. FOCUS
ZILENTA TABS 10S,,107.30,INDOCO REMEDIES LTD. FOCUS
PRAZTAC D CAP 10S,,119.11,INDOCO REMEDIES LTD. FOCUS
ZILENTA M TAB 10,,138.28,INDOCO REMEDIES LTD. FOCUS
PRAZTAC-40 TAB 10S,,61.83,INDOCO REMEDIES LTD. FOCUS
ZILENTA M FORT TAB 10S,,145.78,INDOCO REMEDIES LTD. FOCUS
"DURASHAPE SACHET,4.5G",,60.00,INDOCO REMEDIES LTD. FOCUS
TUSPEL LS 1 SUS 100ML,,122.16,INDOCO REMEDIES LTD. FOCUS
GLYCHEK M 40/500MG TAB 10'S,,118.97,INDOCO REMEDIES(SYNERGY)
PRICHEK GMP 1 MG TAB 10'S,,141.28,INDOCO REMEDIES(SYNERGY)
PRICHEK GMP 2 MG TAB 10'S 10,,187.50,INDOCO REMEDIES(SYNERGY)
TELMICHEK M50 TAB 10' 10,,130.97,INDOCO REMEDIES(SYNERGY)
TELMICHEK AH TAB 10' 10,,117.19,INDOCO REMEDIES(SYNERGY)
ALOJA 25 MG TAB 10,,154.13,INDOCO REMEDIES(SYNERGY)
ALOJA 12.5 MG TAB 10,,90.75,INDOCO REMEDIES(SYNERGY)
ALOJA M TAB 12.5/500MG TAB 10'S,,90.23,INDOCO REMEDIES(SYNERGY)
BILTAL M TAB 7'S,,56.25,INDOCO REMEDIES(SYNERGY)
TELMICHEK-CT 6.25/40MG TAB 1*10,,84.42,INDOCO REMEDIES(SYNERGY)
CALAID XT TAB 15'S,,185.44,INDOCO REMEDIES(SYNERGY)
BITAL-DX SYP 100ML,,107.81,INDOCO REMEDIES(SYNERGY)
BILTAL-DX SYRUP 100ML,,107.81,INDOCO REMEDIES(SYNERGY)
DROTITEC DS TAB 10'S,,140.63,INDOCO REMEDIES(SYNERGY)
DROTITEC TAB 10'S,,79.69,INDOCO REMEDIES(SYNERGY)
DROTITEC INJ. 2ML,,34.69,INDOCO REMEDIES(SYNERGY)
DROTITEC M TAB 10'S,,178.13,INDOCO REMEDIES(SYNERGY)
GLYCHEK M + TAB.10'S,,72.19,INDOCO REMEDIES(SYNERGY)
KARVOL PLUS CAP.10'S,,156.09,INDOCO REMEDIES(SYNERGY)
GLYCHEK-M-FORTE TAB 15'S,,213.84,INDOCO REMEDIES(SYNERGY)
PRICHEK M1 TAB 10'S,,83.44,INDOCO REMEDIES(SYNERGY)
PRICHEK M2 TAB 15'S,,176.16,INDOCO REMEDIES(SYNERGY)
PRICHEK 2MG TAB 10'S,,53.65,INDOCO REMEDIES(SYNERGY)
TELMICHEK 40 TAB 10'S,,106.47,INDOCO REMEDIES(SYNERGY)
TELMICHEK H TAB 10'S,,113.72,INDOCO REMEDIES(SYNERGY)
CAL-AID CAP 15'S,,331.78,INDOCO REMEDIES(SYNERGY)
PRICHEK 1 MG 1*10TAB,,34.65,INDOCO REMEDIES(SYNERGY)
TELMICHEK A TAB 10'S,,105.47,INDOCO REMEDIES(SYNERGY)
J-RING M TAB 10S,,138.28,INDOCO REMEDIES(SYNERGY)
J-RING TAB 10S,,117.66,INDOCO REMEDIES(SYNERGY)
GLYCHEK 60 OD TAB 10S,,121.50,INDOCO REMEDIES(SYNERGY)
GLYCHEK-M 30 OD TAB 10S,,80.25,INDOCO REMEDIES(SYNERGY)
GLYCHEK-M 60 OD TAB 10S,,141.28,INDOCO REMEDIES(SYNERGY)
J-RING M FORTE TAB 10S,,145.78,INDOCO REMEDIES(SYNERGY)
TELMICHEK CT  TAB 10S,,92.62,INDOCO REMEDIES(SYNERGY)
ALOJA M FORTE TAB 12.5/1000MG 1*60TAB,,597.84,INDOCO REMEDIES(SYNERGY)
ALOJA M FORTE TAB 12.5/1000 1*10TAB,,99.64,INDOCO REMEDIES(SYNERGY)
GLYCHEK-40MG TAB 15'S,,69.66,INDOCO REMEDIES(SYNERGY)
GLYCHEK-80MG TAB 15'S,,114.75,INDOCO REMEDIES(SYNERGY)
SENSODENT-K PLUS 50G,,132.61,INDOCO REMEDIES(WARREN ACE)
KIDODENT TOOTHPASTE 60G,,132.43,INDOCO REMEDIES(WARREN ACE)
SENSODENT K FAST RELIEF 125GM,,155.00,INDOCO REMEDIES(WARREN ACE)
SENSODENT K FAST RELIEF 75GM,,120.15,INDOCO REMEDIES(WARREN ACE)
SENSODENT K 60GM.,,86.25,INDOCO REMEDIES(WARREN ACE)
SENSODENT K 120GM.,,133.13,INDOCO REMEDIES(WARREN ACE)
SENSOFORM 60GM.,,97.03,INDOCO REMEDIES(WARREN ACE)
SENSODENT KF 75GM.,,121.49,INDOCO REMEDIES(WARREN ACE)
DENTOGEL LIQUID 20GM.,,83.44,INDOCO REMEDIES(WARREN ACE)
SENSOFORM PAINT 20ML.,,121.41,INDOCO REMEDIES(WARREN ACE)
DENTOGEL GEL 15GM.,,128.44,INDOCO REMEDIES(WARREN ACE)
AMCLAID-625 TAB,,188.05,INDOCO REMEDIES(WARREN ACE)
AMCLAID-375 TAB,,148.13,INDOCO REMEDIES(WARREN ACE)
SNOWDENT 100GM,,186.00,INDOCO REMEDIES(WARREN ACE)
SENOLIN SF 50GM.,,176.22,INDOCO REMEDIES(WARREN ACE)
T-LAC TAB 10'S,,86.25,INDOCO REMEDIES(WARREN ACE)
SENSODENT-K PLUS 100GM,,203.81,INDOCO REMEDIES(WARREN ACE)
SENSODENT KF 125GM,,164.65,INDOCO REMEDIES(WARREN ACE)
SENSOFORM 120GM,,158.44,INDOCO REMEDIES(WARREN ACE)
BEPODROPS 5ML,,164.06,INTAS (ANDRE )LABORATORIES PVT
ANDRE EYE DROPS 10ML,,63.28,INTAS (ANDRE )LABORATORIES PVT
I-KUL EYE DRPOS 10ML,,82.97,INTAS (ANDRE )LABORATORIES PVT
GABAPIN NT 15'S,,468.75,INTAS (ANDRE )LABORATORIES PVT
TRIOCYL PLUS EYE DR.3ML,,53.44,INTAS (ANDRE )LABORATORIES PVT
AVVA SR CAPS 10'S,,87.50,INTAS (ANDRE )LABORATORIES PVT
INTASOL INJ.500ML PLASTIC,,200.63,INTAS (ANDRE )LABORATORIES PVT
DORTAS EYE DRODS 3ML,,297.19,INTAS (ANDRE )LABORATORIES PVT
GFLOTAS D EYE DROP 5ML.,,15.00,INTAS (ANDRE )LABORATORIES PVT
DORTAS-T EYE DROPS 5ML,,515.63,INTAS (ANDRE )LABORATORIES PVT
ECO TEARS 15ML,,123.46,INTAS (ANDRE )LABORATORIES PVT
C-NAC EYE DROPS 10ML.,,230.63,INTAS (ANDRE )LABORATORIES PVT
ANDRE PLUS DROP 10ML.,,77.34,INTAS (ANDRE )LABORATORIES PVT
NU EYE TAB 15'S,,228.73,INTAS (ANDRE )LABORATORIES PVT
ECO TEARS GEL 10ML.,,155.30,INTAS (ANDRE )LABORATORIES PVT
I-KUL NF EYE DROP 10ML,,80.12,INTAS (ANDRE )LABORATORIES PVT
MFLOTAS 5ML,,91.88,INTAS (ANDRE )LABORATORIES PVT
MFLOTAS KT VIAL 5ML.,,106.88,INTAS (ANDRE )LABORATORIES PVT
MFLOTAS LP 5ML,,101.25,INTAS (ANDRE )LABORATORIES PVT
ECOMOIST ULTRA 10ML,,431.25,INTAS (ANDRE )LABORATORIES PVT
BRIMOTAS-T  VAIL,,93.75,INTAS (ANDRE )LABORATORIES PVT
GENFOUR EYE DROPS 5ML,,131.25,INTAS (ANDRE )LABORATORIES PVT
ECO TEARS HA DROPS,,253.59,INTAS (ANDRE )LABORATORIES PVT
MAINTANE ORAL TABS 10`S,,203.87,JAGSONPAL PHARMA LTD.(BONEVA)
METADEC 25 1ML AMP,,243.14,JAGSONPAL PHARMA LTD.(BONEVA)
METADEC 50 1ML AMP,,410.85,JAGSONPAL PHARMA LTD.(BONEVA)
DOXYPAL DR-L CAPS 10`S,,110.80,JAGSONPAL PHARMA LTD.(BONEVA)
MAINTANE 250MG INJ.1ML,,216.18,JAGSONPAL PHARMA LTD.(BONEVA)
PARVON 1000MG SR TAB 10'S,,68.48,JAGSONPAL PHARMA LTD.(BONEVA)
MAINTANE 500MG INJ.2ML,,361.04,JAGSONPAL PHARMA LTD.(BONEVA)
METABOL 25MG INJ.1ML,,80.63,JAGSONPAL PHARMA LTD.(BONEVA)
PARVON FORTE TAB 10`S,,143.72,JAGSONPAL PHARMA LTD.(BONEVA)
CYCLOREG CR 10MG TAB 10'S,,224.49,JAGSONPAL PHARMA LTD.(BONEVA)
COLLA-2 TAB 10S,,460.50,JAGSONPAL PHARMA LTD.(BONEVA)
LYCORED PREG 5GM,,53.30,JAGSONPAL PHARMA LTD.(BONEVA)
LYCORED PLUS TAB 10'S,,280.00,JAGSONPAL PHARMA LTD.(BONEVA)
QUEEZY ER TAB 10'S,,150.00,JAGSONPAL PHARMA LTD.(BONEVA)
PARVOCOX 2MG TAB 10'S,,138.75,JAGSONPAL PHARMA LTD.(BONEVA)
FINEASE TAB 10'S,,311.00,JAGSONPAL PHARMA LTD.(BONEVA)
J.P.TONE UP CAPS 10'S,,113.29,JAGSONPAL PHARMA LTD.(BONEVA)
LYCORED SOFTGELS 10'S,,205.50,JAGSONPAL PHARMA LTD.(BONEVA)
METADEC 100 INJ. 2ML,,456.43,JAGSONPAL PHARMA LTD.(BONEVA)
CYCLOREG TABS 10`S,,57.58,JAGSONPAL PHARMA LTD.(BONEVA)
LYCORED SYP.200ML.,,273.00,JAGSONPAL PHARMA LTD.(BONEVA)
QUEEZY TAB 10'S,,35.16,JAGSONPAL PHARMA LTD.(BONEVA)
DIVACON TAB 21'S,,67.78,JAGSONPAL PHARMA LTD.(BONEVA)
ECLONAC SP 10'S,,91.51,JAGSONPAL PHARMA LTD.(BONEVA)
PARVON SPAS TAB 10S,,42.19,JAGSONPAL PHARMA LTD.(BONEVA)
ECLONAC-P TAB 10'S,,43.28,JAGSONPAL PHARMA LTD.(BONEVA)
INDOCAP CAPS 10`S,,68.48,JAGSONPAL PHARMA LTD.(FEMBON)
J.P.TONE SYP.MIX FRUT 200,,198.04,JAGSONPAL PHARMA LTD.(FEMBON)
INDOCAP SR CAPS 10`S,,168.15,JAGSONPAL PHARMA LTD.(FEMBON)
EQUIREX TABS 10`S,,130.88,JAGSONPAL PHARMA LTD.(FEMBON)
INDOCAP P CAP. 10'S,,77.81,JAGSONPAL PHARMA LTD.(FEMBON)
FOLIREG CD TAB 15'S,,281.25,JAGSONPAL PHARMA LTD.(FEMBON)
INDOCAP GEL 30GM,,178.13,JAGSONPAL PHARMA LTD.(FEMBON)
FEPROTEIN TAB 10'S,,355.50,JAGSONPAL PHARMA LTD.(FEMBON)
DIVATRONE SR 20MG TAB 10'S,,839.06,JAGSONPAL PHARMA LTD.(FEMBON)
EQUIREX-M TAB 15'S,,164.06,JAGSONPAL PHARMA LTD.(FEMBON)
MORDICA DRY SYRUP 30ML,,63.07,JAGSONPAL PHARMA LTD.(FEMBON)
MORDICA 625 TAB 10S,,195.31,JAGSONPAL PHARMA LTD.(FEMBON)
J.P.TONE INJ.2ML,,41.07,JAGSONPAL PHARMA LTD.(FEMBON)
CLADOXIM 200MG TAB 10'S,,273.03,JAGSONPAL PHARMA LTD.(FEMBON)
DIVATRONE TAB 1*10TAB,,622.48,JAGSONPAL PHARMA LTD.(FEMBON)
DEEREG TAB 21'S,,598.13,JAGSONPAL PHARMA LTD.(FEMBON)
FOLIREG TAB 15'S,,260.00,JAGSONPAL PHARMA LTD.NARI DIV
KYRAH TAB 21'S,,258.59,JAGSONPAL PHARMA LTD.NARI DIV
UBELAC WASH 120ML,,200.25,JAGSONPAL PHARMA LTD.NARI DIV
DIVAGEST SR 200MG TAB 10'S,,410.09,JAGSONPAL PHARMA LTD.NARI DIV
DIVAGEST SR 300MG TAB 10'S,,505.70,JAGSONPAL PHARMA LTD.NARI DIV
LYCORED-M-TAB 10'S,,680.00,JAGSONPAL PHARMA LTD.NARI DIV
MEMUP TAB 10'S,,206.25,JAGSONPAL PHARMA LTD.NARI DIV
ENDOREG CAP 14'S,,821.31,JAGSONPAL PHARMA LTD.NARI DIV
VERENA GEL-40GM,,202.58,JAGSONPAL PHARMA LTD.NARI DIV
CYSTELIA 35 TABS 1*21'S,,400.00,JAGSONPAL PHARMA LTD.NARI DIV
YULIPRIST TABS 10S,,"1,338.98",JAGSONPAL PHARMA LTD.NARI DIV
KRAMPOFF TAB 10S,,130.05,JAGSONPAL PHARMA LTD.NARI DIV
FIBRISTONE 25MG TAB 10'S,,617.39,JAGSONPAL PHARMA LTD.NARI DIV
DIVAGEST TAB 10S,,346.88,JAGSONPAL PHARMA LTD.NARI DIV
CYSTELIA-M TAB 10'S,,422.58,JAGSONPAL PHARMA LTD.NARI DIV
ALGOS SPAS TAB NAARI 10'S,,121.88,JAGSONPAL PHARMA LTD.NARI DIV
NAARICAL TAB 15'S,,126.56,JAGSONPAL PHARMA LTD.NARI DIV
PRORETRO TAB 10'S,,515.16,JAGSONPAL PHARMA LTD.NARI DIV
ACTV 24MG TAB 10'S,,103.13,JAGSONPAL PHARMACEUTICALS LTD.
ACTV 24MG M TAB 10'S,,164.06,JAGSONPAL PHARMACEUTICALS LTD.
AMPLUS LB CAP 1*10'S,,124.37,JAGSONPAL PHARMACEUTICALS LTD.
ROWEZY 250MG TAB 1*10'S,,117.95,JAGSONPAL PHARMACEUTICALS LTD.
TRIVITALIN TAB 10'S,,299.00,JAGSONPAL PHARMACEUTICALS LTD.
RUTRIXA B TAB 10'S,,240.00,JAGSONPAL PHARMACEUTICALS LTD.
BISBERRY TAB 10'S,,460.00,JAGSONPAL PHARMACEUTICALS LTD.
LYCAZID M TABS 10'S,,92.85,JAGSONPAL PHARMACEUTICALS LTD.
J.P.TONE GEMS 10'S,,147.19,JAGSONPAL PHARMACEUTICALS LTD.
KONAVIT-ZC 15S TAB,,136.88,"KONVERGE HEALTHCARE PVT,LTD IND"
FESURGE 100MG TAB  15S,,148.13,"KONVERGE HEALTHCARE PVT,LTD IND"
KONAMOX CV DRY SYP  60ML,,99.23,"KONVERGE HEALTHCARE PVT,LTD IND"
KONCAL CT  10S,,174.38,"KONVERGE HEALTHCARE PVT,LTD IND"
KONFLAV-O TAB  10S,,141.67,"KONVERGE HEALTHCARE PVT,LTD IND"
KONTUM ORAL RINSE  120ML,,95.63,"KONVERGE HEALTHCARE PVT,LTD IND"
K-TOR TAB  10S,,191.72,"KONVERGE HEALTHCARE PVT,LTD IND"
RESTOHEAL TAB  15S,,171.03,"KONVERGE HEALTHCARE PVT,LTD IND"
STANOSAFE TAB  30S,,172.50,"KONVERGE HEALTHCARE PVT,LTD IND"
KONAVIT-12 AMP,,15.94,"KONVERGE HEALTHCARE PVT,LTD IND"
KONAVIT RF,,15.87,"KONVERGE HEALTHCARE PVT,LTD IND"
PLECTRA GEL 20GM,,124.69,KOYE ORIGYN PHARMACEUTICAL GY
FEGUS CAP 1'S,,173.72,KOYE ORIGYN PHARMACEUTICAL GY
COELARG SACHETS 5GMS,,35.63,KOYE ORIGYN PHARMACEUTICAL GY
DINOGEST TAB 10'S,,593.44,KOYE ORIGYN PHARMACEUTICAL GY
E-OVA L 2.5 1,,144.16,KOYE ORIGYN PHARMACEUTICAL GY
MODUS 10MG TAB,,67.20,KOYE ORIGYN PHARMACEUTICAL GY
QUAFOLIN CAP 15S,,191.35,KOYE ORIGYN PHARMACEUTICAL GY
GOECYST F TAB 10S,,224.28,KOYE ORIGYN PHARMACEUTICAL GY
PREGCERT-400 CAP 10'S 10S,,547.50,KOYE ORIGYN PHARMACEUTICAL GY
GOECYST DS TAB 10'S,,399.00,KOYE ORIGYN PHARMACEUTICAL GY
COEHB MAX CAP 10'S,,262.50,KOYE ORIGYN PHARMACEUTICAL GY
GOEUTI SUSP. 200ML,,296.00,KOYE ORIGYN PHARMACEUTICAL GY
COEHB TAB 10'S,,156.92,KOYE ORIGYN PHARMACEUTICAL GY
COEHB PLUS   1*10  CAP,,139.22,KOYE ORIGYN PHARMACEUTICAL GY
COEDHEA PLUS 1*10CAP,,338.80,KOYE ORIGYN PHARMACEUTICAL GY
GOECYST CAP 10,,236.50,KOYE ORIGYN PHARMACEUTICAL GY
GOECYST M TAB 15'S,,401.81,KOYE ORIGYN PHARMACEUTICAL GY
PREGCERT-300 SR TAB 10'S,,513.56,KOYE ORIGYN PHARMACEUTICAL GY
PREGCERT-200 SR TAB 10'S,,387.75,KOYE ORIGYN PHARMACEUTICAL GY
PREGCERT-200 CAP 10'S,,274.69,KOYE ORIGYN PHARMACEUTICAL GY
GOEUTI CAP 10'S,,328.60,KOYE ORIGYN PHARMACEUTICAL GY
EOVA M 50MG TAB 5'S,,233.44,KOYE ORIGYN PHARMACEUTICAL GY
EOVA M 100MG TAB 5'S,,327.19,KOYE ORIGYN PHARMACEUTICAL GY
EOVA PLUS 100 TAB 10'S,,420.94,KOYE ORIGYN PHARMACEUTICAL GY
FOSFOE  SACHE 8GM,,472.92,KOYE ORIGYN PHARMACEUTICAL GY
GOESTRESS CAP 15S 15,,438.90,KOYE ORIGYN PHARMACEUTICAL GY
PREGCERT LMF CAP 10,,210.69,KOYE ORIGYN PHARMACEUTICAL GY
MENDATE 10 TAB,,244.55,KOYE ORIGYN PHARMACEUTICAL GY
MENDATE 15 TAB 5S,,128.91,KOYE ORIGYN PHARMACEUTICAL GY
GOEUTI S/F SUSPENSION 100ML,,187.00,KOYE ORIGYN PHARMACEUTICAL GY
DELSY TAB 21'TAB,,565.80,KOYE ORIGYN PHARMACEUTICAL GY
ESURANCE TAB 25'S,,380.06,KOYE ORIGYN PHARMACEUTICAL GY
SPIROVENT I TAB 10,,70.31,KOYE PHARMACEUTICAL (CAIR)
SPIROFORM B.5 MG 7S,,301.88,KOYE PHARMACEUTICAL (CAIR)
SPIROFORM B 1MG 7S,,374.06,KOYE PHARMACEUTICAL (CAIR)
BUDESTE 0.5 RESPULES,,102.05,KOYE PHARMACEUTICAL (CAIR)
BUDESTE 1,,123.05,KOYE PHARMACEUTICAL (CAIR)
SPIROMONT L KID SYRUP 60ML,,70.31,KOYE PHARMACEUTICAL (CAIR)
BILANAIR TAB 10'S,,117.19,KOYE PHARMACEUTICAL (CAIR)
CELIN R SYRUP 100ML,,250.00,KOYE PHARMACEUTICAL (CAIR)
CELIN F CAP 10S,,266.11,KOYE PHARMACEUTICAL (CAIR)
SPIROMONT FA COMBI KIT TAB 20S,,210.94,KOYE PHARMACEUTICAL (CAIR)
BILANAIR SYRUP 60ML,,101.25,KOYE PHARMACEUTICAL (CAIR)
CELIN R CAP 10S,,250.00,KOYE PHARMACEUTICAL (CAIR)
CELIN INJ.6ML,,84.38,KOYE PHARMACEUTICAL (CAIR)
CELIN ZINC TAB 15'S,,60.16,KOYE PHARMACEUTICAL (CAIR)
SPIROMONT FA TAB  1*10,,172.50,KOYE PHARMACEUTICAL (CAIR)
SPIROVENT PLUS 100ML,,82.50,KOYE PHARMACEUTICAL (CAIR)
COELONE 16MG TAB 10S,,81.89,KOYE PHARMACEUTICAL (CAIR)
COELONE 8MG TAB 10S,,53.63,KOYE PHARMACEUTICAL (CAIR)
COELONE 4MG TAB 10S,,35.63,KOYE PHARMACEUTICAL (CAIR)
SPIROVENT PLUS KID SYRUP 60ML,,65.63,KOYE PHARMACEUTICAL (CAIR)
SPIROPIRF TAB 10S,,190.78,KOYE PHARMACEUTICAL (CAIR)
CELIN KID SYRUP 200ML,,225.00,KOYE PHARMACEUTICAL (CAIR)
CELIN KID SYRUP 100ML,,125.00,KOYE PHARMACEUTICAL (CAIR)
SPIROMONT F KID SYRUP 60ML,,98.44,KOYE PHARMACEUTICAL (CAIR)
COEPREG CAP 10,,226.31,KOYE PHARMACEUTICALS (CARDIC)
BENIPACK M 25 10S,,103.13,KOYE PHARMACEUTICALS (CARDIC)
BENIPACK M 50 10S,,112.50,KOYE PHARMACEUTICALS (CARDIC)
BENIPACK CT 12.5 CAP 10,,112.50,KOYE PHARMACEUTICALS (CARDIC)
GLIMIPACK M1 TAB 10,,51.56,KOYE PHARMACEUTICALS (CARDIC)
GLIMIPACK M2 TAB 10,,70.31,KOYE PHARMACEUTICALS (CARDIC)
GLIMIPACK MV 1 TAB 10S,,100.31,KOYE PHARMACEUTICALS (CARDIC)
GLIMOIPACK MV 2 TAB 10S,,131.25,KOYE PHARMACEUTICALS (CARDIC)
GLIMIPACK MV 2/0.3 TAB 10S,,121.88,KOYE PHARMACEUTICALS (CARDIC)
MYELOPACK CAP 15S,,147.19,KOYE PHARMACEUTICALS (CARDIC)
TENIPACK CAP 10S,,92.81,KOYE PHARMACEUTICALS (CARDIC)
BENIPACK T CAP 10S,,112.50,KOYE PHARMACEUTICALS (CARDIC)
BENIPACK TRIO 6.25 TAB 10S,,117.19,KOYE PHARMACEUTICALS (CARDIC)
BENIPACK TRIO 12.5 TAB 10S,,139.69,KOYE PHARMACEUTICALS (CARDIC)
GLICLAPACK 30 CAP 1*30,,168.75,KOYE PHARMACEUTICALS (CARDIC)
GLICLAPACK M TAB 10,,87.19,KOYE PHARMACEUTICALS (CARDIC)
ROSUPACK 10 TAB 10S,,103.13,KOYE PHARMACEUTICALS (CARDIC)
ROSUPACK 20 TAB 10S,,150.00,KOYE PHARMACEUTICALS (CARDIC)
ROSUPACK A TAB 10S,,51.56,KOYE PHARMACEUTICALS (CARDIC)
TELMIPAC 40 TAB 10,,62.79,KOYE PHARMACEUTICALS (CARDIC)
TELMIPACK CL TAB 10S,,81.56,KOYE PHARMACEUTICALS (CARDIC)
TELMIPACK CT TAB 10S,,89.06,KOYE PHARMACEUTICALS (CARDIC)
TELMIPACK TRIO 12.5 TAB 10S,,122.81,KOYE PHARMACEUTICALS (CARDIC)
TELMIPACK TRIO 6.25 TAB,,101.25,KOYE PHARMACEUTICALS (CARDIC)
OBEPACK CAP 15S,,149.00,KOYE PHARMACEUTICALS (CARDIC)
PRUMOTION 1 10,,139.69,KOYE PHARMACEUTICALS P.LTD
PRUMOTION 2 10S,,214.69,KOYE PHARMACEUTICALS P.LTD
ACOSAT TAB 10S,,186.56,KOYE PHARMACEUTICALS P.LTD
LINECA PLUS TAB 10S,,513.75,KOYE PHARMACEUTICALS P.LTD
COERIP TRIO CAP 14S,,784.00,KOYE PHARMACEUTICALS P.LTD
COECORAL ISO CAP 10S,,210.00,KOYE PHARMACEUTICALS P.LTD
COECORAL TOTAL TAB 10S,,408.43,KOYE PHARMACEUTICALS P.LTD
COLATAGE M GRANULES 5ML,,403.13,KOYE PHARMACEUTICALS P.LTD
SPIROMONT-F 180MG TAB 10S,,222.19,KOYE PHARMACEUTICALS P.LTD
LEVOLVE OZ TAB 10'S,,75.94,KOYE PHARMACEUTICALS P.LTD
COEAMOX 625 MG TAB 10'S,,184.55,KOYE PHARMACEUTICALS P.LTD
COEKASTLE AX TAB 10'S,,184.69,KOYE PHARMACEUTICALS P.LTD
DICLOMIST SPRAY 30ML,,292.50,KOYE PHARMACEUTICALS P.LTD
E-TAG SYRUP 100ML,,99.38,KOYE PHARMACEUTICALS P.LTD
COEAMOX DRY SYRUP 30ML,,55.75,KOYE PHARMACEUTICALS P.LTD
COEAMOX FORTE DRY SYRUP 30ML,,126.56,KOYE PHARMACEUTICALS P.LTD
PODXETIL 50 TAB 10S,,70.31,KOYE PHARMACEUTICALS P.LTD
SPIROMONT B TAB 10'S,,111.09,KOYE PHARMACEUTICALS P.LTD
SPIRODIN INJ 1*1 AMP,,557.81,KOYE PHARMACEUTICALS P.LTD
SPIRODIN-AX TAB 10S 10,,89.06,KOYE PHARMACEUTICALS P.LTD
ZOBACTIN 4.5MG INJ,,337.50,KOYE PHARMACEUTICALS P.LTD
COEKASTLE TABS,,112.50,KOYE PHARMACEUTICALS P.LTD
COERIP TABS 30'S,,498.31,KOYE PHARMACEUTICALS P.LTD
COERINGA CAP 10'S,,87.22,KOYE PHARMACEUTICALS P.LTD
COECORTT 6 10'S,,98.44,KOYE PHARMACEUTICALS P.LTD
COECORAL MAX 1*15 CAP,,428.44,KOYE PHARMACEUTICALS P.LTD
COECORAL PLUS CAP 15'S,,395.63,KOYE PHARMACEUTICALS P.LTD
COECORAL CAP 1*15CAP,,128.16,KOYE PHARMACEUTICALS P.LTD
COEVITENZ   1*10  CAP,,328.00,KOYE PHARMACEUTICALS P.LTD
COECORAL D3 TAB 1*15'S,,272.29,KOYE PHARMACEUTICALS P.LTD
COENATTO PLUS  1*10CAP,,169.10,KOYE PHARMACEUTICALS P.LTD
COEKASTLE A TAB,,157.50,KOYE PHARMACEUTICALS P.LTD
LEVOLVE 500 TAB,,61.59,KOYE PHARMACEUTICALS P.LTD
COECORAL 250 TAB 10',,197.00,KOYE PHARMACEUTICALS P.LTD
LINECA TAB 10'S,,467.81,KOYE PHARMACEUTICALS P.LTD
COECORAL D3-500 TAB 10'S,,279.00,KOYE PHARMACEUTICALS P.LTD
SPIROMONT-F TAB 15'S,,252.19,KOYE PHARMACEUTICALS P.LTD
SPIRODIN-650MG TAB 10S,,171.56,KOYE PHARMACEUTICALS P.LTD
COERINGA SYP 175MG,,146.85,KOYE PHARMACEUTICALS P.LTD
COERIP C SACHETS 11GMS,,79.21,KOYE PHARMACEUTICALS P.LTD
AUGXETIL CV 500 TAB 10 S,,435.94,KOYE PHARMACEUTICALS P.LTD
PODXETIL 100 TAB 10S,,111.56,KOYE PHARMACEUTICALS P.LTD
PODXETIL 200 TAB 10S,,154.69,KOYE PHARMACEUTICALS P.LTD
PODXETIL CV TAB 10S,,300.00,KOYE PHARMACEUTICALS P.LTD
SPIRODIN M TAB 10S,,138.75,KOYE PHARMACEUTICALS P.LTD
ITRACOE 100MG CAP 4S,,50.63,KOYE PHARMACEUTICALS P.LTD
ITRACOE 200MG CAP 10S,,215.63,KOYE PHARMACEUTICALS P.LTD
ITRACOE DUSTING POWDER  75GM,,164.06,KOYE PHARMACEUTICALS P.LTD
AUGXETIL 250MG TAB 10S,,195.00,KOYE PHARMACEUTICALS P.LTD
AUGXETIL 500MG TAB 10S,,298.13,KOYE PHARMACEUTICALS P.LTD
COLATAGE B CAP 10S,,345.00,KOYE PHARMACEUTICALS P.LTD
AMUCOE-NAC TAB 10S,,146.25,KOYE PHARMACEUTICALS P.LTD
INDULACT JAR 200GM,,271.88,KOYE PHARMACEUTICALS P.LTD
GOECYST PLUS JAR OF 10 S,,400.50,KOYE PHARMACEUTICALS P.LTD
ITRACOE GEL 15GM,,92.81,KOYE PHARMACEUTICALS P.LTD
COENAC EFFERVESENT TAB 10S,,223.13,KOYE PHARMACEUTICALS P.LTD
PODXETIL 50 CV SUSP 30ML,,75.00,KOYE PHARMACEUTICALS P.LTD
PODXETIL 100 CV SUSP 30ML,,131.25,KOYE PHARMACEUTICALS P.LTD
PODXETIL 50 SUSP 30ML,,72.19,KOYE PHARMACEUTICALS P.LTD
PODXETIL 100 SUSP 30ML,,131.25,KOYE PHARMACEUTICALS P.LTD
HERTILITY TAB 10'S,,565.31,KOYE PHARMACEUTICALS P.LTD
SPIRODIN-AB TAB 10S,,138.75,KOYE PHARMACEUTICALS P.LTD
SPIROFLUT A NASAL SPRAY,,435.00,KOYE PHARMACEUTICALS P.LTD
SPIROFLUT NASAL SPRAY,,362.81,KOYE PHARMACEUTICALS P.LTD
CALNASAL NASAL SPRAY 60 MDI,,"1,730.63",KOYE PHARMACEUTICALS P.LTD
FAROTIVE 300 ER TAB 6S,,585.94,KOYE PHARMACEUTICALS P.LTD
COETRIE CAP 10S,,356.25,KOYE PHARMACEUTICALS P.LTD
COETRIE PLUS CAP 10S,,168.21,KOYE PHARMACEUTICALS P.LTD
NERVSENZ TAB 10S,,157.03,KOYE PHARMACEUTICALS P.LTD
COEVITENZ D TAB,,154.69,KOYE PHARMACEUTICALS P.LTD
AMUCOE 200 SR TAB 10'S,,160.31,KOYE PHARMACEUTICALS P.LTD
COED3 ORAL SYP 5ML,,79.22,KOYE PHARMACEUTICALS P.LTD
IVEPACK TAB 10'S,,346.88,KOYE PHARMACEUTICALS P.LTD
FAROTIVE-CV TAB 6'S,,553.13,KOYE PHARMACEUTICALS P.LTD
COED3 CAP 8'S,,258.55,KOYE PHARMACEUTICALS P.LTD
COECORAL D3 CHEWABLE TAB 15'S,,299.00,KOYE PHARMACEUTICALS P.LTD
BENEPACK 8MG TAB 15S,,138.75,KOYE PHARMACEUTICALS PVT LTD(EQUELA)
BENEPACK 4MG TAB 15S,,119.06,KOYE PHARMACEUTICALS PVT LTD(EQUELA)
EQUISULIN R 100IU CARTRIDGE 3ML,,220.57,KOYE PHARMACEUTICALS PVT LTD(EQUELA)
EQUISULIN M 30 100IU CARTRIDGE 3ML,,220.57,KOYE PHARMACEUTICALS PVT LTD(EQUELA)
EQUISULIN M 50 100IU CARTRIDGE 1*30ML,,220.57,KOYE PHARMACEUTICALS PVT LTD(EQUELA)
EXANPLE  PEN,,"2,718.75",KOYE PHARMACEUTICALS PVT LTD(EQUELA)
EQUISULIN R INJ 40IU 10ML,,149.10,KOYE PHARMACEUTICALS PVT LTD(EQUELA)
EQUISULIN M50 INJ 40IU 10ML,,143.00,KOYE PHARMACEUTICALS PVT LTD(EQUELA)
EQUISULIN M30 INJ 40IU 10ML,,151.90,KOYE PHARMACEUTICALS PVT LTD(EQUELA)
HUMA DEVICE(PEN) 1*1'S,,"1,018.00",LUPIN LIMITED
HUMINSULIN 30/70 CART'5*3ML,,"2,579.50",LUPIN LIMITED
HUMINSULIN NPH 40**,,177.00,LUPIN LIMITED
HUMINSULIN 30/70 100,,539.00,LUPIN LIMITED
HUMINSULIN REGU 40I**,,177.00,LUPIN LIMITED
HUMINSULIN REGU 100,,651.00,LUPIN LIMITED
HUMINSULIN REG.CART'5*3ML,,"2,579.50",LUPIN LIMITED
HUMINSULIN 30/70 40**,,177.00,LUPIN LIMITED
HUMINSULIN 50/50 40**,,191.00,LUPIN LIMITED
HUMAPEN (ERGO),,"1,068.75",LUPIN LIMITED
HUMINSULIN NPH 100,,539.00,LUPIN LIMITED
HUMINSULIN NPH CART'5*3ML,,"2,135.00",LUPIN LIMITED
EGLUCENT MIX25 CORTRI 5*3ML 5*3ML,,"5,989.00",LUPIN LIMITED
EGLUCENT MIX50 CORTRI 5*3ML 5*3ML,,"5,989.00",LUPIN LIMITED
EGLUCENT LINS RAPID 100 CARTR 5*3ML,,"5,989.00",LUPIN LIMITED
EGLUCENT LINS RAPID KWIKPEN 1*3ML,,"1,490.00",LUPIN LIMITED
EGLUCENT MIX 25 KWIK  PEN 1*3ML,,"1,368.00",LUPIN LIMITED
EGLUCENT MIX 50 KWIK PEN 1*3ML,,"1,244.00",LUPIN LIMITED
LIVARISE INJ. 1*3ML,,"8,749.00",LUPIN LIMITED
LIVARISE REUSABLE CUSTOM.PEN 1*1,,"1,250.00",LUPIN LIMITED
CALSHI KID SUSP 200ML,,159.00,LYASHI HEALTHCARE PVT.LTD.
D3DUO DROPS   30ML,,109.00,LYASHI HEALTHCARE PVT.LTD.
DOMEXCEL DROPS  15ML,,73.59,LYASHI HEALTHCARE PVT.LTD.
LEMOSHI KID TAB 10'S,,60.94,LYASHI HEALTHCARE PVT.LTD.
LUPUS D SYRUP  100ML,,84.38,LYASHI HEALTHCARE PVT.LTD.
LUPUS LS DROPS  15ML,,61.88,LYASHI HEALTHCARE PVT.LTD.
LYANSO TAB  10'S,,89.91,LYASHI HEALTHCARE PVT.LTD.
SUPERPEG POWDER 119GM,,262.50,LYASHI HEALTHCARE PVT.LTD.
ZINCORB SUSP.100ML,,94.00,LYASHI HEALTHCARE PVT.LTD.
ZNMUST DROPS  15ML,,72.19,LYASHI HEALTHCARE PVT.LTD.
CALSHI KID TAB 60'S,,222.00,LYASHI HEALTHCARE PVT.LTD.
ALTURA PLUS SYRUP 200ML,,135.00,LYASHI HEALTHCARE PVT.LTD.
ALTURA 60K SACHET 1*1 SACH.,,32.77,LYASHI HEALTHCARE PVT.LTD.
CACIMAC TAB 1*10'S,,220.00,MCWEL HEALTHCARE PVT.LTD.
MACPLEX-D3 TAB 1*4'S,,131.54,MCWEL HEALTHCARE PVT.LTD.
MCTRA-4G TAB 1*10'S,,160.17,MCWEL HEALTHCARE PVT.LTD.
OSSIN-XT TAB 1*20'S,,450.00,MCWEL HEALTHCARE PVT.LTD.
OSSIN-PLUS TAB 1*10'S,,300.00,MCWEL HEALTHCARE PVT.LTD.
REBEPRID-D CAP 1*10'S,,112.00,MCWEL HEALTHCARE PVT.LTD.
REBEPRID-PLUS TAB 1*10'S,,126.56,MCWEL HEALTHCARE PVT.LTD.
TENDORITE TAB 1*10'S,,300.00,MCWEL HEALTHCARE PVT.LTD.
SKEWBENZ TAB 10,,230.00,MCWEL HEALTHCARE PVT.LTD.
MONOVISC INJ 1*1,,"22,312.50",MODI MUNDI (PMD)
LIDOVALOR TAB 2'S,,679.69,MODI MUNDI (PMD)
TRD-CONJECT INJECTION 1*2ML,,21.92,MODI MUNDI (PMD)
DOLOPENT INJECTION 1*1ML,,28.13,MODI MUNDI (PMD)
LEVOCARNIL PLUS TAB 1*10TAB,,143.16,MODI MUNDI (PMD)
DOLMUNDIN 100MG TAB 5'S,,126.00,MODI MUNDI (PMD)
XEOMIN 50 UNITS INJ. 1*1'S,,"15,200.00",MODI MUNDI (PMD)
XEOMIN 100 UNITS INJ. 1*1'S,,"27,500.00",MODI MUNDI (PMD)
CINGAL INJ. 4ML,,"26,718.50",MODI MUNDI (PMD)
TRD-P TAB 10'S,,63.09,MODI MUNDI (PMD)
LEVOCARNIL 500 TAB,,377.81,MODI MUNDI (PMD)
PEGICOL 13.81g SACHET 1S',,77.53,MODI MUNDI (PMD)
BUVALOR 10 2 PATCH,,"3,272.00",MODI MUNDI (PMD)
BUVALOR 20 2 PATCH,,"5,962.50",MODI MUNDI (PMD)
BUVALOR 5 2 PATCH,,"1,791.00",MODI MUNDI (PMD)
PEGIGOL PEDI 6.85G SACHET,,87.19,MODI MUNDI (PMD)
MEDIJECT-HC 100MG INJ 1,,40.74,MODI MUNDI (PMD)
PEGICOL LIQUID 200ML,,395.63,MODI MUNDI (PMD)
UNICONTIN TABS 400MG 10`S,,293.70,MODI MUNDI PHARMA LTD.
UNICONTIN TABS 600MG 10`S,,384.30,MODI MUNDI PHARMA LTD.
DILCONTIN 60MG TABS 10`S,,58.21,MODI MUNDI PHARMA LTD.
NITROCONTIN 2.6 TABS 30`S,,384.38,MODI MUNDI PHARMA LTD.
DIUCONTIN-K 40 TABS 10`S,,59.53,MODI MUNDI PHARMA LTD.
PYRICONTIN TABS 10`S,,63.65,MODI MUNDI PHARMA LTD.
FECONTIN-Z TABS 10`S,,278.20,MODI MUNDI PHARMA LTD.
FECONTIN-F TABS 10`S,,178.13,MODI MUNDI PHARMA LTD.
ACONAME TAB 10'S,,178.13,MODI MUNDI PHARMA LTD.
CEBOCONTIN-200 TAB 10'S,,239.06,MODI MUNDI PHARMA LTD.
SUPERFOS INJ.4GM,,"3,937.50",MODI MUNDI PHARMA LTD.
NITROCONTIN 6.4 TABS 30`S,,499.68,MODI MUNDI PHARMA LTD.
DIUCONTIN-K 20 TABS 10'S,,40.13,MODI MUNDI PHARMA LTD.
CEBOCONTIN M CAP,,267.18,MODI MUNDI PHARMA LTD.
DILCONTIN XL 90 TABS 10'S,,158.00,MODI MUNDI PHARMA LTD.
DILCONTIN XL 120 TABS 10',,255.56,MODI MUNDI PHARMA LTD.
CEBOFYL-N TAB 10'S,,150.18,MODI MUNDI PHARMA LTD.
TRD-CONTIN 100MG TABS 10'S,,261.18,MODI MUNDI PHARMA LTD.
LITHOLEXAL BONE TAB 30'S,,900.00,MODI MUNDI PHARMA LTD.
LITHOLEXAL JOINT TAB 30'S,,990.00,MODI MUNDI PHARMA LTD.
ALPROCONTIN 0.5MG 10'S NR,,36.56,MODI MUNDI PHARMA LTD.
INDICONTIN TABS 10'S,,129.84,MODI MUNDI PHARMA LTD.
ACOCONTIN TABS 10'S,,265.78,MODI MUNDI PHARMA LTD.
TAMCONTIN 0.2 MG TABS 10`,,100.50,MODI MUNDI PHARMA LTD.
TAMCONTIN 0.4 MG TABS 10`,,304.68,MODI MUNDI PHARMA LTD.
PHYLLOCONTIN 350 TAB 10'S,,80.16,MODI MUNDI PHARMA LTD.
TRD MD TAB 10'S,,84.83,MODI MUNDI PHARMA LTD.
PYRICONTIN F TAB 10'S,,264.84,MODI MUNDI PHARMA LTD.
SOYGROWTH POWDER  1*200Gg,,661.00,MODI MUNDI PHARMA LTD.
TAMCONTIN D TAB 10'S,,375.00,MODI MUNDI PHARMA LTD.
TRIMACONTIN 35 TAB 10'S,,187.59,MODI MUNDI PHARMA LTD.
TRIMACONTIN 60 TAB 10'S,,333.40,MODI MUNDI PHARMA LTD.
MONUROL SACH.8G.,,626.25,MODI MUNDI PHARMA LTD.
FLUIMUCIL-600MG TAB 10'S,,189.00,MODI MUNDI PHARMA LTD.
FLUIMUCIL 600MG EF.TAB 1*6TAB,,189.00,MODI MUNDI PHARMA LTD.
ADVANTAC DIABETIC POWDER 400GM,,707.81,MODI MUNDI PHARMA LTD.
ADVANTAC-M POWDER 400GM,,574.05,MODI MUNDI PHARMA LTD.
ADVANTAC PLUS POWDER 400GM,,881.10,MODI MUNDI PHARMA LTD.
CV-NORM R 20MG CAP 10'S,,178.03,MODI MUNDI PHARMA LTD.
CV-NORM 75MG TAB 15'S,,93.47,MODI MUNDI PHARMA LTD.
CV-NORM GOLD 10MG CAP 10'S,,151.97,MODI MUNDI PHARMA LTD.
CV-NORM GOLD 20MG CAP 10'S,,215.53,MODI MUNDI PHARMA LTD.
CV-NORM R 10MG CAP 10'S,,143.34,MODI MUNDI PHARMA LTD.
JANUVIA 100MG TAB 7'S,,253.13,MSD PHARMACEUTICALS P LTD META
JANUVIA 50MG TAB 7'S,,248.44,MSD PHARMACEUTICALS P LTD META
JANUVIA 25MG TABS,,243.75,MSD PHARMACEUTICALS P LTD META
JANUMET 500MG/50MG TAB 15'S,,351.56,MSD PHARMACEUTICALS P LTD META
JANUMET 1000MG/50MG TAB 15'S,,356.25,MSD PHARMACEUTICALS P LTD META
JANUMET XR 100/1000MG TAB 1*14TAB,,290.63,MSD PHARMACEUTICALS P LTD META
JOINTY HEAL TAB 1*10,,365.63,NEO LIFE SCIENCES
TRYCEF-TZ INJ 1*125MG,,487.50,NEO LIFE SCIENCES
DDZONE-SB1.5 INJ 1*1VAIL,,323.44,NEO LIFE SCIENCES
RAYBAN INJ 1*1VAIL,,98.44,NEO LIFE SCIENCES
RENESA INJ 1*1VAIL,,90.94,NEO LIFE SCIENCES
WINOCEF-SB INJ 1*1.5 INJ,,241.88,NEO LIFE SCIENCES
WINTAZ 4.5 INJ 1*1VAIL,,459.38,NEO LIFE SCIENCES
MEROWELL INJ 1*1GM,,693.75,NEO LIFE SCIENCES
MEROSHINE INJ 1*1 VAIL,,"1,354.69",NEO LIFE SCIENCES
MEGMADOL I/V 1*100ML,,271.88,NEO LIFE SCIENCES
CEFUWIN 500 TAB 6'S,,329.67,NEO LIFE SCIENCES
FEXOMEG 180 TAB,,121.88,NEO LIFE SCIENCES
NEO-VIT CAP 10S,,215.00,NEO LIFE SCIENCES
NEORAB DSR TABS,,140.63,NEO LIFE SCIENCES
NEOCAL-K2-7 TAB 10S,,278.00,NEO LIFE SCIENCES
LYCOGRAPE CAP 10S,,206.00,NEO LIFE SCIENCES
OVASA-Q-10 CAP 10S,,231.40,NEO LIFE SCIENCES
MULTIFER-GOLD TAB 10S,,178.13,NEO LIFE SCIENCES
YOCAL-CT TAB 10S,,255.00,NEO LIFE SCIENCES
GLOWIN-MM TAB 10S,,173.44,NEO LIFE SCIENCES
LACTOGEE CAP 10S,,195.00,NEO LIFE SCIENCES
CLENO-M CAP 7S,,249.00,NEO LIFE SCIENCES
IUPRINE RETARD CAP 10S,,84.38,NEO LIFE SCIENCES
MAX G9 SACHET 5GM,,75.00,NEO LIFE SCIENCES
FULLREST TAB 10S,,145.31,NEO LIFE SCIENCES
SYM-KIT TAB 1S,,124.69,NEO LIFE SCIENCES
XNEOCAL MD PLUS TAB 10'S,,140.00,NEO LIFE SCIENCES
URSOMEG-300MG TAB 10S,,350.00,NEO LIFE SCIENCES
L-CETRA TAB 10S,,32.81,NEO LIFE SCIENCES
L-CETRA PLUS TAB 15'S,,210.00,NEO LIFE SCIENCES
DICEF-O TAB 10S,,182.81,NEO LIFE SCIENCES
DECTOCEF-200MG TAB 10S,,168.75,NEO LIFE SCIENCES
FEXOMAG-180MG TAB 10S,,121.88,NEO LIFE SCIENCES
FEXOMEG-M TAB 10S,,131.00,NEO LIFE SCIENCES
NEWDOX CV-325MG TAB 6S,,267.19,NEO LIFE SCIENCES
TRYFEN-P TAB 10S,,79.69,NEO LIFE SCIENCES
LIPTY CAP 15S,,182.81,NEO LIFE SCIENCES
THETA-AC TAB 10S,,140.63,NEO LIFE SCIENCES
WINTOP-D TAB 10S,,108.00,NEO LIFE SCIENCES
NEOTOP-D TAB 10S,,84.38,NEO LIFE SCIENCES
TRYFER-GOLD TAB 10S,,192.18,NEO LIFE SCIENCES
LEVORES TAB 10S,,82.50,NEO LIFE SCIENCES
TRYFEN-PLUS TAB 10S,,112.50,NEO LIFE SCIENCES
IRCOMEG-200MG CAP 4S,,168.75,NEO LIFE SCIENCES
MEGCOXIB-MR TAB 10S,,178.13,NEO LIFE SCIENCES
GROWFOL-M TAB 10S,,91.88,NEO LIFE SCIENCES
WINOFF-OZ TAB 10,,135.94,NEO LIFE SCIENCES
WINOGLOBIN POWDER 200GM,,323.44,NEO LIFE SCIENCES
MAC-DMR SYP 100ML,,108.00,NEO LIFE SCIENCES
SOLOCARE-DX SYP 100ML,,91.88,NEO LIFE SCIENCES
TICOLEX SYP 200ML,,178.13,NEO LIFE SCIENCES
AVASA-Q10 CAP 10S,,380.00,NEO LIFE SCIENCES
GYNEX SYP 200ML,,89.06,NEO LIFE SCIENCES
REALVIT SYP 200ML,,113.44,NEO LIFE SCIENCES
MEGCLID 300 CAP,,258.94,NEO LIFE SCIENCES
ONDEX MD 4MG TABS,,46.88,NEO LIFE SCIENCES
MEGMAFER Z CAPS,,103.13,NEO LIFE SCIENCES
D-FEROL,,131.31,NEO LIFE SCIENCES
NEWCET TABS 10S,,42.19,NEO LIFE SCIENCES
WINFATE-O SYP 100ML,,170.63,NEO LIFE SCIENCES
SYMLAX PLUS SYRUP 200ML,,150.00,NEO LIFE SCIENCES
DLOT N  10TAB,,57.50,NEO LIFE SCIENCES
SECTOCEF LB 200MG TAB 10'S,,147.19,NEO LIFE SCIENCES
RUTOSHINE TAB 10'S 10S,,265.00,NEO LIFE SCIENCES
HYCORT -6 TAB 10,,120.00,NEO LIFE SCIENCES
LARGE CLAVE-LB TAB 10,,146.25,NEO LIFE SCIENCES
MONTPHYLIN-400 TAB 10,,140.63,NEO LIFE SCIENCES
HYCORT -12 TAB 10S,,196.87,NEO LIFE SCIENCES
AZISTAR-500 TAB 10,,248.20,NEO LIFE SCIENCES
NEOZONE-SB IM/IV INJ,,168.75,NEO LIFE SCIENCES
EXMITE 750 TAB 10,,111.56,NEO LIFE SCIENCES
PEPTOCOOL SYP 100 ML,,145.31,NEO LIFE SCIENCES
AZISYM 250 TAB 10,,73.13,NEO LIFE SCIENCES
SYMBOCIN 200 TAB 10,,75.00,NEO LIFE SCIENCES
MEGMAFER Z SYP 100,,140.63,NEO LIFE SCIENCES
RELID-SP TAB 1*10'S,,135.94,NEO LIFE SCIENCES
CQ MEG CAP 1*10'S,,140.63,NEO LIFE SCIENCES
JOINTCHARGE FORTE TAB 1*10'S,,395.00,NEO LIFE SCIENCES
MEG 3Q TAB 1*10'S,,168.75,NEO LIFE SCIENCES
ALFATEX-FORTE CAP 10'S,,260.00,NEO LIFE SCIENCES
NEOCAL-PLUS TAB 10'S,,140.00,NEO LIFE SCIENCES
CIBROMEG-MD TAB 10'S,,280.30,NEO LIFE SCIENCES
PLAT CHARGE PLUS CAP 10S,,276.56,NEO LIFE SCIENCES
NEOTOP-DSR CAP,,165.00,NEO LIFE SCIENCES
TAYO-7K TAB 10S,,161.69,NEO LIFE SCIENCES
RENESA FORT INJ 40MG,,103.13,NEO LIFE SCIENCES
REALGAEST-200MG SR 10'S,,395.00,NEO LIFE SCIENCES
IVERMEG-12MG TAB 10'S,,234.38,NEO LIFE SCIENCES
GYNOBOOST SYP 200,,197.00,NEO LIFE SCIENCES
PANTORES-40MG TAB 10'S,,70.31,NEO LIFE SCIENCES
VEGIRES CAP 10'S,,328.13,NEO LIFE SCIENCES
WELLCET TAB 15'S,,108.00,NEO LIFE SCIENCES
URSOMIN-300MG TAB 10'S,,425.00,NEO LIFE SCIENCES
CAP-Q10 CAP 10'S,,450.00,NEO LIFE SCIENCES
LOWTREEN TAB 5'S,,154.69,NEO LIFE SCIENCES
CAPRIVON AC TAB 10'S,,65.63,NEO LIFE SCIENCES
CA++BYTES 200G,,315.00,NUTRIMED HEALTHCARE PVT.LTD.
GRIFIZOL-DSR CAP 10'S,,131.25,NUTRIMED HEALTHCARE PVT.LTD.
CA++BYTES SUSPENSION 200ML,,144.00,NUTRIMED HEALTHCARE PVT.LTD.
TASTIFER GUMMIES TAB 30S,,360.00,NUTRIMED HEALTHCARE PVT.LTD.
MEDOMIL 200GM,,269.00,NUTRIMED HEALTHCARE PVT.LTD.
ACTIVGUT DROP 15ML,,90.00,NUTRIMED HEALTHCARE PVT.LTD.
PROFLAKES+CORN FLAKES 250GM,,216.27,NUTRIMED HEALTHCARE PVT.LTD.
INMIL STAGE-1(100GM,,189.00,NUTRIMED HEALTHCARE PVT.LTD.
INMIL STAGE-1(400GM),,582.19,NUTRIMED HEALTHCARE PVT.LTD.
PROBYTES GRANULES 200GM,,351.00,NUTRIMED HEALTHCARE PVT.LTD.
INMIL STAGE 1 200 GR,,315.00,NUTRIMED HEALTHCARE PVT.LTD.
INMIL-LBW PODWER 400GM,,540.00,NUTRIMED HEALTHCARE PVT.LTD.
GRIFCOFER-XT TAB 10'S,,124.57,NUTRIMED HEALTHCARE PVT.LTD.
CALBIGRIF-CQ TAB 1*10',,222.45,NUTRIMED HEALTHCARE PVT.LTD.
CALBIGRIF TAB 1*10'S,,140.00,NUTRIMED HEALTHCARE PVT.LTD.
AMINOGRIF TAB 10'S,,142.87,NUTRIMED HEALTHCARE PVT.LTD.
GRIFCOVIT SYRUP 200ML,,220.00,NUTRIMED HEALTHCARE PVT.LTD.
GRIFCOVIT TAB 10'S,,180.00,NUTRIMED HEALTHCARE PVT.LTD.
CA++BYTES DROP 30ML,,135.00,NUTRIMED HEALTHCARE PVT.LTD.
DASOPER-SP TAB 10'S,,117.18,NUTRIMED HEALTHCARE PVT.LTD.
ASENERV TAB 10'S,,180.00,NUTRIMED HEALTHCARE PVT.LTD.
DOXYGRIF-LC TAB 10'S,,121.87,NUTRIMED HEALTHCARE PVT.LTD.
SASH PRO CONDITIONER 100ML,,310.00,NUTRIMED HEALTHCARE PVT.LTD.
SASH PRO SHAMPOO 150ML,,470.00,NUTRIMED HEALTHCARE PVT.LTD.
XL-GLOW MAXX LOTION 50ML,,365.00,NUTRIMED HEALTHCARE PVT.LTD.
SASH HARBAL SHAMPOO 200ML,,370.00,NUTRIMED HEALTHCARE PVT.LTD.
SCREE ON GEL 50ML,,452.00,NUTRIMED HEALTHCARE PVT.LTD.
BIOTOINIC HS 60ML,,735.00,NUTRIMED HEALTHCARE PVT.LTD.
MILOGRIF CREAM 20GM,,450.00,NUTRIMED HEALTHCARE PVT.LTD.
SASH FACE WASH 100ML,,270.00,NUTRIMED HEALTHCARE PVT.LTD.
Q-CARE TAB 1*10TAB,,480.00,NUTRIMED HEALTHCARE PVT.LTD.
SOFOR CASEIN 400GM POWDER,,603.00,NUTRIMED HEALTHCARE PVT.LTD.
ISOGRIF TAB 10S,,200.00,NUTRIMED HEALTHCARE PVT.LTD.
MULTIGRIF DROP 15ML,,65.00,NUTRIMED HEALTHCARE PVT.LTD.
PRIMOGUT SACHETS 1GM.,,26.70,NUTRIMED HEALTHCARE PVT.LTD.
B-BONE CHEWEBLE TAB 10S,,124.60,NUTRIMED HEALTHCARE PVT.LTD.
AMINOWAY CAP 10S,,160.00,NUTRIMED HEALTHCARE PVT.LTD.
GRIFCOFER TAB 10S,,124.60,NUTRIMED HEALTHCARE PVT.LTD.
MULTIGRIF SYRUP 200ML,,190.00,NUTRIMED HEALTHCARE PVT.LTD.
L FREE 200GM,,269.00,NUTRIMED HEALTHCARE PVT.LTD.
L FREE 400GM,,498.00,NUTRIMED HEALTHCARE PVT.LTD.
MEDOMIL LBW 400GM,,486.00,NUTRIMED HEALTHCARE PVT.LTD.
MEDOMIL 400GM 1NO.,,498.00,NUTRIMED HEALTHCARE PVT.LTD.
MEDOMIL 400GM  2NO. 400GM,,432.54,NUTRIMED HEALTHCARE PVT.LTD.
CUTE BABY STAGE 1 400GM,,352.44,NUTRIMED HEALTHCARE PVT.LTD.
CUTE BABY STAGE 2 400GM,,368.46,NUTRIMED HEALTHCARE PVT.LTD.
MEDOLAC RICE 300GM,,192.24,NUTRIMED HEALTHCARE PVT.LTD.
PROBYTES DISKETTES C/F 200GM,,468.00,NUTRIMED HEALTHCARE PVT.LTD.
NOMIL POWDER 300G,,136.17,NUTRIMED HEALTHCARE PVT.LTD.
SOFOR CASEIN 200GM POWDER,,324.00,NUTRIMED HEALTHCARE PVT.LTD.
INMIL STAGE-2 POWDER 400GM,,702.00,NUTRIMED HEALTHCARE PVT.LTD.
MULTIGRIF  TAB 10,,146.85,NUTRIMED HEALTHCARE PVT.LTD.
MEDOLAC APPLE 300G,,200.25,NUTRIMED HEALTHCARE PVT.LTD.
FLORAISE SACHET 1GM,,23.44,NV LIFECARE PVT LTD.
PREGNADOX TABS 10S,,33.75,NV LIFECARE PVT LTD.
SPASACT TAB 10'S,,27.19,NV LIFECARE PVT LTD.
FLOORZ TAB 10'S,,64.97,NV LIFECARE PVT LTD.
NVSETRON INJ 2ML.,,13.13,NV LIFECARE PVT LTD.
RHINEND TAB 10'S,,27.66,NV LIFECARE PVT LTD.
RHINEND ORAL DROP 15ML.,,28.59,NV LIFECARE PVT LTD.
NEOCARMIN DROP 15ML.,,44.06,NV LIFECARE PVT LTD.
RHINEND SYP 60ML.,,32.34,NV LIFECARE PVT LTD.
SPASACT SYP 30ML.,,27.19,NV LIFECARE PVT LTD.
TEETZEE GEL 10GM.,,43.13,NV LIFECARE PVT LTD.
AZURT 500MG.TABS**,,52.65,NV LIFECARE PVT LTD.
NEOCLOB 15GM,,45.00,NV LIFECARE PVT LTD.
ANTOXMIN TABS,,42.72,NV LIFECARE PVT LTD.
NV-CEF CV 6'S,,106.88,NV LIFECARE PVT LTD.
NVSETRON TAB 10'S,,32.81,NV LIFECARE PVT LTD.
AZURT 250MG TABS**,,53.44,NV LIFECARE PVT LTD.
DILUER SUSP.170ML,,51.56,NV LIFECARE PVT LTD.
NV CEF O,,97.78,NV LIFECARE PVT LTD.
AZURT DT TABS,,28.59,NV LIFECARE PVT LTD.
GARGLE MOUTH WASH 100ML,,53.44,NV LIFECARE PVT LTD.
CRAMPFORT 15GR SACH.,,33.82,NV LIFECARE PVT LTD.
TONERGIC SYP 200ML,,81.56,NV LIFECARE PVT LTD.
WHEEZTOP KID TAB 10'S,,34.69,NV LIFECARE PVT LTD.
WHEEZTOP SYRUP 60ML,,59.06,NV LIFECARE PVT LTD.
DUELCLAV DRY SYP.30ML,,49.45,NV LIFECARE PVT LTD.
SIDERO XT TAB 10S,,63.28,NV LIFECARE PVT LTD.
ANTOXMIN-L TAB 10,,64.88,NV LIFECARE PVT LTD.
FIXSOUR TAB 10S,,52.50,NV LIFECARE PVT LTD.
SIDERO XT SYP 150ML,,81.88,NV LIFECARE PVT LTD.
GEMSTROKE FORT-3 TAB 10S,,101.25,ONESTEP HEALTHCARE P. LTD.
GEMSTROKE V-1 TAB,,88.00,ONESTEP HEALTHCARE P. LTD.
GEMSTROKE V-2 TAB,,134.00,ONESTEP HEALTHCARE P. LTD.
ONEROSE-F TAB,,138.00,ONESTEP HEALTHCARE P. LTD.
ONEROSE GOLD TAB 10'S,,138.75,ONESTEP HEALTHCARE P. LTD.
ONETEAM TAB 10'S,,309.66,ONESTEP HEALTHCARE P. LTD.
ONEROSE-A 10/75MG TAB 10'S,,69.38,ONESTEP HEALTHCARE P. LTD.
ONE CV 625MG TAB 10'S,,228.75,ONESTEP HEALTHCARE P. LTD.
OXYONE CAP 10,,148.13,ONESTEP HEALTHCARE P. LTD.
GEMSTROKE FORTE TAB 10S,,89.06,ONESTEP HEALTHCARE P. LTD.
GEMSTROKE-1MG TAB 10S,,82.00,ONESTEP HEALTHCARE P. LTD.
GEMSTROKE-P2 TAB 10S,,118.00,ONESTEP HEALTHCARE P. LTD.
GEMSTROKE-P1 TAB 10S,,116.00,ONESTEP HEALTHCARE P. LTD.
GEMSTROKE-2MG TAB 10S,,98.00,ONESTEP HEALTHCARE P. LTD.
NEURONE TAB 10S,,120.00,ONESTEP HEALTHCARE P. LTD.
NEURONE-G TAB 10S,,176.25,ONESTEP HEALTHCARE P. LTD.
OXYONE SYRUP 200ML,,146.82,ONESTEP HEALTHCARE P. LTD.
PANONE-D TAB 10S,,91.80,ONESTEP HEALTHCARE P. LTD.
ONEROSE 10MG TAB 10S,,110.63,ONESTEP HEALTHCARE P. LTD.
ONEROSE 20MG TAB 10S,,138.00,ONESTEP HEALTHCARE P. LTD.
GEMSTROKE FORT-1 TAB 10S,,76.88,ONESTEP HEALTHCARE P. LTD.
GEMSTROKE FORT-2 TAB 10S,,91.88,ONESTEP HEALTHCARE P. LTD.
PANONE-LS CAP 10S,,185.63,ONESTEP HEALTHCARE P. LTD.
ONEVIN-M TAB 10'S,,110.63,ONESTEP HEALTHCARE P. LTD.
ONEVIN-M FORTE TAB 10'S,,110.63,ONESTEP HEALTHCARE P. LTD.
NEURONE FORTE INJ.,,88.00,ONESTEP HEALTHCARE P. LTD.
NEURONE INJ. 1*2ML,,69.38,ONESTEP HEALTHCARE P. LTD.
ONEROSE GOLD 20MG CAP 10'S,,166.00,ONESTEP HEALTHCARE P. LTD.
TELONE 3D TAB 15'S,,195.00,ONESTEP HEALTHCARE P. LTD.
ONELIP TAB 15'S,,268.00,ONESTEP HEALTHCARE P. LTD.
ONEDOZ TRIO TAB 10'S,,204.38,ONESTEP HEALTHCARE P. LTD.  (CARDIAC)
ONEMAX TAB 10'S,,232.50,ONESTEP HEALTHCARE P. LTD.  (CARDIAC)
ONEGO POWDER 90GM,,298.00,ONESTEP HEALTHCARE P. LTD.  (CARDIAC)
LIFOCIN 500 TAB 5S,,30.00,ONESTEP HEALTHCARE P. LTD.  (CARDIAC)
ATOS-10MG TAB 10S,,51.00,ONESTEP HEALTHCARE P. LTD.  (CARDIAC)
ATOS-20MG TAB 10S,,101.25,ONESTEP HEALTHCARE P. LTD.  (CARDIAC)
ATOS-40MG TAB 10S,,170.63,ONESTEP HEALTHCARE P. LTD.  (CARDIAC)
ONECEF-O TAB 10S,,213.75,ONESTEP HEALTHCARE P. LTD.  (CARDIAC)
RABONE-DSR CAP 10S,,91.00,ONESTEP HEALTHCARE P. LTD.  (CARDIAC)
TELONE-40MG TAB 10S,,63.50,ONESTEP HEALTHCARE P. LTD.  (CARDIAC)
TELONE-AM TAB 10S,,108.00,ONESTEP HEALTHCARE P. LTD.  (CARDIAC)
TELONE-H TAB 10S,,88.00,ONESTEP HEALTHCARE P. LTD.  (CARDIAC)
VOGLIONE-M 0.2MG TAB 10S,,89.06,ONESTEP HEALTHCARE P. LTD.  (CARDIAC)
VOGLIONE-M 0.3MG TAB 10S,,101.25,ONESTEP HEALTHCARE P. LTD.  (CARDIAC)
RABONE-LV TAB 10S,,185.63,ONESTEP HEALTHCARE P. LTD.  (CARDIAC)
TELONE 20 TAB 10,,41.00,ONESTEP HEALTHCARE P. LTD.  (CARDIAC)
TELONE 80MG TAB 10S,,106.88,ONESTEP HEALTHCARE P. LTD.  (CARDIAC)
TELONE CH 40MG TAB 10S,,88.00,ONESTEP HEALTHCARE P. LTD.  (CARDIAC)
ONEMORE SB INJ.1.5GM,,"1,537.50",ONESTEP HEALTHCARE P. LTD.  (CARDIAC)
ONEPIC 4.5GM INJ,,462.19,ONESTEP HEALTHCARE P. LTD.  (CARDIAC)
ONESAFE SB INJ.1.5GM,,257.81,ONESTEP HEALTHCARE P. LTD.  (CARDIAC)
ONECITI  4ML,,275.63,ONESTEP HEALTHCARE P. LTD.  (CARDIAC)
TELONE BETA 25MG TAB 10'S,,110.00,ONESTEP HEALTHCARE P. LTD.  (CARDIAC)
TELONE BETA 50MG TAB 10'S,,134.00,ONESTEP HEALTHCARE P. LTD.  (CARDIAC)
ONEDOZ-10MG TAB 10'S,,125.00,ONESTEP HEALTHCARE P. LTD.  (CARDIAC)
ONEDOZ-5MG TAB 10'S,,116.25,ONESTEP HEALTHCARE P. LTD.  (CARDIAC)
ONEMAX-FORTE TAB 10'S,,328.00,ONESTEP HEALTHCARE P. LTD.  (CARDIAC)
ONEDOZ-M 10/500MG TAB 10'S,,157.50,ONESTEP HEALTHCARE P. LTD.  (CARDIAC)
ONEDOZ-M 5/500MG TAB  10'S,,135.00,ONESTEP HEALTHCARE P. LTD.  (CARDIAC)
ONEDOZ-SG 10/100MG TAB 10'S,,176.25,ONESTEP HEALTHCARE P. LTD.  (CARDIAC)
TELONE-TRIO 6.25MG TAB 10'S,,120.00,ONESTEP HEALTHCARE P. LTD.  (CARDIAC)
NOVELON TAB 21S,,200.00,ORGANON INDIA P. LTD
FEMILON TAB 21S,,230.00,ORGANON INDIA P. LTD
PARTHO D OINT. 30GM,,84.38,PANASIA
CELIN TABS 500MG 25`S,,41.21,R V LIFE SCIENCE P LTD
SEPTRAN PAEDIATRIC SUSP. 100ML,,37.80,R V LIFE SCIENCE P LTD
CELIN CHEWABLE TABS  10`S 20S,,24.73,R V LIFE SCIENCE P LTD
SEPTRAN SS(PED.)TABS 10'S,,9.03,R V LIFE SCIENCE P LTD
SEPTRAN TABS 10'S,,9.03,R V LIFE SCIENCE P LTD
SEPTRAN PAED ORAL SUSPEN. 50ML,,18.90,R V LIFE SCIENCE P LTD
SMYLE MOUTH ULCER GEL 10G,,92.81,R V LIFE SCIENCE P LTD
SEPTRAN DS TAB 10'S,,24.57,R V LIFE SCIENCE P LTD
LACTODEX STARTER 200G-1 NO.,,264.00,RAPTAKOS BRETT & CO.(EIDIKOS)
HOVITE L DROPS 15ML,,95.50,RAPTAKOS BRETT & CO.(EIDIKOS)
TROPHOX 200GM,,360.00,RAPTAKOS BRETT & CO.(EIDIKOS)
TROPHOX 500GM,,675.00,RAPTAKOS BRETT & CO.(EIDIKOS)
LACTODEX ST 1 450GM,,550.00,RAPTAKOS BRETT & CO.(EIDIKOS)
LACTODEX FOLL 2 500GM,,502.73,RAPTAKOS BRETT & CO.(EIDIKOS)
ZEROLAC 400GM,,619.00,RAPTAKOS BRETT & CO.(EIDIKOS)
ZEROLAC 200GM,,293.50,RAPTAKOS BRETT & CO.(EIDIKOS)
LACTODEX LBW 400GM,,654.00,RAPTAKOS BRETT & CO.(EIDIKOS)
LACTODEX PRIMIUM 1 400GM,,734.00,RAPTAKOS BRETT & CO.(EIDIKOS)
LACTODEX MF 1GM,,31.05,RAPTAKOS BRETT & CO.(EIDIKOS)
IGOL + 250 GM 250GM,,478.13,RAPTAKOS BRETT & CO.(EIDIKOS)
HEPATOGLOBINE DROPS 15ML,,122.50,RAPTAKOS BRETT & CO.(EIDIKOS)
LOTEMP DROPS 15ML,,43.03,RAPTAKOS BRETT & CO.(EIDIKOS)
HEPATOGLOBINE MIK.100ML,,210.00,RAPTAKOS BRETT & CO.(EIDIKOS)
VEELAC WHEAT WITH APPLE 400G,,324.85,RAPTAKOS BRETT & CO.(EIDIKOS)
ARBIVIT 3 SYP 60ML.,,123.75,RAPTAKOS BRETT & CO.(EIDIKOS)
RAPGROW DROPS 15ML.,,160.00,RAPTAKOS BRETT & CO.(EIDIKOS)
VEELAC FIRST RICE 400GM.,,324.85,RAPTAKOS BRETT & CO.(EIDIKOS)
LACTODEX 3 450G,,517.50,RAPTAKOS BRETT & CO.(EIDIKOS)
HOVITE L SYRUP 120ML,,127.50,RAPTAKOS BRETT & CO.(EIDIKOS)
LACTODEX ST NO.1 REFIL PA 400GM,,337.31,RAPTAKOS BRETT & CO.(EIDIKOS)
ARBIVIT-3 FORTE DROPS  15ML,,95.50,RAPTAKOS BRETT & CO.(EIDIKOS)
CORID SYP,,225.00,RAPTAKOS BRETT & CO.LIMITED
FRUCTODEX WATER 500ML,,195.00,RAPTAKOS BRETT & CO.LIMITED
FRUCTODEX SALINE 500ML,,210.00,RAPTAKOS BRETT & CO.LIMITED
HEPATOGLOBINE SYP 300ML,,255.00,RAPTAKOS BRETT & CO.LIMITED
NEOPEPTINE DROPS 15ML,,117.50,RAPTAKOS BRETT & CO.LIMITED
NEOPEPTINE LIQ.100ML,,168.75,RAPTAKOS BRETT & CO.LIMITED
NEOPEPTINE LIQ. 60ML,,131.20,RAPTAKOS BRETT & CO.LIMITED
ZYTEE RB LOTION(BOTTLE) 10ML,,120.50,RAPTAKOS BRETT & CO.LIMITED
ZYTEE RB TUBE 10ML,,120.50,RAPTAKOS BRETT & CO.LIMITED
NEOPEPTINE CAPS 10`S,,78.50,RAPTAKOS BRETT & CO.LIMITED
IGOL + 90 GM,,233.00,RAPTAKOS BRETT & CO.LIMITED
CALCINOL RB TABS 100`S,,243.75,RAPTAKOS BRETT & CO.LIMITED
THREPTIN DISK VANILLA REG 275GM,,480.00,RAPTAKOS BRETT & CO.LIMITED
THREPTIN DISKETTES CHO.275GM,,480.00,RAPTAKOS BRETT & CO.LIMITED
CALCINOL-D 1000 GRA 6.7GM,,40.00,RAPTAKOS BRETT & CO.LIMITED
THREPTIN DISKETTES(VANILLA)1GM,,"1,725.00",RAPTAKOS BRETT & CO.LIMITED
NEOGADINE ELIXER 300ML,,247.00,RAPTAKOS BRETT & CO.LIMITED
NEOGADINE S.G. 300ML,,245.63,RAPTAKOS BRETT & CO.LIMITED
HEPATOGLOBINE 450ML SY,,358.00,RAPTAKOS BRETT & CO.LIMITED
SUBSYDE CR CAPS 10`S,,118.00,RAPTAKOS BRETT & CO.LIMITED
GODREJ NO.1 SOAP,,35.60,RAPTAKOS BRETT & CO.LIMITED
NEOGADINE IMU SYP 200ML,,195.00,RAPTAKOS BRETT & CO.LIMITED
NEOPEPTINE FORTE LIQ. 60ML,,150.00,RAPTAKOS BRETT & CO.LIMITED
THREPTIN POWDER VANILLA 200G.,,417.00,RAPTAKOS BRETT & CO.LIMITED
LACTODEX STARTER-1 1KG,,995.00,RAPTAKOS BRETT & CO.LIMITED
AMLOKOS DS DRY SYRUP 30ML,,147.19,RAPTAKOS BRETT & CO.LIMITED
AMLOKOS DRY SYRUP 30ML,,63.63,RAPTAKOS BRETT & CO.LIMITED
THREPTIN POWDER CHOCOLATE/F 200GM,,440.00,RAPTAKOS BRETT & CO.LIMITED
HEPATOGLOBINE CAPS 30'S,,161.25,RAPTAKOS BRETT & CO.LIMITED
ISOFLAV CR TABS 10'S,,360.00,RAPTAKOS BRETT & CO.LIMITED
NEOGADINE MIKROS 100ML.,,158.00,RAPTAKOS BRETT & CO.LIMITED
NEOGADINE DROPS 15ML,,107.81,RAPTAKOS BRETT & CO.LIMITED
NOMO CR CAP 10'S,,61.00,RAPTAKOS BRETT & CO.LIMITED
ISOFLAV-V GEL 20GM.,,98.44,RAPTAKOS BRETT & CO.LIMITED
CALCINOL D SUSP.200ML,,171.56,RAPTAKOS BRETT & CO.LIMITED
THREPTIN LITE 275GM,,510.00,RAPTAKOS BRETT & CO.LIMITED
ZYTEE L(TUBE) 10ML 10ML,,123.50,RAPTAKOS BRETT & CO.LIMITED
HEPATOGLOBIN XP TAB,,175.30,RAPTAKOS BRETT & CO.LIMITED
CAROID SYRUP 120ML,,225.00,RAPTAKOS BRETT & CO.LIMITED
THREPTIN MICROMIX CF 200GM 200GM,,432.00,RAPTAKOS BRETT & CO.LIMITED
THREPTIN DISKETTES FYSTIKI SAFFARO 275G,,450.00,RAPTAKOS BRETT & CO.LIMITED
THREPTIN DISKETTES JUNIOR REG 250GM,,470.00,RAPTAKOS BRETT & CO.LIMITED
CALCORE-D3 60K TAB 4'S,,88.13,REJLI HEALTHCARE PVT.LTD
ESOREJ-40MG TAB 10'S,,103.13,REJLI HEALTHCARE PVT.LTD
ESOREJ-D CAP 10'S,,131.25,REJLI HEALTHCARE PVT.LTD
ESOREJ-L CAP 10'S,,210.94,REJLI HEALTHCARE PVT.LTD
PANTOREJ-DSR CAP 10'S,,112.50,REJLI HEALTHCARE PVT.LTD
VITZONE TAB 10'S,,107.81,REJLI HEALTHCARE PVT.LTD
FEBUGUARD TAB 10'S,,112.50,REJLI HEALTHCARE PVT.LTD
MONTEREJ-LC TAB 10'S,,150.00,REJLI HEALTHCARE PVT.LTD
FEROSKY TAB 10'S,,121.88,REJLI HEALTHCARE PVT.LTD
ACECLOREJ-SP TAB 10'S,,91.88,REJLI HEALTHCARE PVT.LTD
CALCORE TAB 10'S,,84.38,REJLI HEALTHCARE PVT.LTD
ADDMG TAB 10'S,,349.00,RENAUXE (CARDIODIABETICS)
RABIPROX-DSR CAP 1*10'S,,81.56,RENAUXE (CARDIODIABETICS)
SCRIBNOR M75 TAB 1*10'S,,153.28,RENAUXE (CARDIODIABETICS)
GFRXL-5MG TAB 1*10'S,,112.03,RENAUXE (CARDIODIABETICS)
GFRXL 2.5MG TAB 1*10'S,,81.09,RENAUXE (CARDIODIABETICS)
NEFROPRES-C100 TAB 1*10'S,,23.91,RENAUXE (CARDIODIABETICS)
NEFROPRES-C 150 TAB 1*10'S,,28.59,RENAUXE (CARDIODIABETICS)
DAPSGLT-5MG TAB 1*10'S,,74.06,RENAUXE (CARDIODIABETICS)
DAPSGLT-10MG TAB 1*10'S,,101.72,RENAUXE (CARDIODIABETICS)
PROHENZ OD TAB 1*10'S,,240.94,RENAUXE (CARDIODIABETICS)
TEGLARA-20MG TAB 1*10'S,,89.06,RENAUXE (CARDIODIABETICS)
TEGLARA-M TAB 1*10'S,,109.69,RENAUXE (CARDIODIABETICS)
JUXTOMEGA 10MG CAP 1*10'S,,123.75,RENAUXE (CARDIODIABETICS)
XTRACETSEMI TAB 1*10'S,,92.81,RENAUXE (CARDIODIABETICS)
KAYRISE TAB 10'S,,101.25,RENAUXE (NEPHROLOGY)
ACIDOSE TAB 500MG 1*20'S,,40.78,RENAUXE (NEPHROLOGY)
ACIDOSE DS TAB 1*15'S,,77.81,RENAUXE (NEPHROLOGY)
ACIDOSE-GST 650MG TAB 1*10'S,,55.78,RENAUXE (NEPHROLOGY)
RENUM TAB 667MG TAB 1*10'S,,47.81,RENAUXE (NEPHROLOGY)
RENUM-SC 400MG TAB 1*10'S,,92.81,RENAUXE (NEPHROLOGY)
RENUM-SC 800MG TAB 1*10'S,,185.63,RENAUXE (NEPHROLOGY)
JUXTALFA TAB 1*10'S,,319.00,RENAUXE (NEPHROLOGY)
SCRIBNOR 25MG TAB 1*10'S,,60.94,RENAUXE (NEPHROLOGY)
JUXTAPRO CAP 1*10'S,,365.63,RENAUXE (NEPHROLOGY)
RENOCEPTIN S-360 MG TAB 1*10'S,,550.00,RENAUXE (NEPHROLOGY)
RENOCEPTIN 500MG TAB 1*10'S,,550.00,RENAUXE (NEPHROLOGY)
FEBULIFE-20MG TAB,,92.81,RENAUXE (NEPHROLOGY)
BUDIGAN TAB 1*10'S,,371.25,RENAUXE (NEPHROLOGY)
REVIT FE TAB 1*10TAB,,134.53,RENAUXE (NEPHROLOGY)
CILCENT 10MG TAB 10'S,,72.19,RENAUXE (RHEUMATOLOGY)
CILCENT 20MG TAB 10'S,,92.81,RENAUXE (RHEUMATOLOGY)
NATREMIA 15 MG TAB 10'S,,421.88,RENAUXE (RHEUMATOLOGY)
FEBULIFE 40MG TAB 1*10'S,,101.72,RENAUXE (RHEUMATOLOGY)
QSLERA-200MG TAB 1*10'S,,66.56,RENAUXE (RHEUMATOLOGY)
NEFROGRAF 1MG TAB 1*10'S,,330.00,RENAUXE (RHEUMATOLOGY)
NEFROGRAF 0.5MG TAB 1*10'S,,172.03,RENAUXE (RHEUMATOLOGY)
TADAFLOW-5MG TAB 1*4'S,,48.28,RENAUXE (RHEUMATOLOGY)
AZAGRAF TAB 1*10'S,,104.50,RENAUXE (RHEUMATOLOGY)
LEFRIGHT-10MG TAB 1*10'S,,101.72,RENAUXE (RHEUMATOLOGY)
JAKTOFA-5MG TAB 1*10'S,,186.56,RENAUXE (RHEUMATOLOGY)
JAKTOFA TAB 1*10'S,,278.44,RENAUXE (RHEUMATOLOGY)
BUDIGAN-3MG TAB 1*10'S,,168.75,RENAUXE (RHEUMATOLOGY)
SAFEGFR-FORTE TAB 1*10'S,,210.94,RENAUXE (RIV)
SAFEGFR TAB 1*10'S,,100.31,RENAUXE (RIV)
UTIMOVE-100MG TAB 1*10TAB,,83.44,RENAUXE (RIV)
APRILIFE TAB 10'S,,70.78,RENAUXE (UROLOGY)
APRILIFE PLUS TAB 10'S,,92.81,RENAUXE (UROLOGY)
KUBSTON SOLUTION 200ML,,178.59,RENAUXE (UROLOGY)
BPHLO TAB 1*10'S,,91.41,RENAUXE (UROLOGY)
BPHLO-D TAB 1*10'S,,170.16,RENAUXE (UROLOGY)
BPHLO-S8 CAP 1*10'S,,237.19,RENAUXE (UROLOGY)
KUBSTON TAB 1*10'S,,78.75,RENAUXE (UROLOGY)
SOLIFENZ-M25 TAB 1*10'S,,323.44,RENAUXE (UROLOGY)
BPHLO DS8 TAB 1*10'S,,333.75,RENAUXE (UROLOGY)
MIRASEAL 25MG TAB 1*10TAB,,185.63,RENAUXE (UROLOGY)
MINIDOXIME-100DT TAB 1*10'S,,145.31,RESEARCH MEDICINE PVT.LTD.
BEVACIREL-400MG VAIL,,"47,016.20",RLS
IMMUNOREL 5GM IV 100ML,,"16,151.10",RLS
RABICLIK-LS TAB 10S,,186.50,ROSSWELT BIOSCIENCES
VODRO-M TAB 10,,107.81,ROSSWELT BIOSCIENCES
ROSIPRIDE-4MG TAB 10S,,63.75,ROSSWELT BIOSCIENCES
VOSNAC-XL TAB 10S,,103.00,ROSSWELT BIOSCIENCES
ROSHIST-16MG TAB 10S,,103.10,ROSSWELT BIOSCIENCES
VOSFATE-O SYP,,121.86,ROSSWELT BIOSCIENCES
NEOWELT-GM CREAM 15GM,,48.75,ROSSWELT BIOSCIENCES
VOSNAC GEL 30GM,,70.31,ROSSWELT BIOSCIENCES
CARIPA TAB 10S,,187.50,ROSSWELT BIOSCIENCES
ROSHIST-24 TAB 10S,,121.87,ROSSWELT BIOSCIENCES
ROSTOLIN TAB 10S,,185.62,ROSSWELT BIOSCIENCES
ROSPENAM-200MG TAB 10'S,,517.50,ROSSWELT BIOSCIENCES
ROSPENAM-300MG ER TAB 10'S,,663.75,ROSSWELT BIOSCIENCES
VOSNAC SP TAB 10S,,75.00,ROSSWELT BIOSCIENCES
ROSSMET GSR 1MG TAB 10'S,,60.93,ROSSWELT BIOSCIENCES
ROSSMET GSR 2MG TAB 10'S,,73.12,ROSSWELT BIOSCIENCES
ROSTOLIN-D TAB 10'S,,225.00,ROSSWELT BIOSCIENCES
ROSVENT-N TAB 10'S,,186.50,ROSSWELT BIOSCIENCES
ROSUKAST L SYRUP 60ML,,89.06,ROSSWELT BIOSCIENCES
VELTUM-250MG TAB 10'S,,262.50,ROSSWELT BIOSCIENCES
NOSIRASE NASAL DROP 10ML,,51.24,ROSSWELT BIOSCIENCES
MECOHIT-PLUS INJ. 1*2ML,,51.56,ROSSWELT BIOSCIENCES
ROSVENT CAP 10'S,,79.69,ROSSWELT BIOSCIENCES
VOSNAC FAST INJ 1*1ML,,15.00,ROSSWELT BIOSCIENCES
COLCET PLUS TAB 10'S,,32.81,ROSSWELT BIOSCIENCES
OFLOHIT-MS SUSP.60ML,,79.68,ROSSWELT BIOSCIENCES
COLZIN-D TAB 10'S,,75.00,ROSSWELT BIOSCIENCES
MECOHIT-NT TAB 10'S,,182.80,ROSSWELT BIOSCIENCES
ROSUZYME SYRUP 5% GST 200ML,,93.45,ROSSWELT BIOSCIENCES
LINOHIT DRY SYR.30ML,,145.31,ROSSWELT BIOSCIENCES
DIGIPROX 100 TAB 10S,,107.81,ROSSWELT BIOSCIENCES
ROSTIN-12  TAB,,328.13,ROSSWELT BIOSCIENCES
TENELIN-20MG,,129.38,ROSSWELT BIOSCIENCES
ROSS-VEE-C  CHEWABLE TAB,,62.30,ROSSWELT BIOSCIENCES
WITCEE-PLUS TAB 10'S,,95.00,ROSSWELT BIOSCIENCES
ALCOCET-M KID TAB 10'S,,67.50,ROSSWELT BIOSCIENCES
ALCICOLD NASAL DROP 10ML,,54.70,ROSSWELT BIOSCIENCES
REBLICE-D TAB 10'S,,46.88,ROSSWELT BIOSCIENCES
TALZIUM 40MG TAB 10'S,,46.87,ROSSWELT BIOSCIENCES
TALZIUM A TAB 10'S,,95.00,ROSSWELT BIOSCIENCES
MOXLICE EYE DROP 5ML,,75.00,ROSSWELT BIOSCIENCES
GLINLICE-PG 1MG TAB 10'S,,70.31,ROSSWELT BIOSCIENCES
REBLICE-O TAB 10'S,,89.00,ROSSWELT BIOSCIENCES
JANZOL-IM TAB 1'S,,17.80,ROSSWELT BIOSCIENCES
ROSUKAST-F TAB 10'S,,154.60,ROSSWELT BIOSCIENCES
CLINDASOFT CAP 1*10'S,,303.03,ROSSWELT BIOSCIENCES
ROCKNET-D3 TAB 1*10'S,,98.75,ROSSWELT BIOSCIENCES
ROSIPRIME-MR TAB 1*10'S,,210.00,ROSSWELT BIOSCIENCES
TELMERIO-AMH TAB 1*10'S,,89.06,ROSSWELT BIOSCIENCES
FOLCISTER TAB 10'S,,45.00,ROSSWELT BIOSCIENCES
ROSIPRIME-P TAB 10'S,,121.88,ROSSWELT BIOSCIENCES
CAFILICE-D3 DROPS 30ML,,110.00,ROSSWELT BIOSCIENCES
CRESTIL TAB 10'S,,70.31,ROSSWELT BIOSCIENCES
DIZZITAL TAB 10'S,,111.50,ROSSWELT BIOSCIENCES
PANLICE-O TAB 10'S,,65.62,ROSSWELT BIOSCIENCES
CC-TAB 1*15'S,,106.80,ROSSWELT BIOSCIENCES
IVERV-12MG TAB 1*10TAB,,295.31,ROSSWELT BIOSCIENCES
TROLYS-250MG TAB 1*7'S,,151.87,ROSSWELT BIOSCIENCES
LICEZINE-25MG TAB 1*10'S,,51.55,ROSSWELT BIOSCIENCES
ROSUZYME SYRUP 18% GST 200ML,,93.45,ROSSWELT BIOSCIENCES
LICEBIL M TAB 10'S,,186.00,ROSSWELT BIOSCIENCES
RABICLIK 20 TAB 10,,60.93,ROSSWELT BIOSCIENCES
VOLPAN D TAB 10,,90.00,ROSSWELT BIOSCIENCES
VOLPAN DSR TAB 10,,112.50,ROSSWELT BIOSCIENCES
EMOCORT 6 TAB 10,,131.25,ROSSWELT BIOSCIENCES
ROSIFIX OX TAB 10,,182.80,ROSSWELT BIOSCIENCES
VOLFER XT TAB 10,,126.50,ROSSWELT BIOSCIENCES
PRASMOL SP TAB 10,,112.50,ROSSWELT BIOSCIENCES
COLCET DS SYP 60ML,,45.00,ROSSWELT BIOSCIENCES
BULVIT-L SYRUP 200ML,,103.13,ROSSWELT BIOSCIENCES
BULVIT DROP 30ML,,48.95,ROSSWELT BIOSCIENCES
VOSLIV SYP 200ML,,121.87,ROSSWELT BIOSCIENCES
LACROSS CAP 10S,,75.65,ROSSWELT BIOSCIENCES
DIGIPROX 200 TAB 10S,,206.25,ROSSWELT BIOSCIENCES
PRASMOL N TAB 10,,50.00,ROSSWELT BIOSCIENCES
DOREZIN SYRUP 100ML,,46.88,ROSSWELT BIOSCIENCES
VOSNAC S TAB 10S,,60.93,ROSSWELT BIOSCIENCES
VOLPAN 40 TAB 10,,75.00,ROSSWELT BIOSCIENCES
DIGIMOX CV SYP 30ML,,55.75,ROSSWELT BIOSCIENCES
DOXICLIN M TAB 10,,150.00,ROSSWELT BIOSCIENCES
NUCIUM CC TAB 10S,,53.44,ROSSWELT BIOSCIENCES
ROSIFIX 100 TAB 10S,,81.28,ROSSWELT BIOSCIENCES
ROSIFIX OZ TAB 10S,,168.75,ROSSWELT BIOSCIENCES
AZICLIK 500 TAB 3S,,122.81,ROSSWELT BIOSCIENCES
BERITUS AM SYP 100ML,,79.69,ROSSWELT BIOSCIENCES
BERITUS D SYP 100ML,,89.06,ROSSWELT BIOSCIENCES
COLCET 5MG TAB 10'S,,39.37,ROSSWELT BIOSCIENCES
DIGIMOX CV 625 6S,,195.51,ROSSWELT BIOSCIENCES
DIVELT GM TAB 10S,,201.56,ROSSWELT BIOSCIENCES
LACROSS Z SAC 1.5GM,,11.57,ROSSWELT BIOSCIENCES
LYCOMEER CAP 10S,,117.00,ROSSWELT BIOSCIENCES
LYCOMEER SYP 300ML,,164.06,ROSSWELT BIOSCIENCES
MECOHIT OD TAB 10S,,121.87,ROSSWELT BIOSCIENCES
OFLOHIT OZ TAB 10,,90.90,ROSSWELT BIOSCIENCES
PRASMOL MR TAB 10,,107.80,ROSSWELT BIOSCIENCES
RABICLIK DSR 10,,98.40,ROSSWELT BIOSCIENCES
RIDOFLOX 500 10S,,79.41,ROSSWELT BIOSCIENCES
RIDOFLOX OZ TAB 10,,79.69,ROSSWELT BIOSCIENCES
VOLFER XT SYP 150ML,,140.62,ROSSWELT BIOSCIENCES
VOSGIL MPS SYP 170ML,,89.05,ROSSWELT BIOSCIENCES
VOSPROT POWDER 200GM,,310.55,ROSSWELT BIOSCIENCES
VOSLAC-Z SACHET 1.5GM,,18.24,ROSSWELT BIOSCIENCES
GLIMZY-M1 TAB 10'S,,39.84,ROSSWELT BIOSCIENCES
BONEJOINT CAP 30'S,,445.31,ROSSWELT BIOSCIENCES
VAKTUM-250MG TAB 10'S,,280.31,ROSSWELT BIOSCIENCES
RIOCEE-D3 TAB 10'S,,62.81,ROSSWELT BIOSCIENCES
ROSS-D3 SACHET,,32.81,ROSSWELT BIOSCIENCES
COLCET-PLUS-SYP 60ML,,65.60,ROSSWELT BIOSCIENCES
FIXLEN-AZ TAB 10'S,,220.31,ROSSWELT BIOSCIENCES
ITOLICE-90MG TAB 10'S,,101.25,ROSSWELT BIOSCIENCES
LICEZID-600MG TAB 10'S,,381.04,ROSSWELT BIOSCIENCES
TALZIUM H-40MG TAB 10'S,,85.00,ROSSWELT BIOSCIENCES
DOXCIA-L CAP 10',,130.00,ROSSWELT BIOSCIENCES
FIXLICE-OZ TAB 10'S,,195.00,ROSSWELT BIOSCIENCES
AZICLIK-XL TAB 10S,,156.09,ROSSWELT BIOSCIENCES
ROSBIL-M TAB 10'S,,136.78,ROSSWELT BIOSCIENCES
MECOHIT-P CAP 10S,,126.50,ROSSWELT BIOSCIENCES
MECOHIT FORTE CAP 10S,,182.80,ROSSWELT BIOSCIENCES
ROSUKAST L TAB 10S,,107.80,ROSSWELT BIOSCIENCES
ROSIFIX-LB-TAB 10S,,167.81,ROSSWELT BIOSCIENCES
PRASMOL-A TAB 10S,,42.19,ROSSWELT BIOSCIENCES
DIGIPROX LX TAB 10S,,229.69,ROSSWELT BIOSCIENCES
THIOHIT-AP TAB 10S,,274.00,ROSSWELT BIOSCIENCES
VOMICLIN TAB 10S,,45.00,ROSSWELT BIOSCIENCES
ROSS D3 CAP 4'S,,131.20,ROSSWELT BIOSCIENCES
LYCOMEER 9G CAP 10S,,249.20,ROSSWELT BIOSCIENCES
AZLICE 200MG SUSP.15ML,,48.28,ROSSWELT BIOSCIENCES
GLINLICE-M1 TAB 10'S,,54.37,ROSSWELT BIOSCIENCES
VOSLAC-CAP 10'S,,111.00,ROSSWELT BIOSCIENCES
VOSIDOX-LB CAP 10'S,,135.94,ROSSWELT BIOSCIENCES
VOLZEX-500MG TAB 10'S,,96.00,ROSSWELT BIOSCIENCES
BIODASE-SP TAB 10,,84.38,ROSSWELT BIOSCIENCES
DINMOL-MR TAB 10'S,,65.63,ROSSWELT BIOSCIENCES
KETOPACE-10MG TAB 10'S,,111.56,ROSSWELT BIOSCIENCES
ALICTHER-L TAB 6'S,,130.31,ROSSWELT BIOSCIENCES
LASNOFIL-15MG TAB 10'S,,75.00,ROSSWELT BIOSCIENCES
ALCIROX-ZN CAP 10'S,,98.44,ROSSWELT BIOSCIENCES
SYSVIT-C TAB 1*10,,80.10,ROSSWELT BIOSCIENCES
VAKTUM-500MG TAB 10'S,,549.40,ROSSWELT BIOSCIENCES
NAPROSYN D 250MG TAB 10S,,85.58,RPG LIFE SCIENCE LTD. (GLODIAN
NAPROSYN D 500MG TAB 10S,,112.85,RPG LIFE SCIENCE LTD. (GLODIAN
TRICAINE-S 120ML,,204.00,RPG LIFE SCIENCE LTD. (GLODIAN
PEDITRAL-ORS 4.2GM (10SACHETS),,43.60,RPG LIFE SCIENCE LTD. (GLODIAN
SERENACE 0.25 TABS 20`s.,,47.46,RPG LIFE SCIENCE LTD. (GLODIAN
SERENACE 1.5MG TABS 20'S,,33.71,RPG LIFE SCIENCE LTD. (GLODIAN
SERENACE 5MG TABS 20'S 20S,,76.01,RPG LIFE SCIENCE LTD. (GLODIAN
SERENACE 10MG TABS 20`S,,101.86,RPG LIFE SCIENCE LTD. (GLODIAN
SERENACE INJ. 5X1ML,,34.10,RPG LIFE SCIENCE LTD. (GLODIAN
LOMOTIL TABS 20`S,,31.70,RPG LIFE SCIENCE LTD. (GLODIAN
TRICAINE MPS GEL 200ML,,204.17,RPG LIFE SCIENCE LTD. (GLODIAN
ALDACTONE 25MG TABS 15`S,,35.12,RPG LIFE SCIENCE LTD. (GLODIAN
ALDACTONE 100MG TABS 15`S 15S,,263.20,RPG LIFE SCIENCE LTD. (GLODIAN
LOMOFEN + 2MG TABS 20`S,,48.45,RPG LIFE SCIENCE LTD. (GLODIAN
SPIROMIDE TABS 10`S,,92.08,RPG LIFE SCIENCE LTD. (GLODIAN
ARPIEMPA 10MG TAB 10'S,,37.50,RPG LIFE SCIENCE LTD. (GLODIAN
ARPIEMPA 25MG TAB 10'S,,65.63,RPG LIFE SCIENCE LTD. (GLODIAN
ARPIEMPA L 10MG/5MG TAB 10'S,,84.38,RPG LIFE SCIENCE LTD. (GLODIAN
ARPIEMPA L 25MG/5MG TAB 10'S,,103.13,RPG LIFE SCIENCE LTD. (GLODIAN
ARPIEMPA# M 12.5MG/500MG TAB 10'S,,84.38,RPG LIFE SCIENCE LTD. (GLODIAN
MOFETYL-S 360MG TAB 10'S,,"1,234.91",RPG LIFE SCIENCE LTD. (GLODIAN
GLIMETOP 1MG TAB 10'S,,32.81,RPG LIFE SCIENCE LTD. (GLODIAN
GLIMETOP 2MG TAB 10'S,,46.88,RPG LIFE SCIENCE LTD. (GLODIAN
MOFETYL 500MG TAB 10',,796.67,RPG LIFE SCIENCE LTD. (GLODIAN
RPTEL 40MG TAB 10'S,,42.92,RPG LIFE SCIENCE LTD. (GLODIAN
GLIPTINEXT TAB 10'S,,60.00,RPG LIFE SCIENCE LTD. (GLODIAN
GLIPTINEXT M 500MG TAB 10'S,,135.70,RPG LIFE SCIENCE LTD. (GLODIAN
GLIPTINEXT M 1000MG TAB 10'S,,103.13,RPG LIFE SCIENCE LTD. (GLODIAN
TADGO 5MG TAB 10'S,,170.02,RPG LIFE SCIENCE LTD. (GLODIAN
TRICAINE ALMA GEL 200ML,,204.80,RPG LIFE SCIENCE LTD. (GLODIAN
NUGLIPTIN 50MG TAB 15S,,168.33,RPG LIFE SCIENCE LTD. (GLODIAN
NUGLIPTIN M 500MG TAB 15S,,226.24,RPG LIFE SCIENCE LTD. (GLODIAN
NUGLIPTIN M 1000MG TAB 15S,,154.69,RPG LIFE SCIENCE LTD. (GLODIAN
NORPACE 100 CAP 10S,,365.77,RPG LIFE SCIENCE LTD. (GLODIAN
ROMILAST-BL 10S TABS,,181.41,RPG LIFE SCIENCE LTD. (GLODIAN
ALDACTONE T 10MG TABS 15`S 15,,100.74,RPG LIFE SCIENCE LTD. (GLODIAN
ALDACTONE T 5 MG TABS 15`S,,75.68,RPG LIFE SCIENCE LTD. (GLODIAN
TAMFLO D CAP 10'S,,316.27,RPG LIFE SCIENCE LTD. (GLODIAN
DASLIN NF 100ML,,122.16,RPG LIFE SCIENCE LTD. (GLODIAN
NAPROSYN M TAB 2'S,,117.55,RPG LIFE SCIENCE LTD. (GLODIAN
IRORAIN INJ. 500MG/10ML,,"2,576.86",RPG LIFE SCIENCE LTD. (GLODIAN
TRICAIN RAFT SYRUP 150ML,,144.37,RPG LIFE SCIENCE LTD. (GLODIAN
SACUNEW 50MG TAB 14'S,,183.75,RPG LIFE SCIENCE LTD. (GLODIAN
SACUNEW 100MG TAB 14'S,,367.50,RPG LIFE SCIENCE LTD. (GLODIAN
SACUNEW 200MG TAB 7'S,,262.50,RPG LIFE SCIENCE LTD. (GLODIAN
DRAMINATE CN TAB 10'S,,112.50,RPG LIFE SCIENCE LTD. (GLODIAN
GLIMETOP M1 TAB 10,,61.87,RPG LIFE SCIENCE LTD. (GLODIAN
GLIMETOP M2 TAB 10 10,,65.63,RPG LIFE SCIENCE LTD. (GLODIAN
GLIMETOP MV1 TAB 10,,92.80,RPG LIFE SCIENCE LTD. (GLODIAN
GLIMETOP MV2 TAB 10 10,,103.12,RPG LIFE SCIENCE LTD. (GLODIAN
ROZITAZ 10MG   10S 10,,60.94,RPG LIFE SCIENCE LTD. (GLODIAN
ROZITAZ 20MG   10S,,79.69,RPG LIFE SCIENCE LTD. (GLODIAN
ROZITAZ CV   10S 10,,93.75,RPG LIFE SCIENCE LTD. (GLODIAN
ROZITAZ GOLD 10MG   10S 10,,112.50,RPG LIFE SCIENCE LTD. (GLODIAN
ROZITAZ GOLD 20MG   10S,,121.88,RPG LIFE SCIENCE LTD. (GLODIAN
RPTEL AM TAB 10,,67.02,RPG LIFE SCIENCE LTD. (GLODIAN
RPTEL M 25MG TAB 1*10'S,,75.00,RPG LIFE SCIENCE LTD. (GLODIAN
RPTEL M 50MG TAB 1*10'S,,84.38,RPG LIFE SCIENCE LTD. (GLODIAN
PREBANEURO 75MG TAB 1*15'S,,124.69,RPG LIFE SCIENCE LTD. (GLODIAN
PREBANEURO-M TAB 1*15'S,,168.75,RPG LIFE SCIENCE LTD. (GLODIAN
PREBANEURO-D TAB 1*10'S,,150.00,RPG LIFE SCIENCE LTD. (GLODIAN
FEB-RP 40MG TAB 1*15'S,,187.50,RPG LIFE SCIENCE LTD. (GLODIAN
FEB-RP 80MG TAB 1*15'S,,322.50,RPG LIFE SCIENCE LTD. (GLODIAN
TOFUMA 5MG TAB 1*10'S,,487.50,RPG LIFE SCIENCE LTD. (GLODIAN
TERISTRONG PFS VIAL,,"7,217.06",RPG LIFE SCIENCE LTD. (GLODIAN
T JAKI 11 XR TABS   10S,,"1,021.88",RPG LIFE SCIENCE LTD. (GLODIAN
DRAMINATE TABS 10'S,,39.33,RPG LIFE SCIENCE LTD. (GLODIAN
LOMOTIL RF 200MG TAB 10'S,,250.00,RPG LIFE SCIENCE LTD. (GLODIAN
LOMOTIL RF 400MG TAB 10'S,,400.00,RPG LIFE SCIENCE LTD. (GLODIAN
LOMOTIL RF 550MG TAB 10'S,,550.00,RPG LIFE SCIENCE LTD. (GLODIAN
ROZITAZ ASP TAB 10'S,,75.00,RPG LIFE SCIENCE LTD. (GLODIAN
NAPROSYN SUSPENSION 100ML,,68.81,RPG LIFE SCIENCE LTD. (GLODIAN
SERENACE LIQ. 15ML,,35.86,RPG LIFE SCIENCE LTD. (GLODIAN
NAPROSYN ES+375MG TAB 10'S,,150.00,RPG LIFE SCIENCE LTD. (GLODIAN
NAPROSYN ES+500MG TAB 10'S,,170.00,RPG LIFE SCIENCE LTD. (GLODIAN
RABEE 20MG TABS 10'S,,122.11,RPG LIFE SCIENCE LTD. (GLODIAN
RINOSTAT PLUS TAB 6'S,,58.64,RPG LIFE SCIENCE LTD. (GLODIAN
CARDIBETA XR 12.5 TABS,,30.38,RPG LIFE SCIENCE LTD. (GLODIAN
ALDACTONE 50MG TAB 15'S,,69.96,RPG LIFE SCIENCE LTD. (GLODIAN
NAPROSYN SR TAB,,94.93,RPG LIFE SCIENCE LTD. (GLODIAN
NAPROSYN SUSPEN.60ML,,37.54,RPG LIFE SCIENCE LTD. (GLODIAN
SERENACE 0.5MG TAB 20'S,,82.64,RPG LIFE SCIENCE LTD. (GLODIAN
MINILACTONE TABS 10S,,55.01,RPG LIFE SCIENCE LTD. (GLODIAN
CARDIBETA XR 25 TAB*,,44.82,RPG LIFE SCIENCE LTD. (GLODIAN
CARDIBETA XR 50 TAB*,,62.76,RPG LIFE SCIENCE LTD. (GLODIAN
ROMILAST 10MG TAB 15'S,,263.20,RPG LIFE SCIENCE LTD. (GLODIAN
ROMILAST 4MG TAB 15'S,,157.92,RPG LIFE SCIENCE LTD. (GLODIAN
ROMILAST B-10 TAB 10'S,,352.76,RPG LIFE SCIENCE LTD. (GLODIAN
ROMILAST B-5 TAB 10'S,,204.26,RPG LIFE SCIENCE LTD. (GLODIAN
ROMILAST L-10 TAB 10'S,,194.39,RPG LIFE SCIENCE LTD. (GLODIAN
ROMILAST L-5 TAB 10'S,,155.95,RPG LIFE SCIENCE LTD. (GLODIAN
ROMILAST 5MG TAB 15'S,,164.58,RPG LIFE SCIENCE LTD. (GLODIAN
MINMIN TONIC 200ML.,,180.80,RPG LIFE SCIENCE LTD. (GLODIAN
ROMILAST L4 SYP 60ml,,110.75,RPG LIFE SCIENCE LTD. (GLODIAN
ROMILAST FX TABLET 10'S,,214.88,RPG LIFE SCIENCE LTD. (GLODIAN
ROMILAST L-4  10S TAB,,95.79,RPG LIFE SCIENCE LTD. (GLODIAN
TRICAINE AR GEL  220 ML,,92.95,RPG LIFE SCIENCE LTD. (GLODIAN
SILDURA 4MG TAB 1*10,,161.72,RPG LIFE SCIENCE LTD. (GLODIAN
TAMFLO 0.4MG TAB 1*10,,164.67,RPG LIFE SCIENCE LTD. (GLODIAN
SILDURA 8/0.5MG TAB 10'S,,459.38,RPG LIFE SCIENCE LTD. (GLODIAN
MINMIN PB TAB 15'S,,541.03,RPG LIFE SCIENCE LTD. (GLODIAN
MINMIN PB SYRUP 120ML.,,360.80,RPG LIFE SCIENCE LTD. (GLODIAN
FILLERINA GD-1,,"6,393.76",RPG LIFE SCIENCE LTD. (GLODIAN
FILLERINA GD-3,,"8,115.02",RPG LIFE SCIENCE LTD. (GLODIAN
MINMIN D3 TAB 4S,,94.45,RPG LIFE SCIENCE LTD. (GLODIAN
INFURA TABS 10S,,84.98,RPG LIFE SCIENCE LTD. (GLODIAN
CRANN-D TAB 10S,,222.45,RPG LIFE SCIENCE LTD. (GLODIAN
DUO CYTRA  SYRUP 200ML,,224.94,RPG LIFE SCIENCE LTD. (GLODIAN
TADGO 10MG TAB 4S,,120.00,RPG LIFE SCIENCE LTD. (GLODIAN
TADGO 20MG TAB 4S,,168.75,RPG LIFE SCIENCE LTD. (GLODIAN
LOMOFEN LB TAB 10'S,,51.56,RPG LIFE SCIENCE LTD. (GLODIAN
DEBRUMAB 60MG PFS,,"22,031.25",RPG LIFE SCIENCE LTD. (GLODIAN
SOLIFIRST 5MG TAB 10'S,,283.57,RPG LIFE SCIENCE LTD. (GLODIAN
ABITATE U 250MG,,"37,417.36",RPG LIFE SCIENCE LTD. (GLODIAN
TAMFLO DFZ TAB 10S,,642.89,RPG LIFE SCIENCE LTD. (GLODIAN
NAPROSYN 250MG PLUS TAB 15'S,,108.46,RPG LIFE SCIENCE LTD. (GLODIAN
NAPROSYN 500MG PLUS TAB 15'S,,147.77,RPG LIFE SCIENCE LTD. (GLODIAN
ALDACTONE F TAB 10'S,,101.28,RPG LIFE SCIENCE LTD. (GLODIAN
DPO 10MG TAB 10'S,,123.75,RPG LIFE SCIENCE LTD. (GLODIAN
DPO 5MG# TAB 10'S,,75.00,RPG LIFE SCIENCE LTD. (GLODIAN
DPO M 5MG/1000MG TAB 10'S,,117.19,RPG LIFE SCIENCE LTD. (GLODIAN
DPO M 10MG/500MG TAB 10'S,,147.46,RPG LIFE SCIENCE LTD. (GLODIAN
DPO M 10MG/1000MG TAB 10'S,,135.94,RPG LIFE SCIENCE LTD. (GLODIAN
NAPROSYN PLUS GEL 35GM,,141.23,RPG LIFE SCIENCE LTD. (GLODIAN
TRICAINE TAB 20'S,,18.66,RPG LIFE SCIENCE LTD. (GLODIAN
MIRASMART S 25MG TAB 10'S,,330.00,RPG LIFE SCIENCE LTD. UROLOGY
SILOSMART 4MG TAB10S,,138.98,RPG LIFE SCIENCE LTD. UROLOGY
SILOSMART 8MG TAB 10S,,242.39,RPG LIFE SCIENCE LTD. UROLOGY
MIRASMART 25MG TAB 10S,,247.69,RPG LIFE SCIENCE LTD. UROLOGY
MIRASMART 50MG TAB 10S,,338.44,RPG LIFE SCIENCE LTD. UROLOGY
AZILTA 8MG TAB 10'S,,92.81,RPG LIFE SCIENCE LTD. UROLOGY
AZILTA 16MG TAB 10'S,,131.25,RPG LIFE SCIENCE LTD. UROLOGY
AZILTA T 40MG 10'S,,133.13,RPG LIFE SCIENCE LTD. UROLOGY
AZILTA T 80MG TAB 10'S,,150.94,RPG LIFE SCIENCE LTD. UROLOGY
LOMO-RS 200ML LIQUID,,32.81,"RPG LIFE SCIENCES L.., (SEARLE"
NUFEX 250 MG TABS 10'S,,124.36,"RPG LIFE SCIENCES L.., (SEARLE"
NUFEX 500MG TABS 10'S,,236.63,"RPG LIFE SCIENCES L.., (SEARLE"
RABEE D CAPS 10`S,,113.63,"RPG LIFE SCIENCES L.., (SEARLE"
ARPITOR CP 10 90'S,,55.22,"RPG LIFE SCIENCES L.., (SEARLE"
PEDISMEC SACH.3*5GR,,57.19,"RPG LIFE SCIENCES L.., (SEARLE"
NUTRIKIT 15'S,,105.00,"RPG LIFE SCIENCES L.., (SEARLE"
RABEE L TAB 7#,,86.44,"RPG LIFE SCIENCES L.., (SEARLE"
QUGYL OP 20G,,80.30,"RPG LIFE SCIENCES L.., (SEARLE"
EVACTIVE GEL 20GM,,574.05,"RPG LIFE SCIENCES L.., (SEARLE"
EVACTIVE WASH 100ML,,155.75,"RPG LIFE SCIENCES L.., (SEARLE"
GLUGEN SACHET 1S,,50.29,"RPG LIFE SCIENCES L.., (SEARLE"
TRAMIC-MF TAB 10S,,300.00,"RPG LIFE SCIENCES L.., (SEARLE"
EVACTIVE CAP 10S,,140.63,"RPG LIFE SCIENCES L.., (SEARLE"
NERV-M TAB 10S,,144.09,"RPG LIFE SCIENCES L.., (SEARLE"
ARPIMUNE ME 25 TAB 10,,124.10,RPG LIFE SCIENCES LTD. NEUROPS
ARPIMUNE-ME100 TAB 5S,,413.37,RPG LIFE SCIENCES LTD. NEUROPS
AZORAN 50 MG TABS 20* 20,,240.31,RPG LIFE SCIENCES LTD. NEUROPS
RPO 10000 IU INJ. 1ML.,,"2,067.52",RPG LIFE SCIENCES LTD. NEUROPS
IMUNOTAC 0.5MG TAB 10'S,,212.58,RPG LIFE SCIENCES LTD. NEUROPS
IMUNOTAC 1MG TAB 10'S,,408.23,RPG LIFE SCIENCES LTD. NEUROPS
IMUNOTAC 0.25MG TAB 10'S,,123.74,RPG LIFE SCIENCES LTD. NEUROPS
T-JAKI 11 XR TAB 10'S,,"1,021.88",RPG LIFE SCIENCES LTD. NEUROPS
DARBA 40 MCG INJE,,"3,290.44",RPG LIFE SCIENCES LTD. NEUROPS
T-JAKI TAB 10'S,,487.50,RPG LIFE SCIENCES LTD. NEUROPS
LOSATEC H TAB 10'S,,37.50,RPG LIFE SCIENCES LTD. NEUROPS
AZORAN 25 TAB 25'S,,193.30,RPG LIFE SCIENCES LTD. NEUROPS
ZERT OD 50MG 10'S,,43.64,RPG LIFE SCIENCES LTD. NEUROPS
ZERT OD 100MG 10'S,,64.69,RPG LIFE SCIENCES LTD. NEUROPS
OLRAAS 40MG TAB 10'S,,115.31,RPG LIFE SCIENCES LTD. NEUROPS
PANICALM TABS,,49.22,RPG LIFE SCIENCES LTD. NEUROPS
ALFALOG TABS 10'S,,463.33,RPG LIFE SCIENCES LTD. NEUROPS
AZORAN 75 TAB 10,,239.36,RPG LIFE SCIENCES LTD. NEUROPS
ARPIMUNE-ME 50MG TAB 5S,,214.40,RPG LIFE SCIENCES LTD. NEUROPS
MEEJOY-MF TAB 10S,,147.19,RPG LIFE SCIENECES LTD (SERAL)
ISHINE XT TAB,,150.00,RPG LIFE SCIENECES LTD (SERAL)
RELIGEL-PC 30GM,,95.58,RPG LIFE SCIENECES LTD (SERAL)
MINMIN XT TAB 10'S,,130.78,RPG LIFE SCIENECES LTD (SERAL)
RPHYLO PFS 6ML,,"17,500.00",RPG LIFE SCIENECES LTD (SERAL)
PERIZIN TAB 10,,56.25,SALASAR PHARMACEUTICALS
ORNISAR O TAB 10'S,,117.19,SALASAR PHARMACEUTICALS
VERTISPORIN 1GM,,140.63,SALASAR PHARMACEUTICALS
AUTODOL TAB 10'S,,70.30,SALASAR PHARMACEUTICALS
FLUCOSAL TAB'S,,12.85,SALASAR PHARMACEUTICALS
ORTHOSAR TAB 10'S,,150.00,SALASAR PHARMACEUTICALS
REVIVIN CAP 10'S,,111.25,SALASAR PHARMACEUTICALS
SALCOLD TAB 10'S,,75.00,SALASAR PHARMACEUTICALS
VERTECID-D TAB 10'S,,80.00,SALASAR PHARMACEUTICALS
VOMISAR MD 4MG TAB 10'S,,55.00,SALASAR PHARMACEUTICALS
NIMTEX TAB 10'S,,56.25,SALASAR PHARMACEUTICALS
VOMISAR 4MG INJ,,12.19,SALASAR PHARMACEUTICALS
AUROX TAB 10'S,,140.63,SALASAR PHARMACEUTICALS
FENSIDE TAB 10'S,,65.00,SALASAR PHARMACEUTICALS
GLORIA OD 10 CAPS,,200.00,SALASAR PHARMACEUTICALS
PERIZIN D 10'S,,117.19,SALASAR PHARMACEUTICALS
VOMISAR 8 INJ 2ML.,,28.13,SALASAR PHARMACEUTICALS
RABISAR DSR CAP 10,,93.75,SALASAR PHARMACEUTICALS
RABISAR 20 TABS,,60.94,SALASAR PHARMACEUTICALS
NATO 625MG TAB 10'S,,150.00,SALASAR PHARMACEUTICALS
VERTISPORIN FORTE 1.5GM,,210.94,SALASAR PHARMACEUTICALS
LESAR 500 TAB 10 10S,,96.00,SALASAR PHARMACEUTICALS
LESAR 750 TAB 10'S,,133.03,SALASAR PHARMACEUTICALS
VOLXIME O TAB 1*10,,210.94,SALASAR PHARMACEUTICALS
FE-SAR PLUS TAB 10'S,,117.19,SALASAR PHARMACEUTICALS
LESAR 250 10'S,,60.94,SALASAR PHARMACEUTICALS
LEVO-A TAB  1*10TAB,,42.19,SALASAR PHARMACEUTICALS
VOLEX P 10'S,,210.90,SALASAR PHARMACEUTICALS
ORTHOSAR TH TAB,,250.00,SALASAR PHARMACEUTICALS
SIYACAL TAB 10S,,60.94,SALASAR PHARMACEUTICALS
AUTODOL INJ,,28.13,SALASAR PHARMACEUTICALS
LEVO-M TAB 10S,,117.19,SALASAR PHARMACEUTICALS
VOLXIME-OZ TAB 10S,,164.06,SALASAR PHARMACEUTICALS
RABISAR L TAB 10'S,,175.00,SALASAR PHARMACEUTICALS
PULMO-COD CG SYP 200NL,,142.56,STADMED PRIVATE  LTD
ANOMED L CREAM 20GM 20GM,,169.69,STADMED PRIVATE  LTD
ALKASOL-(ICE)200ML 200ML,,152.69,STADMED PRIVATE  LTD
COLD OFF SYRUP 60ML 60ML,,91.18,STADMED PRIVATE  LTD
LUKAST LC TAB 10S,,119.40,STADMED PRIVATE  LTD
LUKAST LC SYP 60ML 60ML,,109.42,STADMED PRIVATE  LTD
MECOLIN SYP 200ML 200ML,,123.78,STADMED PRIVATE  LTD
MUPON OINTMENT 5GM 5GM,,105.47,STADMED PRIVATE  LTD
PARACIN PAEDIATRIC DROPS 15ML 15ML,,10.03,STADMED PRIVATE  LTD
PULMOREST JUN 60ML SYP 60ML,,62.53,STADMED PRIVATE  LTD
PULMOREST D SYP 100ML,,124.98,STADMED PRIVATE  LTD
STALFATE SUSP 200ML 200ML,,129.56,STADMED PRIVATE  LTD
STALFATE O SUSP 100ML 100ML,,167.33,STADMED PRIVATE  LTD
URISOL TAB 10S 10S,,329.06,STADMED PRIVATE  LTD
URSOLIC -150 TAB 10S,,222.98,STADMED PRIVATE  LTD
URSOLIC -300 TAB 10S,,391.36,STADMED PRIVATE  LTD
ALKASOL(ICE-CREAM)100ML,,140.77,STADMED PRIVATE  LTD
COLD OFF TAB 10'S,,29.67,STADMED PRIVATE  LTD
PULMOREST LS SYP.100ML,,96.90,STADMED PRIVATE  LTD
PULMO-COD CG SYP 450ML,,147.44,STADMED PRIVATE  LTD
URIFUR SR 100MG TAB 10S,,92.79,STADMED PRIVATE  LTD
LAXICON TAB 10'S,,64.69,STADMED PRIVATE  LTD
STAD D3 DROPS 400IU 15ML,,41.11,STADMED PRIVATE  LTD
STAD D3 DROPS 800IU 15ML,,78.28,STADMED PRIVATE  LTD
PARACIN PLUS TAB 1*10'S,,18.28,STADMED PRIVATE  LTD
STADFLOW D TAB 15'S,,402.09,STADMED PRIVATE  LTD
STADFLOW PR TAB 10'S,,112.50,STADMED PRIVATE  LTD
PARACIN 125MG SYRUP 60ML,,26.52,STADMED PRIVATE  LTD
PARACIN 250MG SYRUP 60ML,,46.62,STADMED PRIVATE  LTD
MUPON OINTMENT 10MG,,213.05,STADMED PRIVATE  LTD
PEDIC DROPS 15ML,,96.61,STADMED PRIVATE  LTD
TAMFLOW D TAB 10S,,243.75,STADMED PRIVATE  LTD
STYPTOCID TAB 10'S,,46.43,STADMED PRIVATE  LTD
PEDIC SYRUP 200ML,,198.34,STADMED PRIVATE  LTD
STAD D3 5ML,,67.50,STADMED PRIVATE  LTD
RENERVE PLUS CAP 15 S,,236.97,STRIDES SHASUN LTD.RENREV
STUGIL TAB 6 S,,76.00,STRIDES SHASUN LTD.RENREV
ETHNORUB-MR GEL,,131.25,STRIDES SHASUN LTD.RENREV
CLISTIN WET SYRUP,,70.31,STRIDES SHASUN LTD.RENREV
OTOGESIC EAR DROPS 10ML,,116.25,STRIDES SHASUN LTD.RENREV
SELZIC 150MG TABS 10'S,,46.88,STRIDES SHASUN LYD. NEWERA NEU
SELZIC 300MG TABS 10'S,,86.72,STRIDES SHASUN LYD. NEWERA NEU
SELZIC 600MG TABS 10'S,,149.53,STRIDES SHASUN LYD. NEWERA NEU
DESVAL ER 250MG TABS 10S,,57.19,STRIDES SHASUN LYD. NEWERA NEU
DESVAL ER 500MG TABS 10'S,,103.13,STRIDES SHASUN LYD. NEWERA NEU
DESVAL ER 750MG TAB. 10'S,,127.97,STRIDES SHASUN LYD. NEWERA NEU
SELZIC OD 300MG 10'S,,100.31,STRIDES SHASUN LYD. NEWERA NEU
SELZIC OD 600MG 10'S,,170.16,STRIDES SHASUN LYD. NEWERA NEU
SOLZAM 5MG TAB 10'S,,46.92,STRIDES SHASUN LYD. NEWERA NEU
NEUGALIN A TAB 10S,,137.81,STRIDES SHASUN LYD. NEWERA NEU
SPECTRA 10MG TABS 10S,,46.41,STRIDES SHASUN NEWERA PSY
SPECTRA 75MG TABS 10S,,108.75,STRIDES SHASUN NEWERA PSY
SPECTRA 25MG TABS 10S,,75.47,STRIDES SHASUN NEWERA PSY
SERLIFT 50MG TABS 10S,,67.03,STRIDES SHASUN NEWERA PSY
SERLIFT 100MG TABS 10S,,93.28,STRIDES SHASUN NEWERA PSY
SERLIFT 25MG TABS 10S,,45.00,STRIDES SHASUN NEWERA PSY
OLANEX 5 MG TABS,,31.45,STRIDES SHASUN NEWERA PSY
OLANEX 10 MG TABS 10S,,57.70,STRIDES SHASUN NEWERA PSY
OLANEX 2.5 MG TABS 10S,,24.84,STRIDES SHASUN NEWERA PSY
OLANEX 7.5 MG TABS 10S,,60.00,STRIDES SHASUN NEWERA PSY
VENLA XR 75 MG CAP 10S,,61.88,STRIDES SHASUN NEWERA PSY
SOREST 50MG.TABS 10S,,137.81,STRIDES SHASUN NEWERA PSY
SOREST 100MG TABS 10S,,231.56,STRIDES SHASUN NEWERA PSY
VENLA XR 150MG CAPS 10S,,120.47,STRIDES SHASUN NEWERA PSY
CILENTRA 5MG TABS 10S,,41.84,STRIDES SHASUN NEWERA PSY
CILENTRA 20MG TABS 10S,,116.94,STRIDES SHASUN NEWERA PSY
AMIVAL 100MG TAB 10S,,87.19,STRIDES SHASUN NEWERA PSY
AMIVAL 200 TAB 10S,,165.94,STRIDES SHASUN NEWERA PSY
RAMITAX 8MG TAB 10S,,112.03,STRIDES SHASUN NEWERA PSY
NUTRIKIT NS 10S,,108.00,STRIDES SHASUN NEWERA PSY
CILENTRA PLUS  1*10TAB,,82.03,STRIDES SHASUN NEWERA PSY
EBERWIN CREAM 30GM,,362.81,SUN PHARMA (RIGEL)
XERINA SOFT CERAM 50 GR,,311.50,SUN PHARMA (RIGEL)
SUNCROS (NEW) SOFT GEL 50G.,,830.00,SUN PHARMA (RIGEL)
SUNCROS TINT LOST 100,,844.61,SUN PHARMA (RIGEL)
BILASHINE 20 MG TABS,,155.63,SUN PHARMA (RIGEL)
MINOZ GEL 15GM 15GM,,398.44,SUN PHARMA (RIGEL)
BILASHINE M ODT TABS 10'S,,151.41,SUN PHARMA (RIGEL)
SUNCROS NEO SUNSCREEN GEL 50G,,925.00,SUN PHARMA (RIGEL)
XERINA DS CREAM 50GM,,530.00,SUN PHARMA (RIGEL)
XERINA CREAM 50 GR,,487.00,SUN PHARMA (RIGEL)
MINOZ 50MG TAB 10 S,,292.50,SUN PHARMA (RIGEL)
SUNCROS 50 AQUA LOTION 60ML.,,542.81,SUN PHARMA (RIGEL)
SUNCROS AQUA GEL 100GM,,525.00,SUN PHARMA (RIGEL)
SUNCROS LOTION 26 SPF 100ML,,431.25,SUN PHARMA (RIGEL)
SUNCROS SOFT25% CREAM 50G,,511.75,SUN PHARMA (RIGEL)
XERINA SOFT LOTION 100ML,,429.87,SUN PHARMA (RIGEL)
YUGARD CREAM 30GM,,"1,556.61",SUN PHARMA (RIGEL)
MINOZ OD 100MG CAP 10'S 10S,,538.13,SUN PHARMA (RIGEL)
ZEMPRED 4MG TAB 10 S,,60.00,SUN PHARMA (RIGEL)
MINOZ ER TAB 45MG 10 S,,267.19,SUN PHARMA (RIGEL)
MINOZ ER TAB 65MG 10 S,,375.00,SUN PHARMA (RIGEL)
MINOZ S FACE WASH,,186.56,SUN PHARMA (RIGEL)
MINOZ 100MG TAB 10 S,,456.56,SUN PHARMA (RIGEL)
MINOZ-BPO GEL 15GM,,421.88,SUN PHARMA (RIGEL)
ZEMPRED 16MG TAB 10 S,,137.00,SUN PHARMA (RIGEL)
ZEMPRED 8MG TAB 10 S,,71.25,SUN PHARMA (RIGEL)
SUNCROS TINT GEL,,800.11,SUN PHARMA (RIGEL)
SUNCROS SOFT MATTE FINI50M GEL,,738.70,SUN PHARMA (RIGEL)
SUNCROS SOFT CREAM 20GM,,543.79,SUN PHARMA (RIGEL)
BILASHINE 40 MG TABS,,221.25,SUN PHARMA (RIGEL)
YUGARD UNDER EYE CREEM 15G,,"1,156.11",SUN PHARMA (RIGEL)
SUNCROS SOFT MATTE FINI60M LOS,,698.65,SUN PHARMA (RIGEL)
PDLAST 30MG TAB 10S,,234.38,SUN PHARMA (RIGEL)
VOLINI MAXX SPRAY 25MG,,92.81,SUN PHARMA LAB. (consumer)
VOLINI MAXX GEL 30GM,,126.56,SUN PHARMA LAB. (consumer)
REVITAL H CAPS 10'S,,106.00,SUN PHARMA LAB. (consumer)
VOLINI JOINT XPERT GEL 50 GM 50,,225.00,SUN PHARMA LAB. (consumer)
PEPFIZ ORANGE POW.,,5.63,SUN PHARMA LAB. (consumer)
GARLIC PEARLS 100'S,,140.63,SUN PHARMA LAB. (consumer)
VOLINI GEL 20GM,,103.00,SUN PHARMA LAB. (consumer)
VOLINI SPRAY 80GM,,233.44,SUN PHARMA LAB. (consumer)
REVITAL MEN CAPS 30'S,,315.00,SUN PHARMA LAB. (consumer)
VOLINI GEL 15 GM,,77.81,SUN PHARMA LAB. (consumer)
VOLINI GEL 30 GM,,160.00,SUN PHARMA LAB. (consumer)
VOLINI SPRAY 42GM.,,175.00,SUN PHARMA LAB. (consumer)
VOLINI SPRAY 60GM,,233.00,SUN PHARMA LAB. (consumer)
REVITAL H 60'S,,560.59,SUN PHARMA LAB. (consumer)
VOLINI ACTIV GEL 6GM POUCH,,14.00,SUN PHARMA LAB. (consumer)
REVITAL H WOMAN 10'S,,124.00,SUN PHARMA LAB. (consumer)
REVITAL H WOMAN 30'S,,355.00,SUN PHARMA LAB. (consumer)
VOLINI GEL 50GR.,,210.00,SUN PHARMA LAB. (consumer)
VOLINI GEL 75GM,,272.00,SUN PHARMA LAB. (consumer)
VOLINI GEL 12GM,,50.00,SUN PHARMA LAB. (consumer)
VOLINI SPRAY 100G,,349.69,SUN PHARMA LAB. (consumer)
VOLINI GEL 100GMS,,229.69,SUN PHARMA LAB. (consumer)
VOLINI ACTIVE 12GM.TUBE,,50.00,SUN PHARMA LAB. (consumer)
VOLINI BLAM 10GM,,27.19,SUN PHARMA LAB. (consumer)
VOLINI SPRAY 15G 15G,,77.00,SUN PHARMA LAB. (consumer)
PEPMELT POWDER LEMAN,,5.63,SUN PHARMA LAB. (consumer)
PEPFTZ ORANGE TAB 1*2,,12.19,SUN PHARMA LAB. (consumer)
DEGAPRIDE 80 VIAL,,"13,125.00",SUN PHARMA LAB. (UROLOGY)
DEGAPRIDE 120MG,,"17,484.38",SUN PHARMA LAB. (UROLOGY)
SILODAL M 50 CAP 10,,534.38,SUN PHARMA LAB. (UROLOGY)
SILODAL M 25MG TAB 10'S,,440.63,SUN PHARMA LAB. (UROLOGY)
SILODAL T CAP 10'S,,446.25,SUN PHARMA LAB. (UROLOGY)
ROLITEN 1MG TABS 10'S,,111.56,SUN PHARMA LAB. (UROLOGY)
ROLITEN 2MG TABS 10'S,,194.06,SUN PHARMA LAB. (UROLOGY)
ROLITEN OD 2MG CAPS 10'S,,186.56,SUN PHARMA LAB. (UROLOGY)
ROLITEN OD 4MG CAPS 10'S,,374.06,SUN PHARMA LAB. (UROLOGY)
DUTAGEN CAPS 10'S,,321.56,SUN PHARMA LAB. (UROLOGY)
SOLITEN 5MG TAB 10'S,,391.88,SUN PHARMA LAB. (UROLOGY)
SOLITEN 10MG TABS 10`S,,480.00,SUN PHARMA LAB. (UROLOGY)
ROLIFLO OD 4+0.4MG CAP 10,,367.50,SUN PHARMA LAB. (UROLOGY)
NOCULI ORAL SYP. 500ML.,,208.13,SUN PHARMA LAB. (UROLOGY)
FLOTRAL TAB 10MG 30'S,,593.44,SUN PHARMA LAB. (UROLOGY)
NOCULI TAB 10'S,,54.84,SUN PHARMA LAB. (UROLOGY)
FLOTRAL D TAB 10',,337.50,SUN PHARMA LAB. (UROLOGY)
ROLIFLO OD 2+0.4MG CAP 10,,255.00,SUN PHARMA LAB. (UROLOGY)
NOCULI B6 ORAL SYP 200ML.,,205.31,SUN PHARMA LAB. (UROLOGY)
SILODAL 8MG CAP 1*10,,319.00,SUN PHARMA LAB. (UROLOGY)
SILODAL 4 MG CAP 10'S,,197.81,SUN PHARMA LAB. (UROLOGY)
NIFTRAN 100MG CAP 10'S,,92.29,SUN PHARMA LAB. (UROLOGY)
NIFTRAN CP 100MG CAP 30'S,,276.88,SUN PHARMA LAB. (UROLOGY)
SILODAL D 8MG CAP 10'S,,470.00,SUN PHARMA LAB. (UROLOGY)
SILODAL D 4MG KIT 20s CAP 20S,,271.88,SUN PHARMA LAB. (UROLOGY)
AFDURA TABS,,337.50,SUN PHARMA LAB. (UROLOGY)
BETHERAN 25MG TAB 10,,182.81,SUN PHARMA LAB. (UROLOGY)
PROHANCE D VAN.200GR,,337.50,SUN PHARMA LAB. LTD. (DIABETE
PROHANCE D CH 200GR,,293.70,SUN PHARMA LAB. LTD. (DIABETE
PROHANCE D MIX VEG SOOP 200 1,,360.00,SUN PHARMA LAB. LTD. (DIABETE
PROHANCE D SWEET CORN 200GR 1,,360.00,SUN PHARMA LAB. LTD. (DIABETE
VOLIX R 0.2/0.5MG TAB 10'S,,155.63,SUN PHARMA LAB. LTD. (DIABETE
VOLIX R 0.3/0.5MG TAB 10'S,,172.50,SUN PHARMA LAB. LTD. (DIABETE
VOLIX R 0.2/1MG TAB 10'S,,155.63,SUN PHARMA LAB. LTD. (DIABETE
VOLIX R 0.3/1MG TAB 10'S,,177.19,SUN PHARMA LAB. LTD. (DIABETE
STORVAS CV 40 TAB 10'S,,349.00,SUN PHARMA LAB. LTD. (DIABETE
DAPEFY S 5/50MG TAB 1*15'S,,270.94,SUN PHARMA LAB. LTD. (DIABETE
STORVAS EZ 40 TABS 10'S,,363.83,SUN PHARMA LAB. LTD. (DIABETE
STORVAS EZ 20 TABS 10'S,,316.00,SUN PHARMA LAB. LTD. (DIABETE
STORVAS 10MG TABS 15'S,,79.63,SUN PHARMA LAB. LTD. (DIABETE
STORVAS 20MG TABS 15'S,,201.09,SUN PHARMA LAB. LTD. (DIABETE
PIOGLAR 15MG TABS 10'S,,74.53,SUN PHARMA LAB. LTD. (DIABETE
PIOGLAR 30MG TABS 10'S,,121.88,SUN PHARMA LAB. LTD. (DIABETE
RIOMET OD 500MGTAB*,,32.19,SUN PHARMA LAB. LTD. (DIABETE
RIOMET OD 1GM TABS 10'S,,63.61,SUN PHARMA LAB. LTD. (DIABETE
PIOGLAR MF 15+500MG TABS,,78.75,SUN PHARMA LAB. LTD. (DIABETE
PIOGLAR G 15+2MGTABS 10'S,,128.44,SUN PHARMA LAB. LTD. (DIABETE
STORVAS 5MG TABS 10'S,,129.84,SUN PHARMA LAB. LTD. (DIABETE
STORVAS 40MG TABS 10'S,,206.05,SUN PHARMA LAB. LTD. (DIABETE
RIOMET OD 850MG TABS 10'S,,39.38,SUN PHARMA LAB. LTD. (DIABETE
STORVAS EZ 10mg TABS 10'S,,280.31,SUN PHARMA LAB. LTD. (DIABETE
PIOGLAR MF 30+500MG TABS1,,119.53,SUN PHARMA LAB. LTD. (DIABETE
INSUCARE R INJ.40IU,,140.07,SUN PHARMA LAB. LTD. (DIABETE
VOLIX 0.2MG TABS 10`S,,190.31,SUN PHARMA LAB. LTD. (DIABETE
VOLIX 0.3MG TABS 15`S,,278.00,SUN PHARMA LAB. LTD. (DIABETE
TELEACT 40MG 10TAB,,72.21,SUN PHARMA LAB. LTD. (DIABETE
TELEACT D 10TAB,,148.13,SUN PHARMA LAB. LTD. (DIABETE
TELEACT 20MG 10TAB,,40.63,SUN PHARMA LAB. LTD. (DIABETE
STORFIB TABS 10`S,,172.50,SUN PHARMA LAB. LTD. (DIABETE
RIOMET TRIO 1 TAB 10'S,,82.97,SUN PHARMA LAB. LTD. (DIABETE
RIOMET TRIO 2 TAB 10'S,,110.63,SUN PHARMA LAB. LTD. (DIABETE
STANLIP 145MG TABS 10`S,,208.13,SUN PHARMA LAB. LTD. (DIABETE
RIOMET DUO 1 TAB 10'S,,128.44,SUN PHARMA LAB. LTD. (DIABETE
RIOMET DUO 2 TAB 10'S,,158.91,SUN PHARMA LAB. LTD. (DIABETE
STORVAS CP 10 TAB 30s,,156.78,SUN PHARMA LAB. LTD. (DIABETE
STORVAS 80MG TAB 10'S,,433.39,SUN PHARMA LAB. LTD. (DIABETE
STORVAS CP 20 TAB'30,,364.42,SUN PHARMA LAB. LTD. (DIABETE
TELEACT AM TAB 10'S,,131.25,SUN PHARMA LAB. LTD. (DIABETE
TELEACT 80MG TAB 10'S,,99.05,SUN PHARMA LAB. LTD. (DIABETE
TELEACT D 80MG 10'S,,168.28,SUN PHARMA LAB. LTD. (DIABETE
PRASITA 10MG 10'S,,337.50,SUN PHARMA LAB. LTD. (DIABETE
ANGISTAT 2.5MG TAB,,190.31,SUN PHARMA LAB. LTD. (DIABETE
ANGISTAT 6.5MG TAB,,145.31,SUN PHARMA LAB. LTD. (DIABETE
VOLIX M 0.2+500MG TAB 10S,,133.13,SUN PHARMA LAB. LTD. (DIABETE
VOLIX M 0.3+500MG TAB 10',,192.19,SUN PHARMA LAB. LTD. (DIABETE
TELEACT TRIO TAB 10'S,,130.31,SUN PHARMA LAB. LTD. (DIABETE
TELEACT BETA 25MG 10'S,,135.00,SUN PHARMA LAB. LTD. (DIABETE
TELEACT BETA 50 10'S,,130.31,SUN PHARMA LAB. LTD. (DIABETE
PIOGLAR 7.5MG TAB 10'S,,56.72,SUN PHARMA LAB. LTD. (DIABETE
PIOGLAR MF 7.5MG TAB 10'S,,61.41,SUN PHARMA LAB. LTD. (DIABETE
RIOMET DUO FORTE 2 10'S,,89.06,SUN PHARMA LAB. LTD. (DIABETE
TELEACT CT 40MG +12.5MG 10'S,,114.38,SUN PHARMA LAB. LTD. (DIABETE
VOLIX TRIO 1 TAB 15'S,,248.44,SUN PHARMA LAB. LTD. (DIABETE
VOLIX TRIO 2 TAB 15'S,,332.81,SUN PHARMA LAB. LTD. (DIABETE
VOLIX TRIO FORTE 2MG 15'S,,230.63,SUN PHARMA LAB. LTD. (DIABETE
STORVAS D10 TAB 10'S,,84.38,SUN PHARMA LAB. LTD. (DIABETE
STORVAS D20 TAB 10'S,,168.75,SUN PHARMA LAB. LTD. (DIABETE
STORVAS CV 10 TAB 1*10,,210.00,SUN PHARMA LAB. LTD. (DIABETE
STORVAS CV 20 TAB 10'S,,277.50,SUN PHARMA LAB. LTD. (DIABETE
STORVA TRIO 10 10S,,53.44,SUN PHARMA LAB. LTD. (DIABETE
STORVA TRIO 20 10S,,72.66,SUN PHARMA LAB. LTD. (DIABETE
DAPEFY M XR 10/500 TAB,,117.19,SUN PHARMA LAB. LTD. (DIABETE
DAPEFY M XR 10/1000 TAB,,124.69,SUN PHARMA LAB. LTD. (DIABETE
DAPEFY S 10/100MG TAB 1*15TAB,,300.94,SUN PHARMA LAB. LTD. (DIABETE
VOLIX TRIO DS 2MG TAB 10'S,,139.65,SUN PHARMA LAB. LTD. (DIABETE
DAPEFY S 5/100MG TAB 15,,261.56,SUN PHARMA LAB. LTD. (DIABETE
DAPEFY S 10/50MG TAB 15'S,,239.06,SUN PHARMA LAB. LTD. (DIABETE
PROHANCE D VANILLA 400G,,735.94,SUN PHARMA LAB. LTD. (DIABETE
PROHANCE D CHO.400G,,877.00,SUN PHARMA LAB. LTD. (DIABETE
PRASITA A CAP 10S,,298.13,SUN PHARMA LAB. LTD. (DIABETE
DAPEFY 10 TAB 10S,,223.13,SUN PHARMA LAB. LTD. (DIABETE
DAPEFY 5 TAB  14S 14S,,152.81,SUN PHARMA LAB. LTD. (DIABETE
MONTEK FX TAB,,276.56,SUN PHARMA LAB. LTD.(PHARMA)
SYNRIAM DT 3S,,70.31,SUN PHARMA LAB. LTD.(PHARMA)
BEXILUS LIQUID,,126.38,SUN PHARMA LAB. LTD.(PHARMA)
BEXILUS C LIQUID,,195.80,SUN PHARMA LAB. LTD.(PHARMA)
KEFLOR SYP 125MG 30ML,,222.19,SUN PHARMA LAB. LTD.(PHARMA)
KEFLOR TABS 250MG 10`S,,251.25,SUN PHARMA LAB. LTD.(PHARMA)
KEFLOR DROPS 10ML,,135.00,SUN PHARMA LAB. LTD.(PHARMA)
CEPODEM OD 400MG TAB  5'S,,153.28,SUN PHARMA LAB. LTD.(PHARMA)
COVANCE 50MG TABS 10'S,,96.56,SUN PHARMA LAB. LTD.(PHARMA)
COVANCE 25MG TABS10*,,45.94,SUN PHARMA LAB. LTD.(PHARMA)
XCEPODEM SUSP. 30ML,,65.63,SUN PHARMA LAB. LTD.(PHARMA)
CEPODEM 200MG CAPS 6'S,,210.94,SUN PHARMA LAB. LTD.(PHARMA)
CEPODEM 100MG TABS 10'S,,122.81,SUN PHARMA LAB. LTD.(PHARMA)
COVANCE D TABS 10'S,,174.38,SUN PHARMA LAB. LTD.(PHARMA)
RICONIA LP TAB 15'S(BOTTLE),,82.50,SUN PHARMA LAB. LTD.(PHARMA)
COVAMLO TABS 10'S,,153.75,SUN PHARMA LAB. LTD.(PHARMA)
KEFLOR DISTABS 125MG 10'S,,120.94,SUN PHARMA LAB. LTD.(PHARMA)
LOXOF 250MG TABS 10'S,,51.45,SUN PHARMA LAB. LTD.(PHARMA)
LOXOF 500MG TABS 10'S,,96.03,SUN PHARMA LAB. LTD.(PHARMA)
COVANCE AT TABS 10'S,,147.19,SUN PHARMA LAB. LTD.(PHARMA)
LOXOF 750MG TABS 10'S,,132.88,SUN PHARMA LAB. LTD.(PHARMA)
LOXOF OZ TABS 10'S,,150.94,SUN PHARMA LAB. LTD.(PHARMA)
RICONIA LIQUID 200ML.,,155.50,SUN PHARMA LAB. LTD.(PHARMA)
RICONIA G CAP 10'S,,124.50,SUN PHARMA LAB. LTD.(PHARMA)
CEROXIM TAB 250MG   10'S,,185.63,SUN PHARMA LAB. LTD.(PHARMA)
CEROXIM XP 625MG TAB  6'S,,417.19,SUN PHARMA LAB. LTD.(PHARMA)
CEROXIM TAB 500MG   10'S,,530.82,SUN PHARMA LAB. LTD.(PHARMA)
RACIPER-D40 TAB,,248.44,SUN PHARMA LAB. LTD.(PHARMA)
CEPODEM AZ TAB 10'S,,190.31,SUN PHARMA LAB. LTD.(PHARMA)
SYNRIAM 150+750MG TAB 3'S,,263.44,SUN PHARMA LAB. LTD.(PHARMA)
CEPODEM XP 325 mg TABS  TAB,,365.63,SUN PHARMA LAB. LTD.(PHARMA)
CEPODEM 50MG DRY SUSPENSION 30ML,,105.00,SUN PHARMA LAB. LTD.(PHARMA)
KEFLOR REDIMIX 125MG/5ML,,259.69,SUN PHARMA LAB. LTD.(PHARMA)
RICONIA SILVER LP TAB 15S,,72.09,SUN PHARMA LAB. LTD.(PHARMA)
CEPODEM 100MG SUSP.30ML,,204.38,SUN PHARMA LAB. LTD.(PHARMA)
CEPODEM O TAB 10'S,,237.19,SUN PHARMA LAB. LTD.(PHARMA)
OFRAMAX FORTE INJ 1.5GM,,187.50,SUN PHARMA LAB. LTD.(PHARMA)
OFRAMAX FORTE INJ 375GM,,49.22,SUN PHARMA LAB. LTD.(PHARMA)
OFRAMAX INJ 1GM,,55.39,SUN PHARMA LAB. LTD.(PHARMA)
OFRAMAX INJ 500MG,,44.41,SUN PHARMA LAB. LTD.(PHARMA)
XPRAB INJECTION,,404.52,SUN PHARMA LAB. LTD.(PHARMA)
RACIPER PLUS TAB 10 S,,261.56,SUN PHARMA LAB. LTD.(PHARMA)
CEPODEM DROPS,,92.81,SUN PHARMA LAB. LTD.(PHARMA)
CEPODEM 50 DT  10,,120.00,SUN PHARMA LAB. LTD.(PHARMA)
CEPODEM 100 DT 10,,167.81,SUN PHARMA LAB. LTD.(PHARMA)
INFIMAB INJ 100MG,,"30,000.00",SUN PHARMA LAB. LTD.(PHARMA)
STORVA GOLD 20 10,,95.63,SUN PHARMA LAB. LTD.(PHARMA)
STORVA GOLD 10 1,,63.75,SUN PHARMA LAB. LTD.(PHARMA)
RICONIA LP TAB 30'S BOTTLE,,194.06,SUN PHARMA LAB. LTD.(PHARMA)
REVULANT 500MG TAB 10'S,,81.56,SUN PHARMA LAB. LTD(C.V)
DABIGO 75MG TAB 10S,,141.56,SUN PHARMA LAB. LTD(CV LIFE)
SIMVOTIN 5MG TABS 10'S,,73.13,SUN PHARMA LAB. LTD(CV LIFE)
SIMVOTIN 20MG TABS 10'S,,291.56,SUN PHARMA LAB. LTD(CV LIFE)
SIMVOTIN 10MG TABS 10S,,193.13,SUN PHARMA LAB. LTD(CV LIFE)
ROSUVAS F 20 TAB 10'S,,448.13,SUN PHARMA LAB. LTD(CV LIFE)
CERUVIN 75MG TABS**,,109.56,SUN PHARMA LAB. LTD(CV LIFE)
CERUVIN A TABS 10`S,,102.19,SUN PHARMA LAB. LTD(CV LIFE)
CERUVIN AF TABS 10'S,,90.94,SUN PHARMA LAB. LTD(CV LIFE)
ROSUVAS 20MG.TABS 10'S,,439.69,SUN PHARMA LAB. LTD(CV LIFE)
ROSUVAS 5MG TABS 15'S,,196.88,SUN PHARMA LAB. LTD(CV LIFE)
ROSUVAS 10MG TABS 15'S,,345.94,SUN PHARMA LAB. LTD(CV LIFE)
OLVANCE 20MG TAB 10'S,,164.06,SUN PHARMA LAB. LTD(CV LIFE)
OLVANCE 40MG TAB 10'S,,265.31,SUN PHARMA LAB. LTD(CV LIFE)
OLVANCE H 20MG TAB 10'S,,159.38,SUN PHARMA LAB. LTD(CV LIFE)
OLVANCE H 40MG TAB 10'S,,281.25,SUN PHARMA LAB. LTD(CV LIFE)
ROSUVAS 40MG TAB 10'S,,553.13,SUN PHARMA LAB. LTD(CV LIFE)
ROSUVAS F 10 10'S,,460.00,SUN PHARMA LAB. LTD(CV LIFE)
ROSUVAS 10MG TAB 15'S,,345.94,SUN PHARMA LAB. LTD(CV LIFE)
ROSUVAS F 5 10'S,,270.00,SUN PHARMA LAB. LTD(CV LIFE)
OLVANCE M 25 10'S,,159.38,SUN PHARMA LAB. LTD(CV LIFE)
OLVANCE M 50 10'S,,168.75,SUN PHARMA LAB. LTD(CV LIFE)
ROSUVAS CP 10 30S,,320.16,SUN PHARMA LAB. LTD(CV LIFE)
RANCIL 5 TAB 10'S,,72.19,SUN PHARMA LAB. LTD(CV LIFE)
RANCIL 10 TAB 10'S,,132.19,SUN PHARMA LAB. LTD(CV LIFE)
OLVANCE AM 40 10'S,,257.81,SUN PHARMA LAB. LTD(CV LIFE)
OLVANCE AM 20 10'S,,178.13,SUN PHARMA LAB. LTD(CV LIFE)
OLVANCE CT 20 TAB 10TAB,,163.13,SUN PHARMA LAB. LTD(CV LIFE)
OLVANCE CT 40 TAB 10TAB,,242.81,SUN PHARMA LAB. LTD(CV LIFE)
ROSUVAS D 10 TAB 10'S,,281.25,SUN PHARMA LAB. LTD(CV LIFE)
ROSUVAS CV 10MG TAB 10'S,,205.31,SUN PHARMA LAB. LTD(CV LIFE)
ROSUVAS D 20MG TAB 10'S,,253.13,SUN PHARMA LAB. LTD(CV LIFE)
ROSUVAS D 5MG TAB 15'S,,116.25,SUN PHARMA LAB. LTD(CV LIFE)
OLVAN TRIO 40MG TAB 10'S,,244.69,SUN PHARMA LAB. LTD(CV LIFE)
OLVAN TRIO 20 TAB 10'S,,188.44,SUN PHARMA LAB. LTD(CV LIFE)
RANCIL 20 TAB 10 S,,182.81,SUN PHARMA LAB. LTD(CV LIFE)
RANCI TRIO 10  10S,,104.06,SUN PHARMA LAB. LTD(CV LIFE)
RANCI T 10  10S,,139.69,SUN PHARMA LAB. LTD(CV LIFE)
RANCI T 20  10S,,120.00,SUN PHARMA LAB. LTD(CV LIFE)
ROSUVA GOLD 10 CAP  10S,,215.63,SUN PHARMA LAB. LTD(CV LIFE)
RANCI TRIO 20 TAB  10 S,,131.25,SUN PHARMA LAB. LTD(CV LIFE)
ROSUVA GOLD 20 CAP 10S,,346.88,SUN PHARMA LAB. LTD(CV LIFE)
DABIGO 110MG TAB 10S,,151.88,SUN PHARMA LAB. LTD(CV LIFE)
DABIGO 150MG TAB 10S,,163.13,SUN PHARMA LAB. LTD(CV LIFE)
ROSUVAS CV 20MG TAB 10S,,231.56,SUN PHARMA LAB. LTD(CV LIFE)
FUNGICROS 30GMS,,391.88,SUN PHARMA LAB.CROSSLAND 1
DIPROBATE PLUS S LOSON 100G,,128.44,SUN PHARMA LAB.CROSSLAND 1
DIPROBATE S LOTION 30ML,,140.63,SUN PHARMA LAB.CROSSLAND 1
TECZINE M SYRUP 60ML,,93.75,SUN PHARMA LAB.CROSSLAND 1
FUNGICROS 50GM,,523.13,SUN PHARMA LAB.CROSSLAND 1
BENERIA GEL 30GM,,881.99,SUN PHARMA LAB.CROSSLAND 1
FUNGICROS NAIL LAQUER,,650.00,SUN PHARMA LAB.CROSSLAND 1
ALCROS SB 50 MG TAB,,121.88,SUN PHARMA LAB.CROSSLAND 1
ALCROS SB 130 MG TAB 1,,255.94,SUN PHARMA LAB.CROSSLAND 1
CLENZ AC TOPICAL GEL 15GM,,492.19,SUN PHARMA LAB.CROSSLAND 1
TECZINE 5MG 10'S,,90.94,SUN PHARMA LAB.CROSSLAND 1
ABZORB DUSTI POW 120GM,,164.00,SUN PHARMA LAB.CROSSLAND 1
DIPROBATE PLUS CREAM 30GM,,91.88,SUN PHARMA LAB.CROSSLAND 1
DIPROBATE RD 30GM,,41.72,SUN PHARMA LAB.CROSSLAND 1
FUCIDIN CREAM 5GM,,52.49,SUN PHARMA LAB.CROSSLAND 1
FUCIDIN OINT 5GM,,52.49,SUN PHARMA LAB.CROSSLAND 1
TECZINE 10MG TAB,,246.56,SUN PHARMA LAB.CROSSLAND 1
MOISTUREX CREAM 100GM,,281.25,SUN PHARMA LAB.CROSSLAND 1
MOISTUREX SOFT CREEM 100GM,,370.31,SUN PHARMA LAB.CROSSLAND 1
IVERMECTOL-6MG 2'S,,39.38,SUN PHARMA LAB.CROSSLAND 1
IVERMECTOL-12MG 2'S,,79.69,SUN PHARMA LAB.CROSSLAND 1
FUCIDIN cream 15GM TUBE,,157.50,SUN PHARMA LAB.CROSSLAND 1
FUCIDIN oint. 15GM TUBE,,157.50,SUN PHARMA LAB.CROSSLAND 1
FUCIDIN H 15GM TUBE,,271.88,SUN PHARMA LAB.CROSSLAND 1
MOISTUREX SOFT 300GM,,750.00,SUN PHARMA LAB.CROSSLAND 1
DIPROBATE PLUS LOTION 1*50ML,,209.00,SUN PHARMA LAB.CROSSLAND 1
"TECZINE M TAB 10,S",,172.50,SUN PHARMA LAB.CROSSLAND 1
MOISTUREX CREAM 50GM,,120.94,SUN PHARMA LAB.CROSSLAND 1
FUCIBET CREEM  15GM,,97.50,SUN PHARMA LAB.CROSSLAND 1
MOISTUREX CALM 50ML LOTION,,156.56,SUN PHARMA LAB.CROSSLAND 1
DIPROBATE G PLUS CREAM 30GM,,118.00,SUN PHARMA LAB.CROSSLAND 1
MOISTUREX SYNDET,,195.00,SUN PHARMA LAB.CROSSLAND 1
MOISTUREX SOFT LOTION 100ML,,417.19,SUN PHARMA LAB.CROSSLAND 1
MICROBENZ 3.5 CREEM  15G,,134.53,SUN PHARMA LAB.CROSSLAND 1
MICROBENZ 5.5 CREEM  15G,,114.38,SUN PHARMA LAB.CROSSLAND 1
SUPATRET 0.1 GEL 20,,215.00,SUN PHARMA LAB.CROSSLAND 1
ONCOTREX 2.5 TAB 10'S,,45.57,SUN PHARMA LAB.CROSSLAND 1
ONCOTREX-5 TAB 10'S,,100.63,SUN PHARMA LAB.CROSSLAND 1
SUPATRET 0.04 AQUE.GEL 20GM.,,315.00,SUN PHARMA LAB.CROSSLAND 1
SUPATRET C 15GM,,399.00,SUN PHARMA LAB.CROSSLAND 1
ONCOTREX-7.5 TAB 10'S,,148.00,SUN PHARMA LAB.CROSSLAND 1
TECZINE SYRUP 60ML,,126.56,SUN PHARMA LAB.CROSSLAND 1
FUNGICROS 10 GR.,,186.56,SUN PHARMA LAB.CROSSLAND 1
MOISTUREX HYDRA GEL CREAM 50ML,,429.00,SUN PHARMA LAB.CROSSLAND 1
MOISTUREX CLENZ 100ML,,207.37,SUN PHARMA LAB.CROSSLAND 1
ALCROS 100MG TABS,,137.81,SUN PHARMA LAB.CROSSLAND 1
MOISTUREX WASH 200ML,,601.00,SUN PHARMA LAB.CROSSLAND 1
ABZORB BAR 100G,,162.00,SUN PHARMA LAB.CROSSLAND 1
ALCROS 200MG TAB,,236.25,SUN PHARMA LAB.CROSSLAND 1
ZIMBA CREEM 1,,210.94,SUN PHARMA LAB.CROSSLAND 1
SILVEREX IONIC 100GM,,225.00,SUN PHARMA LAB.LTD (RICHOUT)
PROHANCE POWDER CHOCOLAT 400GM,,610.00,SUN PHARMA LAB.LTD (RICHOUT)
SPORIDEX DROPS 100MG 10ML,,99.38,SUN PHARMA LAB.LTD (RICHOUT)
SPORIDEX DIS 125MG 10`S,,70.31,SUN PHARMA LAB.LTD (RICHOUT)
SPORIDEX 250MG CAPS 10`S,,67.97,SUN PHARMA LAB.LTD (RICHOUT)
SPORIDEX DIS 250MG TABS 1,,195.00,SUN PHARMA LAB.LTD (RICHOUT)
SPORIDEX 500MG CAPS*,,256.88,SUN PHARMA LAB.LTD (RICHOUT)
SPORIDEX CV 375+125MG TAB 10S 10,,243.75,SUN PHARMA LAB.LTD (RICHOUT)
SPORIDEX CV 750+125MG TAB 10S,,421.88,SUN PHARMA LAB.LTD (RICHOUT)
PROHANCE D DISKETTES VAN 250GM,,445.31,SUN PHARMA LAB.LTD (RICHOUT)
PROHANCE D DISKETTES JEERA 250GM,,445.31,SUN PHARMA LAB.LTD (RICHOUT)
ZANOCIN INFUSION 100ML,,122.34,SUN PHARMA LAB.LTD (RICHOUT)
ZANOCIN 200MG TABS**,,102.19,SUN PHARMA LAB.LTD (RICHOUT)
SPORIDEX RED 250MG.30ML,,130.31,SUN PHARMA LAB.LTD (RICHOUT)
SPORIDEX RED.125MG 30ML,,60.00,SUN PHARMA LAB.LTD (RICHOUT)
DOLAMIDE TABS 10'S,,75.94,SUN PHARMA LAB.LTD (RICHOUT)
SPORIDEX AF 750MG T 10'S,,423.75,SUN PHARMA LAB.LTD (RICHOUT)
SPORIDEX AF 375MG T.10'S,,248.44,SUN PHARMA LAB.LTD (RICHOUT)
CAVERTA 25MG TABS 4'S,,187.50,SUN PHARMA LAB.LTD (RICHOUT)
CAVERTA 50MG TABS 4'S,,225.00,SUN PHARMA LAB.LTD (RICHOUT)
CAVERTA 100MG TABS 4'S,,443.44,SUN PHARMA LAB.LTD (RICHOUT)
ZANOCIN OD 400MG TABS 5S,,239.06,SUN PHARMA LAB.LTD (RICHOUT)
ZANOCIN DS 400MG TABS 10S,,250.31,SUN PHARMA LAB.LTD (RICHOUT)
ZANOCIN OZ TAB 10S`,,190.31,SUN PHARMA LAB.LTD (RICHOUT)
ZANOCIN LIQ 50MG 60ML,,65.63,SUN PHARMA LAB.LTD (RICHOUT)
ZANOCIN LIQ 100MG SYP 60ML,,120.94,SUN PHARMA LAB.LTD (RICHOUT)
SPORIDEX RED.DROPS 100MG 10ML,,117.19,SUN PHARMA LAB.LTD (RICHOUT)
ZANOCIN F TAB 10'S,,173.44,SUN PHARMA LAB.LTD (RICHOUT)
DISPERZYME TABS,,609.38,SUN PHARMA LAB.LTD (RICHOUT)
DISPERZYME CD 10'S,,280.31,SUN PHARMA LAB.LTD (RICHOUT)
MOBIZOX TABS 10S,,262.50,SUN PHARMA LAB.LTD (RICHOUT)
SILVEREX IONIC OINT.10GR,,115.31,SUN PHARMA LAB.LTD (RICHOUT)
SILVEREX IONIC ONIT 20GM,,169.69,SUN PHARMA LAB.LTD (RICHOUT)
ZANOCIN PLUS TAB 10'S,,111.56,SUN PHARMA LAB.LTD (RICHOUT)
D-WELL DROP,,73.71,SUN PHARMA LAB.LTD (RICHOUT)
D-WELL AQ CAP 4'S,,275.34,SUN PHARMA LAB.LTD (RICHOUT)
SILVEREX IONIC JAR 240GM,,627.19,SUN PHARMA LAB.LTD (RICHOUT)
RIFLECT 200 TAB 10S,,140.63,SUN PHARMA LAB.LTD (RICHOUT)
RIFLECT 400 TAB 10S,,261.56,SUN PHARMA LAB.LTD (RICHOUT)
PROHANCE POW VANIL 200GM,,318.00,SUN PHARMA LAB.LTD (RICHOUT)
PROHANCE POWDER CHOCOLAT 200GM,,338.00,SUN PHARMA LAB.LTD (RICHOUT)
ZANOCIN 100 MG,,42.89,SUN PHARMA LAB.LTD (RICHOUT)
PROHANCE VANILLA 400GM,,610.00,SUN PHARMA LAB.LTD (RICHOUT)
LUCAZOLE CREAM 10G.,,149.91,SUN PHARMA LAB.LTD (RICHOUT)
SILVEREX HEAL 15G,,151.88,SUN PHARMA LAB.LTD (RICHOUT)
SILVEREX HEAL 50G,,356.25,SUN PHARMA LAB.LTD (RICHOUT)
SILVEREX SSD CREAM 10GM,,131.25,SUN PHARMA LAB.LTD (RICHOUT)
PROHANCE ACTIV VANILLA/F.POW. 400GM,,810.00,SUN PHARMA LAB.LTD (RICHOUT)
NEW GRAMOGYL TAB 10S,,70.31,SUN PHARMA LAB.LTD (STANLIFE)
ZOFER 8 TAB,,102.69,SUN PHARMA LAB.LTD (STANLIFE)
CHERICOF JUNIOR SYP 60ML,,91.88,SUN PHARMA LAB.LTD (STANLIFE)
PROHANCE JUNIAR CH 200GR 200,,320.00,SUN PHARMA LAB.LTD (STANLIFE)
PROHANCE JUNIAR CH 400GR 400,,525.10,SUN PHARMA LAB.LTD (STANLIFE)
GRAMOGYL SUSP. 60ML,,23.81,SUN PHARMA LAB.LTD (STANLIFE)
CHERICOF SYP. 60ML,,84.38,SUN PHARMA LAB.LTD (STANLIFE)
CHERICOF SYP. 100ML,,131.25,SUN PHARMA LAB.LTD (STANLIFE)
TUFPRO FFS LIQ 1,,45.94,SUN PHARMA LAB.LTD (STANLIFE)
CHERICOF LS 100ML,,87.19,SUN PHARMA LAB.LTD (STANLIFE)
MOXCLAV. INJ 1.2GM,,112.13,SUN PHARMA LAB.LTD (STANLIFE)
LOXOF INFUSION,,82.97,SUN PHARMA LAB.LTD (STANLIFE)
MOXCLAV BD SUSP. 228.5MG 30ML,,64.68,SUN PHARMA LAB.LTD (STANLIFE)
MOXCLAV BD DIST.228.5MG,,172.50,SUN PHARMA LAB.LTD (STANLIFE)
MOXCLAV 156.25 ORAL 30ML,,64.58,SUN PHARMA LAB.LTD (STANLIFE)
MOXCLAV 375MG TABS 10'S,,270.94,SUN PHARMA LAB.LTD (STANLIFE)
MOXCLAV 625MG TABS 10'S*,,195.38,SUN PHARMA LAB.LTD (STANLIFE)
MOXCLAV  1000MG TABS 4'S,,122.81,SUN PHARMA LAB.LTD (STANLIFE)
REFZIL O 250MG TABS 10'S,,693.75,SUN PHARMA LAB.LTD (STANLIFE)
REFZIL O SUS.125 30ML,,198.75,SUN PHARMA LAB.LTD (STANLIFE)
REFZIL O 500MG TABS 4'S,,637.50,SUN PHARMA LAB.LTD (STANLIFE)
REFZIL O SUS 250M 30ML,,328.13,SUN PHARMA LAB.LTD (STANLIFE)
MOXCLAV DS 457MG TABS 6S,,192.19,SUN PHARMA LAB.LTD (STANLIFE)
MOXCLAV DROP 10ML,,101.25,SUN PHARMA LAB.LTD (STANLIFE)
REFZIL-O-ORAL 50MG DROP 10ML.,,168.75,SUN PHARMA LAB.LTD (STANLIFE)
TUFPRO NUTRA BOTTLES 18% GST,,49.00,SUN PHARMA LAB.LTD (STANLIFE)
CIFRAN OD 1GM  1*10,,79.36,SUN PHARMA LAB.LTD (STANLIFE)
CIFRAN OD 500 TAB 5'S,,17.37,SUN PHARMA LAB.LTD (STANLIFE)
SPORIDEX 250 RED 60SYP 60ML,,111.56,SUN PHARMA LAB.LTD (STANLIFE)
MOXCLAV DS SUS.457MG 30ML,,179.06,SUN PHARMA LAB.LTD (STANLIFE)
CHERICOF SF SYRUP 100ML,,70.31,SUN PHARMA LAB.LTD (STANLIFE)
BILASURE M KID TAB 10'S,,112.50,SUN PHARMA LAB.LTD (STANLIFE)
ZOFER-INJ 2ML 5,,12.72,SUN PHARMA LAB.LTD (STANLIFE)
ZOFER-INJ 4ML 5,,24.59,SUN PHARMA LAB.LTD (STANLIFE)
ZOFER MD 8 TAB 10S,,113.67,SUN PHARMA LAB.LTD (STANLIFE)
ZOFER 4 TAB,,53.86,SUN PHARMA LAB.LTD (STANLIFE)
ZOFER SYRUP 30ML,,39.38,SUN PHARMA LAB.LTD (STANLIFE)
ZOFER MD 4 TAB 10,,54.79,SUN PHARMA LAB.LTD (STANLIFE)
CHERICOF 12 SYP. 60ML 60ML,,91.88,SUN PHARMA LAB.LTD (STANLIFE)
OLVAMLO 40MG TAB 10'S,,152.81,SUN PHARMA LAB.LTD. (C.V.CARE)
TRI OLVANCE 40MG  1*10TAB,,172.03,SUN PHARMA LAB.LTD. (C.V.CARE)
STANLIP PLUS 135MG DR,,133.13,SUN PHARMA LAB.LTD. (C.V.CARE)
CRIXAN 250MG TAB 10'S,,207.38,SUN PHARMA LAB.LTD. (STAN CARE
SPORIT GG SACHET 10GM,,49.50,SUN PHARMA LAB.LTD. (STAN CARE
CRIXAN OD 500MG 5'S,,270.44,SUN PHARMA LAB.LTD. (STAN CARE
CRIXAN SUSP.125MG/5ML,,144.90,SUN PHARMA LAB.LTD. (STAN CARE
CRIXAN GEL 1% 15GM,,163.13,SUN PHARMA LAB.LTD. (STAN CARE
CRIXAN 500MG TAB 6S,,262.73,SUN PHARMA LAB.LTD. (STAN CARE
VOLITRA APS,,351.56,SUN PHARMA LAB.LTD(CROSSLAND-LIFE)
VOLITRA PLUS GEL 50GM,,150.00,SUN PHARMA LAB.LTD(CROSSLAND-LIFE)
OSTOSHINE TAB,,740.00,SUN PHARMA LAB.LTD(CROSSLAND-LIFE)
DIPROBATE S PLUS OINT. 30GM,,173.44,SUN PHARMA LAB.LTD(CROSSLAND-LIFE)
NEUGATRIP TAB 10'S,,210.94,SUN PHARMA LAB.LTD(CROSSLAND-LIFE)
ROLES L 10'S,,251.25,SUN PHARMA LAB.LTD(CROSSLAND-LIFE)
FARONEM SYRUP 30ML,,234.38,SUN PHARMA LAB.LTD(CROSSLAND-LIFE)
BONISTA PF INJ.,,"6,672.66",SUN PHARMA LAB.LTD(CROSSLAND-LIFE)
ROLES 20MG TABS 15'S,,170.63,SUN PHARMA LAB.LTD(CROSSLAND-LIFE)
ETROBAX 90MG TABS 10'S,,185.16,SUN PHARMA LAB.LTD(CROSSLAND-LIFE)
ETROBAX 60MG TABS 10'S,,136.88,SUN PHARMA LAB.LTD(CROSSLAND-LIFE)
ETROBAX 120MG TABS 10'S,,225.00,SUN PHARMA LAB.LTD(CROSSLAND-LIFE)
ROLES D CAPS 10S,,164.06,SUN PHARMA LAB.LTD(CROSSLAND-LIFE)
BONISTA CARTRIDGE,,"6,672.19",SUN PHARMA LAB.LTD(CROSSLAND-LIFE)
TYDOL 50 TAB      10'S,,219.38,SUN PHARMA LAB.LTD(CROSSLAND-LIFE)
TYDOL 100 TAB     10'S,,389.06,SUN PHARMA LAB.LTD(CROSSLAND-LIFE)
DOBESIL H CRE 30G TUBE,,71.25,SUN PHARMA LAB.LTD(CROSSLAND-LIFE)
DOBESIL CAPS      10'S,,240.00,SUN PHARMA LAB.LTD(CROSSLAND-LIFE)
MOBISWIFT D 450MG TAB 10S,,205.31,SUN PHARMA LAB.LTD(CROSSLAND-LIFE)
ETROBAX MR 4 TAB    10'S,,111.56,SUN PHARMA LAB.LTD(CROSSLAND-LIFE)
FARONEM TAB 200MG 10'S,,"1,096.88",SUN PHARMA LAB.LTD(CROSSLAND-LIFE)
ALTRADAY CAP 15'S,,210.94,SUN PHARMA LAB.LTD(CROSSLAND-LIFE)
VOLITRA PLUS SPRAY 55G,,182.81,SUN PHARMA LAB.LTD(CROSSLAND-LIFE)
VOLITRA PLUS 30GM,,150.00,SUN PHARMA LAB.LTD(CROSSLAND-LIFE)
ALTRAFLAM-P TAB 10'S,,47.81,SUN PHARMA LAB.LTD(CROSSLAND-LIFE)
NEW COLDACT TAB 10'S,,109.69,SUN PHARMA LAB.LTD(CROSSLAND-LIFE)
CROLIM OINTMENT 15GM,,220.31,SUN PHARMA LAB.LTD(CROSSLAND-LIFE)
CROLIM POWER OINTM.15GM,,589.69,SUN PHARMA LAB.LTD(CROSSLAND-LIFE)
IDROFOS 150,,936.56,SUN PHARMA LAB.LTD(CROSSLAND-LIFE)
IDROFOS KIT,,561.56,SUN PHARMA LAB.LTD(CROSSLAND-LIFE)
CLEFT 10,,116.63,SUN PHARMA LAB.LTD(CROSSLAND-LIFE)
CLEFT 20 TAB,,227.72,SUN PHARMA LAB.LTD(CROSSLAND-LIFE)
TOFASHINE XR 11MG TAB 10'S,,890.63,SUN PHARMA LAB.LTD(CROSSLAND-LIFE)
FARONEM ER TABS,,"1,335.94",SUN PHARMA LAB.LTD(CROSSLAND-LIFE)
BONISTA PEN DEVICES,,"2,306.25",SUN PHARMA LAB.LTD(CROSSLAND-LIFE)
SEBIFIN PLUS CREEM 15G,,285.94,SUN PHARMA LAB.LTD(CROSSLAND-LIFE)
VOLITRA-ENZO,,159.38,SUN PHARMA LAB.LTD(CROSSLAND-LIFE)
TOFASHINE 5MG TAB 10'S,,392.81,SUN PHARMA LAB.LTD(CROSSLAND-LIFE)
FARONEM CV TAB 10'S,,"1,387.00",SUN PHARMA LAB.LTD(CROSSLAND-LIFE)
ZUPRINOR 10MCG 1*2 PATCH,,"2,306.26",SUN PHARMA LAB.LTD(CROSSLAND-LIFE)
ZUPRINOR 5MCG 1*2 PATCH,,"1,318.00",SUN PHARMA LAB.LTD(CROSSLAND-LIFE)
CEPODEM XP DS 100 SYP 30ML,,192.19,SUN PHARMA LABORATORIES LTD...
VOLIX.03 CP 30S,,201.56,SUN PHARMA LABORATORIES LTD...
REFLIN INJ 250MG VAIL,,19.88,SUN PHARMA LABORATORIES LTD...
SPORIDEX REDIMIX 250MG/5ML 30ML,,156.00,SUN PHARMA LABORATORIES LTD...
SUDHINOL TABS 10'S,,10.81,SUN PHARMA LABORATORIES LTD...
CALCIDEF TAB 10,,159.00,SUN PHARMA LABORATORIES LTD...
FLUGUARD 200 MG TAB 10,,328.13,SUN PHARMA LABORATORIES LTD...
FLUGUARD 400 MG TAB,,609.38,SUN PHARMA LABORATORIES LTD...
MYFOS SACHET,,454.69,SUN PHARMA LABORATORIES LTD...
SODOX CAP 15'S,,799.00,SUN PHARMA LABORATORIES LTD...
ALDOSMIN 1000MG TAB 10'S,,243.75,SUN PHARMA LABORATORIES LTD...
ALDOSMIN 500MG TAB 10'S,,140.63,SUN PHARMA LABORATORIES LTD...
ZIMBA LOTION 10ML,,283.13,SUN PHARMA LABORATORIES LTD...
SACURISE 50MG TAB 14'S,,237.19,SUN PHARMA LABORATORIES LTD...
DEESPOT 250 TAB 10'S,,160.00,SUN PHARMA LABORATORIES LTD...
RESHED V SOLUTION 2ML,,485.63,SUN PHARMA LABORATORIES LTD...
SACURISE 100MG TAB 14'S,,360.00,SUN PHARMA LABORATORIES LTD...
SITARED M 50MG/500MG TAB 1*15'S,,176.25,SUN PHARMA LABORATORIES LTD...
SOLITEN ORAL SOLUTION 60ML,,375.00,SUN PHARMA LABORATORIES LTD...
SITARED MXR 100MG/500MG TAB 15S,,222.00,SUN PHARMA LABORATORIES LTD...
SITARED M 50MG/1000MG TAB 15'S,,178.13,SUN PHARMA LABORATORIES LTD...
GABERNTEC GRS 300MG TAB 10'S,,270.94,SUN PHARMA LABORATORIES LTD...
NEUGABA 75 MG TAB 10'S,,196.88,SUN PHARMA LABORATORIES LTD...
NEUGABA ER 75MG TAB 10'S,,194.06,SUN PHARMA LABORATORIES LTD...
NEUGABA M 75MG TAB 15'S,,304.69,SUN PHARMA LABORATORIES LTD...
NEUGABA MN TAB 10'S,,278.44,SUN PHARMA LABORATORIES LTD...
RACIPER TAB 20MG 10'S,,96.09,SUN PHARMA LABORATORIES LTD...
RACIPER TAB 40MG 15'S,,156.56,SUN PHARMA LABORATORIES LTD...
RACIRAFT SYRUP 200ML,,210.94,SUN PHARMA LABORATORIES LTD...
CEPODEM XP 50 DRY SYRUP 30ML,,121.88,SUN PHARMA LABORATORIES LTD...
CIFRAN 500 TAB,,44.51,SUN PHARMA LABORATORIES LTD...
OFRAMEX 250 INJ,,23.50,SUN PHARMA LABORATORIES LTD...
FORZEST 20 10,,443.44,SUN PHARMA LABORATORIES LTD...
MELACTIS PIGMENT CORR.SERUM 30ML,,850.00,SUN PHARMA LABORATORIES LTD...
MIRAGO S 25 KIT TAB 10S,,421.88,SUN PHARMA LABS LTD. (UROCARE)
MIRAGO S 50 KIT TAB 14S,,563.44,SUN PHARMA LABS LTD. (UROCARE)
ENZYL 40MG TAB 1,,"6,037.50",SUN PHARMA LABS LTD. (UROCARE)
ENZYL 80MG CAP 14S 14S,,"6,037.50",SUN PHARMA LABS LTD. (UROCARE)
ORGONIST 120MG TAB 10'S,,"3,121.88",SUN PHARMA LABS LTD. (UROCARE)
CALURAN CP 50MG TAB 30'S,,"1,322.72",SUN PHARMA LABS LTD. (UROCARE)
DARITEN OD 7.5MG TAB 10`S,,358.13,SUN PHARMA LABS LTD. (UROCARE)
DARITEN OD 15MG TAB 10`S,,325.31,SUN PHARMA LABS LTD. (UROCARE)
CONTIFLO D 1'S KIT RUTF,,245.63,SUN PHARMA LABS LTD. (UROCARE)
CONTIFLO ICON 0.4MG 10'S,,155.63,SUN PHARMA LABS LTD. (UROCARE)
RULIZO 600MG TAB 5'S,,277.50,SUN PHARMA LABS LTD. (UROCARE)
SOLITRAL CAP 10+5MG 10'S,,421.88,SUN PHARMA LABS LTD. (UROCARE)
ZYRONA INJ 4MG,,"2,995.00",SUN PHARMA LABS LTD. (UROCARE)
CYSTOPEN 100MG CAP 10'S,,740.63,SUN PHARMA LABS LTD. (UROCARE)
ZELGOR 250MG TAB BOT. 120S,,"12,187.50",SUN PHARMA LABS LTD. (UROCARE)
MODULA TABS,,271.88,SUN PHARMA LABS LTD. (UROCARE)
TAMDURA  TAB  1*10,,370.31,SUN PHARMA LABS LTD. (UROCARE)
CERNOS DEPOT INJ  1*4ML,,820.31,SUN PHARMA LABS LTD. (UROCARE)
TROFAME XR TAB  1*10,,304.69,SUN PHARMA LABS LTD. (UROCARE)
TROPAN 2.5MG TAB  1*10,,120.94,SUN PHARMA LABS LTD. (UROCARE)
TROPAN 5 MG TAB  1*10,,220.31,SUN PHARMA LABS LTD. (UROCARE)
DURALAST 30 TAB 4*1,,205.31,SUN PHARMA LABS LTD. (UROCARE)
CERNOS GEL 5GM POUCH,,98.44,SUN PHARMA LABS LTD. (UROCARE)
CERNOS TAB 1*10,,206.25,SUN PHARMA LABS LTD. (UROCARE)
TRINORM TABS,,245.00,SUN PHARMA LABS LTD. (UROCARE)
ENZYL TAB 160MG 7'S,,"6,037.50",SUN PHARMA LABS LTD. (UROCARE)
DURAPLUS TAB,,309.38,SUN PHARMA LABS LTD. (UROCARE)
MIRAGO 25  TAB 10,,261.56,SUN PHARMA LABS LTD. (UROCARE)
ZELGOR 500 MG TABS,,"12,187.50",SUN PHARMA LABS LTD. (UROCARE)
MIRAGO 50 TAB 10S,,383.44,SUN PHARMA LABS LTD. (UROCARE)
CONTIFLO T TAB 10S 10S,,329.06,SUN PHARMA LABS LTD. (UROCARE)
CONTIFLO D CAP 10'S,,292.50,SUN PHARMA LABS LTD. (UROCARE)
BILASURE 20MG TAB 10'S,,155.63,SUN PHARMA LABS.LTD.(MAXXIM)
CIFRAN 250MG TABS 10`S,,22.92,SUN PHARMA LABS.LTD.(MAXXIM)
HISTAC 300MG TABS 10`S,,27.56,SUN PHARMA LABS.LTD.(MAXXIM)
HISTAC 150MG TABS 10`S,,20.49,SUN PHARMA LABS.LTD.(MAXXIM)
GRAMONEG SYP 10,,22.73,SUN PHARMA LABS.LTD.(MAXXIM)
KETANOVA TABS 10`S,,100.31,SUN PHARMA LABS.LTD.(MAXXIM)
HISTAC EVT TABS 2`S,,3.62,SUN PHARMA LABS.LTD.(MAXXIM)
CIFRAN CT TABS 10'S,,135.94,SUN PHARMA LABS.LTD.(MAXXIM)
PHLOGAM FORTE TABS,,609.38,SUN PHARMA LABS.LTD.(MAXXIM)
OROHEALTH TOOTHPASTE 70GMS,,244.75,SUN PHARMA LABS.LTD.(MAXXIM)
BILASURE 40 M MG TAB 10'S,,280.00,SUN PHARMA LABS.LTD.(MAXXIM)
BILASURE M ODT TAB 10'S,,151.41,SUN PHARMA LABS.LTD.(MAXXIM)
FARORIGHT 200 MG TAB 10'S,,"1,096.88",SUN PHARMA LABS.LTD.(MAXXIM)
FARORIGHT ER 300 MG TAB 10'S,,"1,335.94",SUN PHARMA LABS.LTD.(MAXXIM)
STARIZO 200 MG 10,,928.13,SUN PHARMA LABS.LTD.(MAXXIM)
MOX INJ.500MG.,,44.53,SUN PHARMA LABS.LTD.(MAXXIM)
MOX BD 200MG TABS 10'S,,60.00,SUN PHARMA LABS.LTD.(MAXXIM)
MOX P 250MG TABS 10'S,,101.25,SUN PHARMA LABS.LTD.(MAXXIM)
MOX P 500MG TABS 10'S,,291.56,SUN PHARMA LABS.LTD.(MAXXIM)
MOX RED.250MG SYP.30ML,,49.67,SUN PHARMA LABS.LTD.(MAXXIM)
MOX RED.250MG SYP.60ML,,74.42,SUN PHARMA LABS.LTD.(MAXXIM)
MOX KID 250MG TABS 15S,,156.56,SUN PHARMA LABS.LTD.(MAXXIM)
MOX RED.125MG SYP.60ML.,,20.30,SUN PHARMA LABS.LTD.(MAXXIM)
ZOLE F SKIN OINT.15GM,,128.00,SUN PHARMA LABS.LTD.(MAXXIM)
MOX CAPS 500MG 15S,,117.77,SUN PHARMA LABS.LTD.(MAXXIM)
ZOLE SKIN OINT.,,70.31,SUN PHARMA LABS.LTD.(MAXXIM)
MOX CAPS 250MG 15*,,34.60,SUN PHARMA LABS.LTD.(MAXXIM)
ZOLE F SKIN LOT.15ML,,63.75,SUN PHARMA LABS.LTD.(MAXXIM)
MOX KID 125MG TABS 15,,92.81,SUN PHARMA LABS.LTD.(MAXXIM)
MOX RED.125MG SYP30ML,,32.05,SUN PHARMA LABS.LTD.(MAXXIM)
MOX DROPS REDMIX 10ML,,56.25,SUN PHARMA LABS.LTD.(MAXXIM)
PHLOGAM 250MG TABS,,264.84,SUN PHARMA LABS.LTD.(MAXXIM)
ZIFEXIM TAB,,111.56,SUN PHARMA LABS.LTD.(MAXXIM)
CIFRAN OZ TAB 10'S,,122.34,SUN PHARMA LABS.LTD.(MAXXIM)
MOX CV BD SUP 1*30ML,,63.31,SUN PHARMA LABS.LTD.(MAXXIM)
MOX CV 625MG TAB 10',,195.38,SUN PHARMA LABS.LTD.(MAXXIM)
MOX CV 375 TABS,,247.50,SUN PHARMA LABS.LTD.(MAXXIM)
HISTAC RD TAB 10S,,122.81,SUN PHARMA LABS.LTD.(MAXXIM)
MOX CV 228.5 TAB 10S,,172.50,SUN PHARMA LABS.LTD.(MAXXIM)
MOX CV DS SUSPENS.457MG,,123.75,SUN PHARMA LABS.LTD.(MAXXIM)
MOX CV 457 TAB 10,,210.94,SUN PHARMA LABS.LTD.(MAXXIM)
ZOLE-IT 100MG TAB 7S,,147.16,SUN PHARMA LABS.LTD.(MAXXIM)
ZOLE-IT 200MG TAB 10'S,,232.26,SUN PHARMA LABS.LTD.(MAXXIM)
BILASURE M TAB 10'S,,194.06,SUN PHARMA LABS.LTD.(MAXXIM)
LULIFEN CREAM 30GM 30GR,,316.88,SUN PHARMA LTD PRIMA LAND
ANABOOM + SHAMPOO 100ML,,422.28,SUN PHARMA LTD PRIMA LAND
ANABOOM AD LOTION 50ML,,288.36,SUN PHARMA LTD PRIMA LAND
SOTRET 5% GEL 30G,,223.13,SUN PHARMA LTD PRIMA LAND
LULIFIN CREAM 50GM,,354.38,SUN PHARMA LTD PRIMA LAND
ANASURE 5% LOTION,,876.56,SUN PHARMA LTD PRIMA LAND
ULTICAN CAP 100MG 10'S,,248.95,SUN PHARMA LTD PRIMA LAND
ULTICAN CAP 150MG 1'S,,19.00,SUN PHARMA LTD PRIMA LAND
ULTICAN CAP 200MG 1'S,,37.48,SUN PHARMA LTD PRIMA LAND
SOTRET NF-8 MG TAB 10S 10,,255.00,SUN PHARMA LTD PRIMA LAND
SOTRET NF-16 MG TAB 10S 10S,,370.00,SUN PHARMA LTD PRIMA LAND
SOTRET NF-24 MG TAB 10S 10,,370.31,SUN PHARMA LTD PRIMA LAND
LULIFIN MAX CREAM 30GM,,360.94,SUN PHARMA LTD PRIMA LAND
LULIFIN LOTION 30ML,,233.44,SUN PHARMA LTD PRIMA LAND
ANABOOM PRO ADV.HAIR GROWTH SE 60ML SERUM,,"1,390.00",SUN PHARMA LTD PRIMA LAND
HALOX F CREAM 15GM,,285.94,SUN PHARMA LTD PRIMA LAND
CEBHYDRA MOISTU.LOTION 250ML,,614.10,SUN PHARMA LTD PRIMA LAND
ANASURE 2.5MG TAB 15'S,,210.94,SUN PHARMA LTD PRIMA LAND
ANASURE 5MG TAB 15'S,,398.44,SUN PHARMA LTD PRIMA LAND
EPILYNO LOTION 75G,,690.00,SUN PHARMA LTD PRIMA LAND
CEBHYDRA INTENSE OINTMENT 300G.,,747.00,SUN PHARMA LTD PRIMA LAND
SOTRET 20 MG TAB,,330.94,SUN PHARMA LTD PRIMA LAND
XTRAGLO TAB 10'S,,221.50,SUN PHARMA LTD PRIMA LAND
SOTRET CAP 10MG 10'S,,226.88,SUN PHARMA LTD PRIMA LAND
SOTRET SOAP,,140.63,SUN PHARMA LTD PRIMA LAND
MEDSOP SOAP  75G,,99.68,SUN PHARMA LTD PRIMA LAND
ACROTAC CAP 10MG 10 S,,384.38,SUN PHARMA LTD PRIMA LAND
EFLORA CREAM 13.9%  15GM,,983.44,SUN PHARMA LTD PRIMA LAND
HALOX CREAM 30GM,,257.81,SUN PHARMA LTD PRIMA LAND
HALOX ES OINTMENT,,159.38,SUN PHARMA LTD PRIMA LAND
HALOX F CREAM 10GM,,178.13,SUN PHARMA LTD PRIMA LAND
HALOX LOTION 30ML,,290.63,SUN PHARMA LTD PRIMA LAND
HALOX OINTMENT 30GM,,280.31,SUN PHARMA LTD PRIMA LAND
LUTICA CREAM,,96.56,SUN PHARMA LTD PRIMA LAND
HALOX S OINTMENT 10GM,,122.34,SUN PHARMA LTD PRIMA LAND
HALOX S LOTION 30ML,,264.38,SUN PHARMA LTD PRIMA LAND
ANABOOM STEM HAIR SERUM 50ML,,"1,650.00",SUN PHARMA LTD PRIMA LAND
EPILYNO LOTION 50G,,525.00,SUN PHARMA LTD PRIMA LAND
ACROTAC CAP 25MG 20'S,,"1,471.88",SUN PHARMA LTD PRIMA LAND
LULIFIN CREAM 1% 10GM,,157.50,SUN PHARMA LTD PRIMA LAND
LULIFIN LOTION 10ML LOTION,,223.59,SUN PHARMA LTD PRIMA LAND
LULIFIN CREAM 20GM,,354.38,SUN PHARMA LTD PRIMA LAND
SOTRET 30MG CAP 10S,,323.44,SUN PHARMA LTD PRIMA LAND
ANASURE F 60ML,,834.38,SUN PHARMA LTD PRIMA LAND
HALOX S OINT 30GM,,337.50,SUN PHARMA LTD PRIMA LAND
LULIFEN LOTION 20ML 20ML,,396.09,SUN PHARMA LTD PRIMA LAND
ANABOOM AD SHAMPOO 100ML,,426.56,SUN PHARMA LTD PRIMA LAND
ANASURE 2% LOTION 60ML,,418.13,SUN PHARMA LTD PRIMA LAND
CEBHYDRA MOISTU.CREAM 100G.,,415.00,SUN PHARMA LTD PRIMA LAND
LULIFIN CREAM 30GM,,316.88,SUN PHARMA LTD PRIMA LAND
BRISTAA ADVANCED SKIN CREAM 20GM,,673.73,SUN PHARMACEUTICAL ORTUS
PHOTOSTABLE SPF 40+ SUNSCREEN 75ML,,614.10,SUN PHARMACEUTICAL ORTUS
PHOTOSTABLE GOLD MATTE F/S GEL SPF55*50GM,,945.00,SUN PHARMACEUTICAL ORTUS
CWIN SHAMPOO 100ML,,405.94,SUN PHARMACEUTICAL ORTUS
DAZIT 10 10,,87.19,SUN PHARMACEUTICAL ORTUS
CWIN CREAM 30GM,,248.44,SUN PHARMACEUTICAL ORTUS
CWIN LOTION 30ML,,251.25,SUN PHARMACEUTICAL ORTUS
BRISTAA INSTA SKIN CREAM 20G,,999.47,SUN PHARMACEUTICAL ORTUS
PHOTOSTABLE ACNE CLEAR M/F 50GM,,971.00,SUN PHARMACEUTICAL ORTUS
OASITREX CREAM 15GM,,327.66,SUN PHARMACEUTICAL ORTUS
MELACTIS SERUM 30 ML,,850.00,SUN PHARMACEUTICAL ORTUS
EXEL GN CREAM 15GM,,93.75,SUN PHARMACEUTICAL ORTUS
EXEL M SKIN CREAM 16GM,,130.31,SUN PHARMACEUTICAL ORTUS
EXEL CREAM 30GM.,,185.63,SUN PHARMACEUTICAL ORTUS
DAZIT 5MG TAB 15'S,,157.50,SUN PHARMACEUTICAL ORTUS
DAZIT M TAB 10'S,,227.81,SUN PHARMACEUTICAL ORTUS
PHOTOSTABLE SUNSCREEN EMULGEL 50GM,,868.00,SUN PHARMACEUTICAL ORTUS
VALTOVAL 500 TAB 3'S,,182.81,SUN PHARMACEUTICAL ORTUS
VALTOVAL 1G TAB 3'S,,319.69,SUN PHARMACEUTICAL ORTUS
PASITREX C TUBE 15GM,,495.00,SUN PHARMACEUTICAL ORTUS
SEBIFIN TAB 250MG 15'S,,529.69,SUN PHARMACEUTICAL ORTUS
BIO EXIDIL BOTTEL 60'S,,"1,317.20",SUN PHARMACEUTICAL ORTUS
AMEXIDIL SOLUTION 60ML.,,561.56,SUN PHARMACEUTICAL ORTUS
PASITREX OINTMENT 15GM,,344.06,SUN PHARMACEUTICAL ORTUS
EXIZOL SHAMPOO 50ML,,459.38,SUN PHARMACEUTICAL ORTUS
I-WIN 100MG CAP 10S,,177.52,SUN PHARMACEUTICAL ORTUS
I-WIN 200MG CAP 10S,,232.26,SUN PHARMACEUTICAL ORTUS
I-WIN SB 130MG CAP 10'S,,234.38,SUN PHARMACEUTICAL ORTUS
I-WIN SB 50MG CAP 10'S,,121.88,SUN PHARMACEUTICAL ORTUS
PHOTOSTABLE PRO+80SPF Hydragel 50GM,,974.00,SUN PHARMACEUTICAL ORTUS
FRUTOLYTE-PNP PWD REFILL 5*4.4G,,23.30,SYNCHEM PHARMACEUTICALS PVT.LMT.
LACEF-250MG TAB 10S,,56.72,SYNCHEM PHARMACEUTICALS PVT.LMT.
MEDIMOL TAB 10S,,9.66,SYNCHEM PHARMACEUTICALS PVT.LMT.
TOCEF CV 100DT TAB 6S,,102.09,SYNCHEM PHARMACEUTICALS PVT.LMT.
TOCEF CV 50DT TAB 6S,,68.06,SYNCHEM PHARMACEUTICALS PVT.LMT.
TOCEF O 100DT TAB 10S,,173.44,SYNCHEM PHARMACEUTICALS PVT.LMT.
TOCEF O 200 TAB 10S,,215.63,SYNCHEM PHARMACEUTICALS PVT.LMT.
UROSOL SYRUP 100ML,,107.81,SYNCHEM PHARMACEUTICALS PVT.LMT.
LACEF-500MG TAB 10S,,70.45,SYNCHEM PHARMACEUTICALS PVT.LMT.
TOCEF 50 SYP 1*30ML,,92.81,SYNCHEM PHARMACEUTICALS PVT.LMT.
TUSSIN SYRUP 100ML,,113.44,SYNCHEM PHARMACEUTICALS PVT.LMT.
ACENOVA-P TAB 10S,,56.25,SYNCHEM PHARMACEUTICALS PVT.LMT.
MEDIMOL-F TAB 10S,,21.42,SYNCHEM PHARMACEUTICALS PVT.LMT.
TUSSIN LS DROPS 15ML,,70.31,SYNCHEM PHARMACEUTICALS PVT.LMT.
TUSSIN PED.SYRUP 50ML,,82.50,SYNCHEM PHARMACEUTICALS PVT.LMT.
MEDIMOL DROPS 15ML,,34.08,SYNCHEM PHARMACEUTICALS PVT.LMT.
TUSSIN LS TAB 10S,,60.00,SYNCHEM PHARMACEUTICALS PVT.LMT.
FRUTOLYTE-STB PWD REFILL5*4,,20.55,SYNCHEM PHARMACEUTICALS PVT.LMT.
ACENOVA-FH TAB 10,,74.53,SYNCHEM PHARMACEUTICALS PVT.LMT.
COLDSOL DROP 15ML,,79.69,SYNCHEM PHARMACEUTICALS PVT.LMT.
MEDIMOL  KID 250MG TAB,,17.81,SYNCHEM PHARMACEUTICALS PVT.LMT.
ACENOVA-MR TAB 10S,,82.50,SYNCHEM PHARMACEUTICALS PVT.LMT.
MEDIMOL SUSPN.60ML,,23.94,SYNCHEM PHARMACEUTICALS PVT.LMT.
MEDIMOL DS SUSPEN.60ML,,34.64,SYNCHEM PHARMACEUTICALS PVT.LMT.
FRUTOLYTE LIQUID APPLE 200ML,,31.50,SYNCHEM PHARMACEUTICALS PVT.LMT.
FRUTOLYTE LIQUID ORANGE 200ML,,31.50,SYNCHEM PHARMACEUTICALS PVT.LMT.
TOCEF 50 TABS,,92.81,SYNCHEM PHARMACEUTICALS PVT.LMT.
TUSSIN LS SYP 100ML,,107.81,SYNCHEM PHARMACEUTICALS PVT.LMT.
FRUTOLYTE BIG MGO PWD 21.8 GM,,20.10,SYNCHEM PHARMACEUTICALS PVT.LMT.
FRUTOLYTE BIG ORG PWD 21.8GM 21.8GM,,23.11,SYNCHEM PHARMACEUTICALS PVT.LMT.
FRUTOLYTE BIG LMN PWD 21.8gm 21.8gm,,19.90,SYNCHEM PHARMACEUTICALS PVT.LMT.
NOVAFLAM PLUS TAB 10,,24.00,SYNCHEM PHARMACEUTICALS PVT.LMT.
LACEF DROP 10ML,,26.34,SYNCHEM PHARMACEUTICALS PVT.LMT.
COLDSOL DS SYP 60ML,,91.87,SYNCHEM PHARMACEUTICALS PVT.LMT.
FRUTIVIT Z CAP 10'S,,41.25,SYNCHEM PHARMACEUTICALS PVT.LMT.
FRUTIVIT LB CAP 10'S,,60.94,SYNCHEM PHARMACEUTICALS PVT.LMT.
TUSSIN-DMR PEDIATRIC 50ML SYP 1*50ML,,84.37,SYNCHEM PHARMACEUTICALS PVT.LMT.
COLDSOL SUSPENSION 1*60ML,,87.19,SYNCHEM PHARMACEUTICALS PVT.LMT.
COLDSOL TAB 1*10,,56.25,SYNCHEM PHARMACEUTICALS PVT.LMT.
COLDSOL DM SYP 1*60ML,,97.50,SYNCHEM PHARMACEUTICALS PVT.LMT.
COLDSOL DM TAB 10S,,51.00,SYNCHEM PHARMACEUTICALS PVT.LMT.
FRUTOLYTE JAR LMN PWD 10*4.4G,,45.70,SYNCHEM PHARMACEUTICALS PVT.LMT.
FRUTOLYTE JAR MGO PWD 10*4.4G,,46.60,SYNCHEM PHARMACEUTICALS PVT.LMT.
FRUTOLYTE JAR ORG PWD 10*4.4G,,46.60,SYNCHEM PHARMACEUTICALS PVT.LMT.
FRUTOLYTE LMN PWD REFILL 5*4.4G,,23.30,SYNCHEM PHARMACEUTICALS PVT.LMT.
FRUTOLYTE ORG PWD REFILL 5*4.4G,,23.30,SYNCHEM PHARMACEUTICALS PVT.LMT.
FRUTOLYTE MGO PWD REFILL 5*4.4G,,23.30,SYNCHEM PHARMACEUTICALS PVT.LMT.
NOVAFLAM SUSPEN 1*60ML,,26.06,SYNCHEM PHARMACEUTICALS PVT.LMT.
TOCEF 100 TAB 1*10,,112.50,SYNCHEM PHARMACEUTICALS PVT.LMT.
TOCEF 200 TAB 1*10,,182.81,SYNCHEM PHARMACEUTICALS PVT.LMT.
TOCEF CV 200 TAB 1*6,,271.88,SYNCHEM PHARMACEUTICALS PVT.LMT.
TOCEF CV 50 DRY SYP 1*30ML,,107.81,SYNCHEM PHARMACEUTICALS PVT.LMT.
TOCEF CV DROP 1*10ML,,164.06,SYNCHEM PHARMACEUTICALS PVT.LMT.
TUSSIN-DMR TAB 1*10,,60.94,SYNCHEM PHARMACEUTICALS PVT.LMT.
TUSSIN-DMR 50ML SYP 1*50ML,,85.31,SYNCHEM PHARMACEUTICALS PVT.LMT.
TUSSIN-DMR 100ML SYP 1*100ML,,118.12,SYNCHEM PHARMACEUTICALS PVT.LMT.
TOCEF DROP 10ML 1*10ML,,97.50,SYNCHEM PHARMACEUTICALS PVT.LMT.
TUSSIN TAB 1*10,,59.06,SYNCHEM PHARMACEUTICALS PVT.LMT.
TUSSIN LS PED.SYP 60ML 60ML,,76.87,SYNCHEM PHARMACEUTICALS PVT.LMT.
SHELCAL TOTAL CHOCKLET POWDER 400GM,,729.65,TORRENT PHARMA (B-WELL)
SHELCAL TOTAL VANILLA POWDER 400GM,,676.25,TORRENT PHARMA (B-WELL)
I VIT PRO CAP 15'S,,187.50,TORRENT PHARMA (B-WELL)
SHELCAL CT MAX,,365.95,TORRENT PHARMA (B-WELL)
SHELCAL JOINTS CAP 10S 10,,874.00,TORRENT PHARMA (B-WELL)
SHELCAL MOM TAB 15'S,,209.00,TORRENT PHARMA (B-WELL)
SHELCAL PRO KIDS 30 GUMMIES,,399.50,TORRENT PHARMA (B-WELL)
DEVIRY 10 MG,,66.70,TORRENT PHARMA (B-WELL)
CARNISURE 500MG 20S TAB,,437.80,TORRENT PHARMA (B-WELL)
CARNISURE INJ.10S,,140.16,TORRENT PHARMA (B-WELL)
ECOZYME CHEW TABS 15S,,246.00,TORRENT PHARMA (B-WELL)
NEPHROCAPS TABS 15S,,146.25,TORRENT PHARMA (B-WELL)
SHELCAL 500MG TAB 15'S,,163.45,TORRENT PHARMA (B-WELL)
SHELCAL-M TAB 15',,177.60,TORRENT PHARMA (B-WELL)
SHELCAL CT 15'S,,401.95,TORRENT PHARMA (B-WELL)
SHELCAL OS 500MG 15'S,,219.89,TORRENT PHARMA (B-WELL)
SHELCAL K TABS,,433.59,TORRENT PHARMA (B-WELL)
XAMIC 500 TABS,,178.35,TORRENT PHARMA (B-WELL)
XAMIC MF TABS,,270.40,TORRENT PHARMA (B-WELL)
ONE UP GOLD D TABS,,64.41,TORRENT PHARMA (B-WELL)
SHELCAL -250 MG TAB 1*30,,148.75,TORRENT PHARMA (B-WELL)
D-360 NANO SHOTS 4*5ML,,321.16,TORRENT PHARMA (B-WELL)
I VIT 12 INJ .1 VIAL,,31.87,TORRENT PHARMA (B-WELL)
SHELCAL ISO CAP 15S,,474.14,TORRENT PHARMA (B-WELL)
DEVIRY SR TAB 10'S,,151.88,TORRENT PHARMA (B-WELL)
TELSAR 20MG TAB 15,,57.42,TORRENT PHARMA (CD)
TRITELSAR 40MG TAB 10,,150.42,TORRENT PHARMA (CD)
TELSAR 80MG TAB 10,,109.20,TORRENT PHARMA (CD)
TELSAR H TAB 15,,333.80,TORRENT PHARMA (CD)
TELSAR BETA 25 TAB 10,,292.50,TORRENT PHARMA (CD)
TELSAR BETA 50 TAB 10,,364.22,TORRENT PHARMA (CD)
TELSAR 40 TAB 10,,108.30,TORRENT PHARMA (CD)
TRITELSAR HS 40 TAB 10,,139.69,TORRENT PHARMA (CD)
TRITELSAR 80 TAB 10,,183.47,TORRENT PHARMA (CD)
TENEZA M 500 TAB 15,,263.44,TORRENT PHARMA (CD)
TENEZA M 1000 TAB 10,,250.64,TORRENT PHARMA (CD)
TENEZA 20MG TAB 15'S,,222.94,TORRENT PHARMA (CD)
RANX 500 TAB 10,,353.90,TORRENT PHARMA (CD)
UNISTAR 75 TAB 10,,183.85,TORRENT PHARMA (CD)
UNISTAR 150 TAB 10,,125.70,TORRENT PHARMA (CD)
UNISTAR 20/75 TAB 10,,150.90,TORRENT PHARMA (CD)
UNISTAR 20/150 TAB 10,,162.32,TORRENT PHARMA (CD)
TELSAR A TAB 10,,238.88,TORRENT PHARMA (CD)
TELSAR CMH 50MG TAB 10'S,,148.78,TORRENT PHARMA (CD)
TRITELSAR HS 80 TAB,,247.75,TORRENT PHARMA (CD)
UNISTAR 5/75 TAB,,57.00,TORRENT PHARMA (CD)
TELSAR BISO 2.5MG TAB 10'S,,135.47,TORRENT PHARMA (CD)
TELSAR BISO 5MG TAB 10'S,,132.66,TORRENT PHARMA (CD)
LOSAR H TABS,,287.44,TORRENT PHARMA (CV LIFE )
LOSAR 50 TAB,,162.25,TORRENT PHARMA (CV LIFE )
TRIKA 0.25 MG TAB,,39.84,TORRENT PHARMA (CV LIFE )
LOSAR 25 TAB 15,,94.40,TORRENT PHARMA (CV LIFE )
LOSAR BETA H TAB 10S,,257.57,TORRENT PHARMA (CV LIFE )
METRIDE 1 MG TAB 15S,,98.67,TORRENT PHARMA (CV LIFE )
METRIDE DS 1MG TAB 10S,,122.91,TORRENT PHARMA (CV LIFE )
METRIDE DS 2MG TAB 10S,,170.58,TORRENT PHARMA (CV LIFE )
METRIDE PLUS 1MG TAB 10S,,113.30,TORRENT PHARMA (CV LIFE )
METRIDE PLUS 2MG TAB 10S,,150.28,TORRENT PHARMA (CV LIFE )
TG TOR EZ TAB 10S,,187.69,TORRENT PHARMA (CV LIFE )
TG-TOR 10MG TAB 10S,,85.97,TORRENT PHARMA (CV LIFE )
TG-TOR 40MG TAB 10S,,198.19,TORRENT PHARMA (CV LIFE )
TRILOSAR 12.5MG TAB 10S,,130.85,TORRENT PHARMA (CV LIFE )
TRILOSAR 6.25MG TAB 10S,,95.48,TORRENT PHARMA (CV LIFE )
TRIMETRIDE 1MG TAB 10S,,146.16,TORRENT PHARMA (CV LIFE )
TRIMETRIDE 2MG TAB 10S,,180.98,TORRENT PHARMA (CV LIFE )
TG-TOR 20MG TAB 10S,,208.50,TORRENT PHARMA (CV LIFE )
CORBIS 2.5 TAB 10,,105.15,TORRENT PHARMA (CV LIFE )
CORBIS 5 TAB,,126.55,TORRENT PHARMA (CV LIFE )
CORBIS AM 2.5/2.5 TAB 10',,77.60,TORRENT PHARMA (CV LIFE )
CORBIS AM 5 TAB 10,,139.65,TORRENT PHARMA (CV LIFE )
CORBIS H 5 TAB 10,,193.95,TORRENT PHARMA (CV LIFE )
LORAM 2.5 TAB 10,,126.23,TORRENT PHARMA (CV LIFE )
LORAM 5 TAB 10,,172.55,TORRENT PHARMA (CV LIFE )
LORAM H 5 TAB 10,,132.55,TORRENT PHARMA (CV LIFE )
LORAM H 2.5 TAB 10,,105.66,TORRENT PHARMA (CV LIFE )
TENEPURE M 1000 TAB 10,,275.44,TORRENT PHARMA (CV LIFE )
TENEPURE M 500 TAB 10,,289.69,TORRENT PHARMA (CV LIFE )
TENEPURE TAB 10,,349.29,TORRENT PHARMA (CV LIFE )
LOSAR-A TAB 15,,282.94,TORRENT PHARMA (CV LIFE )
CLODREL FORTE TAB 10,,39.84,TORRENT PHARMA (CV LIFE )
CLODREL PLUS  TAB 10,,62.77,TORRENT PHARMA (CV LIFE )
CLODREL 75 MG TAB 10,,68.34,TORRENT PHARMA (CV LIFE )
CORVADIL 2.5 TAB 10,,16.27,TORRENT PHARMA (CV LIFE )
CORVADIL 5 TAB 10,,26.23,TORRENT PHARMA (CV LIFE )
CORVADIL A TAB 10,,142.78,TORRENT PHARMA (CV LIFE )
TOLOL AM 25 TAB 10,,68.20,TORRENT PHARMA (CV LIFE )
TOLOL AM 50 TAB,,93.97,TORRENT PHARMA (CV LIFE )
TOLOL XR 25 TAB 10,,32.53,TORRENT PHARMA (CV LIFE )
TOLOL XR 50 TAB 10,,49.13,TORRENT PHARMA (CV LIFE )
TRIKA 0.5 MG TAB,,75.75,TORRENT PHARMA (CV LIFE )
SEFDIN DRY SYP 30ML,,104.06,TORRENT PHARMA (CV LIFE )
ENCELIN 50 TAB 10,,60.94,TORRENT PHARMA (CV LIFE )
ENCELIN M 50/1000MG TAB 10'S,,85.78,TORRENT PHARMA (CV LIFE )
SILOXIO 8 MG TAB 10,,187.50,TORRENT PHARMA (CV LIFE )
SILOXIO D8 MG TAB,,281.00,TORRENT PHARMA (CV LIFE )
TORCILIN 10  TAB 1*10,,103.64,TORRENT PHARMA (CV LIFE )
TORCILIN 5 MG TAB 1*10,,41.72,TORRENT PHARMA (CV LIFE )
TORCILIN -T TAB 1*10,,144.80,TORRENT PHARMA (CV LIFE )
ENCELIN D10 TAB 10S,,194.72,TORRENT PHARMA (CV LIFE )
ENCELIN M 50/500 TABS,,103.50,TORRENT PHARMA (CV LIFE )
ENCELIN M 50/1000,,71.11,TORRENT PHARMA (CV LIFE )
CORBIS 1.25 TAB  15'S,,56.02,TORRENT PHARMA (CV LIFE )
ENCELIN OD 100MG TAB 10'S 10,,124.64,TORRENT PHARMA (CV LIFE )
CORBIS T 5 TAB 1*10,,158.40,TORRENT PHARMA (CV LIFE )
ARKAMIN H TAB 10,,29.29,TORRENT PHARMA (INTEGRA)
OLSAR 10 TAB 10,,106.88,TORRENT PHARMA (INTEGRA)
OLSAR 20 TAB 10,,219.94,TORRENT PHARMA (INTEGRA)
OLSAR 40 TAB 10,,256.13,TORRENT PHARMA (INTEGRA)
OLSAR A 20 TAB 10,,141.98,TORRENT PHARMA (INTEGRA)
OLSAR A 40 TAB 10,,228.38,TORRENT PHARMA (INTEGRA)
OLSAR CH 20/12.5 TAB 10,,127.03,TORRENT PHARMA (INTEGRA)
OLSAR CH 20/6.25 TAB 10,,125.16,TORRENT PHARMA (INTEGRA)
OLSAR CH 40/12.5 TAB 10,,243.75,TORRENT PHARMA (INTEGRA)
OLSAR M 25 TAB 10,,163.59,TORRENT PHARMA (INTEGRA)
OLSAR M 50 TAB 10,,173.25,TORRENT PHARMA (INTEGRA)
OLSAR H 20 TAB 10,,250.50,TORRENT PHARMA (INTEGRA)
OLSAR H 40 TAB 15'S,,418.22,TORRENT PHARMA (INTEGRA)
POSMEAL MD 0.2 TAB 10,,79.83,TORRENT PHARMA (INTEGRA)
POSMEAL MD 0.3 TAB,,117.80,TORRENT PHARMA (INTEGRA)
POSMEAL MET 0.2 TAB 10,,93.24,TORRENT PHARMA (INTEGRA)
POSMEAL MET 0.3 TAB 10,,118.23,TORRENT PHARMA (INTEGRA)
TRIOLSAR 20 TAB 10,,121.55,TORRENT PHARMA (INTEGRA)
TRIOLSAR 40 TAB 10,,275.63,TORRENT PHARMA (INTEGRA)
TRIPOSMEAL 1 TAB 10,,136.03,TORRENT PHARMA (INTEGRA)
TRIPOSMEAL 2 TAB,,186.80,TORRENT PHARMA (INTEGRA)
ARKAMIN 150MG TAB 30'S,,182.30,TORRENT PHARMA (INTEGRA)
ARKAMIN TAB,,99.28,TORRENT PHARMA (INTEGRA)
LEVTAM 250 TAB 10,,60.05,TORRENT PHARMA (NEUFOREV)
LEVTAM 500 TAB 10,,123.66,TORRENT PHARMA (NEUFOREV)
LEVTAM SYP 100ML 100ML,,321.26,TORRENT PHARMA (NEUFOREV)
PREGABA 50MG CAP 10,,161.71,TORRENT PHARMA (NEUFOREV)
PREGABA 75MG CAP 10,,286.59,TORRENT PHARMA (NEUFOREV)
PREGABA FORTE CAP 10,,152.81,TORRENT PHARMA (NEUFOREV)
PREGABA NT TAB 10S,,282.46,TORRENT PHARMA (NEUFOREV)
PREGABA PLUS CAP 10,,140.63,TORRENT PHARMA (NEUFOREV)
PREGABA SR 75 TAB 10,,210.00,TORRENT PHARMA (NEUFOREV)
UNICOBAL D3 CAP 10,,135.40,TORRENT PHARMA (NEUFOREV)
UNICOBAL FORTE TAB 10,,149.06,TORRENT PHARMA (NEUFOREV)
ZICAM 0.25 MG TAB 10,,17.48,TORRENT PHARMA (NEUFOREV)
ZICAM 0.5 MG TAB 10,,29.61,TORRENT PHARMA (NEUFOREV)
ZICAM 1 MG TAB 10,,40.28,TORRENT PHARMA (NEUFOREV)
ZICAM 2 MG TAB 10,,78.30,TORRENT PHARMA (NEUFOREV)
PREGABA M 75MG TAB 15,,394.03,TORRENT PHARMA (NEUFOREV)
PREGABA MNT TAB 10,,256.50,TORRENT PHARMA (NEUFOREV)
PREGABA GEL 30GM,,398.40,TORRENT PHARMA (NEUFOREV)
PREGABA D 75/20MG CAP 10',,247.50,TORRENT PHARMA (NEUFOREV)
PREGABA D 50/20MG CAP 10' 10,,173.05,TORRENT PHARMA (NEUFOREV)
EUREPA V 0.5/0.2MG TAB 10'S,,138.47,TORRENT PHARMA (SPECTRA)
EUREPA V 0.5/0.3MG TAB 10'S,,151.85,TORRENT PHARMA (SPECTRA)
EUREPA V 1/0.2MG TAB 10'S,,199.55,TORRENT PHARMA (SPECTRA)
EUREPA V 1/0.3MG TAB 10'S,,210.00,TORRENT PHARMA (SPECTRA)
GLUCRETA L 5+5 TAB 10,,149.06,TORRENT PHARMA (SPECTRA)
GLUCRETA L 5/10MG TAB 1*10'S,,184.40,TORRENT PHARMA (SPECTRA)
GLUCRETA LM 500MG TAB 10'S,,186.55,TORRENT PHARMA (SPECTRA)
MODLIP-AM TAB 10S,,155.16,TORRENT PHARMA (SPECTRA)
MODLIP 10 TAB 10S,,78.38,TORRENT PHARMA (SPECTRA)
MODLIP 20 TAB 10S,,126.63,TORRENT PHARMA (SPECTRA)
MODLIP ASG 20CAP 10S,,29.77,TORRENT PHARMA (SPECTRA)
MODLIP F TAB 10S,,167.34,TORRENT PHARMA (SPECTRA)
MODLIP ASG 75CAP 10,,48.42,TORRENT PHARMA (SPECTRA)
EUREPA MF 1 TAB 10S,,149.02,TORRENT PHARMA (SPECTRA)
EUREPA 0.5 TAB 10S,,169.25,TORRENT PHARMA (SPECTRA)
EUREPA 1 TAB 10S,,318.00,TORRENT PHARMA (SPECTRA)
EUREPA 2 TAB 10S,,325.73,TORRENT PHARMA (SPECTRA)
EUREPA MF 2 TAB 10S,,298.97,TORRENT PHARMA (SPECTRA)
BETACARD 25 TAB 14S,,34.69,TORRENT PHARMA (SPECTRA)
BETACARD 50 TAB 14S,,26.11,TORRENT PHARMA (SPECTRA)
BETACARD AM TAB 10S,,41.44,TORRENT PHARMA (SPECTRA)
METOCARD AM TAB 10 S,,141.94,TORRENT PHARMA (SPECTRA)
METOCARD H 50 TAB 10 S,,133.73,TORRENT PHARMA (SPECTRA)
METOCARD XL 100 TAB 10 S,,147.52,TORRENT PHARMA (SPECTRA)
METOCARD XL 12.5 TAB 10S,,44.10,TORRENT PHARMA (SPECTRA)
METOCARD XL 25 TAB 10 S,,44.10,TORRENT PHARMA (SPECTRA)
METOCARD XL 50 TAB 10 S,,93.55,TORRENT PHARMA (SPECTRA)
METOCARD XL 75 TAB 10 S,,169.97,TORRENT PHARMA (SPECTRA)
MODLIP -40 TAB 1*10,,190.13,TORRENT PHARMA (SPECTRA)
MODLIP D 20MG TABS,,179.06,TORRENT PHARMA (SPECTRA)
LEZYNCET A TAB 10,,58.93,TORRENT PHARMA (UVA)
UNIENZYME DROP 15ML,,71.67,TORRENT PHARMA (UVA)
XT PARA 650MG TAB 10,,17.06,TORRENT PHARMA (UVA)
XT PARA SUSP 60ML 60ML,,35.62,TORRENT PHARMA (UVA)
XT PARA 12 TAB 10,,64.27,TORRENT PHARMA (UVA)
ZYNCET TAB 10S,,17.25,TORRENT PHARMA (UVA)
DICLOGESIC SP TAB 10,,77.81,TORRENT PHARMA (UVA)
AZULIX MV 1/0.2 TAB,,158.44,TORRENT PHARMA AZUCA
AZULIX MV 2/0.2 TAB,,215.63,TORRENT PHARMA AZUCA
AZULIX MV 1/0.3 TAB,,98.53,TORRENT PHARMA AZUCA
AZULIX MV 2/0.3 TAB 10,,205.31,TORRENT PHARMA AZUCA
AZULIX DM 10/1/500MG TAB 1*10'S,,138.98,TORRENT PHARMA AZUCA
AZULIX DM 10/2/500 TAB 10S 10,,154.55,TORRENT PHARMA AZUCA
AZULIX 1 TAB 10S,,34.17,TORRENT PHARMA AZUCA
AZULIX 1 MF FORTE TAB 10S,,138.00,TORRENT PHARMA AZUCA
AZULIX 1 MF 10S,,145.31,TORRENT PHARMA AZUCA
AZULIX 2 TAB 10S,,58.45,TORRENT PHARMA AZUCA
AZULIX 2 MF FORTE TAB 10S,,171.47,TORRENT PHARMA AZUCA
AZULIX 2 MF 10S,,195.94,TORRENT PHARMA AZUCA
LISTRIL 2.5 TAB 15 S,,59.06,TORRENT PHARMA AZUCA
LISTRIL 5 TAB 15 S,,140.30,TORRENT PHARMA AZUCA
ORLICA 120 CAP 10S,,521.44,TORRENT PHARMA AZUCA
PREGEB 150 CAP 10S,,311.25,TORRENT PHARMA AZUCA
PREGEB 75 CAP 10 S,,191.06,TORRENT PHARMA AZUCA
PREGEB M 150 CAP 10S,,335.35,TORRENT PHARMA AZUCA
PREGEB M 75 CAP 10 S,,306.56,TORRENT PHARMA AZUCA
PREGEB M OD 150 TAB,,310.31,TORRENT PHARMA AZUCA
PREGEB M OD 75 TAB 10S,,315.94,TORRENT PHARMA AZUCA
PREGEB OD 75 TAB,,174.05,TORRENT PHARMA AZUCA
TELDAY 20 TAB 10S,,63.52,TORRENT PHARMA AZUCA
TELDAY 40 TAB 10S,,108.30,TORRENT PHARMA AZUCA
TELDAY 80 AM TAB 10S,,166.88,TORRENT PHARMA AZUCA
TELDAY 80H TABS 10S,,210.09,TORRENT PHARMA AZUCA
TELDAY 80 TAB 10S,,105.09,TORRENT PHARMA AZUCA
TELDAY AM (40 MG 5 MG)TAB,,118.50,TORRENT PHARMA AZUCA
TELDAY H TAB 10S,,201.14,TORRENT PHARMA AZUCA
TRI AZULIX FORTE-1 TAB,,72.09,TORRENT PHARMA AZUCA
AZULIX 3 MF  FORTE TAB  1*10,,178.59,TORRENT PHARMA AZUCA
AZULIX 3 MF TAB  1*10,,72.94,TORRENT PHARMA AZUCA
AZULIX 4 MF FORTE TAB 1*10,,160.83,TORRENT PHARMA AZUCA
AZULIX 4 MF TAB 1*10,,205.50,TORRENT PHARMA AZUCA
AZULIX 3 TAB 1*10,,133.92,TORRENT PHARMA AZUCA
PREGEB OD 150 MG TAB  1*10,,258.89,TORRENT PHARMA AZUCA
TRI AZULIX -2 TAB  1*10,,96.19,TORRENT PHARMA AZUCA
TRI AZULIX FORTE-2 TAB,,92.72,TORRENT PHARMA AZUCA
PREGEB FORTE 75 CAP 10'S,,141.09,TORRENT PHARMA AZUCA
EDDZAAR 40MG TAB 10S,,78.28,TORRENT PHARMA AZUCA
EDDZAAR 80MG TAB 10S,,154.59,TORRENT PHARMA AZUCA
PREGEB D 75/20MG CAP 1*10,,247.50,TORRENT PHARMA AZUCA
PREGALIN 150MG CAP 10'S,,342.19,TORRENT PHARMA AZUCA
ITRACLAR SB CAP 10'S,,172.50,TORRENT PHARMA AZUCA
TRI AZULIX 1 MG TABS,,73.03,TORRENT PHARMA AZUCA
ITRACLAR 100MG CAP,,144.00,TORRENT PHARMA AZUCA
ITRACLAR 200MG CAP,,93.75,TORRENT PHARMA AZUCA
VIZYLAC GG SACH,,55.15,TORRENT PHARMA LTD. (SONORA WIRRIORS)
CARNISURE SYP 30ML,,306.00,TORRENT PHARMA LTD. (SONORA WIRRIORS)
SHELCAL SYRUP 200ML,,155.05,TORRENT PHARMA LTD. (SONORA WIRRIORS)
DOMSTAL SUS 30ML,,39.06,TORRENT PHARMA LTD. (SONORA WIRRIORS)
ZEDOTT BABY SHC 1GM,,12.80,TORRENT PHARMA LTD. (SONORA WIRRIORS)
DOMSTAL BABY DROP 5ML,,109.21,TORRENT PHARMA LTD. (SONORA WIRRIORS)
NEXPRO JUNIOR 1GM SACH.,,26.81,TORRENT PHARMA LTD. (SONORA WIRRIORS)
HALONOVA S INME,,141.61,TORRENT PHARMA LTD. (SPERSH)
DEWSOFT PREMIA CREAM,,"1,550.00",TORRENT PHARMA LTD. (SPERSH)
STRETCH RID 50 TUB 50GM,,"1,299.55",TORRENT PHARMA LTD. (SPERSH)
EGA GLOW TAB 10'S,,"1,475.00",TORRENT PHARMA LTD. (SPERSH)
LUMIVOID ULTRA CREAM 15G,,699.00,TORRENT PHARMA LTD. (SPERSH)
AHAGLOW ADVANCED 200GM,,798.00,TORRENT PHARMA LTD. (SPERSH)
LUMIVOID CREAM 30GM,,752.05,TORRENT PHARMA LTD. (SPERSH)
CORTAZ FOAM  50ML,,510.00,TORRENT PHARMA LTD. (SPERSH)
AHAGLOW ACNE C/MOIS.GEL 50GM,,647.00,TORRENT PHARMA LTD. (SPERSH)
AHAGLOW SKIN REPEAR GEL 100G 100,,865.00,TORRENT PHARMA LTD. (SPERSH)
CUTICAPIL STEM ADVANCE 60ML,,"1,690.00",TORRENT PHARMA LTD. (SPERSH)
AHAGLOW GLOGEOUS ADV.F/W GEL 100G,,"1,378.20",TORRENT PHARMA LTD. (SPERSH)
TOPCEF 200DT TAB 1S,,71.75,TORRENT PHARMA LTD. (SPERSH)
MODLIP 5 TAB 10S,,45.47,TORRENT PHARMA LTD. (SPERSH)
FUNGICIDE LOTION 90ML,,339.38,TORRENT PHARMA LTD. (SPERSH)
FUNGICIDE TAB 10'S,,495.00,TORRENT PHARMA LTD. (SPERSH)
HAIRJOY 2% BOTTLE 60ML,,253.41,TORRENT PHARMA LTD. (SPERSH)
HAIRJOY 5% BOTTLE 60ML,,747.61,TORRENT PHARMA LTD. (SPERSH)
HALONOVA CREAM 15GM,,133.59,TORRENT PHARMA LTD. (SPERSH)
DEWSOFT CREEM 75GM,,395.00,TORRENT PHARMA LTD. (SPERSH)
DEWSOFT LOTION 100ML,,354.22,TORRENT PHARMA LTD. (SPERSH)
DEWSOFT SOAP 75 GM 1*75GM,,214.49,TORRENT PHARMA LTD. (SPERSH)
GLOGEOUS -TPL,,"1,090.00",TORRENT PHARMA LTD. (SPERSH)
AHAGLOW TUBE 100GM,,386.35,TORRENT PHARMA LTD. (SPERSH)
AHAGLOW .S SPRAY 1*60 ML,,614.00,TORRENT PHARMA LTD. (SPERSH)
AHAGLOW ADVANCED 50GM TUBE 1*50GM,,317.73,TORRENT PHARMA LTD. (SPERSH)
HERPEX 5% CREAM 5GM,,77.02,TORRENT PHARMA LTD. (SPERSH)
HERPEX 800DT TAB 5'S,,174.84,TORRENT PHARMA LTD. (SPERSH)
LOOKBRITE TUBE 20GM,,195.47,TORRENT PHARMA LTD. (SPERSH)
SERIVA.CREAM 10GM,,129.89,TORRENT PHARMA LTD. (SPERSH)
SUN PROTECTE SPF 50.60ML,,285.57,TORRENT PHARMA LTD. (SPERSH)
SYSCAN 150 CAP 1'S,,19.31,TORRENT PHARMA LTD. (SPERSH)
"ACNETOR AD,GEL 15GM",,375.00,TORRENT PHARMA LTD. (SPERSH)
SHELCAL M SYRUP 200ML,,75.94,TORRENT PHARMA LTD. (SPERSH)
SUN PROTECT PREMIA SPF26  100ML,,533.11,TORRENT PHARMA LTD. (SPERSH)
CARNISURE PLUS TAB 10S,,186.95,TORRENT PHARMA LTD. (SPERSH)
CARNISURE LQ SACHET 1*10GM,,64.50,TORRENT PHARMA LTD. (SPERSH)
CARNISURE XT TAB 15'S,,875.00,TORRENT PHARMA LTD. (SPERSH)
ECBOSURE 1ML VIAL,,467.81,TORRENT PHARMA LTD. (SPERSH)
HAIRJOY FOAM 60G,,599.06,TORRENT PHARMA LTD. (SPERSH)
CUTICAPIL STEM 60ML,,"1,477.00",TORRENT PHARMA LTD. (SPERSH)
SERIVA 2% LOSA 30ML,,215.63,TORRENT PHARMA LTD. (SPERSH)
LUMIVOID CREAM 15GM,,551.80,TORRENT PHARMA LTD. (SPERSH)
SERIVA 30 GR CREAM,,283.08,TORRENT PHARMA LTD. (SPERSH)
HAIRJOY M 5% 60ML,,679.78,TORRENT PHARMA LTD. (SPERSH)
AHAGLO SPF 50 SUNSC. LOTION 100ML,,760.95,TORRENT PHARMA LTD. (SPERSH)
HAIRJOY M 2% SOLUT.SPRAY 60ML,,334.69,TORRENT PHARMA LTD. (SPERSH)
AHAGLOW ADVANCED 100GM 100,,565.00,TORRENT PHARMA LTD. (SPERSH)
AHAGLOW ADV.LF LIPO.FW 100G,,675.00,TORRENT PHARMA LTD. (SPERSH)
CUTICAPIL 75ML,,"1,290.50",TORRENT PHARMA LTD. (SPERSH)
DILZEM INJ. 5ML,,18.36,TORRENT PHARMA PSYCAN CND
AMIFRU 40MG.TABS 10S,,13.96,TORRENT PHARMA PSYCAN CND
DILZEM CD 90CAP 10S,,148.35,TORRENT PHARMA PSYCAN CND
DILZEM SR TAB 15S,,216.35,TORRENT PHARMA PSYCAN CND
DILZEM-30 TAB 10S,,42.92,TORRENT PHARMA PSYCAN CND
DILZEM-60 TAB 10S,,85.98,TORRENT PHARMA PSYCAN CND
DIBETA SR TAB 10 S,,18.70,TORRENT PHARMA PSYCAN CND
DIBETA SR 1 GM TAB 10 S,,38.25,TORRENT PHARMA PSYCAN CND
DIBETA GB TAB 10 S,,28.64,TORRENT PHARMA PSYCAN CND
ESAM 2.5 TAB 10 S,,64.13,TORRENT PHARMA PSYCAN CND
ESAM 5 TAB 10 S,,84.47,TORRENT PHARMA PSYCAN CND
ESAM AT TAB 10 S,,116.95,TORRENT PHARMA PSYCAN CND
OLMETOR AM 40 TAB 10 S,,256.88,TORRENT PHARMA PSYCAN CND
OLMETOR H 40 TAB 10 S,,270.70,TORRENT PHARMA PSYCAN CND
OLMETOR M 25 TAB 10 S,,100.41,TORRENT PHARMA PSYCAN CND
OLMETOR M 50 TAB 10 S,,101.25,TORRENT PHARMA PSYCAN CND
OLMETOR-20 TAB 10 S,,139.27,TORRENT PHARMA PSYCAN CND
OLMETOR-40 TAB 10 S,,211.31,TORRENT PHARMA PSYCAN CND
OLMETOR-H TAB 10 S,,138.19,TORRENT PHARMA PSYCAN CND
PIOPOD 15 TAB 10 S,,42.75,TORRENT PHARMA PSYCAN CND
PIOPOD G1 TAB 10 S,,59.06,TORRENT PHARMA PSYCAN CND
PIOPOD G2 TAB 10 S,,93.75,TORRENT PHARMA PSYCAN CND
PIOPOD GM 2 TAB 10 S,,92.81,TORRENT PHARMA PSYCAN CND
TRI-OLMETOR 40 TAB 10 S,,198.09,TORRENT PHARMA PSYCAN CND
VASOVIN-XL 2.5 CAP,,192.98,TORRENT PHARMA PSYCAN CND
VOGLITOR MD 0.2 TAB 10 S,,83.16,TORRENT PHARMA PSYCAN CND
VOGLITOR MD 0.3 TAB 10 S,,122.34,TORRENT PHARMA PSYCAN CND
VOGLITOR MF 0.2 TAB 10 S,,55.45,TORRENT PHARMA PSYCAN CND
VOGLITOR MF 0.3 TAB 10 S,,103.03,TORRENT PHARMA PSYCAN CND
DILZEM CD 180  10,,227.72,TORRENT PHARMA PSYCAN CND
DILZEM CD 120 TAB 1*10,,283.13,TORRENT PHARMA PSYCAN CND
"TRIVOGLITOR 1,TAB 10'S",,109.88,TORRENT PHARMA PSYCAN CND
"TRIVOGLITOR 2,TAB 10'S",,198.00,TORRENT PHARMA PSYCAN CND
"OLMETOR CH 20,TAB 10'S",,97.88,TORRENT PHARMA PSYCAN CND
"OLMETOR CH 40,TAB 10'S",,170.77,TORRENT PHARMA PSYCAN CND
TROPAN XL 5 TAB  10,,107.81,TORRENT PHARMA PSYCAN CND
ROZUPLATT CAP 10S,,176.53,TORRENT PHARMA UNO VISTA
NORPREGALIN 75 TAB,,120.94,TORRENT PHARMA UNO VISTA
CHYMORAL FORTE TABS 20'S,,514.12,TORRENT PHARMA UNO VISTA
CHYMORAL FORTE DS TABS 10'S,,514.12,TORRENT PHARMA UNO VISTA
"CHYMORAL PLUS TAB. 15,S",,246.35,TORRENT PHARMA UNO VISTA
CHYMORAL AP+TAB 10'S 1*10TAB,,175.00,TORRENT PHARMA UNO VISTA
CHYMORAL BR TAB 10'S,,192.47,TORRENT PHARMA UNO VISTA
FEBUGOOD 40 TAB 10S,,151.85,TORRENT PHARMA UNO VISTA
FEBUGOOD 80 TAB 10S,,133.13,TORRENT PHARMA UNO VISTA
GEMITROL CAP 15 S,,238.69,TORRENT PHARMA UNO VISTA
GEMITROL KIT 7S,,153.89,TORRENT PHARMA UNO VISTA
HQTOR TAB 10S,,66.74,TORRENT PHARMA UNO VISTA
JOINCERIN M TAB 10S,,146.34,TORRENT PHARMA UNO VISTA
LEFRA 10 TAB 10S,,154.50,TORRENT PHARMA UNO VISTA
LEFRA 20 TAB 10S,,301.85,TORRENT PHARMA UNO VISTA
PANSPED 40 TAB 10S,,76.88,TORRENT PHARMA UNO VISTA
PANSPED D 10S CAP,,131.20,TORRENT PHARMA UNO VISTA
PREGALIN X 75 CAP 10S,,148.83,TORRENT PHARMA UNO VISTA
PREGALIN X SR 75TAB 10S,,347.25,TORRENT PHARMA UNO VISTA
TOLDIN 400 TAB 10S,,67.83,TORRENT PHARMA UNO VISTA
TOLDIN ER 600 TAB 10S,,196.59,TORRENT PHARMA UNO VISTA
TOLDIN P TAB 10S,,70.31,TORRENT PHARMA UNO VISTA
HERNMP 200 CAPS,,192.66,TORRENT PHARMA UNO VISTA
GEMITROL NS.SPRAY 60ML,,"2,109.38",TORRENT PHARMA UNO VISTA
HQTOR 400 TAB 10,,124.92,TORRENT PHARMA UNO VISTA
ROZUCOR GOLD 20MG CAPS,,331.88,TORRENT PHARMA VISTA
VELOZ FAST TAB 10'S,,124.22,TORRENT PHARMA VISTA
ENZAR FORTE TABS 15'S,,203.81,TORRENT PHARMA VISTA
ENZAR HS CAP 10'S,,867.32,TORRENT PHARMA VISTA
ALPRAX 0.25TAB 15S,,39.65,TORRENT PHARMA VISTA
ALPRAX 0.5 TAB 15S,,81.35,TORRENT PHARMA VISTA
ALPRAX PLUS TAB 10S,,85.75,TORRENT PHARMA VISTA
ALPRAX SR 0.5 TAB 10S,,20.99,TORRENT PHARMA VISTA
TOPCID 20 TAS 14S,,3.94,TORRENT PHARMA VISTA
TOPCID 40 TAB 14S,,6.09,TORRENT PHARMA VISTA
VELOZ L CAP 10S,,289.64,TORRENT PHARMA VISTA
VELOZ 20 TAB 15S,,209.06,TORRENT PHARMA VISTA
VELOZ D CAP 10S,,226.40,TORRENT PHARMA VISTA
VELOZ IT CAP 10S,,305.15,TORRENT PHARMA VISTA
VELOZ M CAP 10S,,123.38,TORRENT PHARMA VISTA
DEFLAZEN 6 TAB 6S,,54.84,TORRENT PHARMA VISTA
DOMSTAL-5 DT TAB 10S,,51.09,TORRENT PHARMA VISTA
DOMSTAL TAB 10 S,,24.24,TORRENT PHARMA VISTA
TORKAST FX TAB,,131.25,TORRENT PHARMA VISTA
DYCOTIAM TAB 10S,,186.56,TORRENT PHARMA VISTA
ZTOLAZ DT 5 MG,,30.94,TORRENT PHARMA VISTA
ENZAR 40000 CAP,,655.31,TORRENT PHARMA VISTA
MUCOVISC TAB,,186.56,TORRENT PHARMA VISTA
LINOX 600 TAB,,339.33,TORRENT PHARMA(VITUS)
ZULU AT 4 TAB 10,,162.79,TORRENT PHARMA(VITUS)
ZULU AT 8 TAB,,222.03,TORRENT PHARMA(VITUS)
IZRA 20 TAB 10,,37.88,TORRENT PHARMA(VITUS)
IZRA 40 TAB 10,,66.87,TORRENT PHARMA(VITUS)
ETOXIB 60 TAB 10,,83.81,TORRENT PHARMA(VITUS)
ETOXIB 90 TAB 10,,128.96,TORRENT PHARMA(VITUS)
ETOXIB 120 TAB 10,,139.45,TORRENT PHARMA(VITUS)
SHELCAL XT TAB 15'S,,402.15,TORRENT PHARMA(VIVA)
REDULID HB CAP 10S,,287.40,TORRENT PHARMA(VIVA)
REDULID FCM 500MG INJ INJ,,"1,686.56",TORRENT PHARMA(VIVA)
REDULID FCM 1000MG INJ INJ,,"3,374.06",TORRENT PHARMA(VIVA)
EVALON 1MG 30'S,,139.22,TORRENT PHARMA(VIVA)
AZULIX SM IR 50/1000/1 TAB 10,,144.20,TORRENT PHARMA(VIVA)
URSETOR 300 TAB 10,,399.00,TORRENT PHARMA(VIVA)
REGESTRONE LX TAB 10,,"2,380.00",TORRENT PHARMA(VIVA)
SHELCAL CM TAB 15'S,,180.00,TORRENT PHARMA(VIVA)
EVALON 1 MG/15GM CREAM,,575.95,TORRENT PHARMA(VIVA)
FLAVOSPAS O TABS 10S,,186.38,TORRENT PHARMA(VIVA)
FLAVOSPAS  TABS 10S,,258.28,TORRENT PHARMA(VIVA)
SHELCAL HD TAB 15,,170.90,TORRENT PHARMA(VIVA)
B-LONG TAB 30,,174.17,TORRENT PHARMA(VIVA)
CRANBE SOFT GEL CAPS,,228.00,TORRENT PHARMA(VIVA)
SEVISTA 30 TABS,,118.59,TORRENT PHARMA(VIVA)
SHELCAL HD 12 TAB 1*15,,175.88,TORRENT PHARMA(VIVA)
SEVISTA 60MG TAB,,442.50,TORRENT PHARMA(VIVA)
B-LONG F TABS,,225.00,TORRENT PHARMA(VIVA)
REGESTRONE TAB 10S,,57.50,TORRENT PHARMA(VIVA)
REGESTRONE CR 10MG 10S,,253.75,TORRENT PHARMA(VIVA)
CESTEL 30MG TAB 21'S,,596.25,TORRENT PHARMA(VIVA)
REGESTRONE CR 15 MG TABS,,93.56,TORRENT PHARMA(VIVA)
CONSTICALO 1GM TAB 10S,,232.97,TORRENT PHARMACEUTICAL AXON
CONSTICALO 2MG TAB 10S,,394.65,TORRENT PHARMACEUTICAL AXON
CLONOTRIL PLUS 10/0.25MG TAB 10'S,,167.81,TORRENT PHARMACEUTICAL AXON
CLONOTRIL PLUS 5/0.5MG TAB 10'S,,142.22,TORRENT PHARMACEUTICAL AXON
CLONOTRIL PLUS 20/0.5MG TAB 1'S,,206.53,TORRENT PHARMACEUTICAL AXON
CLONOTRIL PLUS 5/0.25MG TAB 10'S,,81.26,TORRENT PHARMACEUTICAL AXON
CLONOTRIL P 12.5MG TAB 15'S,,252.25,TORRENT PHARMACEUTICAL AXON
CLONOTRIL P 25MG TAB 15'S,,294.45,TORRENT PHARMACEUTICAL AXON
PREGALIN DM 75+20MG CAP 10'S,,270.90,TORRENT PHARMACEUTICAL AXON
ZISPER FORTE TAB 10'S,,134.40,TORRENT PHARMACEUTICAL AXON
PREGALIN DM 75+30MG CAP 10'S,,317.81,TORRENT PHARMACEUTICAL AXON
LACOSAM SYRUP 15MG/200ML,,660.09,TORRENT PHARMACEUTICAL AXON
ZISPER PLUS TABS,,124.64,TORRENT PHARMACEUTICAL AXON
PREGALIN D 75/30MG CAP 10'S,,297.66,TORRENT PHARMACEUTICAL AXON
PREGALIN D 75/20MG CAP 10'S,,271.96,TORRENT PHARMACEUTICAL AXON
CLONOTRIL-2 TAB 10S,,247.96,TORRENT PHARMACEUTICAL AXON
PREGALIN NT 50/10MG TAB 10'S,,143.44,TORRENT PHARMACEUTICAL AXON
PREGALIN GEL 30GM,,398.44,TORRENT PHARMACEUTICAL AXON
PREGALIN 25MG CAP 10'S,,70.00,TORRENT PHARMACEUTICAL AXON
ZISPER IR-2MG TAB 10'S,,44.15,TORRENT PHARMACEUTICAL AXON
ZISPER IR-4MG TAB 10'S,,78.55,TORRENT PHARMACEUTICAL AXON
ZISPER IR-1MG TAB 10'S,,26.45,TORRENT PHARMACEUTICAL AXON
BREXILO 0.5 TAB 10,,125.00,TORRENT PHARMACEUTICAL AXON
BREXILO 1MG TAB,,200.00,TORRENT PHARMACEUTICAL AXON
BREXILO 2MG TAB,,250.00,TORRENT PHARMACEUTICAL AXON
BREXILO 0.25 TAB 10'S,,85.00,TORRENT PHARMACEUTICAL AXON
BREXILO 3MG TAB 10'S,,325.00,TORRENT PHARMACEUTICAL AXON
BREXILO 4MG TAB 10'S,,425.00,TORRENT PHARMACEUTICAL AXON
AMAZEO 100 TAB 10S,,180.30,TORRENT PHARMACEUTICAL AXON
AMAZEO 200 TAB 10S,,347.20,TORRENT PHARMACEUTICAL AXON
AMAZEO OD 100 TAB 10S,,197.80,TORRENT PHARMACEUTICAL AXON
AMAZEO OD 200 TAB 10S,,365.25,TORRENT PHARMACEUTICAL AXON
CLONOTRIL 0.25 TAB 15 S,,32.32,TORRENT PHARMACEUTICAL AXON
CLONOTRIL 0.5 TAB 15S,,55.25,TORRENT PHARMACEUTICAL AXON
CLONOTRIL-1 TAB 10S,,76.35,TORRENT PHARMACEUTICAL AXON
LACOSAM 100 TAB 15S,,322.50,TORRENT PHARMACEUTICAL AXON
LACOSAM 200 TAB 15S,,548.10,TORRENT PHARMACEUTICAL AXON
LACOSAM 50 TAB 10S,,164.85,TORRENT PHARMACEUTICAL AXON
PREGALIN 75 CAP 15S,,380.43,TORRENT PHARMACEUTICAL AXON
PREGALIN M 75 CAP 15S,,358.50,TORRENT PHARMACEUTICAL AXON
TRINICALM PLUS TAB 10S,,30.37,TORRENT PHARMACEUTICAL AXON
CLONOTRIL PLUS TAB 10S,,320.30,TORRENT PHARMACEUTICAL AXON
PALIDO OD 3 TABS,,97.40,TORRENT PHARMACEUTICAL AXON
PALIDO OD 6 TABS,,202.64,TORRENT PHARMACEUTICAL AXON
PREGALIN M SR 75 TAB 15,,289.69,TORRENT PHARMACEUTICAL AXON
"AMAZEO 50,TAB 10'S",,112.17,TORRENT PHARMACEUTICAL AXON
AMAZEO OD 400 MG TAB 1*10,,667.60,TORRENT PHARMACEUTICAL AXON
PREGALIN SR 75 TAB 1*10,,230.75,TORRENT PHARMACEUTICAL AXON
NEWVEN OD 50 10,,136.59,TORRENT PHARMACEUTICAL AXON
NEWVEN OD 100 TAB 10'S,,223.78,TORRENT PHARMACEUTICAL AXON
PREGALIN FORTE 75 CAP 10S,,128.44,TORRENT PHARMACEUTICAL AXON
LACOSAM 150 TAB 15S,,408.00,TORRENT PHARMACEUTICAL AXON
ATLURA 40 TAB 10S,,149.34,TORRENT PHARMACEUTICAL AXON
ATLURA 80 TAB 10S,,273.66,TORRENT PHARMACEUTICAL AXON
ZISPER LS TAB 10'S,,108.79,TORRENT PHARMACEUTICAL AXON
PREGALIN D 50/20 TAB,,173.05,TORRENT PHARMACEUTICAL AXON
PREGALIN NT  TAB 10,,257.05,TORRENT PHARMACEUTICAL AXON
COOLGUT TAB 10S,,248.25,TORRENT PHARMACEUTICAL PRIMA
DOMSTAL DT TAB 10S,,36.99,TORRENT PHARMACEUTICAL PRIMA
DOMSTAL MT 10 TAB 10S,,24.14,TORRENT PHARMACEUTICAL PRIMA
IBSCIM TAB 10S,,111.42,TORRENT PHARMACEUTICAL PRIMA
NEXPRO 20 TAB 15 S,,115.30,TORRENT PHARMACEUTICAL PRIMA
NEXPRO 40 TAB 15S,,187.50,TORRENT PHARMACEUTICAL PRIMA
NEXPRO FAST 20 TAB 10S,,80.86,TORRENT PHARMACEUTICAL PRIMA
NEXPRO FAST 40 TAB 10S,,139.69,TORRENT PHARMACEUTICAL PRIMA
NEXPRO L CAP 10S,,315.25,TORRENT PHARMACEUTICAL PRIMA
NEXPRO RD 20 CAP 10S,,111.00,TORRENT PHARMACEUTICAL PRIMA
NEXPRO RD 40 CAP 10S,,182.80,TORRENT PHARMACEUTICAL PRIMA
TORFIX TAB 10S,,176.25,TORRENT PHARMACEUTICAL PRIMA
TORRELAX SYRUP 200ML,,223.03,TORRENT PHARMACEUTICAL PRIMA
COLONISE FORTE CAPS,,189.09,TORRENT PHARMACEUTICAL PRIMA
NEXPRO HP KIT TAB 6'S,,204.00,TORRENT PHARMACEUTICAL PRIMA
MASTOWELL M TAB 10'S,,149.06,TORRENT PHARMACEUTICALS DELTA
MASTOWELL TAB 10'S,,120.94,TORRENT PHARMACEUTICALS DELTA
CALCIGARD 10MG RTD TAB 10S,,16.12,TORRENT PHARMACEUTICALS DELTA
CALCIGARD RTD TAB 10S 20 MG,,36.14,TORRENT PHARMACEUTICALS DELTA
DEPLATT TAB 10S,,102.95,TORRENT PHARMACEUTICALS DELTA
DEPLATT A 150 TAB 10S,,112.40,TORRENT PHARMACEUTICALS DELTA
DEPLATT A 75 TAB 10S,,110.25,TORRENT PHARMACEUTICALS DELTA
DEPLATT CV 20 CAP 10S,,200.95,TORRENT PHARMACEUTICALS DELTA
DEPLATT-CV CAP 10S,,133.59,TORRENT PHARMACEUTICALS DELTA
ROZUCOR F 10 TAB 10S,,149.02,TORRENT PHARMACEUTICALS DELTA
ROZUCOR F 5 TAB 10S,,114.33,TORRENT PHARMACEUTICALS DELTA
ROZUCOR-10 TAB 10S,,374.06,TORRENT PHARMACEUTICALS DELTA
ROZUCOR-20 TAB 10S,,347.81,TORRENT PHARMACEUTICALS DELTA
ROZUCOR-5 TAB 15S 1,,192.56,TORRENT PHARMACEUTICALS DELTA
ROZUCOR ASP 10 CAP 10S,,122.60,TORRENT PHARMACEUTICALS DELTA
TOZAAR 25 TAB 10S,,32.63,TORRENT PHARMACEUTICALS DELTA
TOZAAR 50 TAB 10S,,71.63,TORRENT PHARMACEUTICALS DELTA
TOZAAR AT TAB 10S,,225.14,TORRENT PHARMACEUTICALS DELTA
TOZAAR H TAB 10S,,107.53,TORRENT PHARMACEUTICALS DELTA
ROZUCOR 40MG TABS,,683.40,TORRENT PHARMACEUTICALS DELTA
ROZUCOR F 20 MG TAB 1*10,,367.97,TORRENT PHARMACEUTICALS DELTA
ROZUCOR ASP-10 FORTE 10'S,,70.31,TORRENT PHARMACEUTICALS DELTA
"ROZUCOR D 10,TAB 10'S",,169.78,TORRENT PHARMACEUTICALS DELTA
DEPLATT CV 20 FORTE 10'S,,68.91,TORRENT PHARMACEUTICALS DELTA
TENZULIX M 1000MG TAB 10S,,138.33,TORRENT PHARMACEUTICALS DELTA
TENZULIX M 500MG TAB 10S,,198.56,TORRENT PHARMACEUTICALS DELTA
TENZULIX TAB 10S,,111.98,TORRENT PHARMACEUTICALS DELTA
ROZUCOR ASP 20 CAP 10S,,165.90,TORRENT PHARMACEUTICALS DELTA
ROZUCOR GOLD 10 CAPS,,216.05,TORRENT PHARMACEUTICALS DELTA
STALIX DM(10/100/1000)TAB 10'S,,218.60,TORRENT PHARMACEUTICALS FORZA
STALIX D(10+50) TAB 10'S,,173.44,TORRENT PHARMACEUTICALS FORZA
ROZUCOR EZ 40MG TAB 10'S,,641.25,TORRENT PHARMACEUTICALS FORZA
ROZUCOR EZ 20MG TAB 10'S,,406.45,TORRENT PHARMACEUTICALS FORZA
STALIX M XR 100+500MG TAB 1*10'S,,172.50,TORRENT PHARMACEUTICALS FORZA
PROZUCA VANILA FLAVOUR 200G,,395.00,TORRENT PHARMACEUTICALS FORZA
PROZUCA VAINILA FLAVOUR 4000G,,745.00,TORRENT PHARMACEUTICALS FORZA
SEMALIX 14MG TAB 10'S,,"2,540.00",TORRENT PHARMACEUTICALS FORZA
NIKORAN 10 TAB 20S,,694.45,TORRENT PHARMACEUTICALS FORZA
NIKORAN 5 TAB 20 S,,494.76,TORRENT PHARMACEUTICALS FORZA
NIKORAN OD 10 TAB 10S,,392.50,TORRENT PHARMACEUTICALS FORZA
TIDE PLUS 10 TAB 10S,,50.15,TORRENT PHARMACEUTICALS FORZA
TIDE-10 TAB 10S,,71.53,TORRENT PHARMACEUTICALS FORZA
TIDE-20 TAB 10S,,76.97,TORRENT PHARMACEUTICALS FORZA
TIDE-100 TAB 10'S,,288.66,TORRENT PHARMACEUTICALS FORZA
TIDE-5 TAB 10'S,,28.50,TORRENT PHARMACEUTICALS FORZA
STALIX D (10+100MG) TAB 10'S,,218.63,TORRENT PHARMACEUTICALS FORZA
STALIX 100 10,,235.30,TORRENT PHARMACEUTICALS FORZA
STALIX M 50/500 TAB 10,,194.06,TORRENT PHARMACEUTICALS FORZA
STALIX M 50/1000 TAB 10,,219.35,TORRENT PHARMACEUTICALS FORZA
STALIX DM(10/100/500) TAB 10'S,,218.60,TORRENT PHARMACEUTICALS FORZA
STALIX D(5+50) TAB 10'S,,163.95,TORRENT PHARMACEUTICALS FORZA
DEPLATT 150 TAB 10,,129.84,TORRENT PHARMACEUTICALS LTD
PREGALIN 50 TAB 10,,121.88,TORRENT PHARMACEUTICALS LTD
EMPAZIO S 25/100MG TAB 10'S,,206.25,TORRENT PHARMACEUTICALS LTD
EMPAZIO M XR 12.5+1000MG TAB 10'S,,93.75,TORRENT PHARMACEUTICALS LTD
EMPAZIO 10MG TAB 10'S,,90.94,TORRENT PHARMACEUTICALS LTD
EMPAZIO S 10+100MG TAB 10'S,,185.60,TORRENT PHARMACEUTICALS LTD
ADHAIR TAB 10,,160.65,TORRENT PHARMACEUTICALS LTD
MOMOZ 10GM TUB 10GM,,170.11,TORRENT PHARMACEUTICALS LTD
MOMOZ F 10 TUB 10,,197.63,TORRENT PHARMACEUTICALS LTD
MOMOZ T10 TUB 10GM,,173.39,TORRENT PHARMACEUTICALS LTD
TOZAM TAB 10,,144.09,TORRENT PHARMACEUTICALS LTD
FLECARITE 50 TAB 10,,254.85,TORRENT PHARMACEUTICALS LTD
ASTHAFEN TAB 10S,,70.50,TORRENT PHARMACEUTICALS LTD
TORGLIP 50MG TAB 10S,,67.03,TORRENT PHARMACEUTICALS LTD
TORGLIP M 50/1000MG TAB 10S,,113.76,TORRENT PHARMACEUTICALS LTD
TORGLIP M 50/500MG TAB 10S,,113.76,TORRENT PHARMACEUTICALS LTD
ZUCATOR 100MG TAB 10S,,118.13,TORRENT PHARMACEUTICALS LTD
ZUCATOR M 500MG TAB 10S,,130.31,TORRENT PHARMACEUTICALS LTD
ROZUCOR EZ TAB 10,,225.09,TORRENT PHARMACEUTICALS LTD
GLUCRETA M 10+500MG TAB 10'S,,161.65,TORRENT PHARMACEUTICALS LTD
SITAXA EM 25/100/1000MG TAB 10'S,,214.65,TORRENT PHARMACEUTICALS LTD
ROVOR 15MG TAB 10S',,210.94,TORRENT PHARMACEUTICALS LTD
ROVOR 2.5MG TAB 10'S,,143.02,TORRENT PHARMACEUTICALS LTD
ROVOR 20MG TAB 10'S,,257.81,TORRENT PHARMACEUTICALS LTD
ROVOR 10MG TAB 10',,180.28,TORRENT PHARMACEUTICALS LTD
COSPIAQ SM 25/100/1000MG TAB 10'S,,214.65,TORRENT PHARMACEUTICALS LTD
DYNAPRES D TAB 15'S,,421.88,TORRENT PHARMACEUTICALS LTD
PREGEB D 50/20MG CAP 1*10,,173.06,TORRENT PHARMACEUTICALS LTD
SITAXA DM(10/100/500MG) TAB 10,,229.54,TORRENT PHARMACEUTICALS LTD
GLUCRETA SM 10MG/100/500MG TAB 10'S,,225.19,TORRENT PHARMACEUTICALS LTD
UNIAZ BETA 16/25MG TAB 10'S,,156.00,TORRENT PHARMACEUTICALS LTD
UNIAZ BETA 16/50MG TAB 10'S,,171.00,TORRENT PHARMACEUTICALS LTD
KABVIE 10MG TAB 10'S,,108.40,TORRENT PHARMACEUTICALS LTD
KABVIE 20MG TAB 10'S,,174.19,TORRENT PHARMACEUTICALS LTD
DYDROPREG SR 20MG TAB 10'S,,749.06,TORRENT PHARMACEUTICALS LTD
TREND XR 500MG TAB 10'S,,227.55,TORRENT PHARMACEUTICALS LTD
SITAXA 50MG TAB 15'S,,193.08,TORRENT PHARMACEUTICALS LTD
SITAXA GM IR 50/1/1000MG TAB 10'S,,131.25,TORRENT PHARMACEUTICALS LTD
SITAXA GM IR 50/2/1000MG TAB 10'S,,151.40,TORRENT PHARMACEUTICALS LTD
VONOTOR 10MG TAB 10'S,,98.65,TORRENT PHARMACEUTICALS LTD
VONOTOR 20MG TAB 10'S,,158.44,TORRENT PHARMACEUTICALS LTD
LINAXA D 5/10MG TAB 1*10'S,,167.81,TORRENT PHARMACEUTICALS LTD
LINAXA DM 500MG TAB 1*10'S,,205.00,TORRENT PHARMACEUTICALS LTD
LINAXA M 2.5/1000MG TAB 1*10'S,,97.88,TORRENT PHARMACEUTICALS LTD
LINAXA M 2.5/500MG TAB 1*10'S,,99.90,TORRENT PHARMACEUTICALS LTD
LINAXA M XR 5/1000MG TAB 1*10'S,,143.20,TORRENT PHARMACEUTICALS LTD
LINAXA M XR 5/500MG TAB 1*10'S,,146.01,TORRENT PHARMACEUTICALS LTD
LINAXA TAB 1*10'S,,133.97,TORRENT PHARMACEUTICALS LTD
TREND XR 250MG TAB 1*10'S,,107.53,TORRENT PHARMACEUTICALS LTD
TREND XR 1000MG TAB 10'S,,246.09,TORRENT PHARMACEUTICALS LTD
COSPIAQ 10MG TAB 10'S,,90.90,TORRENT PHARMACEUTICALS LTD
DOMSTAL NP 500 10 TAB 10S 10,,90.65,TORRENT PHARMACEUTICALS LTD
TREND XR 750MG TAB 10'S,,236.72,TORRENT PHARMACEUTICALS LTD
POLFALIX 2MG CAP 1*10'S,,111.56,TORRENT PHARMACEUTICALS LTD
POLFALIX P TAB 1*10'S,,158.44,TORRENT PHARMACEUTICALS LTD
TORGLIP M OD 100/500MG TAB 10'S,,139.69,TORRENT PHARMACEUTICALS LTD
SITAXA M XR 100+500MG TAB 10'S,,172.50,TORRENT PHARMACEUTICALS LTD
ETIXETY 50MG CAP 10'S,,95.00,TORRENT PHARMACEUTICALS LTD
PREGABA NT 50/10MG TAB 10'S,,157.60,TORRENT PHARMACEUTICALS LTD
AZILOW 5MG TAB 10'S,,50.00,TORRENT PHARMACEUTICALS LTD
LUMAVIBE 42MG CAP 10'S,,360.00,TORRENT PHARMACEUTICALS LTD
TRACNIL M TAB 10'S,,240.00,TORRENT PHARMACEUTICALS LTD
SEMBOLIC 14 TAB 10S,,"2,540.00",TORRENT PHARMACEUTICALS LTD
SEMBOLIC 7 TAB 10,,"1,650.00",TORRENT PHARMACEUTICALS LTD
PRUVICT LIQUID ORAL SOLUTION 150ML,,390.00,TORRENT PHARMACEUTICALS LTD
TRILAXA SUSPENS. 200ML,,193.89,TORRENT PHARMACEUTICALS LTD
QUINTOR INJ 100ML,,19.43,TORRENT PHARMACEUTICALS LTD
DICLOGESIC TAB 10S,,42.94,TORRENT PHARMACEUTICALS LTD
DICLOGESIC TH 4 TAB 10S,,105.94,TORRENT PHARMACEUTICALS LTD
TORCOXIA BCD 90 TAB 10S,,107.16,TORRENT PHARMACEUTICALS LTD
"TORBULK,90GM,BOTTLE",,338.40,TORRENT PHARMACEUTICALS LTD
LORVAS SR TAB 1*10,,179.67,TORRENT PHARMACEUTICALS LTD
LORVAS  TAB  1*10,,83.16,TORRENT PHARMACEUTICALS LTD
ACEGESIC TAB 10'S,,39.09,TORRENT PHARMACEUTICALS LTD
XANILAX SR TAB 10S,,148.41,TORRENT PHARMACEUTICALS LTD
TORVOX 5 TAB 10S,,84.38,TORRENT PHARMACEUTICALS LTD
TORVOX 10 TAB 10,,198.80,TORRENT PHARMACEUTICALS LTD
TORVOX 20 TAB 10,,319.36,TORRENT PHARMACEUTICALS LTD
IVANODE 5MG TAB 10'S,,316.80,TORRENT PHARMACEUTICALS LTD
UNISTAR GOLD 20MG CAP 10'S,,249.09,TORRENT PHARMACEUTICALS LTD
GLUCRETA 5 TAB 10'S,,90.42,TORRENT PHARMACEUTICALS LTD
STYPTOVIT-E 250MG TAB 10'S,,55.31,TORRENT PHARMACEUTICALS LTD
STYPTOVIT TX TAB 10'S,,164.06,TORRENT PHARMACEUTICALS LTD
GLUCRETA S(10+100)TAB 10'S,,206.25,TORRENT PHARMACEUTICALS LTD
SITAXA D(10+100MG) TAB 10'S 10,,229.54,TORRENT PHARMACEUTICALS LTD
SITAXA M 50+1000MG TAB 15'S 10,,219.35,TORRENT PHARMACEUTICALS LTD
SITAXA 100MG TAB 15'S,,224.00,TORRENT PHARMACEUTICALS LTD
SITAXA M XR 100+1000MG TAB 10S,,183.09,TORRENT PHARMACEUTICALS LTD
GLUCRETA S(5+50MG)TAB 10'S,,163.97,TORRENT PHARMACEUTICALS LTD
SITAXA D(5+50MG)TAB 10'S,,163.97,TORRENT PHARMACEUTICALS LTD
SITAXA M 50+500MG TAB 15'S,,224.60,TORRENT PHARMACEUTICALS LTD
PRESMOVAC 1MG TAB 10S,,168.84,TORRENT PHARMACEUTICALS LTD
PRESMOVAC 2MG TAB,,285.28,TORRENT PHARMACEUTICALS LTD
NORPREGALIN TAB 10S,,120.94,TORRENT PHARMACEUTICALS LTD
TORFLASH SCHE 1GM,,30.47,TORRENT PHARMACEUTICALS LTD
ENZAR 10000 CAP 10,,186.56,TORRENT PHARMACEUTICALS LTD
AMIFRU PLUS TABS,,67.83,TORRENT PHARMACEUTICALS LTD
PRUVICT 1 TAB 10,,235.31,TORRENT PHARMACEUTICALS LTD
PRUVICT 2 TAB 10,,394.65,TORRENT PHARMACEUTICALS LTD
COVINIB 4MG TAB 14'S,,643.13,TORRENT PHARMACEUTICALS LTD
COVINIB 2MG TAB 14'S,,420.00,TORRENT PHARMACEUTICALS LTD
TRIVOGLITOR FORTE 1 TABS,,98.53,TORRENT PHARMACEUTICALS LTD
TRIVOGLITOR FORTE 2 TABS,,205.31,TORRENT PHARMACEUTICALS LTD
VOGLITOR MF FORTE 0.2 MG TABS,,78.28,TORRENT PHARMACEUTICALS LTD
VOGLITOR MF FORTE 0.3,,107.44,TORRENT PHARMACEUTICALS LTD
UNISTAR GOLD 10MG CAP 10'S,,160.50,TORRENT PHARMACEUTICALS LTD
TORGLIP R TAB 10'S,,168.70,TORRENT PHARMACEUTICALS LTD
DROSPERT TAB 28'S,,490.00,TORRENT PHARMACEUTICALS LTD
DYDROPREG TAB 10'S,,714.00,TORRENT PHARMACEUTICALS LTD
SITAXA DM(10/100/1000MG) TAB 1*10,,218.60,TORRENT PHARMACEUTICALS LTD
SITAXA M(50+850MG) TAB 10'S,,214.78,TORRENT PHARMACEUTICALS LTD
SITAXA M XR 50+500MG TAB 10S,,120.94,TORRENT PHARMACEUTICALS LTD
ALGIDUO SUSPENSION 150ML,,159.38,TORRENT PHARMACEUTICALS LTD
VOGLITOR R 1/0.3 TAB 10'S,,195.94,TORRENT PHARMACEUTICALS LTD
NEXPRO IT TAB 10S 10,,190.88,TORRENT PHARMACEUTICALS LTD
GOEUTI S/F SUSPENSION 200ML 1,,263.44,TORRENT PHARMACEUTICALS LTD
UPADAVIO 15MG TAB 10'S,,647.00,TORRENT PHARMACEUTICALS LTD
VIZYLAC CAPS,,94.73,TORRENT PHARMACEUTICALS LTD. (UNICHEM)
VIZYLAC DT TAB,,57.05,TORRENT PHARMACEUTICALS LTD. (UNICHEM)
AMPOXIN 500 CAP,,100.64,TORRENT PHARMACEUTICALS LTD. (UNICHEM)
MOXCENT 0.2MG TAB 10S,,119.05,TORRENT PHARMACEUTICALS LTD. (UNICHEM)
MOXCENT 0.3MG TAB 10S,,118.50,TORRENT PHARMACEUTICALS LTD. (UNICHEM)
ZILSAR 80MG TAB 10S,,154.69,TORRENT PHARMACEUTICALS LTD. (UNICHEM)
ZILSAR CH 40/12.5MG TAB 10S,,111.56,TORRENT PHARMACEUTICALS LTD. (UNICHEM)
VIZYLAC PLUS TAB,,88.02,TORRENT PHARMACEUTICALS LTD. (UNICHEM)
VIZYLAC RICH CAPS,,189.40,TORRENT PHARMACEUTICALS LTD. (UNICHEM)
UNIENZYME PLUS SYRUP 200ML,,185.80,TORRENT PHARMACEUTICALS LTD. (UNICHEM)
VIZYLAC SYP,,35.77,TORRENT PHARMACEUTICALS LTD. (UNICHEM)
AMPOXIN CV 375 CAP,,155.53,TORRENT PHARMACEUTICALS LTD. (UNICHEM)
LEZYNCET D TAB,,76.41,TORRENT PHARMACEUTICALS LTD. (UNICHEM)
LEZYNCET TAB,,66.23,TORRENT PHARMACEUTICALS LTD. (UNICHEM)
AMPOXIN CV 625 CAP,,159.52,TORRENT PHARMACEUTICALS LTD. (UNICHEM)
AMPOXIN 1GM INJ 1,,28.08,TORRENT PHARMACEUTICALS LTD. (UNICHEM)
AMPOXIN 500 GM INJ 1,,21.64,TORRENT PHARMACEUTICALS LTD. (UNICHEM)
AMPOXIN DRY SYP 30ML,,23.08,TORRENT PHARMACEUTICALS LTD. (UNICHEM)
AMPOXIN CV DRY SYP,,53.41,TORRENT PHARMACEUTICALS LTD. (UNICHEM)
VIZYLAC GG CAP,,485.00,TORRENT PHARMACEUTICALS LTD. (UNICHEM)
UNIENZYME XT TAB 15'S,,159.36,TORRENT PHARMACEUTICALS LTD. (UNICHEM)
FLECARITE 100 TAB 10,,444.55,TORRENT PHARMACEUTICALS LTD. (UNICHEM)
VIZYLAC FEM CAP 10'S,,499.15,TORRENT PHARMACEUTICALS LTD. (UNICHEM)
ZILSAR 40MG TAB 10S,,92.72,TORRENT PHARMACEUTICALS LTD. (UNICHEM)
UNIENZYME PRO CAP 10'S,,145.00,TORRENT PHARMACEUTICALS LTD. (UNICHEM)
UNIENZYME TAB 15S,,96.56,TORRENT PHARMACEUTICALS LTD. (UNICHEM)
TOLAZ DT 10  TAB 10,,165.35,TORRENT PHARMACEUTICALS MIND
TOLAZ DT 2.5 TAB,,70.40,TORRENT PHARMACEUTICALS MIND
TOLAZ DT 5 MG  TAB 15S,,98.25,TORRENT PHARMACEUTICALS MIND
FELIZ-S LITE TAB 10'S,,167.80,TORRENT PHARMACEUTICALS MIND
TOLAZ LA 300 INJ,,"1,869.00",TORRENT PHARMACEUTICALS MIND
TORPANEL 8MG TAB 10'S,,309.80,TORRENT PHARMACEUTICALS MIND
TORPANEL 4MG TAB 10'S,,185.35,TORRENT PHARMACEUTICALS MIND
BIZLO 10MG TAB 10'S,,127.07,TORRENT PHARMACEUTICALS MIND
CARIQUEL 1.5MG CAP 10'S,,123.18,TORRENT PHARMACEUTICALS MIND
TOLAZ LA 405MG,,"2,038.00",TORRENT PHARMACEUTICALS MIND
TORLEVA XR 1000MG TAB 10'S,,496.55,TORRENT PHARMACEUTICALS MIND
TORLEVA XR 500MG TAB 10'S,,136.50,TORRENT PHARMACEUTICALS MIND
TORPANEL 2MG TAB 10'S,,122.80,TORRENT PHARMACEUTICALS MIND
GABATOR 100MG TAB 10'S,,92.40,TORRENT PHARMACEUTICALS MIND
GABATOR M 100MG TAB 10'S,,108.14,TORRENT PHARMACEUTICALS MIND
GABATOR M 300MG TAB 10'S,,190.59,TORRENT PHARMACEUTICALS MIND
GABATOR NT 100MG TAB 15'S,,204.89,TORRENT PHARMACEUTICALS MIND
GABATOR NT 400MG TAB 10'S,,342.80,TORRENT PHARMACEUTICALS MIND
GABATOR NT 200MG TAB 10'S,,284.20,TORRENT PHARMACEUTICALS MIND
GABATOR NT 300MG TAB 15'S,,329.70,TORRENT PHARMACEUTICALS MIND
DEXBUTRIN TAB 10'S,,112.50,TORRENT PHARMACEUTICALS MIND
TOLAZ LA 210MG INJ. VIAL,,"1,546.00",TORRENT PHARMACEUTICALS MIND
TORPANEL 6MG TAB 10'S,,247.64,TORRENT PHARMACEUTICALS MIND
CARIQUEL 3MG CAP 10'S,,164.50,TORRENT PHARMACEUTICALS MIND
TAPRISE NS 225MG NASAL SPRAY,,749.05,TORRENT PHARMACEUTICALS MIND
SHELCAL NEU TAB 15'S,,402.15,TORRENT PHARMACEUTICALS MIND
FELIZ-S PLUS 20MG TAB 1*10'S,,206.50,TORRENT PHARMACEUTICALS MIND
FELIZ-S 15MG TAB 1*10'S,,136.50,TORRENT PHARMACEUTICALS MIND
FELIZ-S LITE 5MG TAB 1*10'S,,154.22,TORRENT PHARMACEUTICALS MIND
VENLIFT OD 37.5MG CAP 10'S,,65.60,TORRENT PHARMACEUTICALS MIND
GABATOR MNT TAB 10'S,,234.50,TORRENT PHARMACEUTICALS MIND
GABATOR GRS 300 TAB 10S,,203.00,TORRENT PHARMACEUTICALS MIND
GABATOR GRS 600 TAB 10S,,326.00,TORRENT PHARMACEUTICALS MIND
COBASOFT OD CAP 10S,,173.16,TORRENT PHARMACEUTICALS MIND
FELIZ S 10 TAB 10S,,96.10,TORRENT PHARMACEUTICALS MIND
FELIZ S 20 TAB 10S,,150.78,TORRENT PHARMACEUTICALS MIND
FELIZ S 5 TAB 10S,,53.60,TORRENT PHARMACEUTICALS MIND
FELIZ S PLUS 10MG TAB 1*15'S,,330.75,TORRENT PHARMACEUTICALS MIND
MIRATOR 0.25 TAB 10S,,119.53,TORRENT PHARMACEUTICALS MIND
MIRATOR 0.5MG TAB 10'S,,171.05,TORRENT PHARMACEUTICALS MIND
OLEPTAL 600 TAB 10S,,314.85,TORRENT PHARMACEUTICALS MIND
OLEPTAL DT 150 TAB 10S,,154.03,TORRENT PHARMACEUTICALS MIND
OLEPTAL DT 300 TAB 10S,,169.95,TORRENT PHARMACEUTICALS MIND
OLEPTAL OD 150 TAB 10S,,93.89,TORRENT PHARMACEUTICALS MIND
OLEPTAL OD 300 TAB 10S,,189.56,TORRENT PHARMACEUTICALS MIND
OLEPTAL OD 450 TAB 10 S,,297.14,TORRENT PHARMACEUTICALS MIND
TOLAZ-MD 10 TAB 10 S,,27.19,TORRENT PHARMACEUTICALS MIND
TOLAZ-MD 2.5 TABS 10 S,,10.78,TORRENT PHARMACEUTICALS MIND
TOLAZ-MD 5 TAB 10 S,,18.41,TORRENT PHARMACEUTICALS MIND
TOLAZ-DT 7.5 TAB 10S,,104.55,TORRENT PHARMACEUTICALS MIND
TORLEVA 1000 TAB 10 S,,423.45,TORRENT PHARMACEUTICALS MIND
TORLEVA 250 TAB 10 S,,67.25,TORRENT PHARMACEUTICALS MIND
TORLEVA 500 TAB 10 S,,138.60,TORRENT PHARMACEUTICALS MIND
TORLEVA 750 TAB 10 S,,206.55,TORRENT PHARMACEUTICALS MIND
TORLEVA SYRUP 100 ML,,423.95,TORRENT PHARMACEUTICALS MIND
LICAB TABS,,17.06,TORRENT PHARMACEUTICALS MIND
LICAB XL TABS,,79.31,TORRENT PHARMACEUTICALS MIND
LOZAPIN 100 TABS,,70.77,TORRENT PHARMACEUTICALS MIND
LOZAPIN 25 TABS,,26.20,TORRENT PHARMACEUTICALS MIND
OLEPTAL DT 450 TABS,,271.03,TORRENT PHARMACEUTICALS MIND
OLEPTAL OD 600 TABS,,354.42,TORRENT PHARMACEUTICALS MIND
OLEPTAL OD 900 TABS,,500.60,TORRENT PHARMACEUTICALS MIND
VENLIFT OD 75 CAPS,,118.10,TORRENT PHARMACEUTICALS MIND
NEXTOP 100 TAB  10,,315.47,TORRENT PHARMACEUTICALS MIND
NEXTOP 25 TAB  10,,100.40,TORRENT PHARMACEUTICALS MIND
NEXTOP 50 TAB  10,,166.41,TORRENT PHARMACEUTICALS MIND
"Q-MIND 100,TAB 10'S",,60.94,TORRENT PHARMACEUTICALS MIND
"Q-MIND 25,TAB 10'S",,34.03,TORRENT PHARMACEUTICALS MIND
"Q-MIND 50,TAB 10'S",,57.09,TORRENT PHARMACEUTICALS MIND
"Q-MIND SR 100,TAB 10'S",,88.59,TORRENT PHARMACEUTICALS MIND
"Q-MIND SR 200,TAB 10'S",,129.38,TORRENT PHARMACEUTICALS MIND
"Q-MIND SR 300,TAB 10'S",,191.63,TORRENT PHARMACEUTICALS MIND
"Q-MIND SR 400,TAB 10'S",,242.34,TORRENT PHARMACEUTICALS MIND
"Q-MIND SR 50 TAB,10'S",,57.64,TORRENT PHARMACEUTICALS MIND
"TORVATE 200,TAB 10'S",,28.81,TORRENT PHARMACEUTICALS MIND
"TORVATE 300,TAB 10'S",,40.31,TORRENT PHARMACEUTICALS MIND
"TORVATE 500,TAB 10'S",,58.15,TORRENT PHARMACEUTICALS MIND
"TORLEVA XR 750,TAB 10'S",,195.45,TORRENT PHARMACEUTICALS MIND
ESPERAL 250 TAB 10S,,54.04,TORRENT PHARMACEUTICALS MIND
VENLITE-OD 150 TAB 10S,,78.75,TORRENT PHARMACEUTICALS MIND
ELMECOB-D TAB 10S,,135.75,TORRENT PHARMACEUTICALS MIND
GABATOR 300 TAB 15S,,252.40,TORRENT PHARMACEUTICALS MIND
BIZLO OD TAB,,173.88,TORRENT PHARMACEUTICALS MIND
FELIZ S 5 PLUS TAB 10S,,142.20,TORRENT PHARMACEUTICALS MIND
BIZLO OD 30 TAB 10,,404.00,TORRENT PHARMACEUTICALS MIND
SERTA-100MG TAB 10,,378.05,TORRENT PHARMACEUTICALS NURON
SERTA-25 MG TAB 10,,120.55,TORRENT PHARMACEUTICALS NURON
SERTA-50 MG TAB 15S,,245.10,TORRENT PHARMACEUTICALS NURON
ELCAFORT LC 400MG SYRUP,,"1,200.00",TORRENT PHARMACEUTICALS NURON
ARIP MT 2 TAB 15S,,109.20,TORRENT PHARMACEUTICALS NURON
TANCODEP 2 TAB 10 S 10,,28.78,TORRENT PHARMACEUTICALS NURON
BRITZILAM 25MG TAB 14'S,,151.17,TORRENT PHARMACEUTICALS NURON
LASMIRAY 50MG TAB 4'S,,187.50,TORRENT PHARMACEUTICALS NURON
BRITZILAM 75MG TAB 10'S,,493.07,TORRENT PHARMACEUTICALS NURON
LASMIRAY 100MG TAB,,262.50,TORRENT PHARMACEUTICALS NURON
BRITZILAM SR 100MG TAB 10'S,,369.84,TORRENT PHARMACEUTICALS NURON
ELCAFORT LC SYRUP 200ML,,999.00,TORRENT PHARMACEUTICALS NURON
ELCAFORT PLUS M/F SYRUP 200ML,,"1,099.00",TORRENT PHARMACEUTICALS NURON
ELCAFORT PLUS TAB 10'S,,449.00,TORRENT PHARMACEUTICALS NURON
PARKREL CAP 10'S,,168.75,TORRENT PHARMACEUTICALS NURON
MELORA TAB 10'S,,222.45,TORRENT PHARMACEUTICALS NURON
CLOTAN CAP 10S,,209.06,TORRENT PHARMACEUTICALS NURON
SYMBAL 20 TAB 10 S,,157.60,TORRENT PHARMACEUTICALS NURON
SYMBAL 30 TAB 10 S,,219.35,TORRENT PHARMACEUTICALS NURON
SYMBAL 40 TAB 10 S,,276.84,TORRENT PHARMACEUTICALS NURON
SYMBAL 60 TAB 10 S,,345.25,TORRENT PHARMACEUTICALS NURON
ANTIDEP 25 TAB 10 S,,16.27,TORRENT PHARMACEUTICALS NURON
ANTIDEP 75 TAB 10 S,,46.40,TORRENT PHARMACEUTICALS NURON
ARIP MT 10 TAB 15 S,,272.10,TORRENT PHARMACEUTICALS NURON
ARIP MT 15 TAB 15 S,,353.25,TORRENT PHARMACEUTICALS NURON
ARIP MT 20 TAB 15 S,,448.10,TORRENT PHARMACEUTICALS NURON
ARIP MT 30 TAB 15 S,,527.81,TORRENT PHARMACEUTICALS NURON
ARIP MT 5 TABS 15 S,,160.70,TORRENT PHARMACEUTICALS NURON
CARBATOL CR 300 TAB 10 S,,25.69,TORRENT PHARMACEUTICALS NURON
FLUVATOR 50 TAB 10 S,,161.48,TORRENT PHARMACEUTICALS NURON
LAMITOR DT 100 TAB 10 S,,531.55,TORRENT PHARMACEUTICALS NURON
LAMITOR DT 25 TAB 10 S,,174.42,TORRENT PHARMACEUTICALS NURON
LAMITOR DT 50 TAB 10 S,,281.76,TORRENT PHARMACEUTICALS NURON
LAMITOR OD 100 TAB 10 S,,354.35,TORRENT PHARMACEUTICALS NURON
LAMITOR OD 200 TAB 10 S,,490.64,TORRENT PHARMACEUTICALS NURON
LAMITOR OD 50 TAB 10 S,,199.65,TORRENT PHARMACEUTICALS NURON
NORMABRAIN 800 TAB 10 S,,266.63,TORRENT PHARMACEUTICALS NURON
NORMABRAIN SYRUP 100 ML,,453.30,TORRENT PHARMACEUTICALS NURON
NORMABRAIN CAP 10,,122.34,TORRENT PHARMACEUTICALS NURON
TANCODEP TAB 10 S,,26.16,TORRENT PHARMACEUTICALS NURON
THIORIL 50 TAB 10 S,,48.75,TORRENT PHARMACEUTICALS NURON
TIDOMET FORTE (DE)TAB 10S,,34.06,TORRENT PHARMACEUTICALS NURON
TIDOMET LS TAB 10 S,,27.70,TORRENT PHARMACEUTICALS NURON
TIDOMET PLUS TAB 10 S,,24.15,TORRENT PHARMACEUTICALS NURON
TORVATE CHRONO 200 TAB 10,,35.38,TORRENT PHARMACEUTICALS NURON
TORVATE CHRONO 300 TAB 10,,54.05,TORRENT PHARMACEUTICALS NURON
TORVATE CHRONO 500 TAB 10,,76.10,TORRENT PHARMACEUTICALS NURON
FLUVATOR 100 TABS,,300.89,TORRENT PHARMACEUTICALS NURON
THIORIL 10 MG TAB  1*10,,14.06,TORRENT PHARMACEUTICALS NURON
NEXTRIL 50 TAB 10'S,,112.50,TORRENT PHARMACEUTICALS NURON
"VALZ-20,TAB 10'S",,223.50,TORRENT PHARMACEUTICALS NURON
"VALZ 40,TAB 10'S",,205.31,TORRENT PHARMACEUTICALS NURON
LAMITOR OD 25 TAB 10 S,,54.38,TORRENT PHARMACEUTICALS NURON
ARIP 5MG TAB 15 S,,48.38,TORRENT PHARMACEUTICALS NURON
VOXIGAIN 10MG TAB 10'S,,180.94,TORRENT PHARMACEUTICALS NURON
VOXIGAIN 20MG TAB 10'S,,290.63,TORRENT PHARMACEUTICALS NURON
VOXIGAIN 5MG TAB 10'S,,92.72,TORRENT PHARMACEUTICALS NURON
BRITZILAM 100MG TAB 14'S,,674.81,TORRENT PHARMACEUTICALS NURON
BRITZILAM 50MG TAB 14'S,,335.85,TORRENT PHARMACEUTICALS NURON
NEBICARD LN 2.5 TAB 10'S,,107.81,TORRENT PHARMACEUTICALS PSYCAN
NEBICARD LN 5 TAB 10'S,,131.25,TORRENT PHARMACEUTICALS PSYCAN
GLUCRETA TAB 10'S,,140.91,TORRENT PHARMACEUTICALS PSYCAN
VELOZ 40 TAB 15S 10,,208.64,TORRENT PHARMACEUTICALS PSYCAN
NEBICARD 2.5 TAB 10S,,182.00,TORRENT PHARMACEUTICALS PSYCAN
NEBICARD 5 TAB 10S,,182.06,TORRENT PHARMACEUTICALS PSYCAN
NEBICARD H TAB 10S,,248.06,TORRENT PHARMACEUTICALS PSYCAN
NEBICARD SM TAB 10S,,250.00,TORRENT PHARMACEUTICALS PSYCAN
RANOLAZ 500 TAB 10S,,296.25,TORRENT PHARMACEUTICALS PSYCAN
RANOLAZ OD TAB 10,,201.33,TORRENT PHARMACEUTICALS PSYCAN
VALZAAR 40 TAB 10S,,141.65,TORRENT PHARMACEUTICALS PSYCAN
VALZAAR 80 TAB 10S,,280.88,TORRENT PHARMACEUTICALS PSYCAN
VALZAAR H TAB 10S,,401.25,TORRENT PHARMACEUTICALS PSYCAN
AZUKON M TAB 10 S,,81.56,TORRENT PHARMACEUTICALS PSYCAN
PRAX 10 TABS,,386.30,TORRENT PHARMACEUTICALS PSYCAN
NEBICARD-V TAB 10'S,,226.22,TORRENT PHARMACEUTICALS PSYCAN
PRAX 5 TAB 10'S,,117.47,TORRENT PHARMACEUTICALS PSYCAN
NEBICARD 10 TAB 10S,,246.05,TORRENT PHARMACEUTICALS PSYCAN
PRAX A 75 TAB  10,,308.55,TORRENT PHARMACEUTICALS PSYCAN
NEBICARD T TAB 10'S,,335.53,TORRENT PHARMACEUTICALS PSYCAN
AFOGLIP TAB 10S,,349.01,TORRENT PHARMACEUTICALS PSYCAN
AFOGLIP M 1000 MG TABS,,301.88,TORRENT PHARMACEUTICALS PSYCAN
AFOGLIP M 500 TABS,,318.35,TORRENT PHARMACEUTICALS PSYCAN
AFOGATRAN 110 MG CAPS,,310.92,TORRENT PHARMACEUTICALS PSYCAN
AFOGATRAN 150 MG CAPS,,373.13,TORRENT PHARMACEUTICALS PSYCAN
FEROMULTI SYRUP 300ML,,169.00,VITACE REMEDIES P LTD
ONEFLOX-OZ TAB 10'S,,91.88,VITACE REMEDIES P LTD
ONEKAST TAB 15'S,,138.75,VITACE REMEDIES P LTD
CFNIL SUSP. 60ML,,47.81,VITACE REMEDIES P LTD
ONEPOD 100 DIS. 10S,,83.44,VITACE REMEDIES P LTD
ONEPOD 200 DIS. 10S,,165.00,VITACE REMEDIES P LTD
VITAPROL-DSR CAP  1*10TAB,,88.13,VITACE REMEDIES P LTD
VITANUTRI CAP 10S 1*10TAB,,169.00,VITACE REMEDIES P LTD
XVICID GEL 200 ML.,,83.44,VITACE REMEDIES P LTD
MINOMULTI SYP 200ML,,140.62,VITACE REMEDIES P LTD
CEOXA TAB 10S,,121.88,VITACE REMEDIES P LTD
ONEPOD DRY SYP 30ML  1 UNIT,,63.75,VITACE REMEDIES P LTD
VITAPROL-20 TAB  1*10TAB,,45.94,VITACE REMEDIES P LTD
DICLODACE TAB 10S,,74.06,VITACE REMEDIES P LTD
ACEPROT POWDER 200GM,,203.81,VITACE REMEDIES P LTD
VITAKOF SYP 100ML,,65.63,VITACE REMEDIES P LTD
TACEZYME 200ml syrp,,80.63,VITACE REMEDIES P LTD
ONECEF 200MG TAB  1*10TAB,,83.44,VITACE REMEDIES P LTD
KALCIVIT TAB 10'S,,45.94,VITACE REMEDIES P LTD
VITAPROL AC TAB 10'S,,76.88,VITACE REMEDIES P LTD
V-LIER SYRUP,,61.88,VITACE REMEDIES P LTD
VITAKOF DM COUGH SYRUP  100ML,,71.25,VITACE REMEDIES P LTD
VITAKOF DM COUGH SYR.60ML,,36.56,VITACE REMEDIES P LTD
ENZY FRESH ENERGY 105GM,,45.00,VITACE REMEDIES P LTD
FEROMULTI TAB 10S,,115.00,VITACE REMEDIES P LTD
ZANPAN GR TAB 15'S,,129.38,WALLACE PHARMA (DELITE)
ZANPAN L CAP 10'S,,173.44,WALLACE PHARMA (DELITE)
RABZER GR TAB 10'S,,140.63,WALLACE PHARMA (DELITE)
RABZER L CAP 10'S,,215.63,WALLACE PHARMA (DELITE)
RABZER D CAP 10'S,,88.13,WALLACE PHARMA (DELITE)
ARTHLAST TAB 30MG 10'S,,234.38,WALLACE PHARMA (DELITE)
RABZER DSR CAP 15S,,206.25,WALLACE PHARMA (DELITE)
LAXIWAL TAB 10'S,,196.87,WALLACE PHARMA (DELITE)
LAXIWAL SYRUP 150ML,,196.87,WALLACE PHARMA (DELITE)
COLIMEX MF TAB 10'S,,40.03,WALLACE PHARMA (DELITE)
TAIYU SUNSCREEN AQUA GEL 60GM,,945.00,WALLACE PHARMA (RIVELA)
WALACORT TAB 20S,,19.12,WALLACE PHARMA (RIVELA)
FUSIWAL OINT.5GM,,79.22,WALLACE PHARMA (RIVELA)
GRAVOL TABS 10`S,,39.94,WALLACE PHARMA (RIVELA)
PERSOL FORTE CR 30GM,,279.50,WALLACE PHARMA (RIVELA)
BRITE CREAM  30GM,,227.00,WALLACE PHARMA (RIVELA)
ONECAN 150MG TABS 8'S,,103.05,WALLACE PHARMA (RIVELA)
ONECAN 200MG TABS 4'S,,73.28,WALLACE PHARMA (RIVELA)
ONECAN 50MG TABS 4'S,,28.06,WALLACE PHARMA (RIVELA)
FUSIWAL OINT 10GM,,111.09,WALLACE PHARMA (RIVELA)
FUSIWAL B CREAM 10GM.,,222.19,WALLACE PHARMA (RIVELA)
ULTRICH 200GM,,279.00,WALLACE PHARMA (RIVELA)
FUSIWAL CREAM 5GM,,52.49,WALLACE PHARMA (RIVELA)
PERSOL A C 2.5 GEL 30GM,,116.55,WALLACE PHARMA (RIVELA)
PERSOL A C 5 GEL 30GM.,,225.66,WALLACE PHARMA (RIVELA)
T TOP OINT 0.03% 10GM,,172.78,WALLACE PHARMA (RIVELA)
T TOP FORTE OINT 0.1% 10G,,487.50,WALLACE PHARMA (RIVELA)
ISOIN 10 CAP 10'S,,243.75,WALLACE PHARMA (RIVELA)
ISOIN 20 TAB 10'S,,365.62,WALLACE PHARMA (RIVELA)
MTAZ CREAM 15GM.,,148.13,WALLACE PHARMA (RIVELA)
ADAPLE C GEL 15GM.,,337.50,WALLACE PHARMA (RIVELA)
TAIYU 50ML.SPF LOTION,,293.70,WALLACE PHARMA (RIVELA)
TAIYU SLIK MOIST.CREAM 50GM,,421.00,WALLACE PHARMA (RIVELA)
ONECAN DUSTING POWDER 75G,,192.19,WALLACE PHARMA (RIVELA)
ONECAN 400 TAB 1'S,,61.57,WALLACE PHARMA (RIVELA)
FUSIWAL M CREAM 10GM,,279.38,WALLACE PHARMA (RIVELA)
BRITE LITE CREAM 20GM,,492.00,WALLACE PHARMA (RIVELA)
TAIYU FRESH CLEANSING LOTION 100ML,,350.00,WALLACE PHARMA (RIVELA)
PERSOL PLUS GEL 15GM  15GM,,445.31,WALLACE PHARMA (RIVELA)
TAIYU SILK MOIS.CR.150G,,290.14,WALLACE PHARMA (RIVELA)
FUSIWAL CREAM 15GM.,,157.50,WALLACE PHARMA (RIVELA)
FUSIWAL B CREAM 20GM.,,314.06,WALLACE PHARMA (RIVELA)
ITRASTAR 100MG CAP 10S,,168.75,WALLACE PHARMA (RIVELA)
ITRASTAR 200MG CAP 10S,,328.13,WALLACE PHARMA (RIVELA)
BRITE WITE CREAM 30GM,,584.73,WALLACE PHARMA (RIVELA)
KEYLYTE SYP. 200ML,,64.09,WALLACE PHARMA LIFESTYLE DC
WALAPHAGE 500MG TABS 15`S,,26.14,WALLACE PHARMA LIFESTYLE DC
WALAPHAGE 850MG TABS 10`S,,67.41,WALLACE PHARMA LIFESTYLE DC
VOLABAY 0.3 M TAB 10'S,,84.19,WALLACE PHARMA LIFESTYLE DC
WALFORMIN TABS 10'S,,94.88,WALLACE PHARMA LIFESTYLE DC
WALAPHAGE G 2 TABS 10'S,,168.75,WALLACE PHARMA LIFESTYLE DC
WALAPHAGE SR 500MG T.1,,31.72,WALLACE PHARMA LIFESTYLE DC
WALAPHAGE SR 1000MG T.,,60.65,WALLACE PHARMA LIFESTYLE DC
WALAPHAGE G-1 TABS 15`S,,99.37,WALLACE PHARMA LIFESTYLE DC
VOLABAY 0.2MG 10'S,,60.84,WALLACE PHARMA LIFESTYLE DC
VOLABAY 0.3MG 10'S,,92.16,WALLACE PHARMA LIFESTYLE DC
VOLABAY 0.2 M TAB 10'S,,56.63,WALLACE PHARMA LIFESTYLE DC
PRONOVA CAP 10S,,97.50,WALLACE PHARMA LIFESTYLE DC
T-MART R TAB 10'S,,107.81,WALLACE PHARMA LIFESTYLE DC
WALFORMIN OD-60 TAB 10'S,,65.72,WALLACE PHARMA LIFESTYLE DC
ROZON 5MG 10S,,64.88,WALLACE PHARMA LIFESTYLE DC
ROZON 10MG TABS 10S,,98.44,WALLACE PHARMA LIFESTYLE DC
ROZON 10D TABS 10S,,82.08,WALLACE PHARMA LIFESTYLE DC
ARTHONEX TAB 1*10TAB,,711.86,WALLACE PHARMA LIFESTYLE DC
WALAPHAGE-2 TAB 15S,,79.69,WALLACE PHARMA LIFESTYLE DC
NTIRE CAP.10S,,84.38,WALLACE PHARMA.LTD.LIFESTYLE
LUBRIJOINT ACTIVE PLUS TAB 30'S,,"1,265.63",WALLACE PHARMA.LTD.LIFESTYLE
DEFZA 12 TAB 10'S,,304.69,WALLACE PHARMA.LTD.LIFESTYLE
LUBRIJOINT PRO TABE 30'S 30,,916.00,WALLACE PHARMA.LTD.LIFESTYLE
LUBRIJOINT 500MG TABS 60`S,,565.00,WALLACE PHARMA.LTD.LIFESTYLE
ZLUBRIJOINT PLUS 30'S,,310.61,WALLACE PHARMA.LTD.LIFESTYLE
ARTILAGE TAB 10S,,188.44,WALLACE PHARMA.LTD.LIFESTYLE
DEFZA 6MG TAB 10'S,,164.06,WALLACE PHARMA.LTD.LIFESTYLE
DEFZA 30MG TAB 6'S,,382.50,WALLACE PHARMA.LTD.LIFESTYLE
WALYTE CITRO 5*4.2GM,,19.60,WALLACE PHARMA.LTD.LIFESTYLE
LUBRIJOINT 750 TAB 30'S,,645.00,WALLACE PHARMA.LTD.LIFESTYLE
OPARA 1000 TAB 10'S,,26.25,WALLACE PHARMA.LTD.LIFESTYLE
DEFZA 24MG 6'S,,319.68,WALLACE PHARMA.LTD.LIFESTYLE
LUBRIJOINT OD TAB 30S,,618.00,WALLACE PHARMA.LTD.LIFESTYLE
THIOX OD 8MG CAP 5'S,,196.88,WALLACE PHARMA.LTD.LIFESTYLE
ALANZ D TAB 10'S,,187.13,WALLACE PHARMA.LTD.LIFESTYLE
WAL D3 CAP 4'S,,129.23,WALLACE PHARMA.LTD.LIFESTYLE
GEMBONE CAP.10S,,243.75,WALLACE PHARMA.LTD.LIFESTYLE
THIOX GEL 30GM,,249.38,WALLACE PHARMA.LTD.LIFESTYLE
CELERACT ADVANCE TAB 30'S,,494.06,WALLACE PHARMA.LTD.LIFESTYLE
DEFZA 18MG TAB 10'S,,206.25,WALLACE PHARMA.LTD.LIFESTYLE
SENSIVAL-P TAB 10'S,,262.50,WALLACE PHARMA.LTD.LIFESTYLE
LUBRIJOINT PLUS TAB 60S,,669.00,WALLACE PHARMA.LTD.LIFESTYLE
DEFZA 1MG TAB 6S,,9.89,WALLACE PHARMA.LTD.LIFESTYLE
OXCQ 300 TAB 10S,,169.70,WALLACE PHARMA.LTD.REHEUMATOLOGY
ETRU 90MG TAB 10'S,,168.75,WALLACE PHARMA.LTD.REHEUMATOLOGY
SENSIVAL TABS 10`S,,60.00,WALLACE PHARMA.LTD.REHEUMATOLOGY
TOFZA TAB 14'S,,576.56,WALLACE PHARMA.LTD.REHEUMATOLOGY
SAZO 500 TABS 10'S,,76.07,WALLACE PHARMA.LTD.REHEUMATOLOGY
ETRU MR TAB 10'S,,300.00,WALLACE PHARMA.LTD.REHEUMATOLOGY
OXCQ 200MG TAB 10'S,,67.83,WALLACE PHARMA.LTD.REHEUMATOLOGY
SAZO 1000MG TAB,,285.00,WALLACE PHARMA.LTD.REHEUMATOLOGY
MEXT 7.5 F TAB 2'S,,89.63,WALLACE PHARMA.LTD.REHEUMATOLOGY
OXCQ 400 TAB 10'S,,144.90,WALLACE PHARMA.LTD.REHEUMATOLOGY
MEXT 5 TAB 10'S,,73.33,WALLACE PHARMA.LTD.REHEUMATOLOGY
MEXT 15 TAB 10'S,,492.00,WALLACE PHARMA.LTD.REHEUMATOLOGY
MEXT 10 TAB 10'S,,141.86,WALLACE PHARMA.LTD.REHEUMATOLOGY
MEXT 7.5MG TAB 10'S,,179.00,WALLACE PHARMA.LTD.REHEUMATOLOGY
LEFUMA 10 TAB 10'S,,90.60,WALLACE PHARMA.LTD.REHEUMATOLOGY
LEFUMA 20 TAB 10'S,,176.21,WALLACE PHARMA.LTD.REHEUMATOLOGY
TOFZA XR 11MG TAB 10'S,,609.38,WALLACE PHARMA.LTD.REHEUMATOLOGY
WAL D3 PLUS DROP 5ML,,257.50,WALLACE PHARMACEUTICALS LTD.
FLUCOLD AF SYRUP 60ML,,90.47,WALLACE PHARMACEUTICALS LTD.
WALYTE WHO ORS RTD MANGO 200ML,,29.53,WALLACE PHARMACEUTICALS LTD.
FLUCOLD TABS 10`S,,49.97,WALLACE PHARMACEUTICALS LTD.
LYNX 500MG CAPS 10`S,,228.80,WALLACE PHARMACEUTICALS LTD.
LYNX INJ.2ML,,27.90,WALLACE PHARMACEUTICALS LTD.
COLIMEX DROPS 15ML,,100.80,WALLACE PHARMACEUTICALS LTD.
COLIMEX TABS 10`S,,48.43,WALLACE PHARMACEUTICALS LTD.
PARAMET TABS 10`S,,32.34,WALLACE PHARMACEUTICALS LTD.
WALAMYCIN SUSP.30ML,,70.55,WALLACE PHARMACEUTICALS LTD.
CINTIGO 25 TABS 10`S,,49.22,WALLACE PHARMACEUTICALS LTD.
LYNX SYP. 60ML,,84.38,WALLACE PHARMACEUTICALS LTD.
LYNX INJ.1ML,,14.34,WALLACE PHARMACEUTICALS LTD.
FUSIWAL B CREAM 15GM,,112.50,WALLACE PHARMACEUTICALS LTD.
FLUCOLD CLEAR SYRUP 60ML,,97.50,WALLACE PHARMACEUTICALS LTD.
FLUCOLD CLEAR TAB 10,,98.44,WALLACE PHARMACEUTICALS LTD.
WALYTE MOSAMBI DRINK,,32.81,WALLACE PHARMACEUTICALS LTD.
FLUCOLD SUSP.60ML,,75.20,WALLACE PHARMACEUTICALS LTD.
WALYTE ORS ORANGE /F 22GM,,22.87,WALLACE PHARMACEUTICALS LTD.
FUSIWAL OINTMENT 15G,,202.50,WALLACE PHARMACEUTICALS LTD.
WALYTE WHO ORS RTD ORANGE 200ML,,31.50,WALLACE PHARMACEUTICALS LTD.
ZIMUNITY TAB 15'S,,200.00,WALLACE PHARMACEUTICALS LTD.
ZIMUNITY DAILY TAB 30'S,,300.00,WALLACE PHARMACEUTICALS LTD.
WALYTE ORS ORANGE 5*4.4GM,,23.20,WALLACE PHARMACEUTICALS LTD.
HAIRTRES TAB 30'S,,687.00,WALLACE PHARMACEUTICALS LTD.
DIOVOL R TAB 9'S,,84.38,WALLACE PHARMACEUTICALS LTD.
COLIMEX SUSPENSION 60ML,,125.62,WALLACE PHARMACEUTICALS LTD.
KVICKLY HYDRO GEL 30GM,,154.69,WALLACE PHARMACEUTICALS LTD.
PARAMET M TAB 10'S,,35.16,WALLACE PHARMACEUTICALS LTD.
PARAMET+650MG TAB 15'S,,32.13,WALLACE PHARMACEUTICALS LTD.
WALAMYCIN DS 30ML,,126.75,WALLACE PHARMACEUTICALS LTD.
FLUCOLD AF1 DROPS 15ML,,87.65,WALLACE PHARMACEUTICALS LTD.
TAIYU CLARITY FACE SERUM 20ML,,525.00,WALLACE PHARMACEUTICALS LTD.
WAL D3 NANOSHOTS 5ML,,108.00,WALLACE PHARMACEUTICALS LTD.
LYNX 250MG CAPS 10'S,,113.35,WALLACE PHARMACEUTICALS LTD.
DOBEST CAPS 10'S,,131.25,WALLACE PHARMACEUTICALS LTD.
FLUCOLD DROPS 15ML.,,65.15,WALLACE PHARMACEUTICALS LTD.
COLIMEX DF+DROPS 15ML.,,92.70,WALLACE PHARMACEUTICALS LTD.
ZN 20 SYP 100ML,,140.63,WALLACE PHARMACEUTICALS LTD.
WALTUZ BR 100ML,,60.94,WALLACE PHARMACEUTICALS LTD.
WALTUZ DX 100ML,,66.75,WALLACE PHARMACEUTICALS LTD.
COLIMEX SUSPENSION 30ML,,69.00,WALLACE PHARMACEUTICALS LTD.
WALYTE CITRO 21GM,,18.60,WALLACE PHARMACEUTICALS LTD.
B-BACT OINT 5GM.,,108.36,WALLACE PHARMACEUTICALS LTD.
WALYTE ENERGY DRINK ORANGE 200ML,,39.84,WALLACE PHARMACEUTICALS LTD.
FLUCOLD P DRP 15ML.,,34.69,WALLACE PHARMACEUTICALS LTD.
FLUCOLD DS SYP 60ML.,,105.09,WALLACE PHARMACEUTICALS LTD.
CAMYDA 150 CAP 8'S,,110.29,WALLACE PHARMACEUTICALS LTD.
CAMYDA 300 CAP 8'S,,297.80,WALLACE PHARMACEUTICALS LTD.
CAMYDA 300 INJ 2ML.,,225.00,WALLACE PHARMACEUTICALS LTD.
WALYTE APPLE FLAV.22GMS,,19.17,WALLACE PHARMACEUTICALS LTD.
LYNX GEL 15GM.,,300.00,WALLACE PHARMACEUTICALS LTD.
LYNX OD TAB 5'S,,223.60,WALLACE PHARMACEUTICALS LTD.
ZN 20 DROPS 15ML,,116.40,WALLACE PHARMACEUTICALS LTD.
LEVOCETRIWAL 5MG TAB 10S,,25.17,WALLACE PHARMACEUTICALS LTD.
B-BACT OINT 15GM. 15,,319.57,WALLACE PHARMACEUTICALS LTD.
WALYTE ORS 5*4.4GM (MANGO),,22.65,WALLACE PHARMACEUTICALS LTD.
ZANPAN D CAP 15'S,,166.88,WALLACE PHARMACEUTICALS LTD.(GASTROVA)
KLEANGUT PLUS SYRUP 200ML,,172.50,WALLACE PHARMACEUTICALS LTD.(GASTROVA)
DIOVOL FORTE MINT SYP 400ML,,77.02,WALLACE PHARMACEUTICALS LTD.(GASTROVA)
DIOVOL + FORTE BUBLE SYP,,117.19,WALLACE PHARMACEUTICALS LTD.(GASTROVA)
DIOVOL LA EXOTIC ORANGE 200ML,,135.94,WALLACE PHARMACEUTICALS LTD.(GASTROVA)
DIOVOL R 150ML,,186.56,WALLACE PHARMACEUTICALS LTD.(GASTROVA)
DIOVOL LA(MINT)SUSP. 200ML,,196.50,WALLACE PHARMACEUTICALS LTD.(GASTROVA)
DIOVOL (MINT)FLAOUR SUSP. 170ML,,170.63,WALLACE PHARMACEUTICALS LTD.(GASTROVA)
XLAXIWAL 150ML SYP.,,193.72,WALLACE PHARMACEUTICALS LTD.(GASTROVA)
DIOVOL BLU TABS 1000,,656.25,WALLACE PHARMACEUTICALS LTD.(GASTROVA)
DIOVOL MANGO SYP 170ML,,170.63,WALLACE PHARMACEUTICALS LTD.(GASTROVA)
EUGI PRO DROPS 5ML,,34.69,WALLACE PHARMACEUTICALS LTD.(GASTROVA)
DIOVOL COOL BLUE 170ML,,89.06,WALLACE PHARMACEUTICALS LTD.(GASTROVA)
BROZEET LS JUNIAR100ML,,,