SKU,Product Packing,Product Name,Packing,Dosage Form,MRP,Composition,Composition Key,Salts,Salt Count,Therapeutic Segment,Indication,Company,Division,Composition Source,Review Flag
AT-A-TO-Z-AMINO-15S,A TO Z AMINO TAB 15'S,A TO Z AMINO,15'S,Tablet,241.10,Amino Acids + Multiminerals + Multivitamins,amino acids+multiminerals+multivitamins,Amino Acids | Multiminerals | Multivitamins,3,,,ALKEM LABS,LTD NEXA,main,master
AT-A-TO-Z-CV-10S,A TO Z CV CAP 10'S,A TO Z CV,10'S,Capsule,249.15,Antioxidants + Multiminerals + Multivitamins,antioxidants+multiminerals+multivitamins,Antioxidants | Multiminerals | Multivitamins,3,,,ALKEM LABS,LTD NEXA,main,stock file
AT-A-TO-Z-GOLD-SOFTCAPS-15S,A TO Z GOLD SOFTCAPS 15'S,A TO Z GOLD SOFTCAPS,15'S,,225.00,Antioxidants + Ginseng + Multiminerals + Multivitamins,antioxidants+ginseng+multiminerals+multivitamins,Antioxidants | Ginseng | Multiminerals | Multivitamins,4,,,ALKEM LABS,LTD NEXA,main,stock file
AT-A-TO-Z-IMMUNE-16S,A TO Z IMMUNE TABS 16'S,A TO Z IMMUNE,16'S,Tablet,216.00,Ascorbic Acid + Multiminerals + Multivitamins + Zinc,ascorbic acid+multiminerals+multivitamins+zinc,Ascorbic Acid | Multiminerals | Multivitamins | Zinc,4,"MULTIMINERAL ,MULTI VITAMIN",,ALKEM LABS,LTD NEXA,main,stock file
AT-A-TO-Z-NS-NEW-30ML,A TO Z NS NEW DROPS 30ML,A TO Z NS NEW,30 ML,Drops,133.45,Multiminerals + Multivitamins,multiminerals+multivitamins,Multiminerals | Multivitamins,2,,,ALKEM LABS,LTD NEXA,main,master
AT-A-TO-Z-NS-15ML,A TO Z NS+DROPS 15ML,A TO Z NS+,15 ML,Drops,80.00,Cholecalciferol + Multiminerals + Multivitamins,cholecalciferol+multiminerals+multivitamins,Cholecalciferol | Multiminerals | Multivitamins,3,,,ALKEM LABS,LTD NEXA,main,master
AT-A-TO-Z-NS-15S,A TO Z NS+TAB 15'S,A TO Z NS+,15'S,Tablet,170.85,Multiminerals + Multivitamins,multiminerals+multivitamins,Multiminerals | Multivitamins,2,,,ALKEM LABS,LTD NEXA,main,master
AT-A-TO-Z-200ML,A TO Z SYRUP 200ML,A TO Z,200 ML,Syrup,205.55,Multiminerals + Multivitamins,multiminerals+multivitamins,Multiminerals | Multivitamins,2,,,ALKEM LABS,LTD NEXA,main,master
AT-A-TO-Z-WOMAN-15S,A TO Z WOMAN CAP 15,A TO Z WOMAN,15'S,Capsule,383.50,Antioxidants + Multiminerals + Multivitamins,antioxidants+multiminerals+multivitamins,Antioxidants | Multiminerals | Multivitamins,3,Vitamins / Minerals / Nutrients,,ALKEM LABS,LTD NEXA,main,master
AT-A-RET-0-025-20GM,A-RET 0.025 GEL 20GM,A-RET 0.025,20 GM,Gel,120.00,Tretinoin 0.025%,tretinoin 0.025%,Tretinoin,1,,,A.MENARINI,DERMA,main,master
AT-A-RET-0-05-20GM,A-RET 0.05 GEL 20GM,A-RET 0.05,20 GM,Gel,170.00,Tretinoin 0.05%,tretinoin 0.05%,Tretinoin,1,,,A.MENARINI,DERMA,main,master
AT-A-RET-0-1-20GM,A-RET 0.1GEL 20GM,A-RET 0.1,20 GM,Gel,205.00,Tretinoin 0.1%,tretinoin 0.1%,Tretinoin,1,,,A.MENARINI,DERMA,main,master
AT-A-RET-HC-15GM,A-RET HC CREAM 15GM,A-RET HC,15 GM,Cream,184.69,Tretinoin 0.025%,tretinoin 0.025%,Tretinoin,1,,,A.MENARINI,DERMA,main,master
AT-A2-BEST-200GM,A2 BEST POWDER 200GM,A2 BEST,200 GM,Powder,435.13,Multiminerals + Multivitamins + Protein,multiminerals+multivitamins+protein,Multiminerals | Multivitamins | Protein,3,,,ARRIENT HEALTHCARE,(ARRIENT)PRIVATE LIM,main,master
AT-AACTARIL-SOAP,AACTARIL SOAP,AACTARIL SOAP,,Soap,106.80,Neem + Turmeric,neem+turmeric,Neem | Turmeric,2,,,HIMALAYA DRUG COMPANY,ZEAL,main,master
AT-AACTARIL-SOAP-75GM,AACTARIL SOAP 75GM.,AACTARIL SOAP,75 GM,Soap,106.80,,,,,,,HIMALAYA DRUG COMPANY,ZEAL,,stock file
AT-AB-CEF-200-10S,AB CEF 200 TAB 10,AB CEF 200,10'S,Tablet,85.02,Cefixime,cefixime,Cefixime,1,,,BESTOCHEM FORMULATIONS,,main,stock file
AT-AB-CEF-O-DRY-30ML,AB-CEF O DRY SYP 30ML.,AB-CEF O DRY,30 ML,Dry Syrup,79.62,Cefixime + Ofloxacin,cefixime+ofloxacin,Cefixime | Ofloxacin,2,,,BESTOCHEM FORMULATIONS,,main,stock file
AT-ABANA,ABANA TABS,ABANA,,Tablet,201.56,Arjuna + Guggulu + Shilajit,arjuna+guggulu+shilajit,Arjuna | Guggulu | Shilajit,3,,,HIMALAYA DRUG COMPANY,ZEAL,main,master
AT-ABCEF-200-10S,ABCEF-200 TAB 10'S,ABCEF-200,10'S,Tablet,90.94,Cefixime,cefixime,Cefixime,1,,,BESTOCHEM FORMU,SALUTE,main,stock file
AT-ABITATE-U-250MG,ABITATE U 250MG,ABITATE U 250MG,,,"37,417.36",Abiraterone Acetate 250mg,abiraterone acetate 250mg,Abiraterone Acetate,1,Oncology,Metastatic prostate cancer,RPG LIFE SCIENCE LTD,GLODIAN,rpg,stock file
AT-ABZ-10ML,ABZ SYP 10ML.,ABZ,10 ML,Syrup,15.60,Albendazole 200mg/5ml,albendazole 200mg/5ml,Albendazole,1,Anti-Infectives,,INDOCO REMEDIES LTD,SPERA,INDOCO,stock file
AT-ABZORB-BAR-100GM,ABZORB BAR 100G,ABZORB BAR,100 GM,,153.00,,,,,,,SUN PHARMA,LAB.CROSSLAND 1,,master
AT-ABZORB-DUSTI-POW-120GM,ABZORB DUSTI POW 120GM,ABZORB DUSTI POW,120 GM,,164.00,,,,,,,SUN PHARMA,LAB.CROSSLAND 1,,master
AT-ACCURA-30GM,ACCURA GEL 30GM,ACCURA,30 GM,Gel,375.00,Adapalene,adapalene,Adapalene,1,,,ALKEM LABORATORIES LTD,ADROIT,main,master
AT-ACCURA-10S,ACCURA TAB 10'S,ACCURA,10'S,Tablet,340.00,,needs_verification,Needs_verification,1,,,ALKEM LABORATORIES LTD,ADROIT,main,stock file
AT-ACEGESIC-10S,ACEGESIC TAB 10'S,ACEGESIC,10'S,Tablet,39.09,,,,,,,TORRENT PHARMACEUTICALS,LTD,,stock file
AT-ACENOVA-FH-10S,ACENOVA-FH TAB 10,ACENOVA-FH,10'S,Tablet,74.53,,,,,,,SYNCHEM PHARMACEUTICALS,PVT.LMT,,stock file
AT-ACENOVA-MR-10S,ACENOVA-MR TAB 10S,ACENOVA-MR,10S,Tablet,82.50,Aceclofenac 100mg + Paracetamol 325mg + Tizanidine 2mg,aceclofenac 100mg+paracetamol 325mg+tizanidine 2mg,Aceclofenac | Paracetamol | Tizanidine,3,,,SYNCHEM PHARMACEUTICALS,PVT.LMT,manual,master
AT-ACENOVA-P-10S,ACENOVA-P TAB 10S,ACENOVA-P,10S,Tablet,56.25,Aceclofenac + Paracetamol,aceclofenac+paracetamol,Aceclofenac | Paracetamol,2,,,SYNCHEM PHARMACEUTICALS,PVT.LMT,manual,master
AT-ACITALL-OD-10S,ACITALL-OD TAB 10'S,ACITALL-OD,10'S,Tablet,46.80,Aceclofenac,aceclofenac,Aceclofenac,1,,,CAVIN PHARMACEUTICALS,,main,master
AT-ACITALL-OD-10S-2,ACITALL-OD TAB 10S,ACITALL-OD,10S,Tablet,46.80,,,,,,,CAVIN PHARMACEUTICALS,,,stock file
AT-ACNE-N-PIMPLE-20GM,ACNE N PIMPLE CREAM 20GM,ACNE N PIMPLE,20 GM,Cream,42.19,,,,,,,HIMALAYA DRUG COMPANY JINDAL,,,stock file
AT-ACNE-AID-BAR-100GM,ACNE-AID BAR 100GM.,ACNE-AID BAR,100 GM,,128.76,,,,,,,GSK LIMITED,TEAM 2 ETT,,stock file
AT-ACNE-AID-BAR-50GM,ACNE-AID BAR 50GM.,ACNE-AID BAR,50 GM,,69.46,,,,,,,GSK LIMITED,TEAM 2 ETT,,stock file
AT-ACNE-AID-WASH-60GM,ACNE-AID WASH 60G,ACNE-AID WASH,60 GM,,179.02,,,,,,,GSK LIMITED,TEAM 2 ETT,,stock file
AT-ACNELAK-4-IN1-FACE-WASH-100ML,ACNELAK 4 IN1 FACE WASH 100ML,ACNELAK 4 IN1 FACE WASH,100 ML,Face Wash,395.00,Aloe Vera + Glycolic Acid + Salicylic Acid + Tea Tree Oil,aloe vera+glycolic acid+salicylic acid+tea tree oil,Aloe Vera | Glycolic Acid | Salicylic Acid | Tea Tree Oil,4,,,A.MENARINI,DERMA,main,master
AT-ACNELAK-SOAP-75GM,ACNELAK SOAP 75GM,ACNELAK SOAP,75 GM,Soap,137.92,Benzoyl Peroxide + Triclosan,benzoyl peroxide+triclosan,Benzoyl Peroxide | Triclosan,2,,,A.MENARINI,DERMA,main,master
AT-ACNELAK-UV-30GM,ACNELAK UV CREAM 30GM,ACNELAK UV,30 GM,Cream,311.50,Avobenzone + Octisalate + Oxybenzone,avobenzone+octisalate+oxybenzone,Avobenzone | Octisalate | Oxybenzone,3,,,A.MENARINI,DERMA,main,stock file
AT-ACNETOR-AD-15GM,"ACNETOR AD,GEL 15GM",ACNETOR AD,15 GM,Gel,375.00,Adapalene + Clindamycin,adapalene+clindamycin,Adapalene | Clindamycin,2,,,TORRENT PHARMA LTD,SPERSH,torrent,stock file
AT-ACNICIN-15GM,ACNICIN CREAM 15GM,ACNICIN,15 GM,Cream,262.08,Clindamycin,clindamycin,Clindamycin,1,,,ALEMBIC,DERMA,main,master
AT-ACOCONTIN-10S,ACOCONTIN TABS 10'S,ACOCONTIN,10'S,Tablet,265.78,Of Ambroxol Hydrochloride,of ambroxol hydrochloride,Of Ambroxol Hydrochloride,1,,,MODI MUNDI PHARMA,LTD,modimundi,master
AT-ACONAME-10S,ACONAME TAB 10'S,ACONAME,10'S,Tablet,178.13,,,,,,,MODI MUNDI PHARMA,LTD,,stock file
AT-ACOSAT-10S,ACOSAT TAB 10S,ACOSAT,10S,Tablet,186.56,,,,,,,KOYE PHARMACEUTICALS,P.LTD,,stock file
AT-ACROTAC-CAP-10MG-10S,ACROTAC CAP 10MG 10 S,ACROTAC CAP 10MG,10 S,Capsule,384.38,Acitretin 10mg,acitretin 10mg,Acitretin,1,DERMA,,SUN PHARMA,LTD PRIMA LAND,sun pharma sheet,master
AT-ACROTAC-CAP-25MG-20S,ACROTAC CAP 25MG 20'S,ACROTAC CAP 25MG,20'S,Capsule,"1,471.88",Acitretin 25mg,acitretin 25mg,Acitretin,1,DERMA,,SUN PHARMA,LTD PRIMA LAND,sun pharma sheet,master
AT-ACTIFED-DM-100ML,ACTIFED DM SYP. 100ML,ACTIFED DM,100 ML,Syrup,67.73,,,,,,,GSK LIMITED,TEAM CTC 6,,stock file
AT-ACTIGAUT-10S,ACTIGAUT CAPS 10'S,ACTIGAUT,10'S,Capsule,168.38,Febuxostat,febuxostat,Febuxostat,1,,,ALEMBIC,GASTRON,main,stock file
AT-ACTILYSE-20MG-INJECTION,Actilyse 20mg Injection,Actilyse 20mg Injection,,Injection,,Alteplase 20mg,alteplase 20mg,Alteplase,1,,"Thrombolytic treatment of acute ischemic stroke, acute myocardial infarction and pulmonary embolism",BOEHRINGER INGELHEIM,,main,master
AT-ACTILYSE-50-MG,Actilyse 50 MG,Actilyse 50 MG,,,,Alteplase,alteplase,Alteplase,1,,,BOEHRINGER INHELM,,main,master
AT-ACTILYSE-50MG-INJECTION,Actilyse 50mg Injection,Actilyse 50mg Injection,,Injection,,Alteplase 50mg,alteplase 50mg,Alteplase,1,,"Thrombolytic treatment of acute ischemic stroke, acute myocardial infarction and pulmonary embolism",BOEHRINGER INGELHEIM,,main,master
AT-ACTIVGUT-DROP-15ML,ACTIVGUT DROP 15ML,ACTIVGUT DROP,15 ML,Drops,90.00,,,,,,,NUTRIMED HEALTHCARE,PVT.LTD,,stock file
AT-ACTV-24MG-M-10S,ACTV 24MG M TAB 10'S,ACTV 24MG M,10'S,Tablet,164.06,,,,,,,JAGSONPAL PHARMACEUTICALS,LTD,,stock file
AT-ACTV-24MG-10S,ACTV 24MG TAB 10'S,ACTV 24MG,10'S,Tablet,103.13,,,,,,,JAGSONPAL PHARMACEUTICALS,LTD,,stock file
AT-ADAPLE-C-15GM,ADAPLE C GEL 15GM.,ADAPLE C,15 GM,Gel,337.50,Clindamycin W/w 1% + Contains: Adapalene W/w 15g,clindamycin w/w 1%+contains: adapalene w/w 15g,Clindamycin W/w | Contains: Adapalene W/w,2,Anti-Acne,Grade II Acne,WALLACE PHARMA,RIVELA,wallace,master
AT-ADHAIR-10S,ADHAIR TAB 10,ADHAIR,10'S,Tablet,160.65,,,,,,,TORRENT PHARMACEUTICALS,LTD,,stock file
AT-ADVAN-10GM,ADVAN 10 GM,ADVAN,10 GM,Cream,480.60,Adapalene,adapalene,Adapalene,1,,,ALEMBIC,DERMA,main,stock file
AT-ADVAN-INSTA-CREEM-20GM,ADVAN INSTA CREEM 20GM,ADVAN INSTA CREEM,20 GM,,646.14,Adapalene + Clindamycin,adapalene+clindamycin,Adapalene | Clindamycin,2,,,ALEMBIC,DERMA,main,stock file
AT-ADVAN-THF-15GM,ADVAN-THF 15GM,ADVAN-THF,15 GM,,316.69,Adapalene + Clindamycin,adapalene+clindamycin,Adapalene | Clindamycin,2,,,ALEMBIC,DERMA,main,stock file
AT-ADVANTAC-DIABETIC-400GM,ADVANTAC DIABETIC POWDER 400GM,ADVANTAC DIABETIC,400 GM,Powder,707.81,,,,,,,MODI MUNDI PHARMA,LTD,,stock file
AT-ADVANTAC-PLUS-400GM,ADVANTAC PLUS POWDER 400GM,ADVANTAC PLUS,400 GM,Powder,881.10,,,,,,,MODI MUNDI PHARMA,LTD,,stock file
AT-ADVANTAC-M-400GM,ADVANTAC-M POWDER 400GM,ADVANTAC-M,400 GM,Powder,574.05,,,,,,,MODI MUNDI PHARMA,LTD,,stock file
AT-AFDURA,AFDURA TABS,AFDURA,,Tablet,337.50,,,,,,,SUN PHARMA LAB,UROLOGY,,master
AT-AFOGATRAN-110-MG,AFOGATRAN 110 MG CAPS,AFOGATRAN 110 MG,,Capsule,310.92,Dabigatran Etexilate 75mg/110mg,dabigatran etexilate 75mg/110mg,Dabigatran Etexilate,1,,,TORRENT PHARMACEUTICALS,PSYCAN,torrent,stock file
AT-AFOGATRAN-150-MG,AFOGATRAN 150 MG CAPS,AFOGATRAN 150 MG,,Capsule,373.13,Dabigatran Etexilate 75mg/110mg,dabigatran etexilate 75mg/110mg,Dabigatran Etexilate,1,,,TORRENT PHARMACEUTICALS,PSYCAN,torrent,stock file
AT-AFOGLIP-M-1000-MG,AFOGLIP M 1000 MG TABS,AFOGLIP M 1000 MG,,Tablet,301.88,,,,,,,TORRENT PHARMACEUTICALS,PSYCAN,,master
AT-AFOGLIP-M-500,AFOGLIP M 500 TABS,AFOGLIP M 500,,Tablet,318.35,,,,,,,TORRENT PHARMACEUTICALS,PSYCAN,,stock file
AT-AFOGLIP-10S,AFOGLIP TAB 10S,AFOGLIP,10S,Tablet,349.01,Teneligliptin 20mg,teneligliptin 20mg,Teneligliptin,1,,,TORRENT PHARMACEUTICALS,PSYCAN,torrent,stock file
AT-AGGRENOX-25MG-200MG-CAPSULE-,Aggrenox 25mg/200mg Capsule MR,Aggrenox 25mg/200mg Capsule MR,,Capsule,,Aspirin 25mg + Dipyridamole 200mg,aspirin 25mg+dipyridamole 200mg,Aspirin | Dipyridamole,2,,Secondary prevention of ischemic stroke,BOEHRINGER INGELHEIM,,main,master
AT-AGINAL-5MG,AGINAL 5MG,AGINAL 5MG,,,25.70,Norethisterone,norethisterone,Norethisterone,1,,,ALEMBIC,ltd summit,main,stock file
AT-AGLOFIT-200GM,AGLOFIT POWDER 200GM,AGLOFIT,200 GM,Powder,382.63,Multiminerals + Multivitamins + Protein Hydrolysate,multiminerals+multivitamins+protein hydrolysate,Multiminerals | Multivitamins | Protein Hydrolysate,3,,,AGLOWMED LTD.,,main,master
AT-AGLOZYME-C-200ML,AGLOZYME C SYP 200ML,AGLOZYME C,200 ML,Syrup,141.80,Fungal Diastase + Pepsin,fungal diastase+pepsin,Fungal Diastase | Pepsin,2,,,AGLOWMED LTD.,,main,stock file
AT-AGLOZYME-10S,AGLOZYME CAPS 10'S,AGLOZYME,10'S,Capsule,85.31,Fungal Diastase + Pepsin,fungal diastase+pepsin,Fungal Diastase | Pepsin,2,,,AGLOWMED LTD.,,main,stock file
AT-AGLOZYME-15ML,AGLOZYME DROPS 15ML,AGLOZYME,15 ML,Drops,103.23,Fungal Diastase + Pepsin,fungal diastase+pepsin,Fungal Diastase | Pepsin,2,,,AGLOWMED LTD.,,main,master
AT-AGLOZYME-JR-60ML,AGLOZYME JR. SYRUP 60ML,AGLOZYME JR,60 ML,Syrup,87.66,Fungal Diastase + Pepsin,fungal diastase+pepsin,Fungal Diastase | Pepsin,2,,,AGLOWMED LTD.,,main,master
AT-AGLOZYME-200ML,AGLOZYME SYP. 200ML,AGLOZYME,200 ML,Syrup,140.51,Fungal Diastase + Pepsin,fungal diastase+pepsin,Fungal Diastase | Pepsin,2,,,AGLOWMED LTD.,,main,master
AT-AHAGLO-SPF-50-SUNSC-100ML,AHAGLO SPF 50 SUNSC. LOTION 100ML,AHAGLO SPF 50 SUNSC,100 ML,Lotion,760.95,,,,,,,TORRENT PHARMA LTD,SPERSH,,stock file
AT-AHAGLOW-S-SPRAY-1-60ML,AHAGLOW .S SPRAY 1*60 ML,AHAGLOW .S SPRAY 1*,60 ML,Spray,614.00,,,,,,,TORRENT PHARMA LTD,SPERSH,,master
AT-AHAGLOW-ACNE-C-MOIS-50GM,AHAGLOW ACNE C/MOIS.GEL 50GM,AHAGLOW ACNE C/MOIS,50 GM,Gel,647.00,,,,,,,TORRENT PHARMA LTD,SPERSH,,master
AT-AHAGLOW-ADV-LF-LIPO-FW-100GM,AHAGLOW ADV.LF LIPO.FW 100G,AHAGLOW ADV.LF LIPO.FW,100 GM,,675.00,,,,,,,TORRENT PHARMA LTD,SPERSH,,stock file
AT-AHAGLOW-ADVANCED-100GM-100,AHAGLOW ADVANCED 100GM 100,AHAGLOW ADVANCED 100GM 100,,,565.00,,,,,,,TORRENT PHARMA LTD,SPERSH,,master
AT-AHAGLOW-ADVANCED-200GM,AHAGLOW ADVANCED 200GM,AHAGLOW ADVANCED,200 GM,,798.00,,,,,,,TORRENT PHARMA LTD,SPERSH,,master
AT-AHAGLOW-ADVANCED-50GM-TUBE-1-50GM,AHAGLOW ADVANCED 50GM TUBE 1*50GM,AHAGLOW ADVANCED 50GM TUBE 1*,50 GM,,317.73,,,,,,,TORRENT PHARMA LTD,SPERSH,,master
AT-AHAGLOW-GLOGEOUS-ADV-F-W-100GM,AHAGLOW GLOGEOUS ADV.F/W GEL 100G,AHAGLOW GLOGEOUS ADV.F/W,100 GM,Gel,"1,378.20",,,,,,,TORRENT PHARMA LTD,SPERSH,,master
AT-AHAGLOW-SKIN-REPEAR-GEL-100G,AHAGLOW SKIN REPEAR GEL 100G 100,AHAGLOW SKIN REPEAR GEL 100G 100,,Gel,865.00,,,,,,,TORRENT PHARMA LTD,SPERSH,,stock file
AT-AHAGLOW-TUBE-100GM,AHAGLOW TUBE 100GM,AHAGLOW TUBE,100 GM,,386.35,,,,,,,TORRENT PHARMA LTD,SPERSH,,stock file
AT-AHB-15,AHB-15,AHB-15,,,133.41,,needs_verification,Needs_verification,1,,,BESTOCHEM FORMULATIONS,,main,stock file
AT-AID,AID GEL,AID,,Gel,76.88,Diclofenac + Linseed Oil + Menthol + Methyl Salicylate,diclofenac+linseed oil+menthol+methyl salicylate,Diclofenac | Linseed Oil | Menthol | Methyl Salicylate,4,,,CAVIN PHARMACEUTICALS,,main,master
AT-AL5ZYME-10S,AL5ZYME CAP 10'S,AL5ZYME,10'S,Capsule,148.87,Alpha Galactoside,alpha galactoside,Alpha Galactoside,1,,,ALEMBIC,MAXIS,manual,master
AT-AL5ZYME-DROP-15ML,AL5ZYME DROP 15ML,AL5ZYME DROP,15 ML,Drops,72.98,Fungal Diastase + Pepsin,fungal diastase+pepsin,Fungal Diastase | Pepsin,2,,,ALEMBIC,MAXIS,main,stock file
AT-AL5ZYME-LIQ-100ML,AL5ZYME LIQ 100ML,AL5ZYME LIQ,100 ML,,161.00,Fungal Diastase + Pepsin,fungal diastase+pepsin,Fungal Diastase | Pepsin,2,,,ALEMBIC,MAXIS,main,stock file
AT-ALANZ-D-10S,ALANZ D TAB 10'S,ALANZ D,10'S,Tablet,187.13,,,,,,,WALLACE PHARMA.LTD.LIFESTYLE,,,stock file
AT-ALCICOLD-NASAL-DROP-10ML,ALCICOLD NASAL DROP 10ML,ALCICOLD NASAL DROP,10 ML,Drops,58.35,,,,,,,ROSSWELT BIOSCIENCES,,,master
AT-ALCIPRO-TABS-250MG,ALCIPRO TABS 250MG,ALCIPRO TABS 250MG,,Tablet,21.71,Ciprofloxacin,ciprofloxacin,Ciprofloxacin,1,,,ALKEM PHARMA,ALPHA MAX,main,stock file
AT-ALCIPRO-TABS-500MG,ALCIPRO TABS 500MG,ALCIPRO TABS 500MG,,Tablet,44.52,Ciprofloxacin 500mg,ciprofloxacin 500mg,Ciprofloxacin,1,Anti-infective,,ALKEM PHARMA,ALPHA MAX,alkem,master
AT-ALCIROX-ZN-10S,ALCIROX-ZN CAP 10'S,ALCIROX-ZN,10'S,Capsule,98.44,,,,,,,ROSSWELT BIOSCIENCES,,,master
AT-ALCOCET-M-KID-10S,ALCOCET-M KID TAB 10'S,ALCOCET-M KID,10'S,Tablet,67.50,,,,,,,ROSSWELT BIOSCIENCES,,,master
AT-ALCROS-100MG-10S,ALCROS 100MG TABS,ALCROS 100MG,10'S,Tablet,137.81,Itraconazole 100mg,itraconazole 100mg,Itraconazole,1,ANTI-INFECTIVES,,SUN PHARMA,LAB.CROSSLAND 1,sun pharma sheet,stock file
AT-ALCROS-200MG-10S,ALCROS 200MG TAB,ALCROS 200MG,10'S,Tablet,236.25,Itraconazole 200mg,itraconazole 200mg,Itraconazole,1,ANTI-INFECTIVES,,SUN PHARMA,LAB.CROSSLAND 1,sun pharma sheet,master
AT-ALCROS-SB-130-MG-1S,ALCROS SB 130 MG TAB 1,ALCROS SB 130 MG,1'S,Tablet,255.94,,,,,,,SUN PHARMA,LAB.CROSSLAND 1,,master
AT-ALCROS-SB-50-MG,ALCROS SB 50 MG TAB,ALCROS SB 50 MG,,Tablet,121.88,,,,,,,SUN PHARMA,LAB.CROSSLAND 1,,stock file
AT-ALDACTONE-100MG-15S15S,ALDACTONE 100MG TABS 15`S 15S,ALDACTONE 100MG,15'S 15S,Tablet,263.20,Spironolactone 25/50/100mg,spironolactone 25/50/100mg,Spironolactone,1,Cardiovascular,"Edema, hypertension, heart failure, hyperaldosteronism",RPG LIFE SCIENCE LTD,GLODIAN,rpg,master
AT-ALDACTONE-25MG-15S,ALDACTONE 25MG TABS 15`S,ALDACTONE 25MG,15'S,Tablet,34.90,Spironolactone 25/50/100mg,spironolactone 25/50/100mg,Spironolactone,1,Cardiovascular,"Edema, hypertension, heart failure, hyperaldosteronism",RPG LIFE SCIENCE LTD,GLODIAN,rpg,master
AT-ALDACTONE-50MG-15S,ALDACTONE 50MG TAB 15'S,ALDACTONE 50MG,15'S,Tablet,69.96,Spironolactone 25/50/100mg,spironolactone 25/50/100mg,Spironolactone,1,Cardiovascular,"Edema, hypertension, heart failure, hyperaldosteronism",RPG LIFE SCIENCE LTD,GLODIAN,rpg,master
AT-ALDACTONE-F-10S,ALDACTONE F TAB 10'S,ALDACTONE F,10'S,Tablet,101.28,,,,,,,RPG LIFE SCIENCE LTD,GLODIAN,,master
AT-ALDACTONE-T-10MG-TABS-15-S-1,ALDACTONE T 10MG TABS 15`S 15,ALDACTONE T 10MG TABS 15`S 15,,Tablet,100.74,,,,,,,RPG LIFE SCIENCE LTD,GLODIAN,,master
AT-ALDACTONE-T-5-MG-15S,ALDACTONE T 5 MG TABS 15`S,ALDACTONE T 5 MG,15'S,Tablet,75.68,Spironolactone 50mg + Torsemide 5/10mg,spironolactone 50mg+torsemide 5/10mg,Spironolactone | Torsemide,2,Cardiovascular,"Edema, heart failure, fluid retention",RPG LIFE SCIENCE LTD,GLODIAN,rpg,master
AT-ALDOSMIN-1000MG-10S,ALDOSMIN 1000MG TAB 10'S,ALDOSMIN 1000MG,10'S,Tablet,243.75,Diosmin + Flavonoids 1000mg,diosmin+flavonoids 1000mg,Diosmin | Flavonoids,2,CARDIAC,,SUN PHARMA,LABORATORIES LTD,sun pharma sheet,stock file
AT-ALDOSMIN-500MG-10S,ALDOSMIN 500MG TAB 10'S,ALDOSMIN 500MG,10'S,Tablet,140.63,Diosmin + Flavonoids 500mg,diosmin+flavonoids 500mg,Diosmin | Flavonoids,2,CARDIAC,,SUN PHARMA,LABORATORIES LTD,sun pharma sheet,stock file
AT-ALEM-20-10S,ALEM 20 10'S,ALEM 20,10'S,,67.41,Rabeprazole,rabeprazole,Rabeprazole,1,,,ALEMBIC,MAXIS,main,stock file
AT-ALERCHEK-DROP-5ML,ALERCHEK DROP 5ML.,ALERCHEK DROP,5 ML,Drops,104.06,,,,,,,INDOCO REMEDIES LTD,EXCEL,,stock file
AT-ALERCID-M-10S,ALERCID M TAB 1*10,ALERCID M,10'S,Tablet,167.81,Levocetirizine + Montelukast,levocetirizine+montelukast,Levocetirizine | Montelukast,2,,,ARRIENT HEALTHCARE,(ORENDA)PRIVATE LIM,main,master
AT-ALERCID-TOTAL-10S,ALERCID TOTAL TAB 1*10,ALERCID TOTAL,10'S,Tablet,154.69,Fexofenadine + Montelukast,fexofenadine+montelukast,Fexofenadine | Montelukast,2,,,ARRIENT HEALTHCARE,(ORENDA)PRIVATE LIM,main,master
AT-ALEVO-250MG-10S,ALEVO 250MG TABS 10'S,ALEVO 250MG,10'S,Tablet,46.13,Levofloxacin 250mg,levofloxacin 250mg,Levofloxacin,1,Anti-infective,,ALKEM LABS,LTD NEXA,alkem,stock file
AT-ALEVO-500MG-10S,ALEVO 500MG TABS 10'S,ALEVO 500MG,10'S,Tablet,84.84,Levofloxacin 500mg,levofloxacin 500mg,Levofloxacin,1,Anti-infective,,ALKEM LABS,LTD NEXA,alkem,master
AT-ALEVO-750MG-10S,ALEVO 750MG TABS 10'S,ALEVO 750MG,10'S,Tablet,120.00,Levofloxacin 750mg,levofloxacin 750mg,Levofloxacin,1,Anti-infective,,ALKEM LABS,LTD NEXA,alkem,stock file
AT-ALFALOG-10S,ALFALOG TABS 10'S,ALFALOG,10'S,Tablet,463.33,Alpha Ketoanalogues,alpha ketoanalogues,Alpha Ketoanalogues,1,Nephrology,"Chronic kidney disease, nutritional management in renal insufficiency",RPG LIFE SCIENCES,LTD. NEUROPS,rpg,master
AT-ALFATEX-FORTE-10S,ALFATEX-FORTE CAP 10'S,ALFATEX-FORTE,10'S,Capsule,260.00,,,,,,,NEO LIFE SCIENCES,,,master
AT-ALGATE-O,ALGATE O SYRUP,ALGATE O,,Syrup,213.00,Calcium Carbonate + Sodium Alginate + Sodium Bicarbonate,calcium carbonate+sodium alginate+sodium bicarbonate,Calcium Carbonate | Sodium Alginate | Sodium Bicarbonate,3,,,ENICAR PHARMACEUTICALS,PVT.LTD,main,master
AT-ALGATE-200ML,ALGATE SYRUP 200ML,ALGATE,200 ML,Syrup,192.00,Calcium Carbonate + Sodium Alginate + Sodium Bicarbonate,calcium carbonate+sodium alginate+sodium bicarbonate,Calcium Carbonate | Sodium Alginate | Sodium Bicarbonate,3,,,ENICAR PHARMACEUTICALS,PVT.LTD,main,master
AT-ALGIDUO-SUSPENSION-150ML,ALGIDUO SUSPENSION 150ML,ALGIDUO SUSPENSION,150 ML,Suspension,159.38,Alginate Raft-Forming,alginate raft-forming,Alginate Raft-Forming,1,,,TORRENT PHARMACEUTICALS,LTD,torrent,master
AT-ALGOS-SPAS-TAB-NAARI-10S,ALGOS SPAS TAB NAARI 10'S,ALGOS SPAS TAB NAARI,10'S,Tablet,121.88,,,,,,,JAGSONPAL PHARMA,LTD.NARI DIV,,stock file
AT-ALICTHER-L-6S,ALICTHER-L TAB 6'S,ALICTHER-L,6'S,Tablet,130.31,,,,,,,ROSSWELT BIOSCIENCES,,,stock file
AT-ALKEL-100ML,ALKEL SYRUP 100ML,ALKEL,100 ML,Syrup,62.34,Magnesium Citrate + Potassium Citrate,magnesium citrate+potassium citrate,Magnesium Citrate | Potassium Citrate,2,,,ALKEM PHARMA,ALPHA MAX,main,stock file
AT-ALKEL-200ML,ALKEL SYRUP 200ML,ALKEL,200 ML,Syrup,95.63,Magnesium Citrate + Potassium Citrate,magnesium citrate+potassium citrate,Magnesium Citrate | Potassium Citrate,2,,,ALKEM PHARMA,ALPHA MAX,main,stock file
AT-ALKEPIN-ODT-100-10S,ALKEPIN ODT-100 TAB 10'S,ALKEPIN ODT-100,10'S,Tablet,90.30,Clozapine,clozapine,Clozapine,1,,,ALKEM LAB.LTD,PRIZMA,manual,master
AT-ALKEPIN-ODT-12-5-10S,ALKEPIN ODT-12.5 TAB 10'S,ALKEPIN ODT-12.5,10'S,Tablet,32.45,Clozapine,clozapine,Clozapine,1,,,ALKEM LAB.LTD,PRIZMA,manual,master
AT-ALKEPIN-ODT-200-10S,ALKEPIN ODT-200 TAB 10'S,ALKEPIN ODT-200,10'S,Tablet,260.60,Clozapine,clozapine,Clozapine,1,,,ALKEM LAB.LTD,PRIZMA,manual,master
AT-ALKEPIN-ODT-25-10S,ALKEPIN ODT-25 TAB 10'S,ALKEPIN ODT-25,10'S,Tablet,29.72,Clozapine,clozapine,Clozapine,1,,,ALKEM LAB.LTD,PRIZMA,manual,master
AT-ALKEPIN-ODT-50,ALKEPIN ODT-50 TAB,ALKEPIN ODT-50,,Tablet,55.44,Clozapine,clozapine,Clozapine,1,,,ALKEM LAB.LTD,PRIZMA,manual,master
AT-ALLERZY-DC-110ML,ALLERZY-DC SYRUP 110ML,ALLERZY-DC,110 ML,Syrup,99.00,Chlorpheniramine + Dextromethorphan,chlorpheniramine+dextromethorphan,Chlorpheniramine | Dextromethorphan,2,,,ENICAR PHARMACEUTICALS,PVT.LTD,main,master
AT-ALLERZY-LM-50ML,ALLERZY-LM SYRUP 50ML,ALLERZY-LM,50 ML,Syrup,99.00,Levocetirizine + Montelukast,levocetirizine+montelukast,Levocetirizine | Montelukast,2,,,ENICAR PHARMACEUTICALS,PVT.LTD,main,master
AT-ALLERZY-X-110ML,ALLERZY-X SYRUP 110ML,ALLERZY-X,110 ML,Syrup,99.00,Levocetirizine,levocetirizine,Levocetirizine,1,,,ENICAR PHARMACEUTICALS,PVT.LTD,main,master
AT-ALMITO-PLUS-10S,ALMITO PLUS TAB 10S,ALMITO PLUS,10S,Tablet,236.25,Alpha Lipoic Acid + Folic Acid + Methylcobalamin + Pyridoxine,alpha lipoic acid+folic acid+methylcobalamin+pyridoxine,Alpha Lipoic Acid | Folic Acid | Methylcobalamin | Pyridoxine,4,,,ALKEM LAB.LTD,PRIZMA,main,stock file
AT-ALNEX-NT-10S,ALNEX-NT TAB 10,ALNEX-NT,10'S,Tablet,175.22,Nortriptyline + Pregabalin,nortriptyline+pregabalin,Nortriptyline | Pregabalin,2,,,ALEMBIC,LTD COROZONE,main,stock file
AT-ALOHA-XT-TAB-30-S,"ALOHA XT TAB 30,S","ALOHA XT TAB 30,S",,Tablet,401.95,,,,,,,INDOCO,REMEDIES LTD,,stock file
AT-ALOJA-12-5-MG-10S,ALOJA 12.5 MG TAB 10,ALOJA 12.5 MG,10'S,Tablet,90.75,,,,,,,INDOCO REMEDIES,SYNERGY,,stock file
AT-ALOJA-25-MG-10S,ALOJA 25 MG TAB 10,ALOJA 25 MG,10'S,Tablet,154.13,,,,,,,INDOCO REMEDIES,SYNERGY,,master
AT-ALOJA-M-FORTE-TAB-12-5-1000-10S,ALOJA M FORTE TAB 12.5/1000 1*10TAB,ALOJA M FORTE TAB 12.5/1000,10'S,Tablet,99.64,,,,,,,INDOCO REMEDIES,SYNERGY,,stock file
AT-ALOJA-M-FORTE-TAB-12-5-1000M-60S,ALOJA M FORTE TAB 12.5/1000MG 1*60TAB,ALOJA M FORTE TAB 12.5/1000MG,60'S,Tablet,597.84,,,,,,,INDOCO REMEDIES,SYNERGY,,stock file
AT-ALOJA-M-TAB-12-5-500MG-10S,ALOJA M TAB 12.5/500MG TAB 10'S,ALOJA M TAB 12.5/500MG,10'S,Tablet,90.23,,,,,,,INDOCO REMEDIES,SYNERGY,,stock file
AT-ALOKEM-75-50GM,ALOKEM 75 GEL 50GMS,ALOKEM 75,50 GM,Gel,215.38,,needs_verification,Needs_verification,1,,,ALKEM LAB,LTD DERMAKEM,main,stock file
AT-ALOKEM-50GM,ALOKEM CREAM 50GM,ALOKEM,50 GM,Cream,129.05,,needs_verification,Needs_verification,1,,,ALKEM LAB,LTD DERMAKEM,main,stock file
AT-ALOKEM-100ML,ALOKEM LOTION 100ML.,ALOKEM,100 ML,Lotion,222.50,,needs_verification,Needs_verification,1,,,ALKEM LAB,LTD DERMAKEM,main,stock file
AT-ALPRAX-0-25-15S,ALPRAX 0.25TAB 15S,ALPRAX 0.25,15S,Tablet,39.65,,,,,,,TORRENT PHARMA,VISTA,,master
AT-ALPRAX-0-5-15S,ALPRAX 0.5 TAB 15S,ALPRAX 0.5,15S,Tablet,81.35,,,,,,,TORRENT PHARMA,VISTA,,master
AT-ALPRAX-PLUS-10S,ALPRAX PLUS TAB 10S,ALPRAX PLUS,10S,Tablet,85.75,Alprazolam + Sertraline,alprazolam+sertraline,Alprazolam | Sertraline,2,,,TORRENT PHARMA,VISTA,torrent,master
AT-ALPRAX-SR-0-5-10S,ALPRAX SR 0.5 TAB 10S,ALPRAX SR 0.5,10S,Tablet,20.99,,,,,,,TORRENT PHARMA,VISTA,,stock file
AT-ALPROCONTIN-0-5MG-10-S-NR,ALPROCONTIN 0.5MG 10'S NR,ALPROCONTIN 0.5MG 10'S NR,,,36.56,,,,,,,MODI MUNDI PHARMA,LTD,,stock file
AT-ALPROVIT-ACTIVE-200GM,ALPROVIT ACTIVE 200GM POWDER,ALPROVIT ACTIVE,200 GM,Powder,371.95,Multiminerals + Multivitamins + Protein,multiminerals+multivitamins+protein,Multiminerals | Multivitamins | Protein,3,,,ALKEM LABORATORIES,LTD.ALFA NEXGEN,main,master
AT-ALPROVIT-GRANUALS-JAR-20GM-1,ALPROVIT GRANUALS JAR (20GM 10 SACHET),ALPROVIT GRANUALS JAR (20GM 10 SACHET),,Sachet,359.00,Multiminerals + Multivitamins + Protein Hydrolysate,multiminerals+multivitamins+protein hydrolysate,Multiminerals | Multivitamins | Protein Hydrolysate,3,,,ALKEM LABS,LTD NEXA,main,stock file
AT-ALPROVIT-200ML,ALPROVIT+ SYP. 200ML,ALPROVIT+,200 ML,Syrup,229.65,Multiminerals + Multivitamins + Protein,multiminerals+multivitamins+protein,Multiminerals | Multivitamins | Protein,3,,,ALKEM LABS,LTD NEXA,main,master
AT-ALSECTAN-100MG-14S,ALSECTAN 100MG TAB 14'S,ALSECTAN 100MG,14'S,Tablet,590.63,Aceclofenac,aceclofenac,Aceclofenac,1,,,ALEMBIC,CARDIGEM,main,stock file
AT-ALSECTAN-200MG-7S,ALSECTAN 200MG 7'S TAB,ALSECTAN 200MG,7'S,Tablet,360.94,Aceclofenac,aceclofenac,Aceclofenac,1,,,ALEMBIC,CARDIGEM,main,stock file
AT-ALSECTAN-50MG-14S,ALSECTAN 50MG 14'S TAB,ALSECTAN 50MG,14'S,Tablet,380.63,Aceclofenac,aceclofenac,Aceclofenac,1,,,ALEMBIC,CARDIGEM,main,stock file
AT-ALSITA-E-10MG-10S,ALSITA E 10MG TAB 10'S,ALSITA E 10MG,10'S,Tablet,149.05,Empagliflozin,empagliflozin,Empagliflozin,1,,,ALKEM LABORATRIES LTD,METANEXT,main,master
AT-ALSITA-E-25MG-10S,ALSITA E 25MG TAB 10'S,ALSITA E 25MG,10'S,Tablet,158.40,Empagliflozin,empagliflozin,Empagliflozin,1,,,ALKEM LABORATRIES LTD,METANEXT,main,master
AT-ALSITA-GM-1MG,ALSITA GM 1MG TAB,ALSITA GM 1MG,,Tablet,120.90,Glimepiride + Metformin,glimepiride+metformin,Glimepiride | Metformin,2,,,ALKEM LABORATRIES LTD,METANEXT,main,master
AT-ALSITA-GM-2MG,ALSITA GM 2MG TAB,ALSITA GM 2MG,,Tablet,139.65,Glimepiride + Metformin,glimepiride+metformin,Glimepiride | Metformin,2,,,ALKEM LABORATRIES LTD,METANEXT,main,master
AT-ALSITA-M-100MG-FORTE-10S,ALSITA M 100MG FORTE TAB 10'S,ALSITA M 100MG FORTE,10'S,Tablet,156.56,Metformin,metformin,Metformin,1,,,ALKEM LABORATRIES LTD,METANEXT,main,master
AT-ALSITA-M-100MG-10S,ALSITA M 100MG TAB 10'S,ALSITA M 100MG,10'S,Tablet,159.80,Metformin,metformin,Metformin,1,,,ALKEM LABORATRIES LTD,METANEXT,main,master
AT-ALSITA-M-50MG-FORTE-IR-10S,ALSITA M 50MG FORTE IR TAB 10'S,ALSITA M 50MG FORTE IR,10'S,Tablet,86.25,Metformin + Sitagliptin,metformin+sitagliptin,Metformin | Sitagliptin,2,,,ALKEM LABORATRIES LTD,METANEXT,main,stock file
AT-ALSITA-M-50MG-FORTE-10S,ALSITA M 50MG FORTE TAB 10'S,ALSITA M 50MG FORTE,10'S,Tablet,101.25,Metformin + Sitagliptin,metformin+sitagliptin,Metformin | Sitagliptin,2,,,ALKEM LABORATRIES LTD,METANEXT,main,stock file
AT-ALSITA-M-50MG-IR-10S,ALSITA M 50MG IR TAB 10'S,ALSITA M 50MG IR,10'S,Tablet,74.06,Metformin + Sitagliptin,metformin+sitagliptin,Metformin | Sitagliptin,2,,,ALKEM LABORATRIES LTD,METANEXT,main,stock file
AT-ALSITA-M-50MG-10S,ALSITA M 50MG TAB 10'S,ALSITA M 50MG,10'S,Tablet,110.15,Metformin,metformin,Metformin,1,,,ALKEM LABORATRIES LTD,METANEXT,main,master
AT-ALSITA-MP-1000MG-10S,ALSITA MP 1000MG TAB 10'S,ALSITA MP 1000MG,10'S,Tablet,209.05,Metformin 1000mg + Pioglitazone 15mg + Sitagliptin 100mg,metformin 1000mg+pioglitazone 15mg+sitagliptin 100mg,Metformin | Pioglitazone | Sitagliptin,3,,,ALKEM LABORATRIES LTD,METANEXT,manual,master
AT-ALSITA-MP-500MG-10S,ALSITA MP 500MG TAB 10'S,ALSITA MP 500MG,10'S,Tablet,190.75,Metformin 500mg + Pioglitazone 15mg + Sitagliptin 100mg,metformin 500mg+pioglitazone 15mg+sitagliptin 100mg,Metformin | Pioglitazone | Sitagliptin,3,,,ALKEM LABORATRIES LTD,METANEXT,manual,master
AT-ALSITA-TAB-100MG-10S,ALSITA TAB 100MG 10'S,ALSITA TAB 100MG,10'S,Tablet,121.41,Sitagliptin,sitagliptin,Sitagliptin,1,,,ALKEM LABORATRIES LTD,METANEXT,main,master
AT-ALSITA-TAB-50MG-10S,ALSITA TAB 50MG 10'S,ALSITA TAB 50MG,10'S,Tablet,110.15,Sitagliptin,sitagliptin,Sitagliptin,1,,,ALKEM LABORATRIES LTD,METANEXT,main,master
AT-ALSIVA-40MG-10S,ALSIVA 40MG TAB 10S,ALSIVA 40MG,10S,Tablet,150.00,Olmesartan,olmesartan,Olmesartan,1,,,ALEMBIC,DERMA,main,stock file
AT-ALSIVA-80MG-10S,ALSIVA 80MG TAB 10S,ALSIVA 80MG,10S,Tablet,279.38,Olmesartan,olmesartan,Olmesartan,1,,,ALEMBIC,DERMA,main,stock file
AT-ALT-FM-10S,ALT-FM TAB 10S,ALT-FM,10S,Tablet,158.81,,,,,,,INDOCO,REMEDIES LTD,,stock file
AT-ALTHROCIN-250MG-10S,ALTHROCIN 250MG TAB 10'S,ALTHROCIN 250MG,10'S,Tablet,69.70,Erythromycin,erythromycin,Erythromycin,1,,,ALEMBIC,MAXIS,main,master
AT-ALTHROCIN-500MG-10S,ALTHROCIN 500MG TAB 10'S,ALTHROCIN 500MG,10'S,Tablet,135.84,Erythromycin,erythromycin,Erythromycin,1,,,ALEMBIC,MAXIS,main,master
AT-ALTHROCIN-10ML,ALTHROCIN DROPS 10ML,ALTHROCIN,10 ML,Drops,57.33,Erythromycin,erythromycin,Erythromycin,1,,,ALEMBIC,MAXIS,main,master
AT-ALTHROCIN-KID-10S,ALTHROCIN KID TABS 10'S,ALTHROCIN KID,10'S,Tablet,45.05,Erythromycin,erythromycin,Erythromycin,1,,,ALEMBIC,MAXIS,main,stock file
AT-ALTHROCIN-LIQUID-60ML,ALTHROCIN LIQUID 60ML,ALTHROCIN LIQUID,60 ML,,73.12,Erythromycin,erythromycin,Erythromycin,1,,,ALEMBIC,MAXIS,main,master
AT-ALTIBRAIN-30S,ALTIBRAIN CAP 30'S,ALTIBRAIN,30'S,Capsule,"1,780.00",Sarsapa Taila 30mg,sarsapa taila 30mg,Sarsapa Taila,1,,,CELAGENEX RESEARCH INDIA PVT LTD,NEURO,main,master
AT-ALTIBRAIN-S-10S,ALTIBRAIN S CAP 10'S,ALTIBRAIN S,10'S,Capsule,445.00,Niacinamide 75mg + Sarsapa Taila 12.5mg,niacinamide 75mg+sarsapa taila 12.5mg,Niacinamide | Sarsapa Taila,2,,,CELAGENEX RESEARCH(INDIA)PVT.LTD.STROCK.,,main,master
AT-ALTORAN-40-10S,ALTORAN 40 TAB 10'S,ALTORAN 40,10'S,Tablet,125.44,Azilsartan Medoxomil,azilsartan medoxomil,Azilsartan Medoxomil,1,,,ALEMBIC,SPECIA,manual,master
AT-ALTORAN-40-10S-2,ALTORAN 40 TAB 10S,ALTORAN 40,10S,Tablet,209.81,Olmesartan,olmesartan,Olmesartan,1,,,ALEMBIC,ENTERON,main,stock file
AT-ALTORAN-80MG-10S,ALTORAN 80MG TAB 10S,ALTORAN 80MG,10S,Tablet,125.44,Olmesartan,olmesartan,Olmesartan,1,,,ALEMBIC,SPECIA,main,stock file
AT-ALTORAN-CH-12-5MG-10S,ALTORAN CH 12.5MG TAB 10S,ALTORAN CH 12.5MG,10S,Tablet,206.67,Chlorthalidone + Olmesartan,chlorthalidone+olmesartan,Chlorthalidone | Olmesartan,2,,,ALEMBIC,SPECIA,main,stock file
AT-ALTORAN-CH-25-MG,ALTORAN CH 25 MG TAB,ALTORAN CH 25 MG,,Tablet,111.89,Chlorthalidone,chlorthalidone,Chlorthalidone,1,,,ALEMBIC,ltd summit,main,stock file
AT-ALTRADAY-15S,ALTRADAY CAP 15'S,ALTRADAY,15'S,Capsule,210.94,,,,,,,SUN PHARMA LAB.LTD,CROSSLAND-LIFE,,master
AT-ALTRAFLAM-P-10S,ALTRAFLAM-P TAB 10'S,ALTRAFLAM-P,10'S,Tablet,47.81,,,,,,,SUN PHARMA LAB.LTD,CROSSLAND-LIFE,,stock file
AT-ALTRIS-5-SOLUTION-30ML,ALTRIS 5 SOLUTION 30ML,ALTRIS 5 SOLUTION,30 ML,Solution,660.38,Minoxidil,minoxidil,Minoxidil,1,,,ALEMBIC,DERMA,main,stock file
AT-ALTRIS-5-SOLUTION-60ML,ALTRIS 5 SOLUTION 60ML,ALTRIS 5 SOLUTION,60 ML,Solution,"1,797.00",Minoxidil,minoxidil,Minoxidil,1,,,ALEMBIC,DERMA,main,master
AT-ALTRIS-HD-BLAK,ALTRIS HD BLAK,ALTRIS HD BLAK,,,"1,486.00",Finasteride + Minoxidil,finasteride+minoxidil,Finasteride | Minoxidil,2,,,ALEMBIC,DERMA,main,master
AT-ALTRIS-HD-BRON,ALTRIS HD BRON,ALTRIS HD BRON,,,"1,603.00",Finasteride + Minoxidil,finasteride+minoxidil,Finasteride | Minoxidil,2,,,ALEMBIC,DERMA,main,master
AT-AMALAKI-60S,AMALAKI CAPS. 60S,AMALAKI,60S,Capsule,140.63,,,,,,,HIMALAYA DRUG COMPANY,ZEAL,,stock file
AT-AMAZEO-100-10S,AMAZEO 100 TAB 10S,AMAZEO 100,10S,Tablet,164.06,,,,,,,TORRENT PHARMACEUTICAL,AXON,,master
AT-AMAZEO-200-10S,AMAZEO 200 TAB 10S,AMAZEO 200,10S,Tablet,347.20,,,,,,,TORRENT PHARMACEUTICAL,AXON,,master
AT-AMAZEO-50-10S,"AMAZEO 50,TAB 10'S",AMAZEO 50,10'S,Tablet,102.05,,,,,,,TORRENT PHARMACEUTICAL,AXON,,master
AT-AMAZEO-OD-100-10S,AMAZEO OD 100 TAB 10S,AMAZEO OD 100,10S,Tablet,197.80,Amisulpride 100mg,amisulpride 100mg,Amisulpride,1,,,TORRENT PHARMACEUTICAL,AXON,torrent,master
AT-AMAZEO-OD-200-10S,AMAZEO OD 200 TAB 10S,AMAZEO OD 200,10S,Tablet,365.25,Amisulpride 200mg,amisulpride 200mg,Amisulpride,1,,,TORRENT PHARMACEUTICAL,AXON,torrent,master
AT-AMAZEO-OD-400-MG-10S,AMAZEO OD 400 MG TAB 1*10,AMAZEO OD 400 MG,10'S,Tablet,667.60,Amisulpride 400mg,amisulpride 400mg,Amisulpride,1,,,TORRENT PHARMACEUTICAL,AXON,torrent,master
AT-AMCHEK-2-5-10S,AMCHEK 2.5 TAB 10`S,AMCHEK 2.5,10'S,Tablet,17.43,,,,,,,INDOCO REMEDIES LTD,CND,,stock file
AT-AMCHEK-5-10S,AMCHEK 5 TAB 10`S,AMCHEK 5,10'S,Tablet,27.40,,,,,,,INDOCO REMEDIES LTD,CND,,master
AT-AMCHEK-AT-10S,AMCHEK AT TAB 10`S,AMCHEK AT,10'S,Tablet,70.31,,,,,,,INDOCO REMEDIES LTD,CND,,stock file
AT-AMCHEK-L-10S,AMCHEK L TAB 10`S,AMCHEK L,10'S,Tablet,73.50,,,,,,,INDOCO REMEDIES LTD,CND,,stock file
AT-AMCHEK-Z-10S,AMCHEK Z TAB 10`S,AMCHEK Z,10'S,Tablet,113.44,,,,,,,INDOCO REMEDIES LTD,CND,,stock file
AT-AMCLAID-375,AMCLAID-375 TAB,AMCLAID-375,,Tablet,148.13,,,,,,,INDOCO REMEDIES,WARREN ACE,,stock file
AT-AMCLAID-625,AMCLAID-625 TAB,AMCLAID-625,,Tablet,188.05,,,,,,,INDOCO REMEDIES,WARREN ACE,,stock file
AT-AMEXIDIL-SOLUTION-60ML,AMEXIDIL SOLUTION 60ML.,AMEXIDIL SOLUTION,60 ML,Solution,561.56,,,,,,,SUN PHARMACEUTICAL,ORTUS,,stock file
AT-AMIFRU-40MG-10S,AMIFRU 40MG.TABS 10S,AMIFRU 40MG,10S,Tablet,13.96,Amiloride + Furosemide,amiloride+furosemide,Amiloride | Furosemide,2,,,TORRENT PHARMA,PSYCAN CND,torrent,master
AT-AMIFRU-PLUS,AMIFRU PLUS TABS,AMIFRU PLUS,,Tablet,67.83,Amiloride + Furosemide,amiloride+furosemide,Amiloride | Furosemide,2,,,TORRENT PHARMACEUTICALS,LTD,torrent,stock file
AT-AMINOGRIF-10S,AMINOGRIF TAB 10'S,AMINOGRIF,10'S,Tablet,142.87,,,,,,,NUTRIMED HEALTHCARE,PVT.LTD,,stock file
AT-AMINOWAY-10S,AMINOWAY CAP 10S,AMINOWAY,10S,Capsule,160.00,,,,,,,NUTRIMED HEALTHCARE,PVT.LTD,,master
AT-AMLOKOS-DRY-30ML,AMLOKOS DRY SYRUP 30ML,AMLOKOS DRY,30 ML,Dry Syrup,63.63,,,,,,,RAPTAKOS BRETT & CO.LIMITED,,,stock file
AT-AMLOKOS-DS-DRY-30ML,AMLOKOS DS DRY SYRUP 30ML,AMLOKOS DS DRY,30 ML,Dry Syrup,147.19,,,,,,,RAPTAKOS BRETT & CO.LIMITED,,,stock file
AT-AMPLUS-LB-10S,AMPLUS LB CAP 1*10'S,AMPLUS LB,10'S,Capsule,124.37,,,,,,,JAGSONPAL PHARMACEUTICALS,LTD,,stock file
AT-AMPOXIN-1GM1,AMPOXIN 1GM INJ 1,AMPOXIN,1GM 1,Injection,28.08,Ampicillin + Cloxacillin For,ampicillin+cloxacillin for,Ampicillin | Cloxacillin For,2,,,TORRENT PHARMACEUTICALS LTD,UNICHEM,torrent,stock file
AT-AMPOXIN-500,AMPOXIN 500 CAP,AMPOXIN 500,,Capsule,100.64,Ampicillin + Cloxacillin,ampicillin+cloxacillin,Ampicillin | Cloxacillin,2,,,TORRENT PHARMACEUTICALS LTD,UNICHEM,torrent,stock file
AT-AMPOXIN-500GM1,AMPOXIN 500 GM INJ 1,AMPOXIN,500 GM 1,Injection,21.64,Ampicillin + Cloxacillin For,ampicillin+cloxacillin for,Ampicillin | Cloxacillin For,2,,,TORRENT PHARMACEUTICALS LTD,UNICHEM,torrent,stock file
AT-AMPOXIN-CV-375,AMPOXIN CV 375 CAP,AMPOXIN CV 375,,Capsule,155.53,Amoxicillin + Potassium Clavulanate _,amoxicillin+potassium clavulanate _,Amoxicillin | Potassium Clavulanate _,2,,,TORRENT PHARMACEUTICALS LTD,UNICHEM,torrent,stock file
AT-AMPOXIN-CV-625,AMPOXIN CV 625 CAP,AMPOXIN CV 625,,Capsule,159.52,Amoxicillin + Potassium Clavulanate _,amoxicillin+potassium clavulanate _,Amoxicillin | Potassium Clavulanate _,2,,,TORRENT PHARMACEUTICALS LTD,UNICHEM,torrent,stock file
AT-AMPOXIN-CV-DRY,AMPOXIN CV DRY SYP,AMPOXIN CV DRY,,Dry Syrup,53.41,,,,,,,TORRENT PHARMACEUTICALS LTD,UNICHEM,,stock file
AT-AMPOXIN-DRY-30ML,AMPOXIN DRY SYP 30ML,AMPOXIN DRY,30 ML,Dry Syrup,23.08,Ampicillin + Cloxacillin For,ampicillin+cloxacillin for,Ampicillin | Cloxacillin For,2,,,TORRENT PHARMACEUTICALS LTD,UNICHEM,torrent,stock file
AT-AMUCOE-200-SR-10S,AMUCOE 200 SR TAB 10'S,AMUCOE 200 SR,10'S,Tablet,160.31,,,,,,,KOYE PHARMACEUTICALS,P.LTD,,stock file
AT-AMUCOE-NAC-10S,AMUCOE-NAC TAB 10S,AMUCOE-NAC,10S,Tablet,146.25,,,,,,,KOYE PHARMACEUTICALS,P.LTD,,stock file
AT-ANABOOM-SHAMPOO-100ML,ANABOOM + SHAMPOO 100ML,ANABOOM + SHAMPOO,100 ML,Shampoo,404.50,,,,,,,SUN PHARMA,LTD PRIMA LAND,,master
AT-ANABOOM-AD-50ML,ANABOOM AD LOTION 50ML,ANABOOM AD,50 ML,Lotion,288.36,Hair Restorers,hair restorers,Hair Restorers,1,DERMA,,SUN PHARMA,LTD PRIMA LAND,sun pharma sheet,stock file
AT-ANABOOM-AD-SHAMPOO-100ML,ANABOOM AD SHAMPOO 100ML,ANABOOM AD SHAMPOO,100 ML,Shampoo,426.56,Hair Restorers,hair restorers,Hair Restorers,1,DERMA,,SUN PHARMA,LTD PRIMA LAND,sun pharma sheet,master
AT-ANABOOM-PRO-ADV-HAIR-GROWTH-,ANABOOM PRO ADV.HAIR GROWTH SE 60ML SERUM,ANABOOM PRO ADV.HAIR GROWTH SE 60ML SERUM,,Serum,"1,390.00",,,,,,,SUN PHARMA,LTD PRIMA LAND,,master
AT-ANABOOM-STEM-HAIR-SERUM-50ML,ANABOOM STEM HAIR SERUM 50ML,ANABOOM STEM HAIR SERUM,50 ML,Serum,"1,650.00",,,,,,,SUN PHARMA,LTD PRIMA LAND,,master
AT-ANASURE-2-5MG-15S,ANASURE 2.5MG TAB 15'S,ANASURE 2.5MG,15'S,Tablet,210.94,Minoxidil,minoxidil,Minoxidil,1,DERMA,,SUN PHARMA,LTD PRIMA LAND,sun pharma sheet,master
AT-ANASURE-2-60ML,ANASURE 2% LOTION 60ML,ANASURE 2%,60 ML,Lotion,418.13,,,,,,,SUN PHARMA,LTD PRIMA LAND,,master
AT-ANASURE-5,ANASURE 5% LOTION,ANASURE 5%,,Lotion,876.56,,,,,,,SUN PHARMA,LTD PRIMA LAND,,master
AT-ANASURE-5MG-15S,ANASURE 5MG TAB 15'S,ANASURE 5MG,15'S,Tablet,398.44,Minoxidil,minoxidil,Minoxidil,1,DERMA,,SUN PHARMA,LTD PRIMA LAND,sun pharma sheet,stock file
AT-ANASURE-F-60ML,ANASURE F 60ML,ANASURE F,60 ML,,834.38,,,,,,,SUN PHARMA,LTD PRIMA LAND,,master
AT-ANDRE-EYE-10ML,ANDRE EYE DROPS 10ML,ANDRE EYE,10 ML,Drops,63.28,,,,,,,INTAS (ANDRE )LABORATORIES,PVT,,stock file
AT-ANDRE-PLUS-DROP-10ML,ANDRE PLUS DROP 10ML.,ANDRE PLUS DROP,10 ML,Drops,77.34,Boric Acid 1.25% + Clorphenaremine Maleate 0.01% + Naphazoline Hcl 0.056% + Zinc Sulphate 0.12%,boric acid 1.25%+clorphenaremine maleate 0.01%+naphazoline hcl 0.056%+zinc sulphate 0.12%,Boric Acid | Clorphenaremine Maleate | Naphazoline Hcl | Zinc Sulphate,4,,,INTAS (ANDRE )LABORATORIES,PVT,main,master
AT-ANGICAM-2-5-MG-10S,ANGICAM 2.5 MG TAB 10'S,ANGICAM 2.5 MG,10'S,Tablet,15.93,Amlodipine,amlodipine,Amlodipine,1,,,BLUE CROSS LABS,LTD,main,master
AT-ANGICAM-5MG-10S,ANGICAM 5MG TABS 10'S,ANGICAM 5MG,10'S,Tablet,25.31,Amlodipine,amlodipine,Amlodipine,1,,,BLUE CROSS LABS,LTD,main,master
AT-ANGICAM-BETA-15S,ANGICAM BETA TABS 15'S,ANGICAM BETA,15'S,Tablet,41.25,Amlodipine + Metoprolol,amlodipine+metoprolol,Amlodipine | Metoprolol,2,,,BLUE CROSS LABS,LTD,main,master
AT-ANGICAM-H-15S,ANGICAM H TAB 15'S,ANGICAM H,15'S,Tablet,33.75,Amlodipine + Hydrochlorothiazide,amlodipine+hydrochlorothiazide,Amlodipine | Hydrochlorothiazide,2,,,BLUE CROSS LABS,LTD,main,master
AT-ANGICAM-LT-10S,ANGICAM LT TABS 10'S,ANGICAM LT,10'S,Tablet,60.94,Amlodipine + Losartan Potassium,amlodipine+losartan potassium,Amlodipine | Losartan Potassium,2,,,BLUE CROSS LABS,LTD,manual,master
AT-ANGICAM-M-15S,ANGICAM M TAB 15'S,ANGICAM M,15'S,Tablet,89.06,Amlodipine + Metoprolol Succina,amlodipine+metoprolol succina,Amlodipine | Metoprolol Succina,2,,,BLUE CROSS LABS,LTD,manual,master
AT-ANGIOTEC-10S,ANGIOTEC TAB 10'S,ANGIOTEC,10'S,Tablet,70.78,,,,,,,GSK LIMITED,TEAM 8,,stock file
AT-ANGISTAT-2-5MG,ANGISTAT 2.5MG TAB,ANGISTAT 2.5MG,,Tablet,190.31,,,,,,,SUN PHARMA LAB. LTD,DIABETE,,master
AT-ANGISTAT-6-5MG,ANGISTAT 6.5MG TAB,ANGISTAT 6.5MG,,Tablet,145.31,,,,,,,SUN PHARMA LAB. LTD,DIABETE,,stock file
AT-ANSOLAR-GEL-CREAM-SPF-30,ANSOLAR GEL CREAM SPF 30,ANSOLAR GEL CREAM SPF 30,,Cream,845.50,,,,,,,GSK LIMITED,TEAM 2 ETT,,stock file
AT-ANSOLAR-LOTION-SPF-60ML,ANSOLAR LOTION SPF 60ML.,ANSOLAR LOTION SPF,60 ML,Lotion,614.10,,,,,,,GSK LIMITED,TEAM 2 ETT,,stock file
AT-ANTI-HAIR-LOSS-CREAM-100M,ANTI HAIR LOSS CREAM 100M,ANTI HAIR LOSS CREAM 100M,,Cream,311.50,,,,,,,HIMALAYA DRUG COMPANY,ZEAL,,stock file
AT-ANTIDEP-25-10S,ANTIDEP 25 TAB 10 S,ANTIDEP 25,10 S,Tablet,16.27,Imipramine Hydrochloride 25mg,imipramine hydrochloride 25mg,Imipramine Hydrochloride,1,,,TORRENT PHARMACEUTICALS,NURON,torrent,stock file
AT-ANTIDEP-75-10S,ANTIDEP 75 TAB 10 S,ANTIDEP 75,10 S,Tablet,46.40,Imipramine Hydrochloride 25mg,imipramine hydrochloride 25mg,Imipramine Hydrochloride,1,,,TORRENT PHARMACEUTICALS,NURON,torrent,master
AT-ANZEE-10S,ANZEE TAB 10'S,ANZEE,10'S,Tablet,56.25,Azithromycin,azithromycin,Azithromycin,1,,,DEPSONS PHARMA,,main,master
AT-APIPURE-MAX-10S,APIPURE MAX TAB 10'S,APIPURE MAX,10'S,Tablet,399.00,Apixaban,apixaban,Apixaban,1,,,ARRIENT HEALTHCARE,(ARRIENT)PRIVATE LIM,main,master
AT-APIPURE-200ML,APIPURE SYP 200ML,APIPURE,200 ML,Syrup,164.06,Multiminerals + Multivitamins,multiminerals+multivitamins,Multiminerals | Multivitamins,2,,,ARRIENT HEALTHCARE,(ORENDA)PRIVATE LIM,main,master
AT-APIPURE-10S,APIPURE TAB 1*10,APIPURE,10'S,Tablet,129.05,Apixaban,apixaban,Apixaban,1,,,ARRIENT HEALTHCARE,(MERAKUS)PRIVATE LIM,main,master
AT-APISPUR-175ML,APISPUR 175ML.,APISPUR,175 ML,,106.88,Amalaki 18.75mg + Guduchi 75mg + Jeera 18.75mg + Kutki 18.75mg + Nagarmotha 18.75mg + Nimbuka 18.75mg/5ml + Pippali 18.75mg + Saunf 37.5mg + Vidang 18.75mg + Yavani 18.75mg,amalaki 18.75mg+guduchi 75mg+jeera 18.75mg+kutki 18.75mg+nagarmotha 18.75mg+nimbuka 18.75mg/5ml+pippali 18.75mg+saunf 37.5mg+vidang 18.75mg+yavani 18.75mg,Amalaki | Guduchi | Jeera | Kutki | Nagarmotha | Nimbuka | Pippali | Saunf | Vidang | Yavani,10,Appetite Stimulant,,INDOCO,REMEDIES LTD,INDOCO,stock file
AT-APIXAPIL-5MG-10S,APIXAPIL 5MG TAB 10'S,APIXAPIL 5MG,10'S,Tablet,122.15,Apixaban,apixaban,Apixaban,1,ANTICOAGULANT,,ALKEM LABS,LTD. CARDIOLOGY,main,master
AT-APMS,APMS,APMS,,,,Isoflavones 60mg,isoflavones 60mg,Isoflavones,1,,Post-menopausal symptoms,APPENA LIFE PVT.LTD,,main,master
AT-APPCARRY,AppCarry,AppCarry,,,,Progesterone 200/400mg,progesterone 200/400mg,Progesterone,1,,Prevention/management of preterm birth and threatened abortion,APPENA LIFE PVT.LTD,,main,master
AT-APPCOXIB,APPCOXIB-90MG TAB 10'S,Appcoxib,10'S,Tablet,100.00,Etoricoxib 90/120mg,etoricoxib 90/120mg,Etoricoxib,1,,Pain and inflammation associated with arthritis and musculoskeletal conditions,APPENA LIFE PVT.LTD,,main,master
AT-APPCOXIB-MR-10S,APPCOXIB-MR TAB 10'S,APPCOXIB-MR,10'S,Tablet,220.00,Etoricoxib + Thiocolchicoside,etoricoxib+thiocolchicoside,Etoricoxib | Thiocolchicoside,2,,,APPENA LIFE PVT.LTD,,main,stock file
AT-APPDAF,AppDaf,AppDaf,,,,Deflazacort 6mg,deflazacort 6mg,Deflazacort,1,,"It is used for the treatment of various conditions such as inflammation, autoimmune diseases, and allergies. Deflazacort works by reducing inflammation in the body and suppressing the immune response. It helps in relieving symptoms such as pain, swelling, and redness.",Appena Life,,main,master
AT-APPDAF-12MG-10S,APPDAF-12MG TAB 10'S,APPDAF-12MG,10'S,Tablet,225.00,Deflazacort,deflazacort,Deflazacort,1,,,APPENA LIFE PVT.LTD,,main,stock file
AT-APPDAF-6MG-10S,APPDAF-6MG TAB 10'S,APPDAF-6MG,10'S,Tablet,122.81,Deflazacort,deflazacort,Deflazacort,1,,,APPENA LIFE PVT.LTD,,main,stock file
AT-APPFLAM,Appflam,Appflam,10'S,Tablet,130.00,Aceclofenac 100mg + Paracetamol 325mg + Serratiopeptidase 15mg,aceclofenac 100mg+paracetamol 325mg+serratiopeptidase 15mg,Aceclofenac | Paracetamol | Serratiopeptidase,3,,"Pain, inflammation and swelling",APPENA LIFE PVT.LTD,,main,master
AT-APPIGAB-NT,Appigab NT,Appigab NT,10'S,Tablet,206.00,Methylcobalamin 1500mcg + Nortriptyline 10mg + Pregabalin 75mg,methylcobalamin 1500mcg+nortriptyline 10mg+pregabalin 75mg,Methylcobalamin | Nortriptyline | Pregabalin,3,,Neuropathic pain,APPENA LIFE PVT.LTD,,main,master
AT-APPOVARY,Appovary,Appovary,,,,Metformin 500mg + Myo-Inositol 600mg,metformin 500mg+myo-inositol 600mg,Metformin | Myo-Inositol,2,,PCOS and associated metabolic/menstrual irregularities,APPENA LIFE PVT.LTD,,main,master
AT-APTIRICH-200ML,APTIRICH SYP 200ML,APTIRICH,200 ML,Syrup,81.56,Cyproheptadine 5ml + Sorbitol 2g + Tricholine Citrate 275mg,cyproheptadine 5ml+sorbitol 2g+tricholine citrate 275mg,Cyproheptadine | Sorbitol | Tricholine Citrate,3,,,DEPSONS PHARMA,,manual,master
AT-ARBIVIT-3-60ML,ARBIVIT 3 SYP 60ML.,ARBIVIT 3,60 ML,Syrup,123.75,Cholecalciferol 600IU/5ml,cholecalciferol 600iu/5ml,Cholecalciferol,1,Vitamin D supplementation - Children,Vitamin D drops for infants,RAPTAKOS BRETT & CO,EIDIKOS,raptakos,stock file
AT-ARBIVIT-3-FORTE-15ML,ARBIVIT-3 FORTE DROPS 15ML,ARBIVIT-3 FORTE,15 ML,Drops,95.50,Cholecalciferol 800IU/ml,cholecalciferol 800iu/ml,Cholecalciferol,1,,,RAPTAKOS BRETT & CO,EIDIKOS,manual,master
AT-ARGAPP,Argapp,Argapp,,,,L-Arginine 3g + Proanthocyanidin 75mg,l-arginine 3g+proanthocyanidin 75mg,L-Arginine | Proanthocyanidin,2,,"IUGR, PIH, oligohydramnios and placental insufficiency",APPENA LIFE PVT.LTD,,main,master
AT-ARIANZ-MD-10MG-10S,ARIANZ MD-10MG TAB 10'S,ARIANZ MD-10MG,10'S,Tablet,88.13,Aripiprazole,aripiprazole,Aripiprazole,1,,,ARRIENT HEALTHCARE,(NEUROX)PRIVATE LIM,main,stock file
AT-ARIANZ-MD-2-5MG-10S,ARIANZ MD-2.5MG TAB 10'S,ARIANZ MD-2.5MG,10'S,Tablet,40.31,Aripiprazole,aripiprazole,Aripiprazole,1,,,ARRIENT HEALTHCARE,(NEUROX)PRIVATE LIM,main,master
AT-ARIANZ-MD-5MG-10S,ARIANZ MD-5MG TAB 10'S,ARIANZ MD-5MG,10'S,Tablet,46.87,Aripiprazole,aripiprazole,Aripiprazole,1,,,ARRIENT HEALTHCARE,(NEUROX)PRIVATE LIM,main,master
AT-ARIANZ-MD-7-5MG-10S,ARIANZ MD-7.5MG TAB 10'S,ARIANZ MD-7.5MG,10'S,Tablet,57.19,Aripiprazole,aripiprazole,Aripiprazole,1,,,ARRIENT HEALTHCARE,(NEUROX)PRIVATE LIM,main,stock file
AT-ARIP-5MG-15S,ARIP 5MG TAB 15 S,ARIP 5MG,15 S,Tablet,48.38,,,,,,,TORRENT PHARMACEUTICALS,NURON,,stock file
AT-ARIP-MT-10-15S,ARIP MT 10 TAB 15 S,ARIP MT 10,15 S,Tablet,272.10,Aripiprazole 10mg,aripiprazole 10mg,Aripiprazole,1,,,TORRENT PHARMACEUTICALS,NURON,torrent,master
AT-ARIP-MT-15-15S,ARIP MT 15 TAB 15 S,ARIP MT 15,15 S,Tablet,353.25,Aripiprazole 15mg,aripiprazole 15mg,Aripiprazole,1,,,TORRENT PHARMACEUTICALS,NURON,torrent,master
AT-ARIP-MT-2-15S,ARIP MT 2 TAB 15S,ARIP MT 2,15S,Tablet,109.20,Aripiprazole,aripiprazole,Aripiprazole,1,,,TORRENT PHARMACEUTICALS,NURON,torrent,master
AT-ARIP-MT-20-15S,ARIP MT 20 TAB 15 S,ARIP MT 20,15 S,Tablet,448.10,Aripiprazole 20mg,aripiprazole 20mg,Aripiprazole,1,,,TORRENT PHARMACEUTICALS,NURON,torrent,master
AT-ARIP-MT-30-15S,ARIP MT 30 TAB 15 S,ARIP MT 30,15 S,Tablet,527.81,Aripiprazole 30mg,aripiprazole 30mg,Aripiprazole,1,,,TORRENT PHARMACEUTICALS,NURON,torrent,master
AT-ARIP-MT-5-15S,ARIP MT 5 TABS 15 S,ARIP MT 5,15 S,Tablet,160.70,Aripiprazole 5mg,aripiprazole 5mg,Aripiprazole,1,,,TORRENT PHARMACEUTICALS,NURON,torrent,master
AT-ARIPHERENZ-5-MG-10S,ARIPHERENZ-5 MG TAB 1*10,ARIPHERENZ-5 MG,10'S,Tablet,69.84,Aripiprazole,aripiprazole,Aripiprazole,1,,,ALKEM LAB. LTD,PENTACARE,main,stock file
AT-ARIPHRENZ-15MG-10S,ARIPHRENZ 15MG TAB 1*10TAB,ARIPHRENZ 15MG,10'S,Tablet,142.97,Aripiprazole 15mg,aripiprazole 15mg,Aripiprazole,1,SCHIZOPHRENIA,,ALKEM LAB. LTD,PENTACARE,alkem,stock file
AT-ARIVOG-M-0-2-15S,ARIVOG-M 0.2 TAB 1*15,ARIVOG-M 0.2,15'S,Tablet,135.94,Metformin + Voglibose,metformin+voglibose,Metformin | Voglibose,2,,,ARRIENT HEALTHCARE,(ARRIENT)PRIVATE LIM,main,stock file
AT-ARIVOG-M-0-3-15S,ARIVOG-M 0.3 TAB 1*15,ARIVOG-M 0.3,15'S,Tablet,118.59,Metformin + Voglibose,metformin+voglibose,Metformin | Voglibose,2,,,ARRIENT HEALTHCARE,(ARRIENT)PRIVATE LIM,main,master
AT-ARKAMIN-150MG-30S,ARKAMIN 150MG TAB 30'S,ARKAMIN 150MG,30'S,Tablet,182.30,Clonidine Hydrochloride 150mcg,clonidine hydrochloride 150mcg,Clonidine Hydrochloride,1,,,TORRENT PHARMA,INTEGRA,torrent,master
AT-ARKAMIN-H-10S,ARKAMIN H TAB 10,ARKAMIN H,10'S,Tablet,29.29,Clonidine Hydrochloride + Hydrochlorothiazide,clonidine hydrochloride+hydrochlorothiazide,Clonidine Hydrochloride | Hydrochlorothiazide,2,,,TORRENT PHARMA,INTEGRA,torrent,master
AT-ARKAMIN,ARKAMIN TAB,ARKAMIN,,Tablet,99.28,Clonidine 100mcg,clonidine 100mcg,Clonidine,1,,,TORRENT PHARMA,INTEGRA,torrent,master
AT-ARPIEMPA-10MG-10S,ARPIEMPA 10MG TAB 10'S,ARPIEMPA 10MG,10'S,Tablet,37.50,,,,,,,RPG LIFE SCIENCE LTD,GLODIAN,,master
AT-ARPIEMPA-25MG-10S,ARPIEMPA 25MG TAB 10'S,ARPIEMPA 25MG,10'S,Tablet,65.63,,,,,,,RPG LIFE SCIENCE LTD,GLODIAN,,master
AT-ARPIEMPA-L-10MG-5MG-10S,ARPIEMPA L 10MG/5MG TAB 10'S,ARPIEMPA L 10MG/5MG,10'S,Tablet,84.38,,,,,,,RPG LIFE SCIENCE LTD,GLODIAN,,master
AT-ARPIEMPA-L-25MG-5MG-10S,ARPIEMPA L 25MG/5MG TAB 10'S,ARPIEMPA L 25MG/5MG,10'S,Tablet,103.13,,,,,,,RPG LIFE SCIENCE LTD,GLODIAN,,master
AT-ARPIEMPA-M-12-5MG-500MG-10S,ARPIEMPA# M 12.5MG/500MG TAB 10'S,ARPIEMPA# M 12.5MG/500MG,10'S,Tablet,84.38,,,,,,,RPG LIFE SCIENCE LTD,GLODIAN,,master
AT-ARPIMUNE-ME-25-10S,ARPIMUNE ME 25 TAB 10,ARPIMUNE ME 25,10'S,Tablet,124.10,Cyclosporine Micro-Emulsion Soft 25/50/100mg,cyclosporine micro-emulsion soft 25/50/100mg,Cyclosporine Micro-Emulsion Soft,1,Nephrology,"Organ transplantation, prevention of graft rejection",RPG LIFE SCIENCES,LTD. NEUROPS,rpg,master
AT-ARPIMUNE-ME-50MG-5S,ARPIMUNE-ME 50MG TAB 5S,ARPIMUNE-ME 50MG,5S,Tablet,214.40,,,,,,,RPG LIFE SCIENCES,LTD. NEUROPS,,master
AT-ARPIMUNE-ME100-5S,ARPIMUNE-ME100 TAB 5S,ARPIMUNE-ME100,5S,Tablet,413.37,,,,,,,RPG LIFE SCIENCES,LTD. NEUROPS,,stock file
AT-ARPITOR-CP-10-90S,ARPITOR CP 10 90'S,ARPITOR CP 10,90'S,,55.22,,,,,,,"RPG LIFE SCIENCES L..,",SEARLE,,stock file
AT-ARTHLAST-TAB-30MG-10S,ARTHLAST TAB 30MG 10'S,ARTHLAST TAB 30MG,10'S,Tablet,234.38,,,,,,,WALLACE PHARMA,DELITE,,stock file
AT-ARTHONEX-10S,ARTHONEX TAB 1*10TAB,ARTHONEX,10'S,Tablet,711.86,Ascorbic Acid 40mg + Bos. Serrara 300mg + Ha 40mg + Uc2 40mg,ascorbic acid 40mg+bos. serrara 300mg+ha 40mg+uc2 40mg,Ascorbic Acid | Bos. Serrara | Ha | Uc2,4,Anti Osteoarthritic,Osteoarthritis,WALLACE PHARMA,LIFESTYLE DC,wallace,master
AT-ARTILAGE-10S,ARTILAGE TAB 10S,ARTILAGE,10S,Tablet,188.44,,,,,,,WALLACE PHARMA.LTD.LIFESTYLE,,,stock file
AT-ASENERV-10S,ASENERV TAB 10'S,ASENERV,10'S,Tablet,160.16,,,,,,,NUTRIMED HEALTHCARE,PVT.LTD,,master
AT-ASHVAGANDHA-120S,ASHVAGANDHA TAB 120'S,ASHVAGANDHA,120'S,Tablet,390.00,Withania Somnifera,withania somnifera,Withania Somnifera,1,,,HIMALAYA DRUG COMPANY,OTX,main,master
AT-ASHVAGANDHA-60S,ASHVAGANDHA TAB 60'S,ASHVAGANDHA,60'S,Tablet,240.00,Withania Somnifera,withania somnifera,Withania Somnifera,1,,,HIMALAYA DRUG COMPANY,OTX,main,master
AT-ASTA-4-100ML,ASTA 4 SYP 100ML,ASTA 4,100 ML,Syrup,66.73,Cyproheptadine + Multivitamins,cyproheptadine+multivitamins,Cyproheptadine | Multivitamins,2,,,BESTOCHEM FORMULATIONS,,main,stock file
AT-ASTHAFEN-10S,ASTHAFEN TAB 10S,ASTHAFEN,10S,Tablet,70.50,Ketotifen 1mg,ketotifen 1mg,Ketotifen,1,,,TORRENT PHARMACEUTICALS,LTD,torrent,master
AT-ATECARD-AM-14S-2,ATECARD -AM TAB 1*14,ATECARD -AM,14'S,Tablet,150.70,Amlodipine + Atenolol,amlodipine+atenolol,Amlodipine | Atenolol,2,,,ALEMBIC,ltd summit,main,stock file
AT-ATECARD-25-10S-2,ATECARD 25 10S,ATECARD 25,10S,Tablet,58.92,Atenolol,atenolol,Atenolol,1,,,ALEMBIC,ltd summit,main,stock file
AT-ATECARD-25-10S,ATECARD 25 TAB 10'S,ATECARD 25,10'S,Tablet,58.92,Atenolol,atenolol,Atenolol,1,,,ALEMBIC,ltd summit,main,master
AT-ATECARD-50-10S,ATECARD 50 TAB 10'S,ATECARD 50,10'S,Tablet,34.88,Atenolol,atenolol,Atenolol,1,,,ALEMBIC,ltd summit,main,master
AT-ATECARD-D-15S,ATECARD D TAB 15'S,ATECARD D,15'S,Tablet,96.28,Atenolol + Hydrochlorothiazide,atenolol+hydrochlorothiazide,Atenolol | Hydrochlorothiazide,2,,,ALEMBIC,ltd summit,main,master
AT-ATECARD-AM-14S,ATECARD-AM TAB 14'S,ATECARD-AM,14'S,Tablet,150.70,Amlodipine + Atenolol,amlodipine+atenolol,Amlodipine | Atenolol,2,,,ALEMBIC,ltd summit,main,master
AT-ATHEROCHEK-10MG-10S,ATHEROCHEK 10MG TAB 10'S,ATHEROCHEK 10MG,10'S,Tablet,141.84,Atorvastatin 10mg + Folic Acid 5mg + Methylcobalamin 500mcg + Pyridoxine 10mg,atorvastatin 10mg+folic acid 5mg+methylcobalamin 500mcg+pyridoxine 10mg,Atorvastatin | Folic Acid | Methylcobalamin | Pyridoxine,4,Cardiac,,INDOCO,REMEDIES LTD. FOCUS,INDOCO,stock file
AT-ATLURA-40-10S,ATLURA 40 TAB 10S,ATLURA 40,10S,Tablet,149.34,,,,,,,TORRENT PHARMACEUTICAL,AXON,,stock file
AT-ATLURA-80-10S,ATLURA 80 TAB 10S,ATLURA 80,10S,Tablet,273.66,,,,,,,TORRENT PHARMACEUTICAL,AXON,,stock file
AT-ATM-100-15ML,ATM 100 SYP 15ML,ATM 100,15 ML,Syrup,56.50,Azithromycin 100mg,azithromycin 100mg,Azithromycin,1,Anti-Infectives,,INDOCO REMEDIES LTD,SPADE,INDOCO,master
AT-ATM-200-15ML,ATM 200 SYP 15ML,ATM 200,15 ML,Syrup,54.66,Azithromycin Per 100mg,azithromycin per 100mg,Azithromycin Per,1,Anti-Infectives,,INDOCO REMEDIES LTD,SPADE,INDOCO,master
AT-ATM-250-10S,ATM 250 TAB 10'S,ATM 250,10'S,Tablet,124.64,Azithromycin 250mg,azithromycin 250mg,Azithromycin,1,Anti-Infectives,,INDOCO REMEDIES LTD,SPADE,INDOCO,master
AT-ATM-500-5S,ATM 500 TAB 5'S,ATM 500,5'S,Tablet,125.90,Azithromycin 500mg,azithromycin 500mg,Azithromycin,1,Anti-Infectives,,INDOCO REMEDIES LTD,SPADE,INDOCO,master
AT-ATM-KID-3S,ATM KID TAB. 3'S,ATM KID,3'S,Tablet,29.90,Azithromycin Per 200mg,azithromycin per 200mg,Azithromycin Per,1,Anti-Infectives,,INDOCO REMEDIES LTD,SPADE,INDOCO,master
AT-ATM-XL-100-30ML,ATM XL 100 SYP 30ML.,ATM XL 100,30 ML,Syrup,94.69,Azithromycin Per 100mg,azithromycin per 100mg,Azithromycin Per,1,Anti-Infectives,,INDOCO REMEDIES LTD,SPADE,INDOCO,master
AT-ATM-XL-200-30ML,ATM XL 200 SYP 30ML.,ATM XL 200,30 ML,Syrup,109.31,,,,,,,INDOCO REMEDIES LTD,SPADE,,master
AT-ATOS-10MG-10S,ATOS-10MG TAB 10S,ATOS-10MG,10S,Tablet,51.00,,,,,,,ONESTEP HEALTHCARE P. LTD,CARDIAC,,master
AT-ATOS-20MG-10S,ATOS-20MG TAB 10S,ATOS-20MG,10S,Tablet,101.25,,,,,,,ONESTEP HEALTHCARE P. LTD,CARDIAC,,master
AT-ATOS-40MG-10S,ATOS-40MG TAB 10S,ATOS-40MG,10S,Tablet,170.63,,,,,,,ONESTEP HEALTHCARE P. LTD,CARDIAC,,stock file
AT-ATVAST-20MG-10S,ATVAST 20MG TAB 10'S,ATVAST 20MG,10'S,Tablet,92.81,,,,,,,FINECURE PHARMACEUTICALS,LTD,,stock file
AT-ATVAST-40MG-10S,ATVAST-40MG TAB 10'S,ATVAST-40MG,10'S,Tablet,126.56,,,,,,,FINECURE PHARMACEUTICALS,LTD,,stock file
AT-AUGMENTIN-375MG,AUGMENTIN 375MG TABS,AUGMENTIN 375MG,,Tablet,259.64,Amoxicillin + Clavulanic Acid,amoxicillin+clavulanic acid,Amoxicillin | Clavulanic Acid,2,,,GSK LIMITED TEAM PC2,FORTIOR,main,master
AT-AUGMENTIN-625MG-DUO-T-10S,AUGMENTIN 625MG DUO T.10S,AUGMENTIN 625MG DUO T,10S,,195.39,,,,,,,GSK LIMITED TEAM PC2,FORTIOR,,stock file
AT-AUGMENTIN-625MG-DUO,AUGMENTIN 625MG DUO TAB,AUGMENTIN 625MG DUO,,Tablet,195.39,Amoxicillin + Clavulanic Acid,amoxicillin+clavulanic acid,Amoxicillin | Clavulanic Acid,2,,,GSK LIMITED TEAM PC2,FORTIOR,main,master
AT-AUGMENTIN-DDS-30ML,AUGMENTIN DDS SYRUP 30ML,AUGMENTIN DDS,30 ML,Syrup,196.13,Amoxicillin + Clavulanic Acid,amoxicillin+clavulanic acid,Amoxicillin | Clavulanic Acid,2,,,GSK LIMITED TEAM PC2,FORTIOR,main,master
AT-AUGMENTIN-DUO-1GM,AUGMENTIN DUO 1GM TAB,AUGMENTIN DUO,1 GM,Tablet,681.98,Amoxicillin + Clavulanic Acid,amoxicillin+clavulanic acid,Amoxicillin | Clavulanic Acid,2,,,GSK LIMITED TEAM PC2,FORTIOR,main,master
AT-AUGMENTIN-DUO-30ML,AUGMENTIN DUO SYRUP 30ML,AUGMENTIN DUO,30 ML,Syrup,64.42,Amoxicillin + Clavulanic Acid,amoxicillin+clavulanic acid,Amoxicillin | Clavulanic Acid,2,,,GSK LIMITED TEAM PC2,FORTIOR,main,master
AT-AUGMENTIN-ES-SUSP-642-9MG-5ML,AUGMENTIN ES SUSP 642.9MG/5ML,AUGMENTIN ES SUSP 642.9MG/,5 ML,Suspension,230.38,Amoxicillin + Clavulanic Acid,amoxicillin+clavulanic acid,Amoxicillin | Clavulanic Acid,2,,,GSK LIMITED TEAM PC2,FORTIOR,main,master
AT-AUGMENTIN-I-V-300MG,AUGMENTIN I.V.300MG,AUGMENTIN I.V.300MG,,,77.06,,,,,,,GSK LIMITED TEAM PC2,FORTIOR,,stock file
AT-AUGMENTIN-IV-12GM,AUGMENTIN IV 1.2GM,AUGMENTIN IV,1.2 GM,,150.24,Amoxicillin + Clavulanic Acid,amoxicillin+clavulanic acid,Amoxicillin | Clavulanic Acid,2,,,GSK LIMITED TEAM PC2,FORTIOR,main,master
AT-AUGMENTIN-IV-1-2GM,AUGMENTIN IV 1.2GM**,AUGMENTIN IV 1.2GM**,,,151.21,Amoxicillin + Clavulanic Acid,amoxicillin+clavulanic acid,Amoxicillin | Clavulanic Acid,2,,,GSK LIMITED TEAM PC2,FORTIOR,main,stock file
AT-AUGMENTIN-IV-600MG,AUGMENTIN IV 600MG,AUGMENTIN IV 600MG,,,108.24,Amoxicillin + Clavulanic Acid,amoxicillin+clavulanic acid,Amoxicillin | Clavulanic Acid,2,,,GSK LIMITED TEAM PC2,FORTIOR,main,master
AT-AUGXETIL-250MG-10S,AUGXETIL 250MG TAB 10S,AUGXETIL 250MG,10S,Tablet,195.00,,,,,,,KOYE PHARMACEUTICALS,P.LTD,,stock file
AT-AUGXETIL-500MG-10S,AUGXETIL 500MG TAB 10S,AUGXETIL 500MG,10S,Tablet,298.13,Cefuroxime Axetil 500mg,cefuroxime axetil 500mg,Cefuroxime Axetil,1,Anti-infective,Not specified,KOYE PHARMACEUTICALS,P.LTD,koye,stock file
AT-AUGXETIL-CV-500-10S,AUGXETIL CV 500 TAB 10 S,AUGXETIL CV 500,10 S,Tablet,435.94,,,,,,,KOYE PHARMACEUTICALS,P.LTD,,stock file
AT-AUROX-10S,AUROX TAB 10'S,AUROX,10'S,Tablet,140.63,,,,,,,SALASAR PHARMACEUTICALS,,,master
AT-AUSUM-PL-10S,AUSUM PL TAB 10S,AUSUM PL,10S,Tablet,140.00,Aceclofenac + Paracetamol,aceclofenac+paracetamol,Aceclofenac | Paracetamol,2,,,ALKEM LABORATRIES LTD,ACE-ALTIS,main,stock file
AT-AUTODOL,AUTODOL INJ,AUTODOL,,Injection,28.13,,,,,,,SALASAR PHARMACEUTICALS,,,stock file
AT-AUTODOL-10S,AUTODOL TAB 10'S,AUTODOL,10'S,Tablet,70.30,,,,,,,SALASAR PHARMACEUTICALS,,,master
AT-AVAMYS-NASAL-SPRAY-10GM,AVAMYS NASAL SPRAY 10G,AVAMYS NASAL SPRAY,10 GM,Nasal Spray,458.77,Fluticasone Furoate,fluticasone furoate,Fluticasone Furoate,1,,,GSK LIMITED TEAM,ALTUS,main,master
AT-AVANEP-5ML,AVANEP DROPS 5ML,AVANEP,5 ML,Drops,153.19,Nepafenac,nepafenac,Nepafenac,1,,,ALEMBIC,EYE CARE,main,stock file
AT-AVASA-Q10-10S,AVASA-Q10 CAP 10S,AVASA-Q10,10S,Capsule,380.00,,,,,,,NEO LIFE SCIENCES,,,master
AT-AVVA-SR-10S,AVVA SR CAPS 10'S,AVVA SR,10'S,Capsule,87.50,,,,,,,INTAS (ANDRE )LABORATORIES,PVT,,stock file
AT-AXL-CV-6S,AXL CV TAB 6'S,AXL CV,6'S,Tablet,110.75,,,,,,,INDOCO REMEDIES LTD,EXCEL,,stock file
AT-AXOGUARD,AXOGUARD TABS,AXOGUARD,,Tablet,180.00,Alpha Lipoic Acid + Folic Acid + Methylcobalamin + Pyridoxine,alpha lipoic acid+folic acid+methylcobalamin+pyridoxine,Alpha Lipoic Acid | Folic Acid | Methylcobalamin | Pyridoxine,4,,,ALEMBIC,OSTEOFID,main,stock file
AT-AXOGURD-PLUS-10S,AXOGURD PLUS TAB 1*10,AXOGURD PLUS,10'S,Tablet,206.25,Alpha Lipoic Acid + Folic Acid + Methylcobalamin + Pyridoxine,alpha lipoic acid+folic acid+methylcobalamin+pyridoxine,Alpha Lipoic Acid | Folic Acid | Methylcobalamin | Pyridoxine,4,,,ALEMBIC,OSTEOFID,main,stock file
AT-AXOGURD-SR-10S-2,AXOGURD SR TAB 10S,AXOGURD SR,10S,Tablet,206.81,Methylcobalamin + Pregabalin,methylcobalamin+pregabalin,Methylcobalamin | Pregabalin,2,,,ALEMBIC,OSTEOFID,main,stock file
AT-AXOGURD-NT-10S,AXOGURD-NT TAB 10'S,AXOGURD-NT,10'S,Tablet,201.47,Nortriptyline + Pregabalin,nortriptyline+pregabalin,Nortriptyline | Pregabalin,2,,,ALEMBIC,OSTEOFID,main,master
AT-AYURSLIM-CAPSUL-3X60,AYURSLIM CAPSUL 3*60,AYURSLIM CAPSUL,3X60,,320.00,Garcinia Cambogia + Guggulu + Herbal Extracts + Triphala,garcinia cambogia+guggulu+herbal extracts+triphala,Garcinia Cambogia | Guggulu | Herbal Extracts | Triphala,4,,,HIMALAYA DRUG COMPANY,OTX,main,master
AT-AYURSLIM-30S,AYURSLIM TAB 1*30,AYURSLIM,30'S,Tablet,210.94,,,,,,,HIMALAYA DRUG COMPANY,OTX,,stock file
AT-AYURSLIM-TEA-2G10S,AYURSLIM TEA 2G 10S,AYURSLIM TEA,2G 10S,,84.38,,,,,,,HIMALAYA DRUG COMPANY,OTX,,stock file
AT-AZIBEST-100MG-DT-3S,AZIBEST 100MG.DT TABS 3'S,AZIBEST 100MG.DT,3'S,Tablet,15.94,Azithromycin,azithromycin,Azithromycin,1,,,BLUE CROSS LABS LTD,GOLD CROS,main,stock file
AT-AZIBEST-250MG-6TAB,AZIBEST 250MG TABS,AZIBEST 250MG,6 TAB,Tablet,70.31,Azithromycin,azithromycin,Azithromycin,1,,,BLUE CROSS LABS LTD,GOLD CROS,main,master
AT-AZIBEST-500MG-3S,AZIBEST 500MG TABS 3'S,AZIBEST 500MG,3'S,Tablet,119.06,Azithromycin,azithromycin,Azithromycin,1,,,BLUE CROSS LABS LTD,GOLD CROS,main,master
AT-AZIBIG-100MG-3S,AZIBIG-100MG TAB 3'S,AZIBIG-100MG,3'S,Tablet,16.24,Azithromycin,azithromycin,Azithromycin,1,,,BESTOCHEM FORMULATIONS,,main,stock file
AT-AZIBIG-250MG-3S,AZIBIG-250MG TAB 3'S,AZIBIG-250MG,3'S,Tablet,66.68,Azithromycin,azithromycin,Azithromycin,1,,,BESTOCHEM FORMULATIONS,,main,stock file
AT-AZICLIK-500-3S,AZICLIK 500 TAB 3S,AZICLIK 500,3S,Tablet,122.81,,,,,,,ROSSWELT BIOSCIENCES,,,master
AT-AZICLIK-XL-10S,AZICLIK-XL TAB 10S,AZICLIK-XL,10S,Tablet,156.09,,,,,,,ROSSWELT BIOSCIENCES,,,stock file
AT-AZILOW-5MG-10S,AZILOW 5MG TAB 10'S,AZILOW 5MG,10'S,Tablet,50.00,Amiloride Hydrochloride 5mg,amiloride hydrochloride 5mg,Amiloride Hydrochloride,1,,,TORRENT PHARMACEUTICALS,LTD,torrent,master
AT-AZILTA-16MG-10S,AZILTA 16MG TAB 10'S,AZILTA 16MG,10'S,Tablet,131.25,,,,,,,RPG LIFE SCIENCE,LTD. UROLOGY,,stock file
AT-AZILTA-8MG-10S,AZILTA 8MG TAB 10'S,AZILTA 8MG,10'S,Tablet,92.81,,,,,,,RPG LIFE SCIENCE,LTD. UROLOGY,,stock file
AT-AZILTA-T-40MG-10S,AZILTA T 40MG 10'S,AZILTA T 40MG,10'S,,133.13,,,,,,,RPG LIFE SCIENCE,LTD. UROLOGY,,stock file
AT-AZILTA-T-80MG-10S,AZILTA T 80MG TAB 10'S,AZILTA T 80MG,10'S,Tablet,150.94,,,,,,,RPG LIFE SCIENCE,LTD. UROLOGY,,stock file
AT-AZILTENCE-40MG-10S,AZILTENCE-40MG TAB 10S,AZILTENCE-40MG,10S,Tablet,130.31,,,,,,,INDOCO,REMEDIES LTD,,stock file
AT-AZIPOS-500MG-5S,AZIPOS 500MG TAB 5'S,AZIPOS 500MG,5'S,Tablet,104.65,Azithromycin 1mg,azithromycin 1mg,Azithromycin,1,,,AGLOWMED LTD,Radiance,main,stock file
AT-AZISTAR-500-10S,AZISTAR-500 TAB 10,AZISTAR-500,10'S,Tablet,248.20,,,,,,,NEO LIFE SCIENCES,,,master
AT-AZISYM-250-10S,AZISYM 250 TAB 10,AZISYM 250,10'S,Tablet,73.13,,,,,,,NEO LIFE SCIENCES,,,master
AT-AZITHRAL-250-DT-5S,AZITHRAL 250 DT 5'S,AZITHRAL 250 DT,5'S,,54.23,Azithromycin,azithromycin,Azithromycin,1,,,ALEMBIC,MEGACARE,main,stock file
AT-AZITHRAL-250MG-6S,AZITHRAL 250MG CAPS 6'S,AZITHRAL 250MG,6'S,Capsule,122.22,Azithromycin,azithromycin,Azithromycin,1,,,ALEMBIC,MEGACARE,main,stock file
AT-AZITHRAL-500MG-5S,AZITHRAL 500MG TAB 5'S,AZITHRAL 500MG,5'S,Tablet,125.89,Azithromycin,azithromycin,Azithromycin,1,,,ALEMBIC,MEGACARE,main,master
AT-AZITHRAL-EYE-3ML,AZITHRAL EYE DROPS 3ML,AZITHRAL EYE,3 ML,Drops,119.39,Azithromycin,azithromycin,Azithromycin,1,,,ALEMBIC,EYE CARE,main,stock file
AT-AZITHRAL-EYE-OINTM-5GM,AZITHRAL EYE OINTM.5GM,AZITHRAL EYE OINTM,5 GM,,104.58,Azithromycin,azithromycin,Azithromycin,1,,,ALEMBIC,EYE CARE,main,stock file
AT-AZITHRAL-JUNIOR-75ML,AZITHRAL JUNIOR DROPS 7.5ML,AZITHRAL JUNIOR,7.5 ML,Drops,27.31,Azithromycin,azithromycin,Azithromycin,1,,,ALEMBIC,MEGACARE,main,master
AT-AZITHRAL-JUNR-75ML,AZITHRAL JUNR.DROPS 7.5ML,AZITHRAL JUNR,7.5 ML,Drops,27.31,Azithromycin,azithromycin,Azithromycin,1,,,ALEMBIC,MEGACARE,main,stock file
AT-AZITHRAL-KID-5S,AZITHRAL KID TAB 5'S,AZITHRAL KID,5'S,Tablet,63.09,Azithromycin,azithromycin,Azithromycin,1,,,ALEMBIC,MEGACARE,main,master
AT-AZITHRAL-LIQ-100-15ML,AZITHRAL LIQ 100 15ML,AZITHRAL LIQ 100,15 ML,,56.95,Azithromycin,azithromycin,Azithromycin,1,,,ALEMBIC,MEGACARE,main,master
AT-AZITHRAL-LIQ-200-15ML,AZITHRAL LIQ 200 15ML,AZITHRAL LIQ 200,15 ML,,54.63,Azithromycin,azithromycin,Azithromycin,1,,,ALEMBIC,MEGACARE,main,master
AT-AZITHRAL-PULSE-15S,AZITHRAL PULSE TAB 15S,AZITHRAL PULSE,15S,Tablet,314.84,Azithromycin,azithromycin,Azithromycin,1,,,ALEMBIC,MEGACARE,main,stock file
AT-AZITHRAL-XL-100ML-LIQ-30ML,AZITHRAL XL 100ML LIQ.30ML,AZITHRAL XL 100ML LIQ,30 ML,,114.19,Azithromycin,azithromycin,Azithromycin,1,,,ALEMBIC,MEGACARE,main,stock file
AT-AZITHRAL-XL-200-30ML-LIQ,AZITHRAL XL 200 30ML LIQ.,AZITHRAL XL 200 30ML LIQ,,,109.28,Azithromycin,azithromycin,Azithromycin,1,,,ALEMBIC,MEGACARE,main,stock file
AT-AZITHRAL-XL-200-LIQ-60ML,AZITHRAL XL 200 LIQ 60ML,AZITHRAL XL 200 LIQ,60 ML,,191.51,Azithromycin,azithromycin,Azithromycin,1,,,ALEMBIC,MEGACARE,main,stock file
AT-AZITHRAL-XP,AZITHRAL XP KIT,AZITHRAL XP,,Kit,100.92,Azithromycin + Fluconazole + Secnidazole,azithromycin+fluconazole+secnidazole,Azithromycin | Fluconazole | Secnidazole,3,,,ALEMBIC,MEGACARE,main,stock file
AT-AZLICE-200MG-15ML,AZLICE 200MG SUSP.15ML,AZLICE 200MG,15 ML,Suspension,48.28,,,,,,,ROSSWELT BIOSCIENCES,,,stock file
AT-AZORAN-25-25S,AZORAN 25 TAB 25'S,AZORAN 25,25'S,Tablet,193.30,Azathioprine 25mg/50mg,azathioprine 25mg/50mg,Azathioprine,1,Nephrology,"Organ transplantation, autoimmune disorders",RPG LIFE SCIENCES,LTD. NEUROPS,rpg,master
AT-AZORAN-50-MG-20X20,AZORAN 50 MG TABS 20* 20,AZORAN 50 MG,20X20,Tablet,240.31,Azathioprine 25mg/50mg,azathioprine 25mg/50mg,Azathioprine,1,Nephrology,"Organ transplantation, autoimmune disorders",RPG LIFE SCIENCES,LTD. NEUROPS,rpg,master
AT-AZORAN-75-10S,AZORAN 75 TAB 10,AZORAN 75,10'S,Tablet,239.36,Azathioprine 25mg/50mg,azathioprine 25mg/50mg,Azathioprine,1,Nephrology,"Organ transplantation, autoimmune disorders",RPG LIFE SCIENCES,LTD. NEUROPS,rpg,stock file
AT-AZUKON-M-10S,AZUKON M TAB 10 S,AZUKON M,10 S,Tablet,81.56,Gliclazide 80mg + Metformin 500mg,gliclazide 80mg+metformin 500mg,Gliclazide | Metformin,2,,,TORRENT PHARMACEUTICALS,PSYCAN,torrent,stock file
AT-AZULIX-1-MF-10S,AZULIX 1 MF 10S,AZULIX 1 MF,10S,,145.31,Glimepiride + Metformin,glimepiride+metformin,Glimepiride | Metformin,2,,,TORRENT PHARMA,AZUCA,torrent,stock file
AT-AZULIX-1-MF-FORTE-10S,AZULIX 1 MF FORTE TAB 10S,AZULIX 1 MF FORTE,10S,Tablet,138.00,Glimepiride 1mg + Metformin 1000mg,glimepiride 1mg+metformin 1000mg,Glimepiride | Metformin,2,,,TORRENT PHARMA,AZUCA,torrent,stock file
AT-AZULIX-1-10S,AZULIX 1 TAB 10S,AZULIX 1,10S,Tablet,34.17,Glimepiride 1mg,glimepiride 1mg,Glimepiride,1,,,TORRENT PHARMA,AZUCA,torrent,stock file
AT-AZULIX-2-MF-10S,AZULIX 2 MF 10S,AZULIX 2 MF,10S,Tablet,195.94,Glimepiride 2mg + Metformin 500mg,glimepiride 2mg+metformin 500mg,Glimepiride | Metformin,2,,,TORRENT PHARMA,AZUCA,torrent,stock file
AT-AZULIX-2-MF-FORTE-10S,AZULIX 2 MF FORTE TAB 10S,AZULIX 2 MF FORTE,10S,Tablet,171.47,Glimepiride 2mg + Metformin 1000mg,glimepiride 2mg+metformin 1000mg,Glimepiride | Metformin,2,,,TORRENT PHARMA,AZUCA,torrent,stock file
AT-AZULIX-2-10S,AZULIX 2 TAB 10S,AZULIX 2,10S,Tablet,58.45,Glimepiride 1mg,glimepiride 1mg,Glimepiride,1,,,TORRENT PHARMA,AZUCA,torrent,stock file
AT-AZULIX-3-MF-FORTE-10S,AZULIX 3 MF FORTE TAB 1*10,AZULIX 3 MF FORTE,10'S,Tablet,178.59,Glimepiride + Metformin,glimepiride+metformin,Glimepiride | Metformin,2,,,TORRENT PHARMA,AZUCA,torrent,master
AT-AZULIX-3-MF-10S,AZULIX 3 MF TAB 1*10,AZULIX 3 MF,10'S,Tablet,72.94,,,,,,,TORRENT PHARMA,AZUCA,,stock file
AT-AZULIX-3-10S,AZULIX 3 TAB 1*10,AZULIX 3,10'S,Tablet,133.92,Glimepiride 1mg,glimepiride 1mg,Glimepiride,1,,,TORRENT PHARMA,AZUCA,torrent,stock file
AT-AZULIX-4-MF-FORTE-10S,AZULIX 4 MF FORTE TAB 1*10,AZULIX 4 MF FORTE,10'S,Tablet,160.83,Glimepiride + Metformin,glimepiride+metformin,Glimepiride | Metformin,2,,,TORRENT PHARMA,AZUCA,torrent,stock file
AT-AZULIX-4-MF-10S,AZULIX 4 MF TAB 1*10,AZULIX 4 MF,10'S,Tablet,205.50,,,,,,,TORRENT PHARMA,AZUCA,,stock file
AT-AZULIX-DM-10-1-500MG-10S,AZULIX DM 10/1/500MG TAB 1*10'S,AZULIX DM 10/1/500MG,10'S,Tablet,138.98,,,,,,,TORRENT PHARMA,AZUCA,,stock file
AT-AZULIX-DM-10-2-500-TAB-10S-1,AZULIX DM 10/2/500 TAB 10S 10,AZULIX DM 10/2/500 TAB 10S 10,,Tablet,154.55,,,,,,,TORRENT PHARMA,AZUCA,,stock file
AT-AZULIX-MV-1-0-2,AZULIX MV 1/0.2 TAB,AZULIX MV 1/0.2,,Tablet,158.44,,,,,,,TORRENT PHARMA,AZUCA,,master
AT-AZULIX-MV-1-0-3,AZULIX MV 1/0.3 TAB,AZULIX MV 1/0.3,,Tablet,98.53,,,,,,,TORRENT PHARMA,AZUCA,,stock file
AT-AZULIX-MV-2-0-2,AZULIX MV 2/0.2 TAB,AZULIX MV 2/0.2,,Tablet,215.63,,,,,,,TORRENT PHARMA,AZUCA,,stock file
AT-AZULIX-MV-2-0-3-10S,AZULIX MV 2/0.3 TAB 10,AZULIX MV 2/0.3,10'S,Tablet,205.31,,,,,,,TORRENT PHARMA,AZUCA,,stock file
AT-AZULIX-SM-IR-50-1000-1-10S,AZULIX SM IR 50/1000/1 TAB 10,AZULIX SM IR 50/1000/1,10'S,Tablet,144.20,,,,,,,TORRENT PHARMA,VIVA,,master
AT-B-BACT-OINT-15GM-15,B-BACT OINT 15GM. 15,B-BACT OINT 15GM. 15,,Ointment,319.57,,,,,,,WALLACE PHARMACEUTICALS,LTD,,stock file
AT-B-BACT-5GM,B-BACT OINT 5GM.,B-BACT,5 GM,Ointment,108.36,,,,,,,WALLACE PHARMACEUTICALS,LTD,,master
AT-B-BONE-CHEWEBLE-10S,B-BONE CHEWEBLE TAB 10S,B-BONE CHEWEBLE,10S,Tablet,124.60,,,,,,,NUTRIMED HEALTHCARE,PVT.LTD,,stock file
AT-B-LONG-F,B-LONG F TABS,B-LONG F,,Tablet,225.00,,,,,,,TORRENT PHARMA,VIVA,,stock file
AT-B-LONG-30S,B-LONG TAB 30,B-LONG,30'S,Tablet,173.05,,,,,,,TORRENT PHARMA,VIVA,,master
AT-B-PROTIN-CHOC-200GM,B-PROTIN (CHOC.) 200GM,B-PROTIN (CHOC.),200 GM,,272.00,Multiminerals + Multivitamins + Protein Supplement,multiminerals+multivitamins+protein supplement,Multiminerals | Multivitamins | Protein Supplement,3,,,BRITISH BIOLOGICALS LTD.,,main,master
AT-B-PROTIN-CF-500GM,B-PROTIN CF 500GM,B-PROTIN CF,500 GM,,575.00,Multiminerals + Multivitamins + Protein Supplement,multiminerals+multivitamins+protein supplement,Multiminerals | Multivitamins | Protein Supplement,3,,,BRITISH BIOLOGICALS LTD.,,main,master
AT-B-PROTIN-DF-200GM,B-PROTIN DF 200GM,B-PROTIN DF,200 GM,,348.00,Protein Supplement,protein supplement,Protein Supplement,1,,,BRITISH BIOLOGICALS LTD.,,main,master
AT-B-PROTIN-MANGO-200GM,B-PROTIN MANGO 200GM,B-PROTIN MANGO,200 GM,,271.45,Multiminerals + Multivitamins + Protein Supplement,multiminerals+multivitamins+protein supplement,Multiminerals | Multivitamins | Protein Supplement,3,,,BRITISH BIOLOGICALS LTD.,,main,master
AT-B-PROTIN-VF-200GM,B-PROTIN VF 200GM POWDER,B-PROTIN VF,200 GM,Powder,334.00,Protein Supplement,protein supplement,Protein Supplement,1,,,BRITISH BIOLOGICALS LTD.,,main,master
AT-B12-SL-10S,B12-SL TAB 10'S,B12-SL,10'S,Tablet,43.31,Methylcobalamin,methylcobalamin,Methylcobalamin,1,,,DEPSONS PHARMA,,main,master
AT-BABY-CARE-BIG-GIFT1S-WIN,BABY CARE BIG GIFT1S WIN,BABY CARE BIG GIFT1S WIN,,,489.50,,,,,,,HIMALIYA DRUGS BABY CARE,,,stock file
AT-BABY-CARE-OILGIFT-PACKI,BABY CARE OILGIFT PACKI,BABY CARE OILGIFT PACKI,,,213.60,,,,,,,HIMALIYA DRUGS BABY CARE,,,stock file
AT-BABY-CREM-100ML,BABY CREM 100ML,BABY CREM,100 ML,,133.50,,,,,,,HIMALIYA DRUGS BABY CARE,,,stock file
AT-BABY-DIAPERS-LARGE-9,BABY DIAPERS LARGE 9,BABY DIAPERS LARGE 9,,,112.50,,,,,,,HIMALIYA DRUGS BABY CARE,,,stock file
AT-BABY-HAIR-OIL-100GM,BABY HAIR OIL 100G,BABY HAIR OIL,100 GM,,115.70,,,,,,,HIMALIYA DRUGS BABY CARE,,,stock file
AT-BABY-100ML,BABY LOTION 100ML,BABY,100 ML,Lotion,97.90,,,,,,,HIMALIYA DRUGS BABY CARE,,,stock file
AT-BABY-200ML,BABY LOTION 200ML,BABY,200 ML,Lotion,155.75,,,,,,,HIMALIYA DRUGS BABY CARE,,,stock file
AT-BABY-LOTION-400-400ML,BABY LOTION 400 400ML,BABY LOTION 400,400 ML,Lotion,226.95,,,,,,,HIMALIYA DRUGS BABY CARE,,,stock file
AT-BABY-50ML,BABY LOTION 50ML,BABY,50 ML,Lotion,53.40,Aloe Vera + Olive Oil,aloe vera+olive oil,Aloe Vera | Olive Oil,2,,,HIMALIYA DRUGS BABY CARE,,main,master
AT-BABY-MASSAGE-OIL-100ML,BABY MASSAGE OIL 100 ML,BABY MASSAGE OIL,100 ML,,106.80,,,,,,,HIMALIYA DRUGS BABY CARE,,,stock file
AT-BABY-MASSAGE-OIL-200ML,BABY MASSAGE OIL 200ML,BABY MASSAGE OIL,200 ML,,186.90,Herbal Oils + Olive Oil,herbal oils+olive oil,Herbal Oils | Olive Oil,2,,,HIMALIYA DRUGS BABY CARE,,main,master
AT-BABY-MASSAGE-OIL-50ML,BABY MASSAGE OIL 50 ML,BABY MASSAGE OIL,50 ML,,55.18,,,,,,,HIMALIYA DRUGS BABY CARE,,,stock file
AT-BABY-MASSAGE-OIL-500ML,BABY MASSAGE OIL 500ML,BABY MASSAGE OIL,500 ML,,333.75,,,,,,,HIMALIYA DRUGS BABY CARE,,,stock file
AT-BABY-100GM,BABY POWDER 100GM,BABY,100 GM,Powder,93.45,,,,,,,HIMALIYA DRUGS BABY CARE,,,stock file
AT-BABY-200GM,BABY POWDER 200GM,BABY,200 GM,Powder,173.55,,,,,,,HIMALIYA DRUGS BABY CARE,,,stock file
AT-BABY-400GM,BABY POWDER 400GM,BABY,400 GM,Powder,164.65,,,,,,,HIMALIYA DRUGS BABY CARE,,,stock file
AT-BABY-50GM,BABY POWDER 50 GM,BABY,50 GM,Powder,48.95,,,,,,,HIMALIYA DRUGS BABY CARE,,,stock file
AT-BACTOGARD-100-DT-10S,BACTOGARD 100 DT TAB 10'S,BACTOGARD 100 DT,10'S,Tablet,145.31,Cefpodoxime Proxetil,cefpodoxime proxetil,Cefpodoxime Proxetil,1,,,INDOCO,REMEDIES LTD,manual,master
AT-BACTOGARD-100MG-DS-SYRUP-15G-30ML,BACTOGARD 100MG DS SYRUP 15G/30ML,BACTOGARD 100MG DS SYRUP 15G/,30 ML,Syrup,175.31,,,,,,,INDOCO REMEDIES LTD,SPADE,,master
AT-BACTOGARD-200MG-10S,BACTOGARD 200MG TAB 10'S,BACTOGARD 200MG,10'S,Tablet,178.83,Cefpodoxime Proxetil 200mg,cefpodoxime proxetil 200mg,Cefpodoxime Proxetil,1,Anti-Infectives,,INDOCO REMEDIES LTD,SPADE,INDOCO,master
AT-BACTOGARD-50-DRY,BACTOGARD 50 DRY SYP,BACTOGARD 50 DRY,,Dry Syrup,101.16,Cefpodoxime Proxetil,cefpodoxime proxetil,Cefpodoxime Proxetil,1,,,INDOCO REMEDIES LTD,SPADE,manual,master
AT-BACTOGARD-50DT-10S,BACTOGARD 50DT TAB 10,BACTOGARD 50DT,10'S,Tablet,79.31,,,,,,,INDOCO REMEDIES LTD,SPADE,,stock file
AT-BACTOGARD-CV-100-DS-SYP-30ML,BACTOGARD CV 100 DS SYP 30ML 1,BACTOGARD CV 100 DS SYP 30ML 1,,Syrup,179.44,,,,,,,INDOCO,REMEDIES LTD,,stock file
AT-BACTOGARD-CV-200MG-10S,BACTOGARD CV 200MG TAB 10S,BACTOGARD CV 200MG,10S,Tablet,346.50,Cefpodoxime Proxetil 200mg + Clavulanic Acid 125mg,cefpodoxime proxetil 200mg+clavulanic acid 125mg,Cefpodoxime Proxetil | Clavulanic Acid,2,Anti-Infectives,,INDOCO REMEDIES LTD,SPADE,INDOCO,stock file
AT-BACTOGARD-CV-50MG-DS-30ML,BACTOGARD CV 50MG DS SYP 30ML,BACTOGARD CV 50MG DS,30 ML,Syrup,107.02,Cefpodoxime Proxetil 50mg + Clavulanic Acid 31.25mg,cefpodoxime proxetil 50mg+clavulanic acid 31.25mg,Cefpodoxime Proxetil | Clavulanic Acid,2,Anti-Infectives,,INDOCO,REMEDIES LTD,INDOCO,master
AT-BADE-FAYDE-KA-WINTER-BOX,BADE FAYDE KA WINTER BOX,BADE FAYDE KA WINTER BOX,,,"2,831.09",,,,,,,HIMALAYA DRUG COMPANY ZENITH,,,stock file
AT-BANOCIDE-FORTE-30S,BANOCIDE FORTE TABS 30'S,BANOCIDE FORTE,30'S,Tablet,53.52,Diethylcarbamazine,diethylcarbamazine,Diethylcarbamazine,1,,,GSK LIMITED,OPTIVE,main,master
AT-BASAGLAR-CARTRIDGES-5-3ML,BASAGLAR CARTRIDGES 5*3ML,BASAGLAR CARTRIDGES 5*,3 ML,,"3,260.00",Insulin Glargine,insulin glargine,Insulin Glargine,1,,,CIPLA LTD,,main,master
AT-BECADEXAMIN-60S,BECADEXAMIN CAPS 60'S,BECADEXAMIN,60'S,Capsule,115.50,Multivitamins,multivitamins,Multivitamins,1,,,GSK LIMITED TEAM,ALTUS,main,master
AT-BELENO-EZ-10S,BELENO EZ CAP 10'S,BELENO EZ,10'S,Capsule,165.00,Domperidone + Esomeprazole,domperidone+esomeprazole,Domperidone | Esomeprazole,2,,,BESTOCHEM FORMULATIONS,,main,stock file
AT-BELENO-EZ-200ML,BELENO EZ SYP 200ML.,BELENO EZ,200 ML,Syrup,138.43,Aluminium Hydroxide + Magnesium Hydroxide + Simethicone,aluminium hydroxide+magnesium hydroxide+simethicone,Aluminium Hydroxide | Magnesium Hydroxide | Simethicone,3,,,BESTOCHEM FORMULATIONS,,main,stock file
AT-BENEPACK-4MG-15S,BENEPACK 4MG TAB 15S,BENEPACK 4MG,15S,Tablet,119.06,Benidipine Hydrochloride Jp 4mg + Excipients Q.s,benidipine hydrochloride jp 4mg+excipients q.s,Benidipine Hydrochloride Jp | Excipients Q.s,2,Anti-hypertensive / CCB,Not specified,KOYE PHARMACEUTICALS PVT LTD,EQUELA,koye,stock file
AT-BENEPACK-8MG-15S,BENEPACK 8MG TAB 15S,BENEPACK 8MG,15S,Tablet,138.75,,,,,,,KOYE PHARMACEUTICALS PVT LTD,EQUELA,,stock file
AT-BENERIA-30GM,BENERIA GEL 30GM,BENERIA,30 GM,Gel,881.99,Skincare Products,skincare products,Skincare Products,1,DERMA,,SUN PHARMA,LAB.CROSSLAND 1,sun pharma sheet,stock file
AT-BENIPACK-CT-12-5-10S,BENIPACK CT 12.5 CAP 10,BENIPACK CT 12.5,10'S,Capsule,112.50,,,,,,,KOYE PHARMACEUTICALS,CARDIC,,stock file
AT-BENIPACK-M-25-10S,BENIPACK M 25 10S,BENIPACK M 25,10S,,103.13,,,,,,,KOYE PHARMACEUTICALS,CARDIC,,stock file
AT-BENIPACK-M-50-10S,BENIPACK M 50 10S,BENIPACK M 50,10S,,112.50,,,,,,,KOYE PHARMACEUTICALS,CARDIC,,stock file
AT-BENIPACK-T-10S,BENIPACK T CAP 10S,BENIPACK T,10S,Capsule,112.50,,,,,,,KOYE PHARMACEUTICALS,CARDIC,,stock file
AT-BENIPACK-TRIO-12-5-10S,BENIPACK TRIO 12.5 TAB 10S,BENIPACK TRIO 12.5,10S,Tablet,139.69,,,,,,,KOYE PHARMACEUTICALS,CARDIC,,stock file
AT-BENIPACK-TRIO-6-25-10S,BENIPACK TRIO 6.25 TAB 10S,BENIPACK TRIO 6.25,10S,Tablet,117.19,,,,,,,KOYE PHARMACEUTICALS,CARDIC,,stock file
AT-BENITEC-20-10S,BENITEC 20 10'S,BENITEC 20,10'S,,76.91,,,,,,,GSK LIMITED,TEAM 8,,stock file
AT-BENITEC-40-10S,BENITEC 40 10'S,BENITEC 40,10'S,,137.47,,,,,,,GSK LIMITED,TEAM 8,,stock file
AT-BEPODROPS-5ML,BEPODROPS 5ML,BEPODROPS,5 ML,,164.06,,,,,,,INTAS (ANDRE )LABORATORIES,PVT,,stock file
AT-BERITUS-AM-100ML,BERITUS AM SYP 100ML,BERITUS AM,100 ML,Syrup,79.69,,,,,,,ROSSWELT BIOSCIENCES,,,master
AT-BERITUS-D-100ML,BERITUS D SYP 100ML,BERITUS D,100 ML,Syrup,89.06,,,,,,,ROSSWELT BIOSCIENCES,,,master
AT-BEST-3-10S,BEST 3 TAB 10'S,BEST 3,10'S,Tablet,100.29,Alpha Lipoic Acid + Folic Acid + Methylcobalamin + Pyridoxine,alpha lipoic acid+folic acid+methylcobalamin+pyridoxine,Alpha Lipoic Acid | Folic Acid | Methylcobalamin | Pyridoxine,4,,,BESTOCHEM FORMULATIONS,,main,stock file
AT-BESTOFLOX-200MG-10S,BESTOFLOX 200MG TABS 10'S,BESTOFLOX 200MG,10'S,Tablet,40.95,Ofloxacin,ofloxacin,Ofloxacin,1,,,BESTOCHEM FORMULATIONS,,main,stock file
AT-BESTOFLOX-N-30ML,BESTOFLOX N SUSP 30ML,BESTOFLOX N,30 ML,Suspension,65.63,Metronidazole + Norfloxacin,metronidazole+norfloxacin,Metronidazole | Norfloxacin,2,,,BESTOCHEM FORMULATIONS,,main,master
AT-BESTOFLOX-N-10S,BESTOFLOX N TABS 10'S,BESTOFLOX N,10'S,Tablet,119.16,Ofloxacin + Ornidazole,ofloxacin+ornidazole,Ofloxacin | Ornidazole,2,,,BESTOCHEM FORMULATIONS,,main,stock file
AT-BESTOGESIC-FAST-650-10S,BESTOGESIC FAST 650 TAB 10S,BESTOGESIC FAST 650,10S,Tablet,16.69,Paracetamol,paracetamol,Paracetamol,1,,,BESTOCHEM FORMU,SALUTE,main,stock file
AT-BESTOGESIC-KID-10S,BESTOGESIC KID TABS 10'S,BESTOGESIC KID,10'S,Tablet,38.16,Paracetamol,paracetamol,Paracetamol,1,,,BESTOCHEM FORMU,SALUTE,main,stock file
AT-BESTOGESIC-PLUS-10S,BESTOGESIC PLUS 10'S,BESTOGESIC PLUS,10'S,,70.31,Caffeine + Paracetamol,caffeine+paracetamol,Caffeine | Paracetamol,2,,,BESTOCHEM FORMULATIONS,,main,master
AT-BESTOGESIC-PLUS-SUS-60ML,BESTOGESIC PLUS SUS 60ML,BESTOGESIC PLUS SUS,60 ML,,60.05,Chlorpheniramine + Paracetamol + Phenylephrine,chlorpheniramine+paracetamol+phenylephrine,Chlorpheniramine | Paracetamol | Phenylephrine,3,,,BESTOCHEM FORMU,SALUTE,main,stock file
AT-BESTOLYTE-SACH-1-21GM,BESTOLYTE SACH 1*21GM.,BESTOLYTE SACH 1*,21 GM,,16.93,Rehydration Salts,rehydration salts,Rehydration Salts,1,,,BESTOCHEM FORMULATIONS,,main,stock file
AT-BESTOMYCIN-DS-30ML,BESTOMYCIN DS SYP 30ML.,BESTOMYCIN DS,30 ML,Syrup,88.58,Erythromycin,erythromycin,Erythromycin,1,,,BESTOCHEM FORMULATIONS,,main,stock file
AT-BESTOMYCIN-30ML,BESTOMYCIN SUSP.30 ML,BESTOMYCIN,30 ML,Suspension,74.80,Erythromycin,erythromycin,Erythromycin,1,,,BESTOCHEM FORMULATIONS,,main,stock file
AT-BESTOZINC-200ML,BESTOZINC SYRUP 200ML,BESTOZINC,200 ML,Syrup,133.50,Zinc Sulphate,zinc sulphate,Zinc Sulphate,1,,,BESTOCHEM FORMULATIONS,,main,stock file
AT-BESTOZINC-15S,BESTOZINC TAB 15 S,BESTOZINC,15 S,Tablet,122.00,Zinc Sulphate,zinc sulphate,Zinc Sulphate,1,,,BESTOCHEM FORMULATIONS,,main,stock file
AT-BETACARD-25-14S,BETACARD 25 TAB 14S,BETACARD 25,14S,Tablet,34.69,Atenolol 25mg,atenolol 25mg,Atenolol,1,,,TORRENT PHARMA,SPECTRA,torrent,stock file
AT-BETACARD-50-14S,BETACARD 50 TAB 14S,BETACARD 50,14S,Tablet,26.11,Atenolol 25mg,atenolol 25mg,Atenolol,1,,,TORRENT PHARMA,SPECTRA,torrent,stock file
AT-BETACARD-AM-10S,BETACARD AM TAB 10S,BETACARD AM,10S,Tablet,41.44,Amlodipine 5mg + Atenolol 50mg,amlodipine 5mg+atenolol 50mg,Amlodipine | Atenolol,2,,,TORRENT PHARMA,SPECTRA,torrent,stock file
AT-BETHERAN-25MG-10S,BETHERAN 25MG TAB 10,BETHERAN 25MG,10'S,Tablet,182.81,Bethanechol 25mg,bethanechol 25mg,Bethanechol,1,UROLOGY,,SUN PHARMA LAB,UROLOGY,sun pharma sheet,master
AT-BETNELAN-20S,BETNELAN TABS 20`S,BETNELAN,20'S,Tablet,9.00,,,,,,,GSK LIMITED,DERMA ACE TEAM 2,,stock file
AT-BETNESOL-0-5MG-20S,BETNESOL 0.5MG TABS 20'S,BETNESOL 0.5MG,20'S,Tablet,17.53,Betamethasone,betamethasone,Betamethasone,1,,,GSK LIMITED,OPTIVE,main,master
AT-BETNESOL-FORTE,BETNESOL FORTE TABS,BETNESOL FORTE,,Tablet,29.11,Betamethasone,betamethasone,Betamethasone,1,,,GSK LIMITED,OPTIVE,main,master
AT-BETNESOL-INJ-4MG-5-100-1ML,BETNESOL INJ. 4MG*5*100*1ML 1ML,BETNESOL INJ. 4MG*5*100*,1 ML,Injection,5.09,,,,,,,GSK LIMITED,OPTIVE,,stock file
AT-BETNESOL-N-E-E-5ML,BETNESOL N E/E DROPS 5ML,BETNESOL N E/E,5 ML,Drops,22.59,Betamethasone + Neomycin,betamethasone+neomycin,Betamethasone | Neomycin,2,,,GSK LIMITED,OPTIVE,main,master
AT-BETNESOL-ORAL-15ML,BETNESOL ORAL DROPS 15ML,BETNESOL ORAL,15 ML,Drops,29.01,Betamethasone,betamethasone,Betamethasone,1,,,GSK LIMITED,OPTIVE,main,master
AT-BETNOVATE-C-SKIN-30GM,BETNOVATE C SKIN CREAM 30GM,BETNOVATE C SKIN,30 GM,Cream,73.03,Betamethasone + Clioquinol,betamethasone+clioquinol,Betamethasone | Clioquinol,2,,,GSK LIMITED,DERMA ACE TEAM 2,main,master
AT-BETNOVATE-GM-20GM,BETNOVATE GM 20GM,BETNOVATE GM,20 GM,,46.63,Betamethasone + Gentamicin + Miconazole,betamethasone+gentamicin+miconazole,Betamethasone | Gentamicin | Miconazole,3,,,GSK LIMITED,DERMA ACE TEAM 2,main,master
AT-BETNOVATE-N-20GM,BETNOVATE N 20GM,BETNOVATE N,20 GM,,62.67,Betamethasone + Neomycin,betamethasone+neomycin,Betamethasone | Neomycin,2,,,GSK LIMITED,DERMA ACE TEAM 2,main,master
AT-BETNOVATE-PLAIN-SKIN,BETNOVATE PLAIN SKIN CREAM,BETNOVATE PLAIN SKIN,,Cream,22.22,Betamethasone,betamethasone,Betamethasone,1,,,GSK LIMITED,DERMA ACE TEAM 2,main,master
AT-BETNOVATE-S-SKIN-OINTMENT,BETNOVATE S SKIN OINTMENT,BETNOVATE S SKIN OINTMENT,,Ointment,45.23,Betamethasone + Salicylic Acid,betamethasone+salicylic acid,Betamethasone | Salicylic Acid,2,,,GSK LIMITED,DERMA ACE TEAM 2,main,master
AT-BETNOVATE-S-SKIN-20GM,BETNOVATE(S)SKIN OINT. 20G.,BETNOVATE(S)SKIN,20 GM,Ointment,45.23,,,,,,,GSK LIMITED,DERMA ACE TEAM 2,,stock file
AT-BETPURE-16MG-15S,BETPURE 16MG TAB 15'S,BETPURE 16MG,15'S,Tablet,168.61,Betahistine,betahistine,Betahistine,1,,,ARRIENT HEALTHCARE,(NEUROX)PRIVATE LIM,main,master
AT-BETPURE-24-OD-10S,BETPURE 24 OD TAB 10'S,BETPURE 24 OD,10'S,Tablet,159.37,Betahistine,betahistine,Betahistine,1,,,ARRIENT HEALTHCARE,(NEUROX)PRIVATE LIM,main,master
AT-BETPURE-24-10S,BETPURE 24 TAB 1*10,BETPURE 24,10'S,Tablet,139.69,Betahistine,betahistine,Betahistine,1,,,ARRIENT HEALTHCARE,(NEUROX)PRIVATE LIM,main,stock file
AT-BETPURE-8MG-10S,BETPURE 8MG TAB 1*10'S,BETPURE 8MG,10'S,Tablet,61.87,Betahistine,betahistine,Betahistine,1,,,ARRIENT HEALTHCARE,(NEUROX)PRIVATE LIM,main,stock file
AT-BEXILUS-C-LIQUID,BEXILUS C LIQUID,BEXILUS C LIQUID,,,195.80,,,,,,,SUN PHARMA LAB. LTD,PHARMA,,stock file
AT-BEXILUS-LIQUID,BEXILUS LIQUID,BEXILUS LIQUID,,,126.38,,,,,,,SUN PHARMA LAB. LTD,PHARMA,,stock file
AT-BEXOTAT-40MG-10S,BEXOTAT-40MG TAB 10'S,BEXOTAT-40MG,10'S,Tablet,111.56,Febuxostat,febuxostat,Febuxostat,1,,,ARRIENT HEALTHCARE,(ARRIENT)PRIVATE LIM,main,master
AT-BI-TO-ZED-FORTE-10S,BI-TO-ZED FORTE TAB 10S,BI-TO-ZED FORTE,10S,Tablet,144.58,Biotin + Multivitamins + Selenium + Zinc,biotin+multivitamins+selenium+zinc,Biotin | Multivitamins | Selenium | Zinc,4,,,ALKEM PAHARMA,DARMA CARE,main,stock file
AT-BIDURET-L-10S,BIDURET L TABS 10'S,BIDURET L,10'S,Tablet,27.33,,,,,,,GSK LIMITED,DERMA ACE TEAM 2,,stock file
AT-BIDURET-10S,BIDURET TABS 10'S,BIDURET,10'S,Tablet,44.91,,,,,,,GSK LIMITED TEAM,ALTUS,,stock file
AT-BIG-JOINT-H-GR,BIG JOINT H GR,BIG JOINT H GR,,,59.83,Chondroitin + Collagen Peptide + Glucosamine,chondroitin+collagen peptide+glucosamine,Chondroitin | Collagen Peptide | Glucosamine,3,,,BESTOCHEM FORMULATIONS,,main,stock file
AT-BIG-JOINT-3GM,BIG JOINT SACHET 3GM,BIG JOINT,3 GM,Sachet,41.00,Chondroitin + Collagen Peptide + Glucosamine,chondroitin+collagen peptide+glucosamine,Chondroitin | Collagen Peptide | Glucosamine,3,,,BESTOCHEM FORMULATIONS,,main,stock file
AT-BIG-TUM-15GM,BIG-TUM INJ 1.5GM,BIG-TUM,1.5 GM,Injection,151.15,Cefoperazone + Sulbactam,cefoperazone+sulbactam,Cefoperazone | Sulbactam,2,,,BESTOCHEM FORMULATIONS,,main,stock file
AT-BIGCEF-250MG-10S,BIGCEF 250MG 10'S,BIGCEF 250MG,10'S,,191.63,Cefuroxime,cefuroxime,Cefuroxime,1,,,BESTOCHEM FORMULATIONS,,main,stock file
AT-BIGCEF-500MG-10S,BIGCEF 500MG 10'S,BIGCEF 500MG,10'S,,304.69,Cefuroxime,cefuroxime,Cefuroxime,1,,,BESTOCHEM FORMULATIONS,,main,stock file
AT-BIGCEF-CV-625MG-10S,BIGCEF CV 625MG 10S,BIGCEF CV 625MG,10S,,234.38,Cefuroxime + Clavulanic Acid,cefuroxime+clavulanic acid,Cefuroxime | Clavulanic Acid,2,,,BESTOCHEM FORMULATIONS,,main,stock file
AT-BIGVIN-1ML,BIGVIN INJ. 1ML,BIGVIN,1 ML,Injection,10.80,Methylcobalamin,methylcobalamin,Methylcobalamin,1,,,BESTOCHEM FORMULATIONS,,main,stock file
AT-BIGVIN-PLUS-10S,BIGVIN PLUS CAPS 10'S,BIGVIN PLUS,10'S,Capsule,93.48,Alpha Lipoic Acid + Folic Acid + Methylcobalamin + Pyridoxine,alpha lipoic acid+folic acid+methylcobalamin+pyridoxine,Alpha Lipoic Acid | Folic Acid | Methylcobalamin | Pyridoxine,4,,,BESTOCHEM FORMULATIONS,,main,stock file
AT-BIGVIN-PLUS-2ML,BIGVIN PLUS INJ. 2ML,BIGVIN PLUS,2 ML,Injection,24.12,Methylcobalamin + Niacinamide + Pyridoxine,methylcobalamin+niacinamide+pyridoxine,Methylcobalamin | Niacinamide | Pyridoxine,3,,,BESTOCHEM FORMULATIONS,,main,stock file
AT-BILAMBIC-40MG-10S,BILAMBIC 40MG TAB 10'S,BILAMBIC 40MG,10'S,Tablet,168.75,Bilastine,bilastine,Bilastine,1,,,ALEMBIC,DERMA,main,stock file
AT-BILAMBIC-TAB-20MG-10S,BILAMBIC TAB 20MG 10'S,BILAMBIC TAB 20MG,10'S,Tablet,155.80,Bilastine,bilastine,Bilastine,1,,,ALEMBIC,DERMA,main,master
AT-BILAMBIC-M-10S,BILAMBIC-M TAB 10'S,BILAMBIC-M,10'S,Tablet,133.30,Bilastine + Montelukast,bilastine+montelukast,Bilastine | Montelukast,2,,,ALEMBIC,MAXIS,main,master
AT-BILANAIR-60ML,BILANAIR SYRUP 60ML,BILANAIR,60 ML,Syrup,101.25,,,,,,,KOYE PHARMACEUTICAL,CAIR,,stock file
AT-BILANAIR-10S,BILANAIR TAB 10'S,BILANAIR,10'S,Tablet,117.19,,,,,,,KOYE PHARMACEUTICAL,CAIR,,stock file
AT-BILASHINE-20-MG-10S,BILASHINE 20 MG TABS,BILASHINE 20 MG,10'S,Tablet,155.63,Bilastine 20mg,bilastine 20mg,Bilastine,1,RESPIRATORY,,SUN PHARMA,RIGEL,sun pharma sheet,master
AT-BILASHINE-40-MG,BILASHINE 40 MG TABS,BILASHINE 40 MG,,Tablet,221.25,,,,,,,SUN PHARMA,RIGEL,,master
AT-BILASHINE-M-ODT-10S,BILASHINE M ODT TABS 10'S,BILASHINE M ODT,10'S,Tablet,151.41,,,,,,,SUN PHARMA,RIGEL,,master
AT-BILASURE-20MG-10S,BILASURE 20MG TAB 10'S,BILASURE 20MG,10'S,Tablet,155.63,Bilastine 20mg,bilastine 20mg,Bilastine,1,RESPIRATORY,,SUN PHARMA LABS.LTD,MAXXIM,sun pharma sheet,master
AT-BILASURE-40-M-MG-10S,BILASURE 40 M MG TAB 10'S,BILASURE 40 M MG,10'S,Tablet,280.00,,,,,,,SUN PHARMA LABS.LTD,MAXXIM,,master
AT-BILASURE-M-KID-10S,BILASURE M KID TAB 10'S,BILASURE M KID,10'S,Tablet,112.50,,,,,,,SUN PHARMA LAB.LTD,STANLIFE,,stock file
AT-BILASURE-M-ODT-10S,BILASURE M ODT TAB 10'S,BILASURE M ODT,10'S,Tablet,151.41,,,,,,,SUN PHARMA LABS.LTD,MAXXIM,,stock file
AT-BILASURE-M-10S,BILASURE M TAB 10'S,BILASURE M,10'S,Tablet,194.06,Bilastine + Montelukast,bilastine+montelukast,Bilastine | Montelukast,2,RESPIRATORY,,SUN PHARMA LABS.LTD,MAXXIM,sun pharma sheet,master
AT-BILK-1-200GM,BILK-1 200GM POWDER,BILK-1,200 GM,Powder,225.00,Infant Milk Substitute,infant milk substitute,Infant Milk Substitute,1,,,BRITISH BIOLOGICALS LTD.,,main,master
AT-BILK-1-200MG-200GM,BILK-1 200MG POWDER 200GM,BILK-1 200MG,200 GM,Powder,225.00,,,,,,,BRITISH BIOLOGICALS LTD.,,,stock file
AT-BILK-1-400MG-400GM,BILK-1 400MG POWDER 400GM,BILK-1 400MG,400 GM,Powder,375.00,,,,,,,BRITISH BIOLOGICAL CRITICAL CARE,,,stock file
AT-BILK-2-200GM,BILK-2 POWDER 200GM,BILK-2,200 GM,Powder,225.00,Infant Milk Substitute,infant milk substitute,Infant Milk Substitute,1,,,BRITISH BIOLOGICALS LTD.,,main,master
AT-BILTAL-M-7S,BILTAL M TAB 7'S,BILTAL M,7'S,Tablet,56.25,,,,,,,INDOCO REMEDIES,SYNERGY,,stock file
AT-BILTAL-DX-100ML,BILTAL-DX SYRUP 100ML,BILTAL-DX,100 ML,Syrup,107.81,,,,,,,INDOCO REMEDIES,SYNERGY,,master
AT-BIO-EXIDIL-BOTTEL-60S,BIO EXIDIL BOTTEL 60'S,BIO EXIDIL BOTTEL,60'S,,"1,317.20",,,,,,,SUN PHARMACEUTICAL,ORTUS,,stock file
AT-BIODASE-SP-10S,BIODASE-SP TAB 10,BIODASE-SP,10'S,Tablet,84.38,,,,,,,ROSSWELT BIOSCIENCES,,,stock file
AT-BIOGNIDE-ISR-10S,BIOGNIDE -ISR TAB 10,BIOGNIDE -ISR,10'S,Tablet,34.75,Gliclazide,gliclazide,Gliclazide,1,,,BIOGENOMICS LIMITED,,main,stock file
AT-BIOGNIDE-GV-1-10S,BIOGNIDE GV 1 TAB 10,BIOGNIDE GV 1,10'S,Tablet,127.50,Glimepiride + Voglibose,glimepiride+voglibose,Glimepiride | Voglibose,2,,,BIOGENOMICS LIMITED,,main,master
AT-BIOGNIDE-GV-2-10S,BIOGNIDE GV 2 TAB 1*10,BIOGNIDE GV 2,10'S,Tablet,169.69,Glimepiride + Voglibose,glimepiride+voglibose,Glimepiride | Voglibose,2,,,BIOGENOMICS LIMITED,,main,master
AT-BIOGNIDE-T,BIOGNIDE-T,BIOGNIDE-T,,,127.50,Gliclazide + Teneligliptin,gliclazide+teneligliptin,Gliclazide | Teneligliptin,2,,,BIOGENOMICS LIMITED,,main,stock file
AT-BIOPATCH-1-9CM-1-5MM-ANTIMIC,BIOPATCH 1.9CM/1.5MM ANTIMICRO 1,BIOPATCH 1.9CM/1.5MM ANTIMICRO 1,,,613.13,,,,,,,GSK LIMITED,NEUROSCIENCE,,stock file
AT-BIOPATCH-2-5CM-4MM-ANTIMICRO,BIOPATCH 2.5CM/4MM ANTIMICRO 1,BIOPATCH 2.5CM/4MM ANTIMICRO 1,,,613.13,,,,,,,GSK LIMITED,NEUROSCIENCE,,stock file
AT-BIOPATCH-2-5CM-7MM-ANTIMICR-,BIOPATCH 2.5CM/7MM ANTIMICR 1,BIOPATCH 2.5CM/7MM ANTIMICR 1,,,613.13,,,,,,,GSK LIMITED,NEUROSCIENCE,,stock file
AT-BIOTOINIC-HS-60ML,BIOTOINIC HS 60ML,BIOTOINIC HS,60 ML,,735.00,,,,,,,NUTRIMED HEALTHCARE,PVT.LTD,,master
AT-BISBERRY-10S,BISBERRY TAB 10'S,BISBERRY,10'S,Tablet,460.00,,,,,,,JAGSONPAL PHARMACEUTICALS,LTD,,master
AT-BISOKEM-2-5MG-10S,BISOKEM 2.5MG TAB 10'S,BISOKEM 2.5MG,10'S,Tablet,60.90,Bisoprolol,bisoprolol,Bisoprolol,1,,,ALKEM LABORATORIES LTD,IMPERIA,main,master
AT-BISOKEM-5MG-10S,BISOKEM 5MG TAB 10'S,BISOKEM 5MG,10'S,Tablet,74.05,Bisoprolol,bisoprolol,Bisoprolol,1,,,ALKEM LABORATORIES LTD,IMPERIA,main,master
AT-BISOKEM-AM-2-5MG-10S,BISOKEM AM 2.5MG TAB 10'S,BISOKEM AM 2.5MG,10'S,Tablet,67.20,Amlodipine + Bisoprolol,amlodipine+bisoprolol,Amlodipine | Bisoprolol,2,,,ALKEM LABORATORIES LTD,IMPERIA,main,master
AT-BISOKEM-AM-5MG-10S,BISOKEM AM 5MG TAB 10'S,BISOKEM AM 5MG,10'S,Tablet,94.25,Amlodipine + Bisoprolol,amlodipine+bisoprolol,Amlodipine | Bisoprolol,2,,,ALKEM LABORATORIES LTD,IMPERIA,main,master
AT-BISOWEL-2-5-10S,BISOWEL 2.5 TAB 1*10,BISOWEL 2.5,10'S,Tablet,55.31,Bisoprolol,bisoprolol,Bisoprolol,1,,,ARRIENT HEALTHCARE,(MERAKUS)PRIVATE LIM,main,master
AT-BISOWEL-5MG-10S,BISOWEL 5MG TAB 1*10,BISOWEL 5MG,10'S,Tablet,83.44,Bisoprolol,bisoprolol,Bisoprolol,1,,,ARRIENT HEALTHCARE,(MERAKUS)PRIVATE LIM,main,master
AT-BISOWEL-AM-10S,BISOWEL-AM TAB 10'S,BISOWEL-AM,10'S,Tablet,92.81,Amlodipine + Bisoprolol,amlodipine+bisoprolol,Amlodipine | Bisoprolol,2,,,ARRIENT HEALTHCARE,(MERAKUS)PRIVATE LIM,main,master
AT-BISOZIFF-T-2-5MG-10S,BISOZIFF # T 2.5MG TAB 10'S,BISOZIFF # T 2.5MG,10'S,Tablet,103.03,Bisoprolol + Telmisartan,bisoprolol+telmisartan,Bisoprolol | Telmisartan,2,,,ALEMBIC,CARDIGEM,main,stock file
AT-BISOZIFF-T-5MG-10S,BISOZIFF # T 5MG TAB 10'S,BISOZIFF # T 5MG,10'S,Tablet,121.78,Bisoprolol + Telmisartan,bisoprolol+telmisartan,Bisoprolol | Telmisartan,2,,,ALEMBIC,CARDIGEM,main,stock file
AT-BISOZIFF-2-5MG-10S,BISOZIFF 2.5MG TAB 10'S,BISOZIFF 2.5MG,10'S,Tablet,42.19,Bisoprolol,bisoprolol,Bisoprolol,1,,,ALEMBIC,CARDIGEM,main,stock file
AT-BISOZIFF-5-MG-TAB-10-S-10,BISOZIFF 5 MG TAB 10'S 10,BISOZIFF 5 MG TAB 10'S 10,,Tablet,56.25,Bisoprolol,bisoprolol,Bisoprolol,1,,,ALEMBIC,CARDIGEM,main,stock file
AT-BITAL-DX-100ML,BITAL-DX SYP 100ML,BITAL-DX,100 ML,Syrup,107.81,,,,,,,INDOCO REMEDIES,SYNERGY,,stock file
AT-BIZLO-10MG-10S,BIZLO 10MG TAB 10'S,BIZLO 10MG,10'S,Tablet,127.07,Baclofen,baclofen,Baclofen,1,,,TORRENT PHARMACEUTICALS,MIND,torrent,master
AT-BIZLO-OD-30-10S,BIZLO OD 30 TAB 10,BIZLO OD 30,10'S,Tablet,404.00,Baclofen,baclofen,Baclofen,1,,,TORRENT PHARMACEUTICALS,MIND,torrent,master
AT-BIZLO-OD,BIZLO OD TAB,BIZLO OD,,Tablet,173.88,Baclofen,baclofen,Baclofen,1,,,TORRENT PHARMACEUTICALS,MIND,torrent,master
AT-BLADMIR-25MG-10S,BLADMIR 25MG TAB 10'S,BLADMIR 25MG,10'S,Tablet,281.81,Mirabegron,mirabegron,Mirabegron,1,,,ALEMBIC,LTD OURON,main,master
AT-BLADMIR-50MG-10S,BLADMIR 50MG TAB 10'S,BLADMIR 50MG,10'S,Tablet,471.75,Mirabegron,mirabegron,Mirabegron,1,,,ALEMBIC,LTD OURON,main,master
AT-BLADMIR-S-25MG-10S,BLADMIR S 25MG TAB 10S,BLADMIR S 25MG,10S,Tablet,421.50,Mirabegron + Solifenacin,mirabegron+solifenacin,Mirabegron | Solifenacin,2,,,ALEMBIC,LTD OURON,main,stock file
AT-BLADMIR-S-50MG-14S14S,BLADMIR S 50MG TAB 14S 14S,BLADMIR S 50MG,14S 14S,Tablet,615.42,Mirabegron + Solifenacin,mirabegron+solifenacin,Mirabegron | Solifenacin,2,,,ALEMBIC,LTD OURON,main,stock file
AT-BLADSOL-5MG,BLADSOL 5MG TAB,BLADSOL 5MG,,Tablet,328.13,Solifenacin,solifenacin,Solifenacin,1,,,ALEMBIC,LTD OURON,main,master
AT-BLEMINOR-ANTI-BLE-CRE-30M,BLEMINOR ANTI BLE CRE 30M,BLEMINOR ANTI BLE CRE 30M,,,178.13,,,,,,,HIMALAYA DRUG COMPANY,ZEAL,,stock file
AT-BLOC-C-10MG-10S,BLOC C 10MG TAB 10'S,BLOC C 10MG,10'S,Tablet,70.31,Cilnidipine,cilnidipine,Cilnidipine,1,,,FINECURE PHARMACEUTICALS,LTD,main,master
AT-BLOC-C-20MG-10S,BLOC C 20MG TAB 10'S,BLOC C 20MG,10'S,Tablet,93.75,Cilnidipine,cilnidipine,Cilnidipine,1,,,FINECURE PHARMACEUTICALS,LTD,main,master
AT-BLOC-C-5MG-10S,BLOC C 5MG TAB 10'S,BLOC C 5MG,10'S,Tablet,41.25,,,,,,,FINECURE PHARMACEUTICALS,LTD,,stock file
AT-BLUDROX-250-DT,BLUDROX 250 DT TABS,BLUDROX 250 DT,,Tablet,37.03,Cefadroxil,cefadroxil,Cefadroxil,1,,,BLUE CROSS LABS LTD,GOLD CROS,main,stock file
AT-BLUDROX-500,BLUDROX 500 TABS,BLUDROX 500,,Tablet,41.25,Cefadroxil,cefadroxil,Cefadroxil,1,,,BLUE CROSS LABS LTD,GOLD CROS,main,stock file
AT-BLUGLIP-M-500-15S,BLUGLIP M 500 TAB 15'S,BLUGLIP M 500,15'S,Tablet,79.68,Metformin 500mg + Vildagliptin 50mg,metformin 500mg+vildagliptin 50mg,Metformin | Vildagliptin,2,,,BLUE CROSS LABS,LTD BCL,manual,master
AT-BLUGLIP-15S,BLUGLIP TAB 15'S,BLUGLIP,15'S,Tablet,49.22,Glimepiride,glimepiride,Glimepiride,1,,,BLUE CROSS LABS,LTD BCL,main,stock file
AT-BLUMETA-15S,BLUMETA TAB 15'S,BLUMETA,15'S,Tablet,30.94,Metformin,metformin,Metformin,1,,,BLUE CROSS LABS,LTD,main,stock file
AT-BLUMOX-250MG-DT-15TAB,BLUMOX 250MG DT,BLUMOX 250MG DT,15 TAB,Tablet,96.56,Amoxicillin,amoxicillin,Amoxicillin,1,,,BLUE CROSS LABS,LTD,main,master
AT-BLUMOX-500MG-10S,BLUMOX 500MG CAP 10'S,BLUMOX 500MG,10'S,Capsule,114.38,Amoxicillin,amoxicillin,Amoxicillin,1,,,BLUE CROSS LABS,LTD,main,master
AT-BLUMOX-CA-375MG-6S,BLUMOX CA 375MG 6'S,BLUMOX CA 375MG,6'S,,159.38,Amoxicillin + Clavulanic Acid,amoxicillin+clavulanic acid,Amoxicillin | Clavulanic Acid,2,,,BLUE CROSS LABS,LTD,main,stock file
AT-BLUMOX-CA-625MG,BLUMOX CA 625MG TABS,BLUMOX CA 625MG,,Tablet,178.13,Amoxicillin + Clavulanic Acid,amoxicillin+clavulanic acid,Amoxicillin | Clavulanic Acid,2,,,BLUE CROSS LABS,LTD,main,stock file
AT-BLUMOX-CA-DRY-30ML,BLUMOX CA DRY SYP,BLUMOX CA DRY,30 ML,Dry Syrup,60.93,Amoxicillin + Clavulanic Acid,amoxicillin+clavulanic acid,Amoxicillin | Clavulanic Acid,2,,,BLUE CROSS LABS,LTD,main,master
AT-BLUMOX-CA-FORTE-DRY,BLUMOX CA FORTE DRY SYP,BLUMOX CA FORTE DRY,,Dry Syrup,131.25,Amoxicillin + Clavulanic Acid,amoxicillin+clavulanic acid,Amoxicillin | Clavulanic Acid,2,,,BLUE CROSS LABS,LTD,main,master
AT-BLUMOX-P-DT-15S,BLUMOX P DT 15'S,BLUMOX P DT,15'S,,46.88,Amoxicillin + Clavulanic Acid,amoxicillin+clavulanic acid,Amoxicillin | Clavulanic Acid,2,,,BLUE CROSS LABS,LTD,main,stock file
AT-BLUMOX-PLUS-10S,BLUMOX PLUS CAP 10'S,BLUMOX PLUS,10'S,Capsule,89.06,Amoxicillin + Dicloxacillin,amoxicillin+dicloxacillin,Amoxicillin | Dicloxacillin,2,,,BLUE CROSS LABS,LTD,main,master
AT-BLUPRAZ-D-15S,BLUPRAZ D CAP 15'S,BLUPRAZ D,15'S,Capsule,75.00,Domperidone + Esomeprazole 40mg,domperidone+esomeprazole 40mg,Domperidone | Esomeprazole,2,,,BLUE CROSS LABS,LTD BCL,manual,master
AT-BLUPRAZ-L-10MG-15S,BLUPRAZ L 10MG TAB 15'S,BLUPRAZ L 10MG,15'S,Tablet,131.25,Esomeprazole 40mg + Levosulpiride 75mg,esomeprazole 40mg+levosulpiride 75mg,Esomeprazole | Levosulpiride,2,,,BLUE CROSS LABS,LTD BCL,manual,master
AT-BLUPRAZ-15S,BLUPRAZ TAB 15'S,BLUPRAZ,15'S,Tablet,60.93,Esomeprazole 40mg,esomeprazole 40mg,Esomeprazole,1,,,BLUE CROSS LABS,LTD,manual,master
AT-BLUVIT-D3-GR-1GR,BLUVIT D3 GR.1GR,BLUVIT D3 GR.1GR,,,9.37,Cholecalciferol,cholecalciferol,Cholecalciferol,1,,,BLUE CROSS LABS,LTD,main,master
AT-BLUVIT-IV-INJECT-2ML,BLUVIT IV INJECT 2ML,BLUVIT IV INJECT,2 ML,,32.81,Vitamin B Complex,vitamin b complex,Vitamin B Complex,1,,,BLUE CROSS LABS,LTD,main,master
AT-BLUVIT-10S,BLUVIT TAB 10'S,BLUVIT,10'S,Tablet,48.75,Methylcobalamin + Vit.b6,methylcobalamin+vit.b6,Methylcobalamin | Vit.b6,2,,,BLUE CROSS LABS,LTD,manual,master
AT-BLUVIT-CZ-10S,BLUVIT-CZ TAB 10,BLUVIT-CZ,10'S,Tablet,60.93,Ascorbic Acid + Zinc,ascorbic acid+zinc,Ascorbic Acid | Zinc,2,,,BLUE CROSS LABS,LTD,main,master
AT-BLUVIT-D3-DROP-30ML,BLUVIT-D3 DROP 30ML,BLUVIT-D3 DROP,30 ML,Drops,75.00,Cholecalciferol,cholecalciferol,Cholecalciferol,1,,,BLUE CROSS LABS,LTD,main,stock file
AT-BNC-15S,BNC CAPS 15'S,BNC,15'S,Capsule,106.78,Ascorbic Acid + Vitamin B Complex,ascorbic acid+vitamin b complex,Ascorbic Acid | Vitamin B Complex,2,,,AGLOWMED LTD.,,main,master
AT-BNC-KIDS-150ML,BNC KIDS SYP 150ML,BNC KIDS,150 ML,Syrup,151.27,,needs_verification,Needs_verification,1,,,AGLOWMED LTD.,,main,stock file
AT-BNC-NEO-DROP-15ML,BNC NEO DROP 15ML,BNC NEO DROP,15 ML,Drops,65.00,,needs_verification,Needs_verification,1,,,AGLOWMED LTD.,,main,stock file
AT-BNC-NEO-30ML,BNC NEO DROPS 30ML,BNC NEO,30 ML,Drops,142.37,Multivitamins,multivitamins,Multivitamins,1,,,AGLOWMED LTD,Radiance,main,master
AT-BNC-PR-SOFGEL-10S,BNC PR SOFGEL TAB 10,BNC PR SOFGEL,10'S,Tablet,210.94,Alpha Lipoic Acid + Folic Acid + Methylcobalamin + Pyridoxine,alpha lipoic acid+folic acid+methylcobalamin+pyridoxine,Alpha Lipoic Acid | Folic Acid | Methylcobalamin | Pyridoxine,4,,,AGLOWMED LTD.,,main,master
AT-BNC-200ML,BNC SYP 200ML,BNC,200 ML,Syrup,177.08,Ascorbic Acid + Vitamin B Complex,ascorbic acid+vitamin b complex,Ascorbic Acid | Vitamin B Complex,2,,,AGLOWMED LTD,Radiance,main,master
AT-BONEAPP,Boneapp,Boneapp,10'S,Tablet,220.00,Calcium Citrate Maleate + Cholecalciferol + Folic Acid,calcium citrate maleate+cholecalciferol+folic acid,Calcium Citrate Maleate | Cholecalciferol | Folic Acid,3,,"Osteoporosis, osteomalacia, hypocalcaemia and bone health",APPENA LIFE PVT.LTD,,main,master
AT-BONEAPP-PLUS,Boneapp Plus,Boneapp Plus,10'S,Tablet,300.00,Dalbergia Sissoo 500mg,dalbergia sissoo 500mg,Dalbergia Sissoo,1,,Osteoporosis and bone health; supports bone healing,APPENA LIFE PVT.LTD,,main,master
AT-BONEJOINT-30S,BONEJOINT CAP 30'S,BONEJOINT,30'S,Capsule,445.31,,,,,,,ROSSWELT BIOSCIENCES,,,master
AT-BONFLOX-N-30ML,BONFLOX N SYP 30ML.,BONFLOX N,30 ML,Syrup,56.20,Norfloxacin,norfloxacin,Norfloxacin,1,,,BESTOCHEM FORMU,SALUTE,main,stock file
AT-BONFLOX-30ML,BONFLOX SUSP.30ML.,BONFLOX,30 ML,Suspension,40.46,Ofloxacin,ofloxacin,Ofloxacin,1,,,BESTOCHEM FORMU,SALUTE,main,stock file
AT-BONISTA-CARTRIDGE-3ML,BONISTA CARTRIDGE,BONISTA CARTRIDGE,3 ML,,"6,672.19",Teriparatide 750mcg,teriparatide 750mcg,Teriparatide,1,HORMONES,,SUN PHARMA LAB.LTD,CROSSLAND-LIFE,sun pharma sheet,stock file
AT-BONISTA-PEN-DEVICES,BONISTA PEN DEVICES,BONISTA PEN DEVICES,,,"2,306.25",,,,,,,SUN PHARMA LAB.LTD,CROSSLAND-LIFE,,stock file
AT-BONISTA-PF,BONISTA PF INJ.,BONISTA PF,,Injection,"6,672.66",,,,,,,SUN PHARMA LAB.LTD,CROSSLAND-LIFE,,master
AT-BONNISAN-30ML,BONNISAN DROPS 30ML,BONNISAN,30 ML,Drops,105.00,Dill Oil + Fennel + Herbal Carminatives,dill oil+fennel+herbal carminatives,Dill Oil | Fennel | Herbal Carminatives,3,,,HIMALAYA DRUG COMPANY ZENITH,,main,master
AT-BONNISAN-LIQ-100ML,BONNISAN LIQ 100ML,BONNISAN LIQ,100 ML,,84.38,Dill Oil + Fennel,dill oil+fennel,Dill Oil | Fennel,2,,,HIMALAYA DRUG COMPANY ZENITH,,main,master
AT-BONNISAN-LIQ-200ML-200,BONNISAN LIQ 200ML 200,BONNISAN LIQ 200ML 200,,,160.00,Dill Oil + Fennel,dill oil+fennel,Dill Oil | Fennel,2,,,HIMALAYA DRUG COMPANY ZENITH,,main,master
AT-BONNISPAZ-DROP-15ML,BONNISPAZ DROP 15ML,BONNISPAZ DROP,15 ML,Drops,79.69,Antispasmodic Herbs + Dill Oil,antispasmodic herbs+dill oil,Antispasmodic Herbs | Dill Oil,2,,,HIMALAYA DRUG COMPANY ZENITH,,main,master
AT-BRAHMI-60S,BRAHMI CAPS 60S,BRAHMI,60S,Capsule,135.00,,,,,,,HIMALAYA DRUG COMPANY,OTX,,stock file
AT-BRAMOLIDE-T-EYE-5ML,BRAMOLIDE-T EYE DROPS 5ML,BRAMOLIDE-T EYE,5 ML,Drops,186.56,Brimonidine + Timolol,brimonidine+timolol,Brimonidine | Timolol,2,,,ALKEM LABORATORIES,LIMITED,main,stock file
AT-BRESOL-NS-SALINE-NASAL-SOLU-10ML,BRESOL NS SALINE NASAL SOLU. 10ML,BRESOL NS SALINE NASAL SOLU,10 ML,,75.00,Herbal Extracts + Saline,herbal extracts+saline,Herbal Extracts | Saline,2,,,HIMALAYA DRUG COMPANY ZENITH,,main,master
AT-BRESOL-100ML,BRESOL SYP 100ML,BRESOL,100 ML,Syrup,75.00,,,,,,,HIMALAYA DRUG COMPANY ZENITH,,,stock file
AT-BRESOL-200ML,BRESOL SYRUP 200ML,BRESOL,200 ML,Syrup,196.88,Tulsi + Turmeric + Vasaka,tulsi+turmeric+vasaka,Tulsi | Turmeric | Vasaka,3,,,HIMALAYA DRUG COMPANY ZENITH,,main,master
AT-BRESOL-60S,BRESOL TABS 60,BRESOL,60'S,Tablet,182.81,,,,,,,HIMALAYA DRUG COMPANY ZENITH,,,stock file
AT-BREVOXYL-20GM,BREVOXYL CREAM 20GM,BREVOXYL,20 GM,Cream,105.84,,,,,,,GSK LIMITED,TEAM 2 ETT,,stock file
AT-BREVOXYL-CREAMY-WASH-50GM,BREVOXYL CREAMY WASH 50GM,BREVOXYL CREAMY WASH,50 GM,,130.69,,,,,,,GSK LIMITED,TEAM 2 ETT,,stock file
AT-BREXILO-0-25-10S,BREXILO 0.25 TAB 10'S,BREXILO 0.25,10'S,Tablet,85.00,Brexpiprazole 0.25mg,brexpiprazole 0.25mg,Brexpiprazole,1,,,TORRENT PHARMACEUTICAL,AXON,torrent,master
AT-BREXILO-0-5-10S,BREXILO 0.5 TAB 10,BREXILO 0.5,10'S,Tablet,125.00,Brexpiprazole 0.25mg,brexpiprazole 0.25mg,Brexpiprazole,1,,,TORRENT PHARMACEUTICAL,AXON,torrent,stock file
AT-BREXILO-1MG,BREXILO 1MG TAB,BREXILO 1MG,,Tablet,200.00,Brexpiprazole 0.25mg,brexpiprazole 0.25mg,Brexpiprazole,1,,,TORRENT PHARMACEUTICAL,AXON,torrent,master
AT-BREXILO-2MG,BREXILO 2MG TAB,BREXILO 2MG,,Tablet,250.00,Brexpiprazole 0.25mg,brexpiprazole 0.25mg,Brexpiprazole,1,,,TORRENT PHARMACEUTICAL,AXON,torrent,master
AT-BREXILO-3MG-10S,BREXILO 3MG TAB 10'S,BREXILO 3MG,10'S,Tablet,325.00,Brexpiprazole 0.25mg,brexpiprazole 0.25mg,Brexpiprazole,1,,,TORRENT PHARMACEUTICAL,AXON,torrent,master
AT-BREXILO-4MG-10S,BREXILO 4MG TAB 10'S,BREXILO 4MG,10'S,Tablet,425.00,Brexpiprazole 0.25mg,brexpiprazole 0.25mg,Brexpiprazole,1,,,TORRENT PHARMACEUTICAL,AXON,torrent,master
AT-BRIMOTAS-T-VAIL,BRIMOTAS-T VAIL,BRIMOTAS-T VAIL,,,93.75,,,,,,,INTAS (ANDRE )LABORATORIES,PVT,,stock file
AT-BRISTAA-ADVANCED-SKIN-20GM,BRISTAA ADVANCED SKIN CREAM 20GM,BRISTAA ADVANCED SKIN,20 GM,Cream,673.73,,,,,,,SUN PHARMACEUTICAL,ORTUS,,master
AT-BRISTAA-INSTA-SKIN-20GM,BRISTAA INSTA SKIN CREAM 20G,BRISTAA INSTA SKIN,20 GM,Cream,999.47,,,,,,,SUN PHARMACEUTICAL,ORTUS,,master
AT-BRITE-30GM,BRITE CREAM 30GM,BRITE,30 GM,Cream,227.00,Contains: Hydroquinone 20g + Octinoxate 5% + Oxybenzone 3%,contains: hydroquinone 20g+octinoxate 5%+oxybenzone 3%,Contains: Hydroquinone | Octinoxate | Oxybenzone,3,Demelanising Agent,Melasma,WALLACE PHARMA,RIVELA,wallace,master
AT-BRITE-LITE-20GM,BRITE LITE CREAM 20GM,BRITE LITE,20 GM,Cream,492.00,Alpha-Arbutin + Contains: Mulberry Extract 30g + Glycolic Acid + Kojic Acid Dipalmitate + L-Glutathione Oxidized + Liquorice Extract + Niacinamide + Tocopheryl Acetate,alpha-arbutin+contains: mulberry extract 30g+glycolic acid+kojic acid dipalmitate+l-glutathione oxidized+liquorice extract+niacinamide+tocopheryl acetate,Alpha-Arbutin | Contains: Mulberry Extract | Glycolic Acid | Kojic Acid Dipalmitate | L-Glutathione Oxidized | Liquorice Extract | Niacinamide | Tocopheryl Acetate,8,Demelanising Agent,Hyperpigmentation,WALLACE PHARMA,RIVELA,manual,master
AT-BRITE-WITE-30GM,BRITE WITE CREAM 30GM,BRITE WITE,30 GM,Cream,584.73,Alpha-Arbutin + Contains: Mulberry Extract 30g + Glycolic Acid + Kojic Acid Dipalmitate + L-Glutathione Oxidized + Liquorice Extract + Niacinamide + Tocopheryl Acetate,alpha-arbutin+contains: mulberry extract 30g+glycolic acid+kojic acid dipalmitate+l-glutathione oxidized+liquorice extract+niacinamide+tocopheryl acetate,Alpha-Arbutin | Contains: Mulberry Extract | Glycolic Acid | Kojic Acid Dipalmitate | L-Glutathione Oxidized | Liquorice Extract | Niacinamide | Tocopheryl Acetate,8,Demelanising Agent,Maintenance therapy of moderate to severe Melasma & Post procedure,WALLACE PHARMA,RIVELA,wallace,stock file
AT-BRITZILAM-100MG-14S,BRITZILAM 100MG TAB 14'S,BRITZILAM 100MG,14'S,Tablet,614.05,Brivaracetam 10mg/ml,brivaracetam 10mg/ml,Brivaracetam,1,,,TORRENT PHARMACEUTICALS,NURON,torrent,master
AT-BRITZILAM-25MG-14S,BRITZILAM 25MG TAB 14'S,BRITZILAM 25MG,14'S,Tablet,151.17,Brivaracetam 10mg/ml,brivaracetam 10mg/ml,Brivaracetam,1,,,TORRENT PHARMACEUTICALS,NURON,torrent,stock file
AT-BRITZILAM-50MG-14S,BRITZILAM 50MG TAB 14'S,BRITZILAM 50MG,14'S,Tablet,305.60,Brivaracetam 10mg/ml,brivaracetam 10mg/ml,Brivaracetam,1,,,TORRENT PHARMACEUTICALS,NURON,torrent,master
AT-BRITZILAM-75MG-10S,BRITZILAM 75MG TAB 10'S,BRITZILAM 75MG,10'S,Tablet,448.65,Brivaracetam 10mg/ml,brivaracetam 10mg/ml,Brivaracetam,1,,,TORRENT PHARMACEUTICALS,NURON,torrent,master
AT-BRITZILAM-SR-100MG-10S,BRITZILAM SR 100MG TAB 10'S,BRITZILAM SR 100MG,10'S,Tablet,369.84,Brivaracetam 50mg/100mg,brivaracetam 50mg/100mg,Brivaracetam,1,,,TORRENT PHARMACEUTICALS,NURON,torrent,stock file
AT-BRIVASURE-100-10S,BRIVASURE 100 TAB 10'S,BRIVASURE 100,10'S,Tablet,549.80,Brivaracetam 100mg,brivaracetam 100mg,Brivaracetam,1,Muscle relaxant,,ALKEM LAB.LTD,PRIZMA,alkem,master
AT-BRIVASURE-25MG-10S,BRIVASURE 25MG TAB 10'S,BRIVASURE 25MG,10'S,Tablet,147.65,Brivaracetam 25mg,brivaracetam 25mg,Brivaracetam,1,NEUROPATHIC PAIN,,ALKEM LAB.LTD,PRIZMA,alkem,master
AT-BRIVASURE-50-10S,BRIVASURE 50 TAB 10'S,BRIVASURE 50,10'S,Tablet,275.60,Brivaracetam 50mg,brivaracetam 50mg,Brivaracetam,1,Anti-Epileptic,,ALKEM LAB.LTD,PRIZMA,alkem,master
AT-BRIVASURE-75-10S,BRIVASURE 75 TAB 10'S,BRIVASURE 75,10'S,Tablet,428.85,Brivaracetam 75mg,brivaracetam 75mg,Brivaracetam,1,Anti-Epileptic,,ALKEM LAB.LTD,PRIZMA,alkem,master
AT-BRIVASURE-ORAL-SOLUTION-10MG-100ML,BRIVASURE ORAL SOLUTION 10MG 100ML,BRIVASURE ORAL SOLUTION 10MG,100 ML,Solution,492.15,Brivaracetam,brivaracetam,Brivaracetam,1,,,ALKEM LAB.LTD,PRIZMA,main,master
AT-BRIVASURE-XR-100MG-10S,BRIVASURE XR 100MG TAB 10'S,BRIVASURE XR 100MG,10'S,Tablet,336.56,Brivaracetam,brivaracetam,Brivaracetam,1,,,ALKEM LAB.LTD,PRIZMA,main,stock file
AT-BRIVASURE-XR-200MG-10S,BRIVASURE XR 200MG TAB 10'S,BRIVASURE XR 200MG,10'S,Tablet,467.81,Brivaracetam,brivaracetam,Brivaracetam,1,,,ALKEM LAB.LTD,PRIZMA,main,stock file
AT-BROADICLOX-NOVO-10S,BROADICLOX NOVO 10'S,BROADICLOX NOVO,10'S,,75.94,Ampicillin + Dicloxacillin,ampicillin+dicloxacillin,Ampicillin | Dicloxacillin,2,,,ALKEM LABS,LTD NEXA,main,stock file
AT-BROZEET-LS-1MG-100ML,BROZEET LS 1MG 100ML,BROZEET LS 1MG,100 ML,Syrup,133.69,Ambroxol + Guaifenesin + Levosalbutamol,ambroxol+guaifenesin+levosalbutamol,Ambroxol | Guaifenesin | Levosalbutamol,3,,,ALEMBIC,MAXIS,main,master
AT-BROZEET-LS-15ML,BROZEET LS DROPS 15ML,BROZEET LS,15 ML,Drops,87.09,Ambroxol + Guaifenesin + Levosalbutamol,ambroxol+guaifenesin+levosalbutamol,Ambroxol | Guaifenesin | Levosalbutamol,3,,,ALEMBIC,MAXIS,main,master
AT-BROZEET-LS-JUNIAR-100ML,BROZEET LS JUNIAR100ML,BROZEET LS JUNIAR,100 ML,,,,,,,,,,,,stock file
AT-BROZEET-LS-PLUS-100ML,BROZEET LS PLUS 100ML,BROZEET LS PLUS,100 ML,,101.77,Ambroxol + Guaifenesin + Levosalbutamol,ambroxol+guaifenesin+levosalbutamol,Ambroxol | Guaifenesin | Levosalbutamol,3,,,ALEMBIC,MAXIS,main,stock file
AT-BROZEET-LS-100ML,BROZEET LS SYP 100ML,BROZEET LS,100 ML,Syrup,140.91,Ambroxol + Guaifenesin + Levosalbutamol,ambroxol+guaifenesin+levosalbutamol,Ambroxol | Guaifenesin | Levosalbutamol,3,,,ALEMBIC,MAXIS,main,master
AT-BROZEET-SF-100ML,BROZEET SF 100ML,BROZEET SF,100 ML,Syrup,70.83,Ambroxol + Guaifenesin + Terbutaline,ambroxol+guaifenesin+terbutaline,Ambroxol | Guaifenesin | Terbutaline,3,,,ALEMBIC,MAXIS,main,stock file
AT-BROZEET-100ML,BROZEET SYRUP 100ML,BROZEET,100 ML,Syrup,137.06,Ambroxol + Guaifenesin,ambroxol+guaifenesin,Ambroxol | Guaifenesin,2,,,ALEMBIC,MAXIS,main,master
AT-BUDESTE-0-5-RESPULES,BUDESTE 0.5 RESPULES,BUDESTE 0.5 RESPULES,,Respule,102.05,,,,,,,KOYE PHARMACEUTICAL,CAIR,,stock file
AT-BUDESTE-1,BUDESTE 1,BUDESTE 1,,,123.05,,,,,,,KOYE PHARMACEUTICAL,CAIR,,stock file
AT-BULVIT-DROP-30ML,BULVIT DROP 30ML,BULVIT DROP,30 ML,Drops,48.95,,,,,,,ROSSWELT BIOSCIENCES,,,stock file
AT-BULVIT-L-200ML,BULVIT-L SYRUP 200ML,BULVIT-L,200 ML,Syrup,103.13,,,,,,,ROSSWELT BIOSCIENCES,,,master
AT-BUPROJOY-10S,BUPROJOY TAB 10'S,BUPROJOY,10'S,Tablet,112.50,Bupropion,bupropion,Bupropion,1,,,ALKEM LABORATORIES,LIMITED,main,master
AT-BUSGOBAST-10MG,Busgobast 10mg Tablet,Busgobast 10mg,,Tablet,,Empagliflozin 10mg,empagliflozin 10mg,Empagliflozin,1,,Type 2 diabetes mellitus / cardiovascular and renal risk reduction,BOEHRINGER INGELHEIM,,main,master
AT-BUVALOR-10-2-PATCH,BUVALOR 10 2 PATCH,BUVALOR 10 2 PATCH,,,"2,977.50",Buprenorphine 10mg,buprenorphine 10mg,Buprenorphine,1,,,MODI MUNDI,PMD,main,master
AT-BUVALOR-20-2-PATCH,BUVALOR 20 2 PATCH,BUVALOR 20 2 PATCH,,,"5,428.00",Buprenorphine 20mg,buprenorphine 20mg,Buprenorphine,1,,,MODI MUNDI,PMD,main,master
AT-BUVALOR-5-2-PATCH,BUVALOR 5 2 PATCH,BUVALOR 5 2 PATCH,,,"1,791.00",Buprenorphine 5mg,buprenorphine 5mg,Buprenorphine,1,,,MODI MUNDI,PMD,main,master
AT-BYTEY-M-30-10S,BYTEY M 30 TAB 1*10,BYTEY M 30,10'S,Tablet,64.68,Metoprolol + Telmisartan,metoprolol+telmisartan,Metoprolol | Telmisartan,2,,,ARRIENT HEALTHCARE,(MERAKUS)PRIVATE LIM,main,master
AT-BYTEY-M-40-10S,BYTEY M 40 TAB 1*10,BYTEY M 40,10'S,Tablet,84.37,Metoprolol + Telmisartan,metoprolol+telmisartan,Metoprolol | Telmisartan,2,,,ARRIENT HEALTHCARE,(MERAKUS)PRIVATE LIM,main,master
AT-BYTEY-M-60-15S,BYTEY M 60 TAB 1*15,BYTEY M 60,15'S,Tablet,205.31,Metoprolol + Telmisartan,metoprolol+telmisartan,Metoprolol | Telmisartan,2,,,ARRIENT HEALTHCARE,(MERAKUS)PRIVATE LIM,main,master
AT-BYTEY-M-80-10S,BYTEY M 80 TAB 1*10,BYTEY M 80,10'S,Tablet,61.26,Metoprolol + Telmisartan,metoprolol+telmisartan,Metoprolol | Telmisartan,2,,,ARRIENT HEALTHCARE,(MERAKUS)PRIVATE LIM,main,master
AT-BYTEY-MV-40-2MG-10S,BYTEY MV 40.2MG TAB 10'S,BYTEY MV 40.2MG,10'S,Tablet,159.38,Amlodipine + Metoprolol + Telmisartan,amlodipine+metoprolol+telmisartan,Amlodipine | Metoprolol | Telmisartan,3,,,ARRIENT HEALTHCARE,(MERAKUS)PRIVATE LIM,main,master
AT-BYTEY-MV-40-3MG-10S,BYTEY MV 40.3MG TAB 10'S,BYTEY MV 40.3MG,10'S,Tablet,164.06,Amlodipine + Metoprolol + Telmisartan,amlodipine+metoprolol+telmisartan,Amlodipine | Metoprolol | Telmisartan,3,,,ARRIENT HEALTHCARE,(MERAKUS)PRIVATE LIM,main,master
AT-BYTEY-MV-80-2MG-10S,BYTEY MV 80.2MG TAB 10'S,BYTEY MV 80.2MG,10'S,Tablet,164.06,Amlodipine + Metoprolol + Telmisartan,amlodipine+metoprolol+telmisartan,Amlodipine | Metoprolol | Telmisartan,3,,,ARRIENT HEALTHCARE,(MERAKUS)PRIVATE LIM,main,master
AT-BYTEY-MV-80-3MG-10S,BYTEY MV 80.3MG TAB 10'S,BYTEY MV 80.3MG,10'S,Tablet,168.75,Amlodipine + Metoprolol + Telmisartan,amlodipine+metoprolol+telmisartan,Amlodipine | Metoprolol | Telmisartan,3,,,ARRIENT HEALTHCARE,(MERAKUS)PRIVATE LIM,main,master
AT-BYTEY-TOTAL-30-10S,BYTEY TOTAL 30 TAB 1*10,BYTEY TOTAL 30,10'S,Tablet,87.65,Amlodipine + Metoprolol + Telmisartan,amlodipine+metoprolol+telmisartan,Amlodipine | Metoprolol | Telmisartan,3,,,ARRIENT HEALTHCARE,(MERAKUS)PRIVATE LIM,main,master
AT-BYTEY-TOTAL-60-15S,BYTEY TOTAL 60 TAB 1*15,BYTEY TOTAL 60,15'S,Tablet,203.90,Amlodipine + Metoprolol + Telmisartan,amlodipine+metoprolol+telmisartan,Amlodipine | Metoprolol | Telmisartan,3,,,ARRIENT HEALTHCARE,(MERAKUS)PRIVATE LIM,main,master
AT-BYZEPTA-PLUS-14S,BYZEPTA PLUS TAB 14'S,BYZEPTA PLUS,14'S,Tablet,"2,500.00",,,,,,,CELAGENEX RESEARCH(INDIA)PVT.LTD.G.Y.,,,stock file
AT-BYZEPTA-10S,BYZEPTA TAB 10'S,BYZEPTA,10'S,Tablet,"1,199.00",,,,,,,CELAGENEX RESEARCH(INDIA)PVT.LTD.G.Y.,,,master
AT-C-BOOSTER-30S,C BOOSTER TAB 30'S,C BOOSTER,30'S,Tablet,190.00,,,,,,,BRITISH BIOLOGICAL CRITICAL CARE,,,stock file
AT-C-AMO-CV-625-MG,C-AMO-CV 625 MG TAB,C-AMO-CV 625 MG,,Tablet,195.51,Amoxicillin + Clavulanic Acid,amoxicillin+clavulanic acid,Amoxicillin | Clavulanic Acid,2,,,CAVIN PHARMACEUTICALS,,main,master
AT-C-NAC-EYE-10ML,C-NAC EYE DROPS 10ML.,C-NAC EYE,10 ML,Drops,230.63,,,,,,,INTAS (ANDRE )LABORATORIES,PVT,,stock file
AT-C-SORA-20GM,C-SORA OINT. 20GM,C-SORA,20 GM,Ointment,111.38,Clobetasol + Salicylic Acid,clobetasol+salicylic acid,Clobetasol | Salicylic Acid,2,,,BESTOCHEM FORMULATIONS,,main,master
AT-CA-BYTES-200GM,CA++BYTES 200G,CA++BYTES,200 GM,,315.00,,,,,,,NUTRIMED HEALTHCARE,PVT.LTD,,stock file
AT-CA-BYTES-DROP-30ML,CA++BYTES DROP 30ML,CA++BYTES DROP,30 ML,Drops,135.00,,,,,,,NUTRIMED HEALTHCARE,PVT.LTD,,master
AT-CA-BYTES-SUSPENSION-200ML,CA++BYTES SUSPENSION 200ML,CA++BYTES SUSPENSION,200 ML,Suspension,144.00,,,,,,,NUTRIMED HEALTHCARE,PVT.LTD,,stock file
AT-CABBY-LS-10S,CABBY LS TAB 10'S,CABBY LS,10'S,Tablet,93.75,Levosulpiride,levosulpiride,Levosulpiride,1,,,CAVIN PHARMACEUTICALS,,main,master
AT-CABBY,CABBY TABS,CABBY,,Tablet,103.00,Levosulpiride,levosulpiride,Levosulpiride,1,,,CAVIN PHARMACEUTICALS,,main,master
AT-CABLOK-10-15S,CABLOK 10 TAB 1*15'S,CABLOK 10,15'S,Tablet,164.06,Cilnidipine,cilnidipine,Cilnidipine,1,,,ARRIENT HEALTHCARE,(MERAKUS)PRIVATE LIM,main,master
AT-CABLOK-20-10S,CABLOK 20 TAB 1*10,CABLOK 20,10'S,Tablet,149.06,Cilnidipine,cilnidipine,Cilnidipine,1,,,ARRIENT HEALTHCARE,(MERAKUS)PRIVATE LIM,main,master
AT-CABLOK-BETA-2-5-10S,CABLOK BETA 2.5 TAB 1*10,CABLOK BETA 2.5,10'S,Tablet,122.71,Cilnidipine + Metoprolol,cilnidipine+metoprolol,Cilnidipine | Metoprolol,2,,,ARRIENT HEALTHCARE,(MERAKUS)PRIVATE LIM,main,master
AT-CABLOK-BETA-5-10S,CABLOK BETA 5 TAB 1*10,CABLOK BETA 5,10'S,Tablet,163.12,Cilnidipine + Metoprolol,cilnidipine+metoprolol,Cilnidipine | Metoprolol,2,,,ARRIENT HEALTHCARE,(MERAKUS)PRIVATE LIM,main,master
AT-CABLOK-M-25MG-10S,CABLOK M-25MG TAB 10'S,CABLOK M-25MG,10'S,Tablet,126.56,Metoprolol,metoprolol,Metoprolol,1,,,ARRIENT HEALTHCARE,(MERAKUS)PRIVATE LIM,main,stock file
AT-CABLOK-M-50MG-10S,CABLOK M-50MG TAB 10'S,CABLOK M-50MG,10'S,Tablet,135.94,Metoprolol,metoprolol,Metoprolol,1,,,ARRIENT HEALTHCARE,(MERAKUS)PRIVATE LIM,main,stock file
AT-CABLOK-MT-25MG-10S,CABLOK MT-25MG TAB 10'S,CABLOK MT-25MG,10'S,Tablet,115.08,Metoprolol,metoprolol,Metoprolol,1,,,ARRIENT HEALTHCARE,(MERAKUS)PRIVATE LIM,main,master
AT-CABLOK-MT-50MG-10S,CABLOK MT-50MG TAB 10'S,CABLOK MT-50MG,10'S,Tablet,139.68,Metoprolol,metoprolol,Metoprolol,1,,,ARRIENT HEALTHCARE,(MERAKUS)PRIVATE LIM,main,master
AT-CABLOK-TRIO-10S,CABLOK TRIO TAB 10'S,CABLOK TRIO,10'S,Tablet,180.46,Cilnidipine + Metoprolol + Telmisartan,cilnidipine+metoprolol+telmisartan,Cilnidipine | Metoprolol | Telmisartan,3,,,ARRIENT HEALTHCARE,(MERAKUS)PRIVATE LIM,main,master
AT-CACIMAC-10S,CACIMAC TAB 1*10'S,CACIMAC,10'S,Tablet,210.00,,,,,,,MCWEL HEALTHCARE,PVT.LTD,,master
AT-CADISPER-C-10S,CADISPER C TAB 10'S,CADISPER C,10'S,Tablet,21.00,Ascorbic Acid + Calcium + Cholecalciferol,ascorbic acid+calcium+cholecalciferol,Ascorbic Acid | Calcium | Cholecalciferol,3,,,CADILA PHARMA. LTD,EVANEXT,main,master
AT-CAFILICE-D3-30ML,CAFILICE-D3 DROPS 30ML,CAFILICE-D3,30 ML,Drops,97.90,,,,,,,ROSSWELT BIOSCIENCES,,,master
AT-CAL-AID-15S,CAL-AID CAP 15'S,CAL-AID,15'S,Capsule,331.78,,,,,,,INDOCO REMEDIES,SYNERGY,,master
AT-CALAID-XT-15S,CALAID XT TAB 15'S,CALAID XT,15'S,Tablet,185.44,,,,,,,INDOCO REMEDIES,SYNERGY,,master
AT-CALAK-100ML,CALAK LOTION 100ML,CALAK,100 ML,Lotion,117.00,Calamine + Diphenhydramine + Zinc Oxide,calamine+diphenhydramine+zinc oxide,Calamine | Diphenhydramine | Zinc Oxide,3,,,A.MENARINI,DERMA,main,master
AT-CALAK-50ML,CALAK LOTION 50ML,CALAK,50 ML,Lotion,48.75,Calamine,calamine,Calamine,1,,,A.MENARINI,DERMA,main,stock file
AT-CALBIGRIF-10S,CALBIGRIF TAB 1*10'S,CALBIGRIF,10'S,Tablet,140.00,Calcium 500mg + Magnesium Hydroxide 100mg + Sodium 1.291mg + Vitamin D2 500IU + Zinc Sulphate 17mg,calcium 500mg+magnesium hydroxide 100mg+sodium 1.291mg+vitamin d2 500iu+zinc sulphate 17mg,Calcium | Magnesium Hydroxide | Sodium | Vitamin D2 | Zinc Sulphate,5,,,NUTRIMED HEALTHCARE,PVT.LTD,main,master
AT-CALBIGRIF-CQ-TAB-1-10,CALBIGRIF-CQ TAB 1*10',CALBIGRIF-CQ TAB 1*,10',Tablet,222.45,,,,,,,NUTRIMED HEALTHCARE,PVT.LTD,,master
AT-CALCIBEST-60K-4S,CALCIBEST-60K 4S,CALCIBEST-60K,4S,,74.16,Cholecalciferol,cholecalciferol,Cholecalciferol,1,,,BESTOCHEM FORMULATIONS,,main,stock file
AT-CALCIDEF-10S,CALCIDEF TAB 10,CALCIDEF,10'S,Tablet,159.00,,,,,,,SUN PHARMA,LABORATORIES LTD,,master
AT-CALCIGARD-10MG-RTD-10S,CALCIGARD 10MG RTD TAB 10S,CALCIGARD 10MG RTD,10S,Tablet,16.12,,,,,,,TORRENT PHARMACEUTICALS,DELTA,,master
AT-CALCIGARD-RTD-TAB-10S-20-MG,CALCIGARD RTD TAB 10S 20 MG,CALCIGARD RTD TAB 10S 20 MG,,Tablet,36.14,,,,,,,TORRENT PHARMACEUTICALS,DELTA,,stock file
AT-CALCINOL-D-200ML,CALCINOL D SUSP.200ML,CALCINOL D,200 ML,Suspension,171.56,Calcium Carbonate 750mg + Cholecalciferol 300IU + Magnesium Hydroxide 59.98mg + Zinc Gluconate Per 17.42mg,calcium carbonate 750mg+cholecalciferol 300iu+magnesium hydroxide 59.98mg+zinc gluconate per 17.42mg,Calcium Carbonate | Cholecalciferol | Magnesium Hydroxide | Zinc Gluconate Per,4,Calcium + Vitamin D3 + Magnesium supplementation,,RAPTAKOS BRETT & CO.LIMITED,,raptakos,master
AT-CALCINOL-RB-100S,CALCINOL RB TABS 100`S,CALCINOL RB,100'S,Tablet,243.75,Calcium Carbonate + Calcium Fluoride + Calcium Phosphate + Cholecalciferol 250IU + Magnesium Hydroxide,calcium carbonate+calcium fluoride+calcium phosphate+cholecalciferol 250iu+magnesium hydroxide,Calcium Carbonate | Calcium Fluoride | Calcium Phosphate | Cholecalciferol | Magnesium Hydroxide,5,Calcium & Vitamin D supplementation,"Calcium deficiency states, rickets, osteomalacia, allergic conditions, pregnancy, lactation & growing children",RAPTAKOS BRETT & CO.LIMITED,,raptakos,stock file
AT-CALCINOL-D-1000-GRA-67GM,CALCINOL-D 1000 GRA 6.7GM,CALCINOL-D 1000 GRA,6.7 GM,,40.00,,,,,,,RAPTAKOS BRETT & CO.LIMITED,,,master
AT-CALKEM-100ML,CALKEM LOTION 100ML,CALKEM,100 ML,Lotion,82.83,Aloe Vera + Calamine + Light Paraffin,aloe vera+calamine+light paraffin,Aloe Vera | Calamine | Light Paraffin,3,,,ALKEM PAHARMA,DARMA CARE,main,stock file
AT-CALNASAL-NASAL-SPRAY-60-MDI,CALNASAL NASAL SPRAY 60 MDI,CALNASAL NASAL SPRAY 60 MDI,,Nasal Spray,"1,730.63",,,,,,,KOYE PHARMACEUTICALS,P.LTD,,stock file
AT-CALPOL-1000MG,CALPOL 1000MG TAB,CALPOL 1000MG,,Tablet,569.85,,,,,,,GSK LIMITED TEAM PC2,FORTIOR,,stock file
AT-CALPOL-120MG-60ML,CALPOL 120MG SUSP 60ML,CALPOL 120MG,60 ML,Suspension,37.80,Paracetamol,paracetamol,Paracetamol,1,,,GSK LIMITED TEAM PC2,FORTIOR,main,master
AT-CALPOL-250MG-60ML,CALPOL 250MG SUSP 60ML,CALPOL 250MG,60 ML,Suspension,42.84,Paracetamol,paracetamol,Paracetamol,1,,,GSK LIMITED TEAM PC2,FORTIOR,main,master
AT-CALPOL-500MG,CALPOL 500MG TAB,CALPOL 500MG,,Tablet,14.26,Paracetamol,paracetamol,Paracetamol,1,,,GSK LIMITED TEAM PC2,FORTIOR,main,master
AT-CALPOL-650MG,CALPOL 650MG TAB,CALPOL 650MG,,Tablet,32.04,Paracetamol,paracetamol,Paracetamol,1,,,GSK LIMITED TEAM PC2,FORTIOR,main,master
AT-CALPOL-PAED-15ML,CALPOL PAED DROPS 15ML,CALPOL PAED,15 ML,Drops,30.98,Paracetamol,paracetamol,Paracetamol,1,,,GSK LIMITED TEAM PC2,FORTIOR,main,master
AT-CALPOL-T-15S,CALPOL T TAB 15'S,CALPOL T,15'S,Tablet,115.73,Paracetamol,paracetamol,Paracetamol,1,,,GSK LIMITED TEAM,ALTUS,main,master
AT-CALURAN-CP-50MG-30S,CALURAN CP 50MG TAB 30'S,CALURAN CP 50MG,30'S,Tablet,"1,322.72",Bicalutamide 50mg,bicalutamide 50mg,Bicalutamide,1,ANTI-NEOPLASTICS,,SUN PHARMA LABS LTD,UROCARE,sun pharma sheet,master
AT-CAMERIV-10MG-14S,CAMERIV 10MG TAB 14'S,CAMERIV 10MG,14'S,Tablet,160.88,Rivaroxaban,rivaroxaban,Rivaroxaban,1,,,ALEMBIC,SPECIA,main,stock file
AT-CAMERIV-15-MG-14S,CAMERIV 15 MG TAB 14'S,CAMERIV 15 MG,14'S,Tablet,170.63,Rivaroxaban,rivaroxaban,Rivaroxaban,1,,,ALEMBIC,SPECIA,main,stock file
AT-CAMERIV-2-5MG-14S,CAMERIV 2.5MG TAB 14'S,CAMERIV 2.5MG,14'S,Tablet,223.13,Rivaroxaban,rivaroxaban,Rivaroxaban,1,,,ALEMBIC,SPECIA,main,stock file
AT-CAMERON-TAB-2MG-10S,CAMERON TAB 2MG TAB 10'S,CAMERON TAB 2MG,10'S,Tablet,459.38,Camylofin,camylofin,Camylofin,1,,,ALEMBIC,GASTRON,main,master
AT-CAMERON-TAB-2MG-10S-2,CAMERON TAB 2MG TAB 10S,CAMERON TAB 2MG,10S,Tablet,459.38,Acenocoumarol,acenocoumarol,Acenocoumarol,1,,,ALEMBIC,GASTRON,main,stock file
AT-CAMO-CV-375MG-10S,CAMO-CV 375MG TAB 10'S,CAMO-CV 375MG,10'S,Tablet,243.75,,,,,,,CAVIN PHARMACEUTICALS,,,stock file
AT-CAMYDA-150-8S,CAMYDA 150 CAP 8'S,CAMYDA 150,8'S,Capsule,110.29,Contains: Clindamycin 1ml,contains: clindamycin 1ml,Contains: Clindamycin,1,Antibiotic,LRTI,WALLACE PHARMACEUTICALS,LTD,wallace,stock file
AT-CAMYDA-300-8S,CAMYDA 300 CAP 8'S,CAMYDA 300,8'S,Capsule,297.80,Contains: Clindamycin 1ml,contains: clindamycin 1ml,Contains: Clindamycin,1,Antibiotic,LRTI,WALLACE PHARMACEUTICALS,LTD,wallace,master
AT-CAMYDA-300-2ML,CAMYDA 300 INJ 2ML.,CAMYDA 300,2 ML,Injection,225.00,Contains: Clindamycin 1ml,contains: clindamycin 1ml,Contains: Clindamycin,1,Antibiotic,LRTI,WALLACE PHARMACEUTICALS,LTD,wallace,stock file
AT-CANVAZ,CANVAZ GEL,CANVAZ,,Gel,594.52,,needs_verification,Needs_verification,1,,,ALEMBIC,DERMA,main,stock file
AT-CAP-Q10-10S,CAP-Q10 CAP 10'S,CAP-Q10,10'S,Capsule,450.00,,,,,,,NEO LIFE SCIENCES,,,stock file
AT-CAPRIVON-AC-10S,CAPRIVON AC TAB 10'S,CAPRIVON AC,10'S,Tablet,65.63,,,,,,,NEO LIFE SCIENCES,,,stock file
AT-CARBAPEN-M-1GM,CARBAPEN-M 1 GM INJ.,CARBAPEN-M,1 GM,Injection,834.38,Meropenem,meropenem,Meropenem,1,,,BLUE CROSS LABS,LTD,main,stock file
AT-CARBATOL-CR-300-10S,CARBATOL CR 300 TAB 10 S,CARBATOL CR 300,10 S,Tablet,25.69,,,,,,,TORRENT PHARMACEUTICALS,NURON,,stock file
AT-CARDIBETA-XR-12-5,CARDIBETA XR 12.5 TABS,CARDIBETA XR 12.5,,Tablet,30.38,,,,,,,RPG LIFE SCIENCE LTD,GLODIAN,,stock file
AT-CARDIBETA-XR-25-TAB,CARDIBETA XR 25 TAB*,CARDIBETA XR 25 TAB*,,Tablet,44.82,,,,,,,RPG LIFE SCIENCE LTD,GLODIAN,,master
AT-CARDIBETA-XR-50-TAB,CARDIBETA XR 50 TAB*,CARDIBETA XR 50 TAB*,,Tablet,62.36,,,,,,,RPG LIFE SCIENCE LTD,GLODIAN,,master
AT-CARDIOTEL-20MG-10S,CARDIOTEL 20MG TAB 10'S,CARDIOTEL 20MG,10'S,Tablet,40.73,Telmisartan,telmisartan,Telmisartan,1,,,ANDROMEDA PHARMACEUTICALS,P. L,main,master
AT-CARDIOTEL-BETA-25MG-15S,CARDIOTEL BETA 25MG TAB 15'S,CARDIOTEL BETA 25MG,15'S,Tablet,184.68,Metoprolol Succinate 25mg + Telmisartan 40mg,metoprolol succinate 25mg+telmisartan 40mg,Metoprolol Succinate | Telmisartan,2,,Management of hypertension with CAD,ANDROMEDA PHARMACEUTICALS,P. L,manual,master
AT-CARDIOTEL-BETA-50MG-15S,CARDIOTEL BETA 50MG TAB 15'S,CARDIOTEL BETA 50MG,15'S,Tablet,210.80,Metoprolol Succinate 50mg + Telmisartan 40mg,metoprolol succinate 50mg+telmisartan 40mg,Metoprolol Succinate | Telmisartan,2,,Management of hypertension with CAD,ANDROMEDA PHARMACEUTICALS,P. L,manual,master
AT-CARDIOTEL-LNB-25MG-10S,CARDIOTEL LNB 25MG TAB 10'S,CARDIOTEL LNB 25MG,10'S,Tablet,125.63,Nebivolol + Telmisartan,nebivolol+telmisartan,Nebivolol | Telmisartan,2,,,ANDROMEDA PHARMACEUTICALS,P. L,main,master
AT-CARDIOTEL-LNB-50MG-10S,CARDIOTEL LNB 50MG TAB 10'S,CARDIOTEL LNB 50MG,10'S,Tablet,163.13,Nebivolol + Telmisartan,nebivolol+telmisartan,Nebivolol | Telmisartan,2,,,ANDROMEDA PHARMACEUTICALS,P. L,main,master
AT-CARDIOTEL-40-15S,CARDIOTEL-40 TAB 15'S,CARDIOTEL-40,15'S,Tablet,108.30,Telmisartan,telmisartan,Telmisartan,1,,,ANDROMEDA PHARMACEUTICALS,P. L,main,master
AT-CARDIOTEL-40-TAB-15S-15,CARDIOTEL-40 TAB 15S 15TAB,CARDIOTEL-40 TAB 15S 15,,Tablet,108.30,Telmisartan,telmisartan,Telmisartan,1,,,ANDROMEDA PHARMACEUTICALS,P. L,main,stock file
AT-CARDIOTEL-AM-10S,CARDIOTEL-AM TAB 10'S,CARDIOTEL-AM,10'S,Tablet,140.63,Amlodipine + Telmisartan,amlodipine+telmisartan,Amlodipine | Telmisartan,2,,,ANDROMEDA PHARMACEUTICALS,P. L,main,master
AT-CARDIOTEL-CT-40MG,CARDIOTEL-CT 40MG TAB,CARDIOTEL-CT 40MG,,Tablet,103.13,Chlorthalidone + Telmisartan,chlorthalidone+telmisartan,Chlorthalidone | Telmisartan,2,,,ANDROMEDA PHARMACEUTICALS,P. L,main,master
AT-CARDIOTEL-LN-40-10S,CARDIOTEL-LN-40 TAB 10'S,CARDIOTEL-LN-40,10'S,Tablet,117.19,Cilnidipine + Telmisartan,cilnidipine+telmisartan,Cilnidipine | Telmisartan,2,,,ANDROMEDA PHARMACEUTICALS,P. L,main,master
AT-CARDIOTEL-TRIO-6-25,CARDIOTEL-TRIO 6.25 TAB,CARDIOTEL-TRIO 6.25,,Tablet,120.94,Chlorthalidone 6.25mg + Cilnidipine 10mg + Telmisartan 40mg,chlorthalidone 6.25mg+cilnidipine 10mg+telmisartan 40mg,Chlorthalidone | Cilnidipine | Telmisartan,3,,,ANDROMEDA PHARMACEUTICALS,P. L,manual,master
AT-CARDIOTEL-TRIO-6-25-10S,CARDIOTEL-TRIO 6.25 TAB 1*10TAB,CARDIOTEL-TRIO 6.25,10'S,Tablet,120.93,Amlodipine + Hydrochlorothiazide + Telmisartan,amlodipine+hydrochlorothiazide+telmisartan,Amlodipine | Hydrochlorothiazide | Telmisartan,3,,,ANDROMEDA PHARMACEUTICALS,P. L,main,stock file
AT-CARILIFT-1-5MG-10S,CARILIFT 1.5MG CAP 10'S,CARILIFT 1.5MG,10'S,Capsule,116.25,Cariprazine 1.5mg,cariprazine 1.5mg,Cariprazine,1,Anti-Epileptic,,ALKEM LABORATORIES,LIMITED,alkem,master
AT-CARILIFT-3MG-10S,CARILIFT 3MG CAP 10'S,CARILIFT 3MG,10'S,Capsule,190.30,Cariprazine 3mg,cariprazine 3mg,Cariprazine,1,NEUROPATHIC PAIN,,ALKEM LABORATORIES,LIMITED,alkem,master
AT-CARILIFT-4-5MG-10S,CARILIFT 4.5MG CAP 10'S,CARILIFT 4.5MG,10'S,Capsule,225.00,Cariprazine 4.5mg,cariprazine 4.5mg,Cariprazine,1,NEUROPATHIC PAIN,,ALKEM LABORATORIES,LIMITED,alkem,master
AT-CARILIFT-6MG-10S,CARILIFT 6MG CAP 10'S,CARILIFT 6MG,10'S,Capsule,290.63,Cariprazine 6mg,cariprazine 6mg,Cariprazine,1,NEUROPATHIC PAIN,,ALKEM LABORATORIES,LIMITED,alkem,stock file
AT-CARIPA-10S,CARIPA TAB 10S,CARIPA,10S,Tablet,187.50,,,,,,,ROSSWELT BIOSCIENCES,,,master
AT-CARIQUEL-1-5MG-10S,CARIQUEL 1.5MG CAP 10'S,CARIQUEL 1.5MG,10'S,Capsule,123.18,Cariprazine 1.5mg,cariprazine 1.5mg,Cariprazine,1,,,TORRENT PHARMACEUTICALS,MIND,torrent,master
AT-CARIQUEL-3MG-10S,CARIQUEL 3MG CAP 10'S,CARIQUEL 3MG,10'S,Capsule,164.50,Cariprazine 1.5mg,cariprazine 1.5mg,Cariprazine,1,,,TORRENT PHARMACEUTICALS,MIND,torrent,master
AT-CARMICIDE-CHILD-100ML,CARMICIDE + CHILD SYRUP 100ML,CARMICIDE + CHILD,100 ML,Syrup,96.56,,,,,,,INDOCO REMEDIES LTD,ORTHO,,master
AT-CARMICIDE-ADULT-SYP-100M,CARMICIDE ADULT SYP 100M.,CARMICIDE ADULT SYP 100M,,Syrup,111.56,,,,,,,INDOCO REMEDIES LTD,ORTHO,,master
AT-CARNIMED-PLUS-10S,CARNIMED PLUS TAB 10'S,CARNIMED PLUS,10'S,Tablet,395.00,,,,,,,ALKEM LAB,BERGEN ZURIEVE,,stock file
AT-CARNISURE-500MG-20S,CARNISURE 500MG 20S TAB,CARNISURE 500MG,20S,Tablet,437.80,Levocarnitine 500mg,levocarnitine 500mg,Levocarnitine,1,,,TORRENT PHARMA,B-WELL,torrent,master
AT-CARNISURE-10S,CARNISURE INJ.10S,CARNISURE,10S,Injection,140.16,Levocarnitine 5ml,levocarnitine 5ml,Levocarnitine,1,,,TORRENT PHARMA,B-WELL,torrent,stock file
AT-CARNISURE-LQ-SACHET-1-10GM,CARNISURE LQ SACHET 1*10GM,CARNISURE LQ SACHET 1*,10 GM,Sachet,64.50,Cholecalciferol + Co-Enzyme Q10 + Cyanocobalamin + Folic Acid + L-Arginine + L-Carnitine L-Tartrate + Lycopene + Sodium Selenite + Zinc Sulphate,cholecalciferol+co-enzyme q10+cyanocobalamin+folic acid+l-arginine+l-carnitine l-tartrate+lycopene+sodium selenite+zinc sulphate,Cholecalciferol | Co-Enzyme Q10 | Cyanocobalamin | Folic Acid | L-Arginine | L-Carnitine L-Tartrate | Lycopene | Sodium Selenite | Zinc Sulphate,9,,,TORRENT PHARMA LTD,SPERSH,torrent,stock file
AT-CARNISURE-PLUS-10S,CARNISURE PLUS TAB 10S,CARNISURE PLUS,10S,Tablet,186.95,Folic Acid + Levocarnitine + Methylcobalamin,folic acid+levocarnitine+methylcobalamin,Folic Acid | Levocarnitine | Methylcobalamin,3,,,TORRENT PHARMA LTD,SPERSH,torrent,master
AT-CARNISURE-30ML,CARNISURE SYP 30ML,CARNISURE,30 ML,Syrup,306.00,Levocarnitine 5ml,levocarnitine 5ml,Levocarnitine,1,,,TORRENT PHARMA LTD,SONORA WIRRIORS,torrent,master
AT-CARNISURE-XT-15S,CARNISURE XT TAB 15'S,CARNISURE XT,15'S,Tablet,875.00,,,,,,,TORRENT PHARMA LTD,SPERSH,,stock file
AT-CAROID-120ML,CAROID SYRUP 120ML,CAROID,120 ML,Syrup,225.00,,,,,,,RAPTAKOS BRETT & CO.LIMITED,,,stock file
AT-CARZEC-3-125MG-10S,CARZEC 3.125MG TAB 10'S,CARZEC 3.125MG,10'S,Tablet,25.22,,,,,,,GSK LIMITED,TEAM 8,,stock file
AT-CARZEC-6-25MG-10S,CARZEC 6.25MG TAB 10,CARZEC 6.25MG,10'S,Tablet,42.44,,,,,,,GSK LIMITED TEAM,ALTUS,,stock file
AT-CAVERTA-100MG-4S,CAVERTA 100MG TABS 4'S,CAVERTA 100MG,4'S,Tablet,443.44,Sildenafil 100mg,sildenafil 100mg,Sildenafil,1,SEX STIMULANTS / REJUVENATORS,,SUN PHARMA LAB.LTD,RICHOUT,sun pharma sheet,stock file
AT-CAVERTA-25MG-4S,CAVERTA 25MG TABS 4'S,CAVERTA 25MG,4'S,Tablet,187.50,Sildenafil 25mg,sildenafil 25mg,Sildenafil,1,SEX STIMULANTS / REJUVENATORS,,SUN PHARMA LAB.LTD,RICHOUT,sun pharma sheet,master
AT-CAVERTA-50MG-4S,CAVERTA 50MG TABS 4'S,CAVERTA 50MG,4'S,Tablet,225.00,Sildenafil 50mg,sildenafil 50mg,Sildenafil,1,SEX STIMULANTS / REJUVENATORS,,SUN PHARMA LAB.LTD,RICHOUT,sun pharma sheet,master
AT-CAVIFLORA-1GM,CAVIFLORA SACHET 1GM,CAVIFLORA,1 GM,Sachet,19.92,Probiotic,probiotic,Probiotic,1,,,CAVIN PHARMACEUTICALS,,main,master
AT-CAVIFLORA-RD-SACHETS,CAVIFLORA-RD SACHETS,CAVIFLORA-RD SACHETS,,Sachet,52.00,Prebiotic + Probiotic,prebiotic+probiotic,Prebiotic | Probiotic,2,,,CAVIN PHARMACEUTICALS,,main,master
AT-CC-15S,CC-TAB 1*15'S,CC,15'S,Tablet,106.80,,,,,,,ROSSWELT BIOSCIENCES,,,master
AT-CC3-40S,CC3 TAB 1*40TAB,CC3,40'S,Tablet,384.05,,,,,,,DD NUTRITIONS,INDIA,,stock file
AT-CCM-TABS-250MG,CCM TABS 250MG,CCM TABS 250MG,,Tablet,561.56,Calcium Citrate,calcium citrate,Calcium Citrate,1,,,GSK LIMITED TEAM,ALTUS,main,master
AT-CCZEMS-10S,CCZEMS TAB 1*10,CCZEMS,10'S,Tablet,134.40,,,,,,,INDOCO,REMEDIES LTD,,stock file
AT-CEBATUM,Cebatum,Cebatum,,,,Cefuroxime Axetil 500mg,cefuroxime axetil 500mg,Cefuroxime Axetil,1,,Bacterial infections,APPENA LIFE PVT.LTD,,main,master
AT-CEBHYDRA-INTENSE-OINTMENT-300GM,CEBHYDRA INTENSE OINTMENT 300G.,CEBHYDRA INTENSE OINTMENT,300 GM,Ointment,747.00,,,,,,,SUN PHARMA,LTD PRIMA LAND,,master
AT-CEBHYDRA-MOISTU-100GM,CEBHYDRA MOISTU.CREAM 100G.,CEBHYDRA MOISTU,100 GM,Cream,415.00,,,,,,,SUN PHARMA,LTD PRIMA LAND,,master
AT-CEBHYDRA-MOISTU-250ML,CEBHYDRA MOISTU.LOTION 250ML,CEBHYDRA MOISTU,250 ML,Lotion,614.10,,,,,,,SUN PHARMA,LTD PRIMA LAND,,master
AT-CEBOCONTIN-M,CEBOCONTIN M CAP,CEBOCONTIN M,,Capsule,267.18,,,,,,,MODI MUNDI PHARMA,LTD,,master
AT-CEBOCONTIN-200-10S,CEBOCONTIN-200 TAB 10'S,CEBOCONTIN-200,10'S,Tablet,239.06,,,,,,,MODI MUNDI PHARMA,LTD,,master
AT-CEBOFYL-N-10S,CEBOFYL-N TAB 10'S,CEBOFYL-N,10'S,Tablet,150.18,,,,,,,MODI MUNDI PHARMA,LTD,,master
AT-CEBRAN-250MG,CEBRAN 250MG TABS,CEBRAN 250MG,,Tablet,16.59,Ciprofloxacin,ciprofloxacin,Ciprofloxacin,1,,,BLUE CROSS LABS,LTD,main,stock file
AT-CEBRAN-500MG,CEBRAN 500MG TABS,CEBRAN 500MG,,Tablet,36.56,Ciprofloxacin,ciprofloxacin,Ciprofloxacin,1,,,BLUE CROSS LABS,LTD,main,stock file
AT-CEBRAN-EYE,CEBRAN EYE DROPS,CEBRAN EYE,,Drops,9.56,Ciprofloxacin,ciprofloxacin,Ciprofloxacin,1,,,BLUE CROSS LABS,LTD,main,stock file
AT-CEDON-200MG,CEDON 200MG TABS,CEDON 200MG,,Tablet,173.44,Cefpodoxime Proxetil,cefpodoxime proxetil,Cefpodoxime Proxetil,1,,,BLUE CROSS LABS LTD,GOLD CROS,main,stock file
AT-CEDON-50-DT,CEDON 50 DT TABS,CEDON 50 DT,,Tablet,82.50,Cefpodoxime Proxetil,cefpodoxime proxetil,Cefpodoxime Proxetil,1,,,BLUE CROSS LABS LTD,GOLD CROS,main,stock file
AT-CEDON-10ML,CEDON DROPS 10ML,CEDON,10 ML,Drops,98.43,Cefpodoxime Proxet,cefpodoxime proxet,Cefpodoxime Proxet,1,,,BLUE CROSS LABS LTD,GOLD CROS,manual,master
AT-CEDON-DRY-30ML,CEDON DRY SYRUP 30ML,CEDON DRY,30 ML,Dry Syrup,65.16,Cefpodoxime Proxetil,cefpodoxime proxetil,Cefpodoxime Proxetil,1,,,BLUE CROSS LABS,LTD,main,stock file
AT-CEDON-DS-DRY-SYR-30ML,CEDON DS DRY SYR.30ML.,CEDON DS DRY SYR,30 ML,,118.13,Cefpodoxime Proxetil,cefpodoxime proxetil,Cefpodoxime Proxetil,1,,,BLUE CROSS LABS,LTD,main,stock file
AT-CEDON-P-DRY,CEDON P DRY SYP.,CEDON P DRY,,Dry Syrup,59.53,Cefpodoxime Proxetil,cefpodoxime proxetil,Cefpodoxime Proxetil,1,,,BLUE CROSS LABS LTD,GOLD CROS,main,stock file
AT-CEDON-PLUS-200-10S,CEDON PLUS 200 TAB 10'S,CEDON PLUS 200,10'S,Tablet,148.13,Cefpodoxime Proxetil + Clavulanic Acid,cefpodoxime proxetil+clavulanic acid,Cefpodoxime Proxetil | Clavulanic Acid,2,,,BLUE CROSS LABS LTD,GOLD CROS,main,stock file
AT-CEFSPAN-100MG-10S,CEFSPAN 100MG 10S',CEFSPAN 100MG 10S',,,68.16,,,,,,,GSK LIMITED TEAM,ALTUS,,stock file
AT-CEFSPAN-200MG-4S,CEFSPAN 200MG CAPS 4'S,CEFSPAN 200MG,4'S,Capsule,83.48,,,,,,,GSK LIMITED TEAM,ALTUS,,stock file
AT-CEFTUM-CAP-125MG-4S,CEFTUM CAP 125MG 4`S,CEFTUM CAP 125MG,4'S,Capsule,103.27,,,,,,,GSK LIMITED TEAM,ALTUS,,stock file
AT-CEFTUM-CAP-250MG,CEFTUM CAP 250MG,CEFTUM CAP 250MG,,Capsule,198.38,Cefuroxime Axetil,cefuroxime axetil,Cefuroxime Axetil,1,,,GSK LIMITED TEAM,ALTUS,main,master
AT-CEFTUM-TAB-500MG,CEFTUM TAB 500MG,CEFTUM TAB 500MG,,Tablet,549.41,Cefuroxime Axetil,cefuroxime axetil,Cefuroxime Axetil,1,,,GSK LIMITED TEAM,ALTUS,main,master
AT-CEFUWIN-500-6S,CEFUWIN 500 TAB 6'S,CEFUWIN 500,6'S,Tablet,329.67,,,,,,,NEO LIFE SCIENCES,,,master
AT-CEHAM-500MG-10S,CEHAM 500MG TAB 10'S,CEHAM 500MG,10'S,Tablet,773.40,Citicoline 500mg,citicoline 500mg,Citicoline,1,STROKE,,ALKEM LAB. LTD,PENTACARE,manual,master
AT-CEHAM-P-10S,CEHAM P TAB 10'S,CEHAM P,10'S,Tablet,848.40,Citicoline 500mg + Piracetam 800mg,citicoline 500mg+piracetam 800mg,Citicoline | Piracetam,2,STROKE,,ALKEM LAB. LTD,PENTACARE,manual,master
AT-CEHAM-60ML,CEHAM SYP. 60ML,CEHAM,60 ML,Syrup,862.50,Citicoline,citicoline,Citicoline,1,STROKE,,ALKEM LAB. LTD,PENTACARE,manual,master
AT-CELERACT-ADVANCE-30S,CELERACT ADVANCE TAB 30'S,CELERACT ADVANCE,30'S,Tablet,494.06,Boswellia Serrata 300mg + Celery Seeds 250mg,boswellia serrata 300mg+celery seeds 250mg,Boswellia Serrata | Celery Seeds,2,Pain Management,Gouty Arthritis,WALLACE PHARMA.LTD.LIFESTYLE,Lifestyle,wallace,stock file
AT-CELIN-CHEWABLE-10S20S,CELIN CHEWABLE TABS 10`S 20S,CELIN CHEWABLE,10'S 20S,Tablet,24.73,,,,,,,R V LIFE SCIENCE,P LTD,,master
AT-CELIN-F-10S,CELIN F CAP 10S,CELIN F,10S,Capsule,266.11,,,,,,,KOYE PHARMACEUTICAL,CAIR,,stock file
AT-CELIN-6ML,CELIN INJ.6ML,CELIN,6 ML,Injection,84.38,,,,,,,KOYE PHARMACEUTICAL,CAIR,,stock file
AT-CELIN-KID-100ML,CELIN KID SYRUP 100ML,CELIN KID,100 ML,Syrup,125.00,,,,,,,KOYE PHARMACEUTICAL,CAIR,,stock file
AT-CELIN-KID-200ML,CELIN KID SYRUP 200ML,CELIN KID,200 ML,Syrup,225.00,,,,,,,KOYE PHARMACEUTICAL,CAIR,,stock file
AT-CELIN-R-10S,CELIN R CAP 10S,CELIN R,10S,Capsule,250.00,,,,,,,KOYE PHARMACEUTICAL,CAIR,,stock file
AT-CELIN-R-100ML,CELIN R SYRUP 100ML,CELIN R,100 ML,Syrup,250.00,,,,,,,KOYE PHARMACEUTICAL,CAIR,,stock file
AT-CELIN-TABS-500MG-25S,CELIN TABS 500MG 25`S,CELIN TABS 500MG,25'S,Tablet,41.21,,,,,,,R V LIFE SCIENCE,P LTD,,master
AT-CELIN-ZINC-15S,CELIN ZINC TAB 15'S,CELIN ZINC,15'S,Tablet,60.16,,,,,,,KOYE PHARMACEUTICAL,CAIR,,stock file
AT-CENTRIVIVE-30S,CENTRIVIVE CAPSULES 30,CENTRIVIVE,30'S,Capsule,"2,669.00",N-Butylphthalide 200mg + Niacinamide 5mg,n-butylphthalide 200mg+niacinamide 5mg,N-Butylphthalide | Niacinamide,2,,,CELAGENEX RESEARCH(INDIA)PVT.LTD.STROCK.,,main,master
AT-CENTRIVIVI-200-10S,CENTRIVIVI 200 TAB 10S,CENTRIVIVI 200,10S,Tablet,"1,999.00",,,,,,,CELAGENEX RESEARCH(INDIA)PVT.LTD.STROCK.,,,stock file
AT-CENTRUM-OSTOCAL-CHEWABLE,CENTRUM OSTOCAL CHEWABLE TAB,CENTRUM OSTOCAL CHEWABLE,,Tablet,260.00,Calcium + Cholecalciferol + Multivitamins,calcium+cholecalciferol+multivitamins,Calcium | Cholecalciferol | Multivitamins,3,,,GSK LIMITED,NEUROSCIENCE,main,master
AT-CEPODEM-100-DT-10,CEPODEM 100 DT 10,CEPODEM 100 DT 10,,,167.81,,,,,,,SUN PHARMA LAB. LTD,PHARMA,,master
AT-CEPODEM-100MG-30ML,CEPODEM 100MG SUSP.30ML,CEPODEM 100MG,30 ML,Suspension,204.38,Cefpodoxime 100mg,cefpodoxime 100mg,Cefpodoxime,1,ANTI-INFECTIVES,,SUN PHARMA LAB. LTD,PHARMA,sun pharma sheet,master
AT-CEPODEM-100MG-10S,CEPODEM 100MG TABS 10'S,CEPODEM 100MG,10'S,Tablet,122.81,Cefpodoxime 100mg,cefpodoxime 100mg,Cefpodoxime,1,ANTI-INFECTIVES,,SUN PHARMA LAB. LTD,PHARMA,sun pharma sheet,stock file
AT-CEPODEM-200MG-6S,CEPODEM 200MG CAPS 6'S,CEPODEM 200MG,6'S,Capsule,192.19,Cefpodoxime 200mg,cefpodoxime 200mg,Cefpodoxime,1,ANTI-INFECTIVES,,SUN PHARMA LAB. LTD,PHARMA,sun pharma sheet,master
AT-CEPODEM-50-DT-10,CEPODEM 50 DT 10,CEPODEM 50 DT 10,,,120.00,,,,,,,SUN PHARMA LAB. LTD,PHARMA,,master
AT-CEPODEM-50MG-DRY-SUSPENSION-30ML,CEPODEM 50MG DRY SUSPENSION 30ML,CEPODEM 50MG DRY SUSPENSION,30 ML,Suspension,105.00,,,,,,,SUN PHARMA LAB. LTD,PHARMA,,master
AT-CEPODEM-AZ-10S,CEPODEM AZ TAB 10'S,CEPODEM AZ,10'S,Tablet,190.31,,,,,,,SUN PHARMA LAB. LTD,PHARMA,,stock file
AT-CEPODEM-10ML,CEPODEM DROPS,CEPODEM,10 ML,Drops,92.81,Cefpodoxime 50mg,cefpodoxime 50mg,Cefpodoxime,1,ANTI-INFECTIVES,,SUN PHARMA LAB. LTD,PHARMA,sun pharma sheet,master
AT-CEPODEM-O-10S,CEPODEM O TAB 10'S,CEPODEM O,10'S,Tablet,237.19,,,,,,,SUN PHARMA LAB. LTD,PHARMA,,master
AT-CEPODEM-OD-400MG-5S,CEPODEM OD 400MG TAB 5'S,CEPODEM OD 400MG,5'S,Tablet,153.28,Cefpodoxime 400mg,cefpodoxime 400mg,Cefpodoxime,1,ANTI-INFECTIVES,,SUN PHARMA LAB. LTD,PHARMA,sun pharma sheet,stock file
AT-CEPODEM-XP-325-MG,CEPODEM XP 325 mg TABS TAB,CEPODEM XP 325 mg,,Tablet,365.63,,,,,,,SUN PHARMA LAB. LTD,PHARMA,,master
AT-CEPODEM-XP-50-DRY-30ML,CEPODEM XP 50 DRY SYRUP 30ML,CEPODEM XP 50 DRY,30 ML,Dry Syrup,121.88,,,,,,,SUN PHARMA,LABORATORIES LTD,,stock file
AT-CEPODEM-XP-DS-100-30ML,CEPODEM XP DS 100 SYP 30ML,CEPODEM XP DS 100,30 ML,Syrup,192.19,,,,,,,SUN PHARMA,LABORATORIES LTD,,stock file
AT-CERAZETTE-28S,CERAZETTE TAB 28'S,CERAZETTE,28'S,Tablet,455.00,Desogestrel,desogestrel,Desogestrel,1,,,A.MENARINI,,main,stock file
AT-CERNOS-DEPOT-INJ-1-4ML,CERNOS DEPOT INJ 1*4ML,CERNOS DEPOT INJ 1*,4 ML,Injection,820.31,,,,,,,SUN PHARMA LABS LTD,UROCARE,,master
AT-CERNOS-GEL-5GM-POUCH,CERNOS GEL 5GM POUCH,CERNOS GEL 5GM POUCH,,Gel,98.44,,,,,,,SUN PHARMA LABS LTD,UROCARE,,stock file
AT-CERNOS-10S,CERNOS TAB 1*10,CERNOS,10'S,Tablet,206.25,Testosterone 40mg,testosterone 40mg,Testosterone,1,HORMONES,,SUN PHARMA LABS LTD,UROCARE,sun pharma sheet,master
AT-CEROXIM-TAB-250MG-10S,CEROXIM TAB 250MG 10'S,CEROXIM TAB 250MG,10'S,Tablet,185.63,Cefuroxime 250mg,cefuroxime 250mg,Cefuroxime,1,ANTI-INFECTIVES,,SUN PHARMA LAB. LTD,PHARMA,sun pharma sheet,stock file
AT-CEROXIM-TAB-500MG-10S,CEROXIM TAB 500MG 10'S,CEROXIM TAB 500MG,10'S,Tablet,530.82,Cefuroxime 500mg,cefuroxime 500mg,Cefuroxime,1,ANTI-INFECTIVES,,SUN PHARMA LAB. LTD,PHARMA,sun pharma sheet,master
AT-CEROXIM-XP-625MG-6S,CEROXIM XP 625MG TAB 6'S,CEROXIM XP 625MG,6'S,Tablet,417.19,,,,,,,SUN PHARMA LAB. LTD,PHARMA,,stock file
AT-CERUVIN-75MG-TABS-15S,CERUVIN 75MG TABS**,CERUVIN 75MG TABS**,15'S,Tablet,109.56,Clopidogrel 75mg,clopidogrel 75mg,Clopidogrel,1,CARDIAC,,SUN PHARMA LAB. LTD,CV LIFE,sun pharma sheet,stock file
AT-CERUVIN-A-10S,CERUVIN A TABS 10`S,CERUVIN A,10'S,Tablet,102.19,,,,,,,SUN PHARMA LAB. LTD,CV LIFE,,master
AT-CERUVIN-AF-10S,CERUVIN AF TABS 10'S,CERUVIN AF,10'S,Tablet,90.94,,,,,,,SUN PHARMA LAB. LTD,CV LIFE,,stock file
AT-CESTEL-30MG-21S,CESTEL 30MG TAB 21'S,CESTEL 30MG,21'S,Tablet,596.25,Dienogest + Ethinylestradiol,dienogest+ethinylestradiol,Dienogest | Ethinylestradiol,2,,,TORRENT PHARMA,VIVA,torrent,stock file
AT-CETANIL-10MG-15S,CETANIL 10MG TAB 15'S,CETANIL 10MG,15'S,Tablet,270.00,Cilnidipine,cilnidipine,Cilnidipine,1,,,ALEMBIC,SPECIA,main,master
AT-CETANIL-20MG-10S,CETANIL 20MG TAB 10'S,CETANIL 20MG,10'S,Tablet,116.67,Cilnidipine,cilnidipine,Cilnidipine,1,,,ALEMBIC,SPECIA,main,master
AT-CETANIL-5MG-15S,CETANIL 5MG TAB 15'S,CETANIL 5MG,15'S,Tablet,200.06,Cilnidipine,cilnidipine,Cilnidipine,1,,,ALEMBIC,SPECIA,main,master
AT-CETANIL-CT-10S,CETANIL CT TAB 10'S,CETANIL CT,10'S,Tablet,270.00,Chlorthalidone + Telmisartan,chlorthalidone+telmisartan,Chlorthalidone | Telmisartan,2,,,ALEMBIC,SPECIA,main,stock file
AT-CETANIL-M-50MG-10S,CETANIL M 50MG TAB 10'S,CETANIL M 50MG,10'S,Tablet,165.98,Cilnidipine + Metoprolol,cilnidipine+metoprolol,Cilnidipine | Metoprolol,2,,,ALEMBIC,SPECIA,main,master
AT-CETANIL-O-10S,CETANIL O TAB 10S,CETANIL O,10S,Tablet,165.98,Cilnidipine + Telmisartan,cilnidipine+telmisartan,Cilnidipine | Telmisartan,2,,,ALEMBIC,SPECIA,main,stock file
AT-CETANIL-T-20MG-10S,CETANIL T 20MG TAB 10'S,CETANIL T 20MG,10'S,Tablet,195.56,Telmisartan,telmisartan,Telmisartan,1,,,ALEMBIC,SPECIA,main,master
AT-CETANIL-T-40MG-15S,CETANIL T 40MG TAB 15'S,CETANIL T 40MG,15'S,Tablet,217.10,Telmisartan,telmisartan,Telmisartan,1,,,ALEMBIC,SPECIA,main,master
AT-CETANIL-T-80MG-10S,CETANIL T 80MG TAB 10'S,CETANIL T 80MG,10'S,Tablet,251.44,Telmisartan,telmisartan,Telmisartan,1,,,ALEMBIC,SPECIA,main,master
AT-CETANIL-TM-25MG-10S,CETANIL TM 25MG TAB 10'S,CETANIL TM 25MG,10'S,Tablet,153.84,Metoprolol + Telmisartan,metoprolol+telmisartan,Metoprolol | Telmisartan,2,,,ALEMBIC,SPECIA,main,master
AT-CETANIL-TM-50MG-10S,CETANIL TM 50MG TAB 10'S,CETANIL TM 50MG,10'S,Tablet,180.47,Metoprolol + Telmisartan,metoprolol+telmisartan,Metoprolol | Telmisartan,2,,,ALEMBIC,SPECIA,main,master
AT-CETANIL-TRIO-12-5MG-10S,CETANIL TRIO 12.5MG TAB 10'S,CETANIL TRIO 12.5MG,10'S,Tablet,218.06,Amlodipine + Hydrochlorothiazide + Telmisartan,amlodipine+hydrochlorothiazide+telmisartan,Amlodipine | Hydrochlorothiazide | Telmisartan,3,,,ALEMBIC,SPECIA,main,master
AT-CETANIL-TRIO-6-25MG-10S,CETANIL TRIO 6.25MG TAB 10'S,CETANIL TRIO 6.25MG,10'S,Tablet,222.84,Amlodipine + Hydrochlorothiazide + Telmisartan,amlodipine+hydrochlorothiazide+telmisartan,Amlodipine | Hydrochlorothiazide | Telmisartan,3,,,ALEMBIC,SPECIA,main,master
AT-CETIRIZ-60ML,CETIRIZ SYRUP 60ML,CETIRIZ,60 ML,Syrup,42.21,Cetirizine 5mg/5ml,cetirizine 5mg/5ml,Cetirizine,1,Respiratory,,ALKEM PHARMA,ALPHA MAX,alkem,master
AT-CETIRIZ-10S,CETIRIZ TABS 10'S,CETIRIZ,10'S,Tablet,19.74,Cetirizine 10mg,cetirizine 10mg,Cetirizine,1,Respiratory,,ALKEM PHARMA,ALPHA MAX,alkem,master
AT-CETRAMON-10S,CETRAMON TAB 10'S,CETRAMON,10'S,Tablet,46.88,Levocetirizine Hyd Rochloride 5mg + Montelukast 10mg,levocetirizine hyd rochloride 5mg+montelukast 10mg,Levocetirizine Hyd Rochloride | Montelukast,2,,,DEPSONS PHARMA,,DEPSONS,stock file
AT-CETRILAK-MILD-SOLUTION-100ML,CETRILAK MILD SOLUTION 100ML,CETRILAK MILD SOLUTION,100 ML,Solution,58.13,,needs_verification,Needs_verification,1,,,A.MENARINI,DERMA,main,stock file
AT-CETRILAK-SOAP-75GM,CETRILAK SOAP 75GM,CETRILAK SOAP,75 GM,Soap,80.10,,needs_verification,Needs_verification,1,,,A.MENARINI,DERMA,main,stock file
AT-CETRILAK-SOLUTION-0-2-100ML,CETRILAK SOLUTION 0.2 100ML,CETRILAK SOLUTION 0.2,100 ML,Solution,30.84,Chlorhexidine Gluconate,chlorhexidine gluconate,Chlorhexidine Gluconate,1,,,A.MENARINI,DERMA,main,stock file
AT-CETZIN-A-10S,CETZIN A TABS 10'S,CETZIN A,10'S,Tablet,41.91,,,,,,,GSK LIMITED,TEAM 8,,stock file
AT-CETZIN-60ML,CETZIN SYP. 60ML,CETZIN,60 ML,Syrup,35.03,,,,,,,GSK LIMITED,TEAM 8,,stock file
AT-CETZIN-10S,CETZIN TABS 10`S,CETZIN,10'S,Tablet,16.22,,,,,,,GSK LIMITED,TEAM 8,,stock file
AT-CHEERFOL-10S,CHEERFOL TAB 10'S,CHEERFOL,10'S,Tablet,199.00,Choline 450mg + L-Methylfolate Calcium 1mg,choline 450mg+l-methylfolate calcium 1mg,Choline | L-Methylfolate Calcium,2,,,CELAGENEX RESEARCH(INDIA)PVT.LTD.G.Y.,,main,master
AT-CHERICOF-12-60ML,CHERICOF 12 SYP. 60ML 60ML,CHERICOF 12,60 ML,Syrup,91.88,,,,,,,SUN PHARMA LAB.LTD,STANLIFE,,stock file
AT-CHERICOF-JUNIOR-60ML,CHERICOF JUNIOR SYP 60ML,CHERICOF JUNIOR,60 ML,Syrup,91.88,,,,,,,SUN PHARMA LAB.LTD,STANLIFE,,master
AT-CHERICOF-LS-100ML,CHERICOF LS 100ML,CHERICOF LS,100 ML,,87.19,,,,,,,SUN PHARMA LAB.LTD,STANLIFE,,stock file
AT-CHERICOF-SF-100ML,CHERICOF SF SYRUP 100ML,CHERICOF SF,100 ML,Syrup,70.31,,,,,,,SUN PHARMA LAB.LTD,STANLIFE,,stock file
AT-CHERICOF-100ML,CHERICOF SYP. 100ML,CHERICOF,100 ML,Syrup,131.25,,,,,,,SUN PHARMA LAB.LTD,STANLIFE,,master
AT-CHERICOF-60ML,CHERICOF SYP. 60ML,CHERICOF,60 ML,Syrup,84.38,,,,,,,SUN PHARMA LAB.LTD,STANLIFE,,master
AT-CHERRY-BEST-100ML,CHERRY BEST SYRUP 100ML,CHERRY BEST,100 ML,Syrup,74.77,Cyproheptadine + Lysine + Multivitamins,cyproheptadine+lysine+multivitamins,Cyproheptadine | Lysine | Multivitamins,3,,,BESTOCHEM FORMULATIONS,,main,stock file
AT-CHIROPEX-30GM,CHIROPEX CREAM 30G,CHIROPEX,30 GM,Cream,75.00,,,,,,,HIMALAYA DRUG COMPANY ZEAL,,,stock file
AT-CHOLIN-100ML,CHOLIN SYRUP 100ML,CHOLIN,100 ML,Syrup,250.00,,,,,,,CELAGENEX RESEARCH INDIA PVT LTD,,,stock file
AT-CHYMOFLAM-AP-10S,CHYMOFLAM AP+ TAB 10'S,CHYMOFLAM AP+,10'S,Tablet,175.00,Aceclofenac + Paracetamol + Trypsin-Chymotrypsin,aceclofenac+paracetamol+trypsin-chymotrypsin,Aceclofenac | Paracetamol | Trypsin-Chymotrypsin,3,,,AGLOWMED LTD.,,main,master
AT-CHYMOFLAM-FORTE-10S,CHYMOFLAM FORTE TAB 10'S,CHYMOFLAM FORTE,10'S,Tablet,203.16,Chymotrypsin + Trypsin,chymotrypsin+trypsin,Chymotrypsin | Trypsin,2,,,AGLOWMED LTD.,,main,stock file
AT-CHYMOFLAM-50GM,CHYMOFLAM GEL 50GM,CHYMOFLAM,50 GM,Gel,164.06,Diclofenac + Linseed Oil + Menthol + Methyl Salicylate,diclofenac+linseed oil+menthol+methyl salicylate,Diclofenac | Linseed Oil | Menthol | Methyl Salicylate,4,,,AGLOWMED LTD.,,main,master
AT-CHYMOFLAM-MR-10S,CHYMOFLAM MR TAB 10'S,CHYMOFLAM MR,10'S,Tablet,249.56,Aceclofenac + Chlorzoxazone + Paracetamol,aceclofenac+chlorzoxazone+paracetamol,Aceclofenac | Chlorzoxazone | Paracetamol,3,,,AGLOWMED LTD.,,main,master
AT-CHYMOFLAM-10S,CHYMOFLAM TAB 10'S,CHYMOFLAM,10'S,Tablet,148.40,Aceclofenac + Paracetamol,aceclofenac+paracetamol,Aceclofenac | Paracetamol,2,,,AGLOWMED LTD.,,main,master
AT-CHYMORAL-AP-10S1X1,CHYMORAL AP TAB 10'S 1*10TAB,CHYMORAL AP,10'S 1X10,Tablet,179.25,Aceclofenac + Paracetamol + Trypsin-Chymotrypsin,aceclofenac+paracetamol+trypsin-chymotrypsin,Aceclofenac | Paracetamol | Trypsin-Chymotrypsin,3,,,TORRENT PHARMA,UNO VISTA,manual,master
AT-CHYMORAL-AP-10S1X1-2,CHYMORAL AP+TAB 10'S 1*10TAB,CHYMORAL AP+,10'S 1X10,Tablet,175.00,,,,,,,TORRENT PHARMA,UNO VISTA,,stock file
AT-CHYMORAL-BR-10S,CHYMORAL BR TAB 10'S,CHYMORAL BR,10'S,Tablet,192.47,,,,,,,TORRENT PHARMA,UNO VISTA,,stock file
AT-CHYMORAL-FORTE-DS-10S,CHYMORAL FORTE DS TABS 10'S,CHYMORAL FORTE DS,10'S,Tablet,514.12,,,,,,,TORRENT PHARMA,UNO VISTA,,stock file
AT-CHYMORAL-FORTE-20S,CHYMORAL FORTE TABS 20'S,CHYMORAL FORTE,20'S,Tablet,467.80,,,,,,,TORRENT PHARMA,UNO VISTA,,master
AT-CHYMORAL-PLUS-TAB-15-S,"CHYMORAL PLUS TAB. 15,S","CHYMORAL PLUS TAB. 15,S",,Tablet,246.35,,,,,,,TORRENT PHARMA,UNO VISTA,,master
AT-CHYMOSPAS-10S,CHYMOSPAS TAB 10S,CHYMOSPAS,10S,Tablet,74.06,Drotaverine + Mefenamic Acid,drotaverine+mefenamic acid,Drotaverine | Mefenamic Acid,2,,,AGLOWMED LTD.,,main,stock file
AT-CHYMOTRA-AT-SPRAY-1-60ML,CHYMOTRA AT SPRAY 1*60ML,CHYMOTRA AT SPRAY 1*,60 ML,Spray,"1,012.50",Diclofenac Diethylamine + Linseed Oil + Menthol + Methyl Salicylate,diclofenac diethylamine+linseed oil+menthol+methyl salicylate,Diclofenac Diethylamine | Linseed Oil | Menthol | Methyl Salicylate,4,,,ALKEM LABORATORIES LTD,ADROIT,main,stock file
AT-CIBROMEG-MD-10S,CIBROMEG-MD TAB 10'S,CIBROMEG-MD,10'S,Tablet,280.30,,,,,,,NEO LIFE SCIENCES,,,master
AT-CIFRAN-250MG-10S,CIFRAN 250MG TABS 10`S,CIFRAN 250MG,10'S,Tablet,22.92,Ciprofloxacin 250mg,ciprofloxacin 250mg,Ciprofloxacin,1,ANTI-INFECTIVES,,SUN PHARMA LABS.LTD,MAXXIM,sun pharma sheet,stock file
AT-CIFRAN-500-10S,CIFRAN 500 TAB,CIFRAN 500,10'S,Tablet,44.51,Ciprofloxacin 500mg,ciprofloxacin 500mg,Ciprofloxacin,1,ANTI-INFECTIVES,,SUN PHARMA,LABORATORIES LTD,sun pharma sheet,stock file
AT-CIFRAN-CT-10S,CIFRAN CT TABS 10'S,CIFRAN CT,10'S,Tablet,135.94,,,,,,,SUN PHARMA LABS.LTD,MAXXIM,,stock file
AT-CIFRAN-OD-1GM1X1,CIFRAN OD 1GM 1*10,CIFRAN OD,1GM 1X10,,79.36,,,,,,,SUN PHARMA LAB.LTD,STANLIFE,,stock file
AT-CIFRAN-OD-500-5S,CIFRAN OD 500 TAB 5'S,CIFRAN OD 500,5'S,Tablet,17.37,,,,,,,SUN PHARMA LAB.LTD,STANLIFE,,stock file
AT-CIFRAN-OZ-10S,CIFRAN OZ TAB 10'S,CIFRAN OZ,10'S,Tablet,122.34,,,,,,,SUN PHARMA LABS.LTD,MAXXIM,,stock file
AT-CILNIBLU-10MG-15S,CILNIBLU 10MG TAB 15'S,CILNIBLU 10MG,15'S,Tablet,53.43,Cilnidipine,cilnidipine,Cilnidipine,1,,,BLUE CROSS LABS,LTD BCL,main,master
AT-CILNIBLU-5MG-15S,CILNIBLU 5MG TAB 15'S,CILNIBLU 5MG,15'S,Tablet,36.56,Cilnidipine,cilnidipine,Cilnidipine,1,,,BLUE CROSS LABS,LTD BCL,main,master
AT-CILNIBLU-T-15S,CILNIBLU-T TAB 15'S,CILNIBLU-T,15'S,Tablet,74.06,Cilnidipine + Telmisartan,cilnidipine+telmisartan,Cilnidipine | Telmisartan,2,,,BLUE CROSS LABS,LTD BCL,main,master
AT-CILNIKEM-10MG,CILNIKEM 10MG TAB,CILNIKEM 10MG,,Tablet,142.50,Cilnidipine,cilnidipine,Cilnidipine,1,,,ALKEM LBT LTD,(imperia)CARDIO-2,main,master
AT-CILNIKEM-20MG-TAB-10-S,"CILNIKEM 20MG TAB 10,S","CILNIKEM 20MG TAB 10,S",,Tablet,185.60,Cilnidipine,cilnidipine,Cilnidipine,1,,,ALKEM LBT LTD,(imperia)CARDIO-2,main,stock file
AT-CILNIKEM-20MG-10S,CILNIKEM 20MG TAB 10'S,CILNIKEM 20MG,10'S,Tablet,185.60,Cilnidipine,cilnidipine,Cilnidipine,1,,,ALKEM LBT LTD,(imperia)CARDIO-2,main,master
AT-CILNIKEM-5MG,CILNIKEM 5MG TAB,CILNIKEM 5MG,,Tablet,75.90,Cilnidipine,cilnidipine,Cilnidipine,1,,,ALKEM LBT LTD,(imperia)CARDIO-2,main,master
AT-CILNIKEM-BETA-2-5MG-10S,CILNIKEM BETA 2.5MG TAB 10'S,CILNIKEM BETA 2.5MG,10'S,Tablet,171.15,Cilnidipine + Metoprolol,cilnidipine+metoprolol,Cilnidipine | Metoprolol,2,,,ALKEM LBT LTD,(imperia)CARDIO-2,main,master
AT-CILNIKEM-BETA-2-5MG-10S-2,CILNIKEM BETA 2.5MG TAB 10S,CILNIKEM BETA 2.5MG,10S,Tablet,171.15,Bisoprolol + Cilnidipine,bisoprolol+cilnidipine,Bisoprolol | Cilnidipine,2,,,ALKEM LBT LTD,(imperia)CARDIO-2,main,stock file
AT-CILNIKEM-BETA-5MG-10S,CILNIKEM BETA 5MG TAB 10'S,CILNIKEM BETA 5MG,10'S,Tablet,226.85,Cilnidipine + Metoprolol,cilnidipine+metoprolol,Cilnidipine | Metoprolol,2,,,ALKEM LBT LTD,(imperia)CARDIO-2,main,master
AT-CILNIKEM-BETA-5MG-10S-2,CILNIKEM BETA 5MG TAB 10S,CILNIKEM BETA 5MG,10S,Tablet,226.85,Bisoprolol + Cilnidipine,bisoprolol+cilnidipine,Bisoprolol | Cilnidipine,2,,,ALKEM LBT LTD,(imperia)CARDIO-2,main,stock file
AT-CILNIKEM-CT-12-5MG-10S,CILNIKEM CT 12.5MG TAB 10S,CILNIKEM CT 12.5MG,10S,Tablet,79.69,Chlorthalidone + Cilnidipine,chlorthalidone+cilnidipine,Chlorthalidone | Cilnidipine,2,,,ALKEM LBT LTD,(imperia)CARDIO-2,main,stock file
AT-CILNIKEM-CT-6-25MG-10S,CILNIKEM CT 6.25MG TAB 10S,CILNIKEM CT 6.25MG,10S,Tablet,70.31,Chlorthalidone + Cilnidipine,chlorthalidone+cilnidipine,Chlorthalidone | Cilnidipine,2,,,ALKEM LBT LTD,(imperia)CARDIO-2,main,stock file
AT-CILNIKEM-OM-10S,CILNIKEM OM TAB 10S,CILNIKEM OM,10S,Tablet,92.81,Cilnidipine + Olmesartan,cilnidipine+olmesartan,Cilnidipine | Olmesartan,2,,,ALKEM LBT LTD,(imperia)CARDIO-2,main,stock file
AT-CINGAL-4ML,CINGAL INJ. 4ML,CINGAL,4 ML,Injection,"26,718.50",,,,,,,MODI MUNDI,PMD,,master
AT-CINTIGO-25-10S,CINTIGO 25 TABS 10`S,CINTIGO 25,10'S,Tablet,49.22,Cinnarizine 25mg,cinnarizine 25mg,Cinnarizine,1,Anti-Histamine,Vertigo,WALLACE PHARMACEUTICALS,LTD,wallace,master
AT-CITAL-UTI-200ML2,CITAL -UTI 200ML SYP 200,CITAL -UTI,200ML 200,Syrup,270.00,,,,,,,INDOCO,REMEDIES LTD,,stock file
AT-CITAL-UTI-100ML,CITAL -UTI SYP 100ML,CITAL -UTI,100 ML,Syrup,214.00,Cranberry Extract Per 200mg + D-Mannose 300mg + Potassium Magnesium Citrate 978mg,cranberry extract per 200mg+d-mannose 300mg+potassium magnesium citrate 978mg,Cranberry Extract Per | D-Mannose | Potassium Magnesium Citrate,3,,,INDOCO,REMEDIES LTD,manual,master
AT-CITAL-H-60S,CITAL H TAB 60'S,CITAL H,60'S,Tablet,243.00,Gokshur 75mg + Hazrul Yahud Bhasma 32mg + Pashanbheda 100mg + Punarnava 75mg + Shilapushpa 125mg + Shuddha Guggulu 120mg + Varuna 150mg + Yuvkshar 40mg,gokshur 75mg+hazrul yahud bhasma 32mg+pashanbheda 100mg+punarnava 75mg+shilapushpa 125mg+shuddha guggulu 120mg+varuna 150mg+yuvkshar 40mg,Gokshur | Hazrul Yahud Bhasma | Pashanbheda | Punarnava | Shilapushpa | Shuddha Guggulu | Varuna | Yuvkshar,8,Urology,,INDOCO REMEDIES LTD,ORTHO,INDOCO,master
AT-CITAL-S-F-100ML,CITAL S/F SYP 100ML.,CITAL S/F,100 ML,Syrup,131.00,,,,,,,INDOCO,REMEDIES LTD,,master
AT-CLADOXIM-200MG-10S,CLADOXIM 200MG TAB 10'S,CLADOXIM 200MG,10'S,Tablet,273.03,,,,,,,JAGSONPAL PHARMA LTD,FEMBON,,stock file
AT-CLARINA-ANTI-ACNE,CLARINA ANTI ACNE CREAM,CLARINA ANTI ACNE,,Cream,192.00,Aloe Vera + Neem + Turmeric,aloe vera+neem+turmeric,Aloe Vera | Neem | Turmeric,3,,,HIMALAYA DRUG COMPANY,ZEAL,main,master
AT-CLARINA-ANTI-ACNE-FACE-MASK--75ML,CLARINA ANTI ACNE FACE MASK 1*75ML,CLARINA ANTI ACNE FACE MASK 1*,75 ML,,91.67,,,,,,,HIMALAYA DRUG COMPANY ZENITH,,,stock file
AT-CLARINA-ANTI-ACNE-FACE-WASH-60ML,CLARINA ANTI ACNE FACE WASH GEL 60ML,CLARINA ANTI ACNE FACE WASH,60 ML,Gel,133.50,,,,,,,HIMALAYA DRUG COMPANY,ZEAL,,stock file
AT-CLAVAM-10GM10,CLAVAM 1.0 GM TAB 10S,CLAVAM,1.0 GM 10S,Tablet,346.88,Amoxicillin 875mg + Clavulanic Acid 125mg,amoxicillin 875mg+clavulanic acid 125mg,Amoxicillin | Clavulanic Acid,2,ANTI-INFECTIVE,,ALKEM,AURA MAGNA,alkem,stock file
AT-CLAVAM-375-MG,CLAVAM 375 MG TAB,CLAVAM 375 MG,,Tablet,225.00,Amoxicillin + Clavulanic Acid,amoxicillin+clavulanic acid,Amoxicillin | Clavulanic Acid,2,,,ALKEM,AURA MAGNA,main,master
AT-CLAVAM-625-MG,CLAVAM 625 MG TAB,CLAVAM 625 MG,,Tablet,195.47,Amoxicillin + Clavulanic Acid 125mg,amoxicillin+clavulanic acid 125mg,Amoxicillin | Clavulanic Acid,2,Anti-infective,,ALKEM,AURA MAGNA,alkem,master
AT-CLAVAM-BID-DRY-30ML,CLAVAM BID DRY SYRUP 30ML,CLAVAM BID DRY,30 ML,Dry Syrup,64.68,Amoxicillin 200mg + Clavulanic Acid 28.5mg/5ml,amoxicillin 200mg+clavulanic acid 28.5mg/5ml,Amoxicillin | Clavulanic Acid,2,Anti-infective,,ALKEM,AURA MAGNA,alkem,master
AT-CLAVAM-BID-DRY-60ML,CLAVAM BID DRY SYRUP 60ML,CLAVAM BID DRY,60 ML,Dry Syrup,111.56,Amoxicillin 200mg + Clavulanic Acid 28.5mg/5ml,amoxicillin 200mg+clavulanic acid 28.5mg/5ml,Amoxicillin | Clavulanic Acid,2,Anti-infective,,ALKEM,AURA MAGNA,alkem,master
AT-CLAVAM-DROP-10ML,CLAVAM DROP 10ML,CLAVAM DROP,10 ML,Drops,124.65,Amoxicillin 80mg + Clavulanic Acid 11.4mg/ml,amoxicillin 80mg+clavulanic acid 11.4mg/ml,Amoxicillin | Clavulanic Acid,2,Anti-infective,,ALKEM,AURA MAGNA,alkem,master
AT-CLAVAM-DRY-30ML,CLAVAM DRY SYRUP 30ML,CLAVAM DRY,30 ML,Dry Syrup,65.84,Amoxicillin 125mg + Clavulanic Acid 31.25mg/5ml,amoxicillin 125mg+clavulanic acid 31.25mg/5ml,Amoxicillin | Clavulanic Acid,2,Anti-infective,,ALKEM,AURA MAGNA,alkem,master
AT-CLAVAM-DT-10S,CLAVAM DT TAB 10'S,CLAVAM DT,10'S,Tablet,171.56,Amoxicillin 200mg + Clavulanic Acid 28.5mg,amoxicillin 200mg+clavulanic acid 28.5mg,Amoxicillin | Clavulanic Acid,2,Anti-infective,,ALKEM,AURA MAGNA,alkem,stock file
AT-CLAVAM-ES-DRY-50ML,CLAVAM ES DRY SYRUP 50ML,CLAVAM ES DRY,50 ML,Dry Syrup,193.13,Amoxicillin + Clavulanic Acid,amoxicillin+clavulanic acid,Amoxicillin | Clavulanic Acid,2,,,ALKEM,AURA MAGNA,main,stock file
AT-CLAVAM-FORTE-DRY-30ML,CLAVAM FORTE DRY SYRUP 30ML,CLAVAM FORTE DRY,30 ML,Dry Syrup,182.80,Amoxicillin 400mg + Clavulanic Acid 57mg/5ml,amoxicillin 400mg+clavulanic acid 57mg/5ml,Amoxicillin | Clavulanic Acid,2,Anti-infective,,ALKEM,AURA MAGNA,alkem,master
AT-CLAVAM-FORTE-DT-10S,CLAVAM FORTE DT TAB 10S,CLAVAM FORTE DT,10S,Tablet,188.44,Amoxicillin 400mg + Clavulanic Acid 57mg,amoxicillin 400mg+clavulanic acid 57mg,Amoxicillin | Clavulanic Acid,2,Anti-infective,,ALKEM,AURA MAGNA,alkem,stock file
AT-CLAVAM-12GM,CLAVAM INJ 1.2GM,CLAVAM,1.2 GM,Injection,151.33,Amoxicillin 1000mg + Clavulanic Acid 200mg,amoxicillin 1000mg+clavulanic acid 200mg,Amoxicillin | Clavulanic Acid,2,Anti-infective,,ALKEM,AURA MAGNA,alkem,master
AT-CLAVAM-INJ-150MG,CLAVAM INJ 150MG,CLAVAM INJ 150MG,,Injection,91.40,Amoxicillin + Clavulanic Acid,amoxicillin+clavulanic acid,Amoxicillin | Clavulanic Acid,2,,,ALKEM,AURA MAGNA,main,master
AT-CLAVAM-INJ-600MG,CLAVAM INJ 600MG,CLAVAM INJ 600MG,,Injection,108.27,Amoxicillin 500mg + Clavulanic Acid 100mg,amoxicillin 500mg+clavulanic acid 100mg,Amoxicillin | Clavulanic Acid,2,Anti-infective,,ALKEM,AURA MAGNA,alkem,master
AT-CLAVAM-INJ-300MG,CLAVAM INJ. 300MG,CLAVAM INJ. 300MG,,Injection,113.40,Amoxicillin + Clavulanic Acid,amoxicillin+clavulanic acid,Amoxicillin | Clavulanic Acid,2,,,ALKEM,AURA MAGNA,main,stock file
AT-CLAVAM-XR-10S,CLAVAM XR TAB.10'S,CLAVAM XR,10'S,Tablet,412.50,Amoxicillin + Clavulanic Acid,amoxicillin+clavulanic acid,Amoxicillin | Clavulanic Acid,2,,,ALKEM,AURA MAGNA,main,stock file
AT-CLAVPOD-325-DT-10S,CLAVPOD 325 DT TAB 10'S,CLAVPOD 325 DT,10'S,Tablet,279.38,Cefpodoxime + Clavulanic Acid,cefpodoxime+clavulanic acid,Cefpodoxime | Clavulanic Acid,2,,,ALKEM PHARMA,ALPHA MAX,main,stock file
AT-CLAVPOD-50-DRY-30ML,CLAVPOD 50 DRY SYP 30ML.,CLAVPOD 50 DRY,30 ML,Dry Syrup,99.84,Cefpodoxime 50mg + Clavulanic Acid 31.25mg,cefpodoxime 50mg+clavulanic acid 31.25mg,Cefpodoxime | Clavulanic Acid,2,Anti-infective,,ALKEM PHARMA,ALPHA MAX,alkem,stock file
AT-CLAVPOD-DS100MG-DRY-SY,CLAVPOD DS100MG DRY SY.,CLAVPOD DS100MG DRY SY,,,152.34,Cefpodoxime + Clavulanic Acid,cefpodoxime+clavulanic acid,Cefpodoxime | Clavulanic Acid,2,,,ALKEM PHARMA,ALPHA MAX,main,stock file
AT-CLEARVITAL-ANTI-WRINKLE-G,CLEARVITAL ANTI WRINKLE G,CLEARVITAL ANTI WRINKLE G,,,89.00,,,,,,,HIMALAYA DRUG COMPANY ZEAL,,,stock file
AT-CLEFT-10-10S,CLEFT 10,CLEFT 10,10'S,Tablet,116.63,Leflunomide 10mg,leflunomide 10mg,Leflunomide,1,PAIN / ANALGESICS,,SUN PHARMA LAB.LTD,CROSSLAND-LIFE,sun pharma sheet,master
AT-CLEFT-20-10S,CLEFT 20 TAB,CLEFT 20,10'S,Tablet,227.72,Leflunomide 20mg,leflunomide 20mg,Leflunomide,1,PAIN / ANALGESICS,,SUN PHARMA LAB.LTD,CROSSLAND-LIFE,sun pharma sheet,master
AT-CLENO-M-7S,CLENO-M CAP 7S,CLENO-M,7S,Capsule,248.44,,,,,,,NEO LIFE SCIENCES,,,master
AT-CLENZ-AC-TOPICAL-15GM,CLENZ AC TOPICAL GEL 15GM,CLENZ AC TOPICAL,15 GM,Gel,492.19,,,,,,,SUN PHARMA,LAB.CROSSLAND 1,,master
AT-CLINDAC-A-1-GEL-1-20GM,CLINDAC -A 1% GEL 1*20GM,CLINDAC -A 1% GEL 1*,20 GM,Gel,252.00,Clindamycin 1%,clindamycin 1%,Clindamycin,1,Topical Anti- acne,,ALKEM LAB,LTD DERMAKEM,alkem,stock file
AT-CLINDAC-A-FACEWASH-50ML,CLINDAC A FACEWASH 50ML,CLINDAC A FACEWASH,50 ML,Face Wash,394.27,Clindamycin,clindamycin,Clindamycin,1,,,ALKEM LAB,LTD DERMAKEM,main,stock file
AT-CLINDAC-A-MIST-SPRAY,CLINDAC A MIST SPRAY,CLINDAC A MIST SPRAY,100 ML,Spray,530.00,Adapalene 0.1% + Clindamycin 1%,adapalene 0.1%+clindamycin 1%,Adapalene | Clindamycin,2,,,ALKEM LAB,LTD DERMAKEM,manual,master
AT-CLINDAC-AN,CLINDAC AN GEL,CLINDAC AN,,Gel,178.13,Clindamycin + Niacinamide,clindamycin+niacinamide,Clindamycin | Niacinamide,2,,,ALKEM LAB,LTD DERMAKEM,main,master
AT-CLINDAC-AP,CLINDAC AP GEL,CLINDAC AP,,Gel,350.00,Adapalene 0.1% + Clindamycin 1%,adapalene 0.1%+clindamycin 1%,Adapalene | Clindamycin,2,Topical Anti-acne,,ALKEM LAB,LTD DERMAKEM,alkem,master
AT-CLINDAC-TRIO,CLINDAC TRIO GEL,CLINDAC TRIO,,Gel,445.31,Adapalene + Clindamycin + Niacinamide,adapalene+clindamycin+niacinamide,Adapalene | Clindamycin | Niacinamide,3,,,ALKEM LAB,LTD DERMAKEM,main,master
AT-CLINDAC-A-1,CLINDAC-A 1% GEL,CLINDAC-A 1%,,Gel,252.00,Clindamycin,clindamycin,Clindamycin,1,,,ALKEM LAB,LTD DERMAKEM,main,master
AT-CLINDAC-A-SOLUTION,CLINDAC-A SOLUTION,CLINDAC-A SOLUTION,,Solution,314.00,Adapalene 0.1% + Clindamycin 1%,adapalene 0.1%+clindamycin 1%,Adapalene | Clindamycin,2,,,ALKEM LAB,LTD DERMAKEM,manual,master
AT-CLINDASOFT-10S,CLINDASOFT CAP 1*10'S,CLINDASOFT,10'S,Capsule,303.03,,,,,,,ROSSWELT BIOSCIENCES,,,master
AT-CLINDOXYL-10GM,CLINDOXYL GEL 10GM.,CLINDOXYL,10 GM,Gel,450.00,,,,,,,GSK LIMITED,TEAM 2 ETT,,stock file
AT-CLOBAKEM-10-10S,CLOBAKEM 10 TAB 10'S,CLOBAKEM 10,10'S,Tablet,105.11,Clobazam 10mg,clobazam 10mg,Clobazam,1,Antiepileptic,,ALKEM LAB.LTD,PRIZMA,alkem,master
AT-CLOBAKEM-5-10S,CLOBAKEM 5 TAB 10'S,CLOBAKEM 5,10'S,Tablet,61.10,Clobazam 5mg,clobazam 5mg,Clobazam,1,Antiepileptic,,ALKEM LAB.LTD,PRIZMA,alkem,master
AT-CLOBEN-DUST-100GM,CLOBEN DUST. POWDER 100G,CLOBEN DUST,100 GM,Powder,130.45,,,,,,,INDOCO,REMEDIES LTD,,stock file
AT-CLOBEN-G-CR-15GM,CLOBEN G CR.15 GM,CLOBEN G CR,15 GM,,126.56,,,,,,,INDOCO,REMEDIES LTD,,master
AT-CLOBEN-G-CR-5GM,CLOBEN G CR.5 GM,CLOBEN G CR,5 GM,,76.64,,,,,,,INDOCO,REMEDIES LTD,,master
AT-CLOBEN-G-20GM,CLOBEN G CREAM 20G 20GM,CLOBEN G,20 GM,Cream,149.34,,,,,,,INDOCO,REMEDIES LTD,,stock file
AT-CLOBETAMOS-30GM,CLOBETAMOS GEL 30G,CLOBETAMOS,30 GM,Gel,208.13,Clobetasol Propionate,clobetasol propionate,Clobetasol Propionate,1,,,ALKEM LAB,LTD DERMAKEM,main,stock file
AT-CLODREL-75-MG-10S,CLODREL 75 MG TAB 10,CLODREL 75 MG,10'S,Tablet,68.34,Clopidogrel,clopidogrel,Clopidogrel,1,,,TORRENT PHARMA,CV LIFE,torrent,stock file
AT-CLODREL-FORTE-10S,CLODREL FORTE TAB 10,CLODREL FORTE,10'S,Tablet,39.84,,,,,,,TORRENT PHARMA,CV LIFE,,stock file
AT-CLODREL-PLUS-10S,CLODREL PLUS TAB 10,CLODREL PLUS,10'S,Tablet,62.77,,,,,,,TORRENT PHARMA,CV LIFE,,stock file
AT-CLOFF-125-DRY-30ML,CLOFF 125 DRY SYP 30ML,CLOFF 125 DRY,30 ML,Dry Syrup,64.97,Clarithromycin,clarithromycin,Clarithromycin,1,,,ALEMBIC,MEGACARE,manual,master
AT-CLOFF-250-DRY-30ML,CLOFF 250 DRY SYP 30ML,CLOFF 250 DRY,30 ML,Dry Syrup,148.99,Clarithromycin,clarithromycin,Clarithromycin,1,,,ALEMBIC,PHARMA,manual,master
AT-CLOFF-250MG-10S,CLOFF 250MG TAB 10'S,CLOFF 250MG,10'S,Tablet,268.22,Clarithromycin,clarithromycin,Clarithromycin,1,,,ALEMBIC,PHARMA,manual,master
AT-CLOFF-500MG-4S,CLOFF 500MG TAB 4'S,CLOFF 500MG,4'S,Tablet,257.00,Clarithromycin,clarithromycin,Clarithromycin,1,,,ALEMBIC,PHARMA,manual,master
AT-CLOFF-XL-60ML,CLOFF XL SYP 60ML,CLOFF XL,60 ML,Syrup,425.56,Clarithromycin,clarithromycin,Clarithromycin,1,,,ALEMBIC,PHARMA,manual,master
AT-CLOMPIC-CV-625,CLOMPIC CV 625 TABS,CLOMPIC CV 625,,Tablet,192.05,Amoxicillin + Clavulanic Acid 1mg,amoxicillin+clavulanic acid 1mg,Amoxicillin | Clavulanic Acid,2,,,AGLOWMED LTD,Radiance,main,stock file
AT-CLOMPIC-CV-DRY-30ML,CLOMPIC CV DRY SYP 30ML,CLOMPIC CV DRY,30 ML,Dry Syrup,63.32,Amoxicillin + Clavulanic Acid,amoxicillin+clavulanic acid,Amoxicillin | Clavulanic Acid,2,,,AGLOWMED LTD,Radiance,main,stock file
AT-CLOMPIC-CV-FORTE-457-DRY-1S,CLOMPIC CV FORTE 457 DRY SYP 1,CLOMPIC CV FORTE 457 DRY,1'S,Dry Syrup,106.88,Amoxicillin + Clavulanic Acid,amoxicillin+clavulanic acid,Amoxicillin | Clavulanic Acid,2,,,AGLOWMED LTD,Radiance,main,stock file
AT-CLONOTRIL-0-25-15S,CLONOTRIL 0.25 TAB 15 S,CLONOTRIL 0.25,15 S,Tablet,32.32,,,,,,,TORRENT PHARMACEUTICAL,AXON,,master
AT-CLONOTRIL-0-5-15S,CLONOTRIL 0.5 TAB 15S,CLONOTRIL 0.5,15S,Tablet,55.25,,,,,,,TORRENT PHARMACEUTICAL,AXON,,master
AT-CLONOTRIL-P-12-5MG-15S,CLONOTRIL P 12.5MG TAB 15'S,CLONOTRIL P 12.5MG,15'S,Tablet,252.25,Clonazepam 0.5mg + Paroxetine,clonazepam 0.5mg+paroxetine,Clonazepam | Paroxetine,2,,,TORRENT PHARMACEUTICAL,AXON,torrent,master
AT-CLONOTRIL-P-25MG-15S,CLONOTRIL P 25MG TAB 15'S,CLONOTRIL P 25MG,15'S,Tablet,294.45,Clonazepam 0.5mg + Paroxetine,clonazepam 0.5mg+paroxetine,Clonazepam | Paroxetine,2,,,TORRENT PHARMACEUTICAL,AXON,torrent,master
AT-CLONOTRIL-PLUS-10-0-25MG-10S,CLONOTRIL PLUS 10/0.25MG TAB 10'S,CLONOTRIL PLUS 10/0.25MG,10'S,Tablet,167.81,,,,,,,TORRENT PHARMACEUTICAL,AXON,,master
AT-CLONOTRIL-PLUS-20-0-5MG-1S,CLONOTRIL PLUS 20/0.5MG TAB 1'S,CLONOTRIL PLUS 20/0.5MG,1'S,Tablet,206.53,,,,,,,TORRENT PHARMACEUTICAL,AXON,,master
AT-CLONOTRIL-PLUS-5-0-25MG-10S,CLONOTRIL PLUS 5/0.25MG TAB 10'S,CLONOTRIL PLUS 5/0.25MG,10'S,Tablet,81.26,,,,,,,TORRENT PHARMACEUTICAL,AXON,,stock file
AT-CLONOTRIL-PLUS-5-0-5MG-10S,CLONOTRIL PLUS 5/0.5MG TAB 10'S,CLONOTRIL PLUS 5/0.5MG,10'S,Tablet,142.22,,,,,,,TORRENT PHARMACEUTICAL,AXON,,master
AT-CLONOTRIL-PLUS-10S,CLONOTRIL PLUS TAB 10S,CLONOTRIL PLUS,10S,Tablet,320.30,Clonazepam + Escitalopram Oxalate,clonazepam+escitalopram oxalate,Clonazepam | Escitalopram Oxalate,2,,,TORRENT PHARMACEUTICAL,AXON,torrent,master
AT-CLONOTRIL-1-10S,CLONOTRIL-1 TAB 10S,CLONOTRIL-1,10S,Tablet,76.35,,,,,,,TORRENT PHARMACEUTICAL,AXON,,master
AT-CLONOTRIL-2-10S,CLONOTRIL-2 TAB 10S,CLONOTRIL-2,10S,Tablet,247.96,,,,,,,TORRENT PHARMACEUTICAL,AXON,,stock file
AT-CLOPCARE-75-10S,CLOPCARE 75 TAB 10'S,CLOPCARE 75,10'S,Tablet,61.88,Clopidogrel Bisulphate,clopidogrel bisulphate,Clopidogrel Bisulphate,1,,,FINECURE PHARMACEUTICALS,LTD,main,master
AT-CLOPCARE-A-150-10S,CLOPCARE A 150 TAB 10'S,CLOPCARE A 150,10'S,Tablet,58.13,Aspirin + Clopidogrel,aspirin+clopidogrel,Aspirin | Clopidogrel,2,,,FINECURE PHARMACEUTICALS,LTD,main,master
AT-CLOPCARE-A-75-10S,CLOPCARE A 75 TAB 10'S,CLOPCARE A 75,10'S,Tablet,57.19,Aspirin + Clopidogrel,aspirin+clopidogrel,Aspirin | Clopidogrel,2,,,FINECURE PHARMACEUTICALS,LTD,main,master
AT-CLOSTOP-SRX-10-10S,CLOSTOP SRX 10 TAB 10'S,CLOSTOP SRX 10,10'S,Tablet,424.22,Tranexamic Acid,tranexamic acid,Tranexamic Acid,1,,,ALEMBIC,ALCARE,manual,master
AT-CLOSTOP-SRX-10-10S-2,CLOSTOP SRX 10 TAB 10S,CLOSTOP SRX 10,10S,Tablet,424.22,Clobazam,clobazam,Clobazam,1,,,ALEMBIC,ALCARE,main,stock file
AT-CLOTAN-10S,CLOTAN CAP 10S,CLOTAN,10S,Capsule,209.06,Tolfenamic Acid 200mg,tolfenamic acid 200mg,Tolfenamic Acid,1,,,TORRENT PHARMACEUTICALS,NURON,torrent,master
AT-CLOTAWIN-2ML,CLOTAWIN INJ 2ML,CLOTAWIN,2 ML,Injection,26.28,Hydroxocobalamin,hydroxocobalamin,Hydroxocobalamin,1,,,BESTOCHEM FORMU,SALUTE,main,stock file
AT-CLOTAWIN-T-10S,CLOTAWIN T TAB 10'S,CLOTAWIN T,10'S,Tablet,268.13,Alpha Lipoic Acid + Folic Acid + Hydroxocobalamin,alpha lipoic acid+folic acid+hydroxocobalamin,Alpha Lipoic Acid | Folic Acid | Hydroxocobalamin,3,,,BESTOCHEM FORMULATIONS,,main,stock file
AT-COBADEX-CZS,COBADEX CZS TAB,COBADEX CZS,,Tablet,128.00,Multivitamins + Zinc,multivitamins+zinc,Multivitamins | Zinc,2,,,GSK LIMITED TEAM PC2,FORTIOR,main,master
AT-COBADEX-FORTE-15S,COBADEX FORTE CAPS 15'S,COBADEX FORTE,15'S,Capsule,23.44,,,,,,,GSK LIMITED,TEAM CTC 6,,stock file
AT-COBADEX-120ML,COBADEX SYP. 120ML,COBADEX,120 ML,Syrup,15.94,,,,,,,GSK LIMITED,TEAM CTC 6,,stock file
AT-COBALFINE-6G15S,COBALFINE 6G TAB 15'S,COBALFINE,6G 15'S,Tablet,330.00,Methylcobalamin + Multivitamins,methylcobalamin+multivitamins,Methylcobalamin | Multivitamins,2,,,BIOGENOMICS LIMITED,,main,master
AT-COBALFINE-FP-POWDER-JAR-150GM,COBALFINE FP POWDER JAR 150G,COBALFINE FP POWDER JAR,150 GM,Powder,379.00,Multiminerals + Multivitamins + Protein Hydrolysate,multiminerals+multivitamins+protein hydrolysate,Multiminerals | Multivitamins | Protein Hydrolysate,3,,,PHARMARISE INNOVATIONS LLP,,main,master
AT-COBALFINE,COBALFINE TAB,COBALFINE,,Tablet,196.88,Methylcobalamin + Multivitamins,methylcobalamin+multivitamins,Methylcobalamin | Multivitamins,2,,,BIOGENOMICS LIMITED,,main,master
AT-COBASOFT-OD-10S,COBASOFT OD CAP 10S,COBASOFT OD,10S,Capsule,173.16,,,,,,,TORRENT PHARMACEUTICALS,MIND,,stock file
AT-COBUILT-14S,COBUILT CAP 14S,COBUILT,14S,Capsule,191.60,Calcium + Cholecalciferol + Zinc,calcium+cholecalciferol+zinc,Calcium | Cholecalciferol | Zinc,3,,,ALEMBIC,OSTEOFID,main,stock file
AT-COBUILT-PLUS-14S,COBUILT PLUS TAB 14S,COBUILT PLUS,14S,Tablet,420.00,Calcium + Cholecalciferol + Magnesium + Zinc,calcium+cholecalciferol+magnesium+zinc,Calcium | Cholecalciferol | Magnesium | Zinc,4,,,ALEMBIC,OSTEOFID,main,stock file
AT-COBUILT-TOTAL-14S,COBUILT TOTAL TAB 14S,COBUILT TOTAL,14S,Tablet,370.00,Calcium + Cholecalciferol + Multiminerals,calcium+cholecalciferol+multiminerals,Calcium | Cholecalciferol | Multiminerals,3,,,ALEMBIC,OSTEOFID,main,stock file
AT-COEAMOX-625-MG-10S,COEAMOX 625 MG TAB 10'S,COEAMOX 625 MG,10'S,Tablet,184.55,,,,,,,KOYE PHARMACEUTICALS,P.LTD,,stock file
AT-COEAMOX-DRY-30ML,COEAMOX DRY SYRUP 30ML,COEAMOX DRY,30 ML,Dry Syrup,55.75,,,,,,,KOYE PHARMACEUTICALS,P.LTD,,stock file
AT-COEAMOX-FORTE-DRY-30ML,COEAMOX FORTE DRY SYRUP 30ML,COEAMOX FORTE DRY,30 ML,Dry Syrup,126.56,,,,,,,KOYE PHARMACEUTICALS,P.LTD,,stock file
AT-COECORAL-250-10,COECORAL 250 TAB 10',COECORAL 250,10',Tablet,197.00,,,,,Calcium Supplements,Not specified,KOYE PHARMACEUTICALS,P.LTD,,stock file
AT-COECORAL-15S,COECORAL CAP 1*15CAP,COECORAL,15'S,Capsule,128.16,,,,,,,KOYE PHARMACEUTICALS,P.LTD,,stock file
AT-COECORAL-D3-CHEWABLE-15S,COECORAL D3 CHEWABLE TAB 15'S,COECORAL D3 CHEWABLE,15'S,Tablet,299.00,Cholecalciferol 400IU + Coral Calcium 500mg + L-Lysine 100mg,cholecalciferol 400iu+coral calcium 500mg+l-lysine 100mg,Cholecalciferol | Coral Calcium | L-Lysine,3,Calcium Supplements,Not specified,KOYE PHARMACEUTICALS,P.LTD,koye,stock file
AT-COECORAL-D3-15S,COECORAL D3 TAB 1*15'S,COECORAL D3,15'S,Tablet,272.29,Cholecalciferol 400IU + Coral Calcium 500mg + L-Lysine 100mg,cholecalciferol 400iu+coral calcium 500mg+l-lysine 100mg,Cholecalciferol | Coral Calcium | L-Lysine,3,Calcium Supplements,Not specified,KOYE PHARMACEUTICALS,P.LTD,,master
AT-COECORAL-D3-500-10S,COECORAL D3-500 TAB 10'S,COECORAL D3-500,10'S,Tablet,279.00,Cholecalciferol 400IU + Coral Calcium 500mg + L-Lysine 100mg,cholecalciferol 400iu+coral calcium 500mg+l-lysine 100mg,Cholecalciferol | Coral Calcium | L-Lysine,3,,,KOYE PHARMACEUTICALS,P.LTD,,stock file
AT-COECORAL-ISO-10S,COECORAL ISO CAP 10S,COECORAL ISO,10S,Capsule,210.00,,,,,,,KOYE PHARMACEUTICALS,P.LTD,,stock file
AT-COECORAL-MAX-15S,COECORAL MAX 1*15 CAP,COECORAL MAX,15'S,Capsule,428.44,Boron 1.5mg + Calcitriol 0.25mcg + Calcium Carbonate 500mg + DHA 120mg + EPA 180mg + Folic Acid 400mcg + Methylcobalamin 1500mcg,boron 1.5mg+calcitriol 0.25mcg+calcium carbonate 500mg+dha 120mg+epa 180mg+folic acid 400mcg+methylcobalamin 1500mcg,Boron | Calcitriol | Calcium Carbonate | DHA | EPA | Folic Acid | Methylcobalamin,7,Nutraceuticals,Not specified,KOYE PHARMACEUTICALS,P.LTD,koye,stock file
AT-COECORAL-PLUS-15S,COECORAL PLUS CAP 15'S,COECORAL PLUS,15'S,Capsule,395.63,,,,,,,KOYE PHARMACEUTICALS,P.LTD,,master
AT-COECORAL-TOTAL-10S,COECORAL TOTAL TAB 10S,COECORAL TOTAL,10S,Tablet,408.43,Ascorbic Acid 20mg + Boron Proteinate 2mg + Boswellia Serrata 50mg + Cholecalciferol 200IU + Chondroitin Sulphate Sodium 50mg + Copper Sulphate 0.5mg + Coral Calcium 250mg + Curcumin C3 Complex 100mg + Magnesium Oxide 50mg + Manganese Sulphate 0.5mg + Vitamin K2 20mcg + Zinc Sulphate 3mg,ascorbic acid 20mg+boron proteinate 2mg+boswellia serrata 50mg+cholecalciferol 200iu+chondroitin sulphate sodium 50mg+copper sulphate 0.5mg+coral calcium 250mg+curcumin c3 complex 100mg+magnesium oxide 50mg+manganese sulphate 0.5mg+vitamin k2 20mcg+zinc sulphate 3mg,Ascorbic Acid | Boron Proteinate | Boswellia Serrata | Cholecalciferol | Chondroitin Sulphate Sodium | Copper Sulphate | Coral Calcium | Curcumin C3 Complex | Magnesium Oxide | Manganese Sulphate | Vitamin K2 | Zinc Sulphate,12,Nutraceuticals,Not specified,KOYE PHARMACEUTICALS,P.LTD,koye,stock file
AT-COECORTT-6-10S,COECORTT 6 10'S,COECORTT 6,10'S,,98.44,,,,,,,KOYE PHARMACEUTICALS,P.LTD,,stock file
AT-COED3-8S,COED3 CAP 8'S,COED3,8'S,Capsule,258.55,Cholecalciferol,cholecalciferol,Cholecalciferol,1,Vitamins,Not specified,KOYE PHARMACEUTICALS,P.LTD,koye,stock file
AT-COED3-ORAL-5ML,COED3 ORAL SYP 5ML,COED3 ORAL,5 ML,Syrup,79.22,Cholecalciferol,cholecalciferol,Cholecalciferol,1,Vitamins,Not specified,KOYE PHARMACEUTICALS,P.LTD,koye,stock file
AT-COEDHEA-PLUS-10S,COEDHEA PLUS 1*10CAP,COEDHEA PLUS,10'S,Capsule,338.80,,,,,,,KOYE ORIGYN PHARMACEUTICAL,GY,,stock file
AT-COEHB-MAX-10S,COEHB MAX CAP 10'S,COEHB MAX,10'S,Capsule,262.50,Emulsified Ferric Pyrophosphate 30mg + Folic Acid 250mcg + Glycine 10mg,emulsified ferric pyrophosphate 30mg+folic acid 250mcg+glycine 10mg,Emulsified Ferric Pyrophosphate | Folic Acid | Glycine,3,Hematinics,Not specified,KOYE ORIGYN PHARMACEUTICAL,GY,koye,master
AT-COEHB-PLUS-10S,COEHB PLUS 1*10 CAP,COEHB PLUS,10'S,Capsule,139.22,Copper 1mg + Cyanocobalamin 7.5mcg + Docusate Sodium 50mg + Ferrous Fumarate 60mg + Folic Acid 1mg,copper 1mg+cyanocobalamin 7.5mcg+docusate sodium 50mg+ferrous fumarate 60mg+folic acid 1mg,Copper | Cyanocobalamin | Docusate Sodium | Ferrous Fumarate | Folic Acid,5,Hematinics,Not specified,KOYE ORIGYN PHARMACEUTICAL,GY,koye,stock file
AT-COEHB-10S,COEHB TAB 10'S,COEHB,10'S,Tablet,156.92,Ferrous Asparto-Glycinate 100mg + L-Methylfolate 300mcg + Methylcobalamin 500mcg,ferrous asparto-glycinate 100mg+l-methylfolate 300mcg+methylcobalamin 500mcg,Ferrous Asparto-Glycinate | L-Methylfolate | Methylcobalamin,3,Hematinics,Not specified,KOYE ORIGYN PHARMACEUTICAL,GY,koye,master
AT-COEKASTLE-A,COEKASTLE A TAB,COEKASTLE A,,Tablet,157.50,,,,,,,KOYE PHARMACEUTICALS,P.LTD,,stock file
AT-COEKASTLE-AX-10S,COEKASTLE AX TAB 10'S,COEKASTLE AX,10'S,Tablet,184.69,,,,,,,KOYE PHARMACEUTICALS,P.LTD,,stock file
AT-COEKASTLE,COEKASTLE TABS,COEKASTLE,,Tablet,112.50,,,,,,,KOYE PHARMACEUTICALS,P.LTD,,stock file
AT-COELARG-SACHETS-5GM,COELARG SACHETS 5GMS,COELARG SACHETS,5 GM,Sachet,35.63,,,,,,,KOYE ORIGYN PHARMACEUTICAL,GY,,stock file
AT-COELONE-16MG-10S,COELONE 16MG TAB 10S,COELONE 16MG,10S,Tablet,81.89,,,,,,,KOYE PHARMACEUTICAL,CAIR,,stock file
AT-COELONE-4MG-10S,COELONE 4MG TAB 10S,COELONE 4MG,10S,Tablet,35.63,,,,,,,KOYE PHARMACEUTICAL,CAIR,,stock file
AT-COELONE-8MG-10S,COELONE 8MG TAB 10S,COELONE 8MG,10S,Tablet,53.63,,,,,,,KOYE PHARMACEUTICAL,CAIR,,stock file
AT-COENAC-EFFERVESENT-10S,COENAC EFFERVESENT TAB 10S,COENAC EFFERVESENT,10S,Tablet,223.13,,,,,,,KOYE PHARMACEUTICALS,P.LTD,,stock file
AT-COENATTO-PLUS-10S,COENATTO PLUS 1*10CAP,COENATTO PLUS,10'S,Capsule,169.10,,,,,,,KOYE PHARMACEUTICALS,P.LTD,,stock file
AT-COEPREG-10S,COEPREG CAP 10,COEPREG,10'S,Capsule,226.31,,,,,,,KOYE PHARMACEUTICALS,CARDIC,,master
AT-COERINGA-10S,COERINGA CAP 10'S,COERINGA,10'S,Capsule,87.22,,,,,,,KOYE PHARMACEUTICALS,P.LTD,,stock file
AT-COERINGA-SYP-175MG,COERINGA SYP 175MG,COERINGA SYP 175MG,,Syrup,146.85,,,,,,,KOYE PHARMACEUTICALS,P.LTD,,stock file
AT-COERIP-C-SACHETS-11GM,COERIP C SACHETS 11GMS,COERIP C SACHETS,11 GM,Sachet,79.21,,,,,,,KOYE PHARMACEUTICALS,P.LTD,,stock file
AT-COERIP-30S,COERIP TABS 30'S,COERIP,30'S,Tablet,498.31,,,,,,,KOYE PHARMACEUTICALS,P.LTD,,master
AT-COERIP-TRIO-14S,COERIP TRIO CAP 14S,COERIP TRIO,14S,Capsule,784.00,Specialty Care,specialty care,Specialty Care,1,As specified in document,Osteoarthritis,KOYE PHARMACEUTICALS,P.LTD,koye,stock file
AT-COETRIE-10S,COETRIE CAP 10S,COETRIE,10S,Capsule,356.25,,,,,,,KOYE PHARMACEUTICALS,P.LTD,,stock file
AT-COETRIE-PLUS-10S,COETRIE PLUS CAP 10S,COETRIE PLUS,10S,Capsule,168.21,,,,,,,KOYE PHARMACEUTICALS,P.LTD,,stock file
AT-COEVITENZ-10S,COEVITENZ 1*10 CAP,COEVITENZ,10'S,Capsule,328.00,,,,,,,KOYE PHARMACEUTICALS,P.LTD,,stock file
AT-COEVITENZ-D,COEVITENZ D TAB,COEVITENZ D,,Tablet,154.69,,,,,,,KOYE PHARMACEUTICALS,P.LTD,,stock file
AT-COL-RED-200GM,COL-RED POWDER 200GM,COL-RED,200 GM,Powder,254.54,,,,,,,BRITISH BIOLOGICALS LTD.,,,stock file
AT-COLATAGE-B-10S,COLATAGE B CAP 10S,COLATAGE B,10S,Capsule,345.00,,,,,,,KOYE PHARMACEUTICALS,P.LTD,,stock file
AT-COLATAGE-M-GRANULES-5ML,COLATAGE M GRANULES 5ML,COLATAGE M GRANULES,5 ML,Granules,403.13,,,,,,,KOYE PHARMACEUTICALS,P.LTD,,stock file
AT-COLCET-5MG-10S,COLCET 5MG TAB 10'S,COLCET 5MG,10'S,Tablet,39.37,,,,,,,ROSSWELT BIOSCIENCES,,,master
AT-COLCET-DS-60ML,COLCET DS SYP 60ML,COLCET DS,60 ML,Syrup,45.00,,,,,,,ROSSWELT BIOSCIENCES,,,stock file
AT-COLCET-PLUS-10S,COLCET PLUS TAB 10'S,COLCET PLUS,10'S,Tablet,32.81,,,,,,,ROSSWELT BIOSCIENCES,,,stock file
AT-COLCET-PLUS-60ML,COLCET-PLUS-SYP 60ML,COLCET-PLUS,60 ML,Syrup,65.60,Cetirizine 5mg + Phenylephrine Hcl 5mg,cetirizine 5mg+phenylephrine hcl 5mg,Cetirizine | Phenylephrine Hcl,2,Analgesic / Inflammatory; Neurology,,ROSSWELT BIOSCIENCES,,rosswelt,master
AT-COLDSOL-DM-SYP-1-60ML,COLDSOL DM SYP 1*60ML,COLDSOL DM SYP 1*,60 ML,Syrup,97.50,,,,,,,SYNCHEM PHARMACEUTICALS,PVT.LMT,,master
AT-COLDSOL-DM-10S,COLDSOL DM TAB 10S,COLDSOL DM,10S,Tablet,51.00,,,,,,,SYNCHEM PHARMACEUTICALS,PVT.LMT,,stock file
AT-COLDSOL-DROP-15ML,COLDSOL DROP 15ML,COLDSOL DROP,15 ML,Drops,79.69,Cetirizine Hcl 1.25mg + Paracetamol 125mg/ml + Phenylephrine Hcl 2.5mg,cetirizine hcl 1.25mg+paracetamol 125mg/ml+phenylephrine hcl 2.5mg,Cetirizine Hcl | Paracetamol | Phenylephrine Hcl,3,Respiratory - Cough & Cold / Anti-allergic,"Common cold, nasal congestion, runny nose, sneezing, fever and associated aches",SYNCHEM PHARMACEUTICALS,PVT.LMT,synchem,master
AT-COLDSOL-DS-60ML,COLDSOL DS SYP 60ML,COLDSOL DS,60 ML,Syrup,91.87,,,,,,,SYNCHEM PHARMACEUTICALS,PVT.LMT,,master
AT-COLDSOL-SUSPENSION-1-60ML,COLDSOL SUSPENSION 1*60ML,COLDSOL SUSPENSION 1*,60 ML,Suspension,87.19,,,,,,,SYNCHEM PHARMACEUTICALS,PVT.LMT,,master
AT-COLDSOL-10S,COLDSOL TAB 1*10,COLDSOL,10'S,Tablet,56.25,Caffeine 30mg + Cetirizine 5mg + Paracetamol 500mg + Phenylephrine Hcl 10mg,caffeine 30mg+cetirizine 5mg+paracetamol 500mg+phenylephrine hcl 10mg,Caffeine | Cetirizine | Paracetamol | Phenylephrine Hcl,4,Respiratory - Cough & Cold / Analgesic,"Cold, nasal congestion, headache, fever and associated aches",SYNCHEM PHARMACEUTICALS,PVT.LMT,synchem,master
AT-COLIMEX-DF-15ML,COLIMEX DF+DROPS 15ML.,COLIMEX DF+,15 ML,Drops,76.78,,,,,,,WALLACE PHARMACEUTICALS,LTD,,master
AT-COLIMEX-15ML,COLIMEX DROPS 15ML,COLIMEX,15 ML,Drops,100.80,Contains: Dicyclomine Activated 1ml + Simethicone 40mg,contains: dicyclomine activated 1ml+simethicone 40mg,Contains: Dicyclomine Activated | Simethicone,2,Antispasmodic,Colic Pain,WALLACE PHARMACEUTICALS,LTD,wallace,master
AT-COLIMEX-MF-10S,COLIMEX MF TAB 10'S,COLIMEX MF,10'S,Tablet,40.03,,,,,,,WALLACE PHARMA,DELITE,,stock file
AT-COLIMEX-SUSPENSION-30ML,COLIMEX SUSPENSION 30ML,COLIMEX SUSPENSION,30 ML,Suspension,69.00,Contains: Dicyclomine 5ml + Simethicone 40mg,contains: dicyclomine 5ml+simethicone 40mg,Contains: Dicyclomine | Simethicone,2,Antispasmodic,Colic Pain,WALLACE PHARMACEUTICALS,LTD,wallace,master
AT-COLIMEX-SUSPENSION-60ML,COLIMEX SUSPENSION 60ML,COLIMEX SUSPENSION,60 ML,Suspension,125.62,Contains: Dicyclomine Activated 1ml + Simethicone 40mg,contains: dicyclomine activated 1ml+simethicone 40mg,Contains: Dicyclomine Activated | Simethicone,2,Antispasmodic,Colic Pain,WALLACE PHARMACEUTICALS,LTD,wallace,master
AT-COLIMEX-10S,COLIMEX TABS 10`S,COLIMEX,10'S,Tablet,48.43,Dicyclomine Hcl 20mg + Paracetamol 500mg,dicyclomine hcl 20mg+paracetamol 500mg,Dicyclomine Hcl | Paracetamol,2,Antispasmodic,Biliary Colic,WALLACE PHARMACEUTICALS,LTD,wallace,master
AT-COLISPAS-PAD-DROP-10ML,COLISPAS PAD DROP 10ML,COLISPAS PAD DROP,10 ML,Drops,43.18,Dicyclomine + Simethicone,dicyclomine+simethicone,Dicyclomine | Simethicone,2,,,BESTOCHEM FORMULATIONS,,main,stock file
AT-COLLA-2-10S,COLLA-2 TAB 10S,COLLA-2,10S,Tablet,471.26,,,,,,,JAGSONPAL PHARMA LTD,BONEVA,,master
AT-COLMINT,COLMINT CAPS,COLMINT,,Capsule,111.56,Peppermint Oil,peppermint oil,Peppermint Oil,1,GI Anti-spasmodics,,ALKEM LABS,LTD NEXA,main,stock file
AT-COLONISE-FORTE,COLONISE FORTE CAPS,COLONISE FORTE,,Capsule,189.09,Pre + Probiotic,pre+probiotic,Pre | Probiotic,2,,,TORRENT PHARMACEUTICAL,PRIMA,torrent,stock file
AT-COLPEP-15ML,COLPEP DROPS 15 ML,COLPEP,15 ML,Drops,49.69,Fungal Diastase + Pepsin,fungal diastase+pepsin,Fungal Diastase | Pepsin,2,Gastro Intestinal,,ALKEM LABORATRIES LTD,ACE-ALTIS,main,stock file
AT-COLPEP-30ML,COLPEP SYP 30ML,COLPEP,30 ML,Syrup,41.95,Fungal Diastase + Pepsin,fungal diastase+pepsin,Fungal Diastase | Pepsin,2,Gastro Intestinal,,ALKEM LABORATRIES LTD,ACE-ALTIS,main,stock file
AT-COLZIN-D-10S,COLZIN-D TAB 10'S,COLZIN-D,10'S,Tablet,65.60,Cinnarizine 20mg + Domperidone 15mg,cinnarizine 20mg+domperidone 15mg,Cinnarizine | Domperidone,2,Analgesic / Inflammatory,,ROSSWELT BIOSCIENCES,,rosswelt,master
AT-CONFIDO,CONFIDO TABS,CONFIDO,,Tablet,192.19,Ashwagandha + Gokshura + Kapikacchu,ashwagandha+gokshura+kapikacchu,Ashwagandha | Gokshura | Kapikacchu,3,,,HIMALAYA DRUG COMPANY,ZEAL,main,master
AT-CONSTICALO-1GM10S,CONSTICALO 1GM TAB 10S,CONSTICALO,1GM 10S,Tablet,232.97,Prucalopride / Prucalopride 1mg,prucalopride / prucalopride 1mg,Prucalopride / Prucalopride,1,,,TORRENT PHARMACEUTICAL,AXON,torrent,master
AT-CONSTICALO-2MG-10S,CONSTICALO 2MG TAB 10S,CONSTICALO 2MG,10S,Tablet,394.65,,,,,,,TORRENT PHARMACEUTICAL,AXON,,stock file
AT-CONTIFLO-D-1-S-KIT-RUTF,CONTIFLO D 1'S KIT RUTF,CONTIFLO D 1'S KIT RUTF,,Kit,245.63,,,,,,,SUN PHARMA LABS LTD,UROCARE,,stock file
AT-CONTIFLO-D-10S,CONTIFLO D CAP 10'S,CONTIFLO D,10'S,Capsule,292.50,,,,,,,SUN PHARMA LABS LTD,UROCARE,,stock file
AT-CONTIFLO-ICON-0-4MG-10S,CONTIFLO ICON 0.4MG 10'S,CONTIFLO ICON 0.4MG,10'S,Tablet,155.63,Tamsulosin 0.4mg,tamsulosin 0.4mg,Tamsulosin,1,UROLOGY,,SUN PHARMA LABS LTD,UROCARE,sun pharma sheet,master
AT-CONTIFLO-T-10S10S,CONTIFLO T TAB 10S 10S,CONTIFLO T,10S 10S,Tablet,329.06,,,,,,,SUN PHARMA LABS LTD,UROCARE,,master
AT-COOLGUT-10S,COOLGUT TAB 10S,COOLGUT,10S,Tablet,248.25,Mesalamine 1.2g,mesalamine 1.2g,Mesalamine,1,,,TORRENT PHARMACEUTICAL,PRIMA,torrent,stock file
AT-CORBIS-1-25-15S,CORBIS 1.25 TAB 15'S,CORBIS 1.25,15'S,Tablet,56.02,Bisoprolol Fumarate,bisoprolol fumarate,Bisoprolol Fumarate,1,,,TORRENT PHARMA,CV LIFE,torrent,stock file
AT-CORBIS-2-5-10S,CORBIS 2.5 TAB 10,CORBIS 2.5,10'S,Tablet,105.15,Bisoprolol Fumarate,bisoprolol fumarate,Bisoprolol Fumarate,1,,,TORRENT PHARMA,CV LIFE,torrent,master
AT-CORBIS-5,CORBIS 5 TAB,CORBIS 5,,Tablet,126.55,Bisoprolol Fumarate,bisoprolol fumarate,Bisoprolol Fumarate,1,,,TORRENT PHARMA,CV LIFE,torrent,master
AT-CORBIS-AM-2-5-2-5-10,CORBIS AM 2.5/2.5 TAB 10',CORBIS AM 2.5/2.5,10',Tablet,77.60,,,,,,,TORRENT PHARMA,CV LIFE,,stock file
AT-CORBIS-AM-5-10S,CORBIS AM 5 TAB 10,CORBIS AM 5,10'S,Tablet,139.65,Amlodipine + Bisoprolol,amlodipine+bisoprolol,Amlodipine | Bisoprolol,2,,,TORRENT PHARMA,CV LIFE,torrent,master
AT-CORBIS-H-5-10S,CORBIS H 5 TAB 10,CORBIS H 5,10'S,Tablet,193.95,,,,,,,TORRENT PHARMA,CV LIFE,,master
AT-CORBIS-T-5-10S,CORBIS T 5 TAB 1*10,CORBIS T 5,10'S,Tablet,158.40,,,,,,,TORRENT PHARMA,CV LIFE,,master
AT-CORID,CORID SYP,CORID,,Syrup,225.00,,,,,,,RAPTAKOS BRETT & CO.LIMITED,,,stock file
AT-CORMUZIK-10GM,CORMUZIK 10GM,CORMUZIK,10 GM,,252.00,Mupirocin,mupirocin,Mupirocin,1,,,ALEMBIC,DERMA,main,stock file
AT-CORTAZ-FOAM-50ML,CORTAZ FOAM 50ML,CORTAZ FOAM,50 ML,,510.00,,,,,,,TORRENT PHARMA LTD,SPERSH,,master
AT-CORVADIL-2-5-10S,CORVADIL 2.5 TAB 10,CORVADIL 2.5,10'S,Tablet,16.27,Amlodipine,amlodipine,Amlodipine,1,,,TORRENT PHARMA,CV LIFE,torrent,stock file
AT-CORVADIL-5-10S,CORVADIL 5 TAB 10,CORVADIL 5,10'S,Tablet,26.23,Amlodipine,amlodipine,Amlodipine,1,,,TORRENT PHARMA,CV LIFE,torrent,master
AT-CORVADIL-A-10S,CORVADIL A TAB 10,CORVADIL A,10'S,Tablet,142.78,,,,,,,TORRENT PHARMA,CV LIFE,,stock file
AT-COSPIAQ-10MG-10S,COSPIAQ 10MG TAB 10'S,COSPIAQ 10MG,10'S,Tablet,90.90,Empagliflozin 10mg/25mg,empagliflozin 10mg/25mg,Empagliflozin,1,,,TORRENT PHARMACEUTICALS,LTD,torrent,master
AT-COSPIAQ-SM-25-100-1000MG-10S,COSPIAQ SM 25/100/1000MG TAB 10'S,COSPIAQ SM 25/100/1000MG,10'S,Tablet,214.65,,,,,,,TORRENT PHARMACEUTICALS,LTD,,master
AT-COTEN-SOFTGEL-CAP-200MG-10S,COTEN SOFTGEL CAP 200MG 10'S,COTEN SOFTGEL CAP 200MG,10'S,Capsule,338.20,Coenzyme Q10,coenzyme q10,Coenzyme Q10,1,,,AGLOWMED LTD.,,main,stock file
AT-COVAMLO-10S,COVAMLO TABS 10'S,COVAMLO,10'S,Tablet,153.75,,,,,,,SUN PHARMA LAB. LTD,PHARMA,,master
AT-COVANCE-25MG-TABS10,COVANCE 25MG TABS10*,COVANCE 25MG TABS10*,,,45.94,,,,,,,SUN PHARMA LAB. LTD,PHARMA,,stock file
AT-COVANCE-50MG-10S,COVANCE 50MG TABS 10'S,COVANCE 50MG,10'S,Tablet,96.56,Losartan 50mg,losartan 50mg,Losartan,1,CARDIAC,,SUN PHARMA LAB. LTD,PHARMA,sun pharma sheet,master
AT-COVANCE-AT-10S,COVANCE AT TABS 10'S,COVANCE AT,10'S,Tablet,147.19,,,,,,,SUN PHARMA LAB. LTD,PHARMA,,stock file
AT-COVANCE-D-10S,COVANCE D TABS 10'S,COVANCE D,10'S,Tablet,174.38,,,,,,,SUN PHARMA LAB. LTD,PHARMA,,master
AT-COVINIB-2MG-14S,COVINIB 2MG TAB 14'S,COVINIB 2MG,14'S,Tablet,420.00,,,,,,,TORRENT PHARMACEUTICALS,LTD,,stock file
AT-COVINIB-4MG-14S,COVINIB 4MG TAB 14'S,COVINIB 4MG,14'S,Tablet,643.13,,,,,,,TORRENT PHARMACEUTICALS,LTD,,stock file
AT-CQ-MEG-10S,CQ MEG CAP 1*10'S,CQ MEG,10'S,Capsule,140.63,,,,,,,NEO LIFE SCIENCES,,,master
AT-CRANBE-SOFT,CRANBE SOFT GEL CAPS,CRANBE SOFT,,Gel,228.00,,,,,,,TORRENT PHARMA,VIVA,,stock file
AT-CRANN-D-10S,CRANN-D TAB 10S,CRANN-D,10S,Tablet,222.45,Cranberry Extract 300mg + D-Mannose 600mg,cranberry extract 300mg+d-mannose 600mg,Cranberry Extract | D-Mannose,2,Urology,Urinary tract infection support/prevention,RPG LIFE SCIENCE LTD,GLODIAN,rpg,master
AT-CRANVOID-SACHETS,CRANVOID SACHETS,CRANVOID SACHETS,,Sachet,30.00,Cranberry Extract + D-Mannose,cranberry extract+d-mannose,Cranberry Extract | D-Mannose,2,,,ALKEM LABORAT. LTD,UROCARE,main,stock file
AT-CRANVOID-SOLUTION-200ML,CRANVOID SOLUTION 200ML,CRANVOID SOLUTION,200 ML,Solution,288.30,Cranberry Extract + Potassium Magnesium Citrate,cranberry extract+potassium magnesium citrate,Cranberry Extract | Potassium Magnesium Citrate,2,,,ALKEM LABORAT. LTD,UROCARE,main,master
AT-CRANVOID-SOLUTION-LIQUID-200ML,CRANVOID SOLUTION LIQUID 200ML,CRANVOID SOLUTION LIQUID,200 ML,Solution,288.30,Cranberry Extract + D-Mannose,cranberry extract+d-mannose,Cranberry Extract | D-Mannose,2,,,ALKEM LABORAT. LTD,UROCARE,main,stock file
AT-CRESTIL-10S,CRESTIL TAB 10'S,CRESTIL,10'S,Tablet,70.31,,,,,,,ROSSWELT BIOSCIENCES,,,stock file
AT-CRINA-NCR-15-10S,CRINA NCR 15 TAB 10'S,CRINA NCR 15,10'S,Tablet,129.20,Norethisterone,norethisterone,Norethisterone,1,,,ALEMBIC,ELENA,main,master
AT-CRINA-NCR-10S,CRINA NCR TAB 10'S,CRINA NCR,10'S,Tablet,212.20,Norethisterone,norethisterone,Norethisterone,1,,,ALEMBIC,ELENA,main,master
AT-CRIXAN-250MG-10S,CRIXAN 250MG TAB 10'S,CRIXAN 250MG,10'S,Tablet,207.38,Clarithromycin 250mg,clarithromycin 250mg,Clarithromycin,1,ANTI-INFECTIVES,,SUN PHARMA LAB.LTD,STAN CARE,sun pharma sheet,stock file
AT-CRIXAN-500MG-6S,CRIXAN 500MG TAB 6S,CRIXAN 500MG,6S,Tablet,262.73,Clarithromycin 500mg,clarithromycin 500mg,Clarithromycin,1,ANTI-INFECTIVES,,SUN PHARMA LAB.LTD,STAN CARE,sun pharma sheet,stock file
AT-CRIXAN-GEL-1-15GM,CRIXAN GEL 1% 15GM,CRIXAN GEL 1%,15 GM,Gel,163.13,Clarithromycin 1%,clarithromycin 1%,Clarithromycin,1,,,SUN PHARMA LAB.LTD,STAN CARE,manual,master
AT-CRIXAN-OD-500MG-5S,CRIXAN OD 500MG 5'S,CRIXAN OD 500MG,5'S,Tablet,270.44,Clarithromycin 500mg,clarithromycin 500mg,Clarithromycin,1,ANTI-INFECTIVES,,SUN PHARMA LAB.LTD,STAN CARE,sun pharma sheet,stock file
AT-CRIXAN-SUSP-125MG-5ML,CRIXAN SUSP.125MG/5ML,CRIXAN SUSP.125MG/,5 ML,Suspension,144.90,Clarithromycin 125mg,clarithromycin 125mg,Clarithromycin,1,,,SUN PHARMA LAB.LTD,STAN CARE,manual,master
AT-CRIZ-M-KID,CRIZ M KID TAB,CRIZ M KID,,Tablet,85.31,Levocetirizine 5mg + Montelukast 10mg,levocetirizine 5mg+montelukast 10mg,Levocetirizine | Montelukast,2,,,ALKEM,AURA MAGNA,manual,master
AT-CRIZ-M-60ML,CRIZ M SYRUP 60ML,CRIZ M,60 ML,Syrup,99.38,Levocetirizine + Montelukast,levocetirizine+montelukast,Levocetirizine | Montelukast,2,,,ALKEM,AURA MAGNA,main,master
AT-CRIZ-M,CRIZ M TAB,CRIZ M,,Tablet,178.10,Levocetirizine + Montelukast,levocetirizine+montelukast,Levocetirizine | Montelukast,2,,,ALKEM,AURA MAGNA,main,master
AT-CROCIN-120-SUSPENSION,CROCIN 120 SUSPENSION,CROCIN 120 SUSPENSION,,Suspension,64.05,Paracetamol,paracetamol,Paracetamol,1,,,GSK LIMITED,NEUROSCIENCE,main,master
AT-CROCIN-650MG,CROCIN 650MG TAB,CROCIN 650MG,,Tablet,31.65,Paracetamol,paracetamol,Paracetamol,1,,,GSK LIMITED,NEUROSCIENCE,main,master
AT-CROCIN-ADVANCE-500MG,CROCIN ADVANCE 500MG TAB,CROCIN ADVANCE 500MG,,Tablet,19.31,Paracetamol,paracetamol,Paracetamol,1,,,GSK LIMITED,NEUROSCIENCE,main,master
AT-CROCIN-DROP-100MG-ML,CROCIN DROP 100MG/ML,CROCIN DROP 100MG/ML,,Drops,34.10,Paracetamol,paracetamol,Paracetamol,1,,,GSK LIMITED,NEUROSCIENCE,main,master
AT-CROCIN-LIQUID-240MG-5ML,CROCIN LIQUID 240MG/5ML,CROCIN LIQUID 240MG/,5 ML,,108.52,Paracetamol,paracetamol,Paracetamol,1,,,GSK LIMITED,NEUROSCIENCE,main,master
AT-CROCIN-SUSPENSION-48MG,CROCIN SUSPENSION 48MG,CROCIN SUSPENSION 48MG,,Suspension,71.62,Paracetamol,paracetamol,Paracetamol,1,,,GSK LIMITED,NEUROSCIENCE,main,master
AT-CROLIM-OINTMENT-15GM,CROLIM OINTMENT 15GM,CROLIM OINTMENT,15 GM,Ointment,220.31,,,,,,,SUN PHARMA LAB.LTD,CROSSLAND-LIFE,,stock file
AT-CROLIM-POWER-OINTM-15GM,CROLIM POWER OINTM.15GM,CROLIM POWER OINTM,15 GM,,589.69,,,,,,,SUN PHARMA LAB.LTD,CROSSLAND-LIFE,,stock file
AT-CURA-100MG-DRY-30ML,CURA 100MG DRY SYRUP 30ML,CURA 100MG DRY,30 ML,Dry Syrup,186.66,Cefixime,cefixime,Cefixime,1,,,AGLOWMED LTD.,,main,master
AT-CURA-50DS-30ML,CURA 50DS SYRUP 15G 30ML,CURA 50DS,30 ML,Syrup,109.88,Cefpodoxime Proxetil,cefpodoxime proxetil,Cefpodoxime Proxetil,1,,,AGLOWMED LTD.,,main,stock file
AT-CURA-DRY-30ML,CURA DRY SYRUP 30ML,CURA DRY,30 ML,Dry Syrup,76.31,Cefpodoxime Proxetil,cefpodoxime proxetil,Cefpodoxime Proxetil,1,,,AGLOWMED LTD.,,main,stock file
AT-CURA-TAB-100DT-10S,CURA TAB 100DT 1*10'S,CURA TAB 100DT,10'S,Tablet,138.75,Cefpodoxime Proxetil,cefpodoxime proxetil,Cefpodoxime Proxetil,1,,,AGLOWMED LTD.,,main,stock file
AT-CURA-TAB-200MG-10S,CURA TAB 200MG 10'S,CURA TAB 200MG,10'S,Tablet,234.82,Cefixime,cefixime,Cefixime,1,,,AGLOWMED LTD.,,main,master
AT-CUTE-BABY-STAGE-1-400GM,CUTE BABY STAGE 1 400GM,CUTE BABY STAGE 1,400 GM,,352.44,,,,,,,NUTRIMED HEALTHCARE,PVT.LTD,,stock file
AT-CUTE-BABY-STAGE-2-400GM,CUTE BABY STAGE 2 400GM,CUTE BABY STAGE 2,400 GM,,368.46,,,,,,,NUTRIMED HEALTHCARE,PVT.LTD,,stock file
AT-CUTICAPIL-75ML,CUTICAPIL 75ML,CUTICAPIL,75 ML,,"1,290.50",,,,,,,TORRENT PHARMA LTD,SPERSH,,stock file
AT-CUTICAPIL-STEM-60ML,CUTICAPIL STEM 60ML,CUTICAPIL STEM,60 ML,,"1,477.00",,,,,,,TORRENT PHARMA LTD,SPERSH,,master
AT-CUTICAPIL-STEM-ADVANCE-60ML,CUTICAPIL STEM ADVANCE 60ML,CUTICAPIL STEM ADVANCE,60 ML,,"1,690.00",,,,,,,TORRENT PHARMA LTD,SPERSH,,master
AT-CV-CEF-162-10S,CV CEF 162 10'S,CV CEF 162,10'S,,164.06,Cefixime + Clavulanic Acid,cefixime+clavulanic acid,Cefixime | Clavulanic Acid,2,,,BESTOCHEM FORMULATIONS,,main,stock file
AT-CV-CEF-325,CV-CEF 325,CV-CEF 325,,,159.38,Cefixime + Clavulanic Acid,cefixime+clavulanic acid,Cefixime | Clavulanic Acid,2,,,BESTOCHEM FORMULATIONS,,main,stock file
AT-CV-NORM-75MG-15S,CV-NORM 75MG TAB 15'S,CV-NORM 75MG,15'S,Tablet,93.47,,,,,,,MODI MUNDI PHARMA,LTD,,stock file
AT-CV-NORM-GOLD-10MG-10S,CV-NORM GOLD 10MG CAP 10'S,CV-NORM GOLD 10MG,10'S,Capsule,151.97,,,,,,,MODI MUNDI PHARMA,LTD,,stock file
AT-CV-NORM-GOLD-20MG-10S,CV-NORM GOLD 20MG CAP 10'S,CV-NORM GOLD 20MG,10'S,Capsule,215.53,,,,,,,MODI MUNDI PHARMA,LTD,,stock file
AT-CV-NORM-R-10MG-10S,CV-NORM R 10MG CAP 10'S,CV-NORM R 10MG,10'S,Capsule,143.34,,,,,,,MODI MUNDI PHARMA,LTD,,stock file
AT-CV-NORM-R-20MG-10S,CV-NORM R 20MG CAP 10'S,CV-NORM R 20MG,10'S,Capsule,178.03,,,,,,,MODI MUNDI PHARMA,LTD,,stock file
AT-CWIN-30GM,CWIN CREAM 30GM,CWIN,30 GM,Cream,248.44,,,,,,,SUN PHARMACEUTICAL,ORTUS,,master
AT-CWIN-30ML,CWIN LOTION 30ML,CWIN,30 ML,Lotion,251.25,Ciclopirox,ciclopirox,Ciclopirox,1,DERMA,,SUN PHARMACEUTICAL,ORTUS,sun pharma sheet,stock file
AT-CWIN-SHAMPOO-100ML,CWIN SHAMPOO 100ML,CWIN SHAMPOO,100 ML,Shampoo,405.94,Ciclopirox,ciclopirox,Ciclopirox,1,DERMA,,SUN PHARMACEUTICAL,ORTUS,sun pharma sheet,master
AT-CYCLOCHEK-10S,CYCLOCHEK CAP 10'S,CYCLOCHEK,10'S,Capsule,82.50,,,,,,,INDOCO,REMEDIES LTD,,stock file
AT-CYCLOMEFF-10S,CYCLOMEFF TAB 10'S,CYCLOMEFF,10'S,Tablet,54.38,Dicyclomine 20mg + Mefenamic Acid 250mg,dicyclomine 20mg+mefenamic acid 250mg,Dicyclomine | Mefenamic Acid,2,Anti-Spasmodic,,INDOCO REMEDIES LTD,SPERA,INDOCO,stock file
AT-CYCLOPAM-BIG-60ML,CYCLOPAM BIG SYP 60ML,CYCLOPAM BIG,60 ML,Syrup,101.50,,,,,,,INDOCO,REMEDIES LTD,,master
AT-CYCLOPAM-15ML,CYCLOPAM DROPS 15ML,CYCLOPAM,15 ML,Drops,74.53,Dicyclomine Hcl 10mg + Simethicone Emulsion 40mg/ml,dicyclomine hcl 10mg+simethicone emulsion 40mg/ml,Dicyclomine Hcl | Simethicone Emulsion,2,Gastro Intestinal,,INDOCO,REMEDIES LTD,INDOCO,master
AT-CYCLOPAM-30ML,CYCLOPAM INJ. 30ML,CYCLOPAM,30 ML,Injection,67.41,,,,,,,INDOCO,REMEDIES LTD,,master
AT-CYCLOPAM-INJ-5-2ML,CYCLOPAM INJ.5*2 ML,CYCLOPAM INJ.5*,2 ML,Injection,35.45,,,,,,,INDOCO,REMEDIES LTD,,master
AT-CYCLOPAM-MF-10S,CYCLOPAM MF TAB 10'S,CYCLOPAM MF,10'S,Tablet,47.34,,,,,,,INDOCO,REMEDIES LTD,,stock file
AT-CYCLOPAM-PLUS-10S,CYCLOPAM PLUS TAB 10'S,CYCLOPAM PLUS,10'S,Tablet,74.86,,,,,,,INDOCO,REMEDIES LTD,,stock file
AT-CYCLOPAM-30ML-2,CYCLOPAM SUSP.30 ML,CYCLOPAM,30 ML,Suspension,67.31,Dicyclomine Hcl 10mg + Simethicone Emulsion 40mg/ml,dicyclomine hcl 10mg+simethicone emulsion 40mg/ml,Dicyclomine Hcl | Simethicone Emulsion,2,Gastro Intestinal,,INDOCO,REMEDIES LTD,INDOCO,master
AT-CYCLOPAM-10S,CYCLOPAM TAB.10'S,CYCLOPAM,10'S,Tablet,62.50,Dicyclomine Hcl 20mg + Paracetamol 500mg,dicyclomine hcl 20mg+paracetamol 500mg,Dicyclomine Hcl | Paracetamol,2,,,INDOCO,REMEDIES LTD,INDOCO,master
AT-CYCLOREG-CR-10MG-10S,CYCLOREG CR 10MG TAB 10'S,CYCLOREG CR 10MG,10'S,Tablet,204.18,,,,,,,JAGSONPAL PHARMA LTD,BONEVA,,master
AT-CYCLOREG-10S,CYCLOREG TABS 10`S,CYCLOREG,10'S,Tablet,57.58,,,,,,,JAGSONPAL PHARMA LTD,BONEVA,,master
AT-CYCLOSET-300ML,CYCLOSET SYP 300ML,CYCLOSET,300 ML,Syrup,326.00,Cyproheptadine + Tricholine Citrate,cyproheptadine+tricholine citrate,Cyproheptadine | Tricholine Citrate,2,,,ALEMBIC,ZENOVI,main,master
AT-CYENDIV-150MG-SOFT-GELATIN,Cyendiv 150mg Soft Gelatin Capsule,Cyendiv 150mg Soft Gelatin,,Capsule,,Nintedanib 150mg,nintedanib 150mg,Nintedanib,1,,"Idiopathic pulmonary fibrosis, progressive fibrosing interstitial lung disease and systemic-sclerosis-associated ILD",BOEHRINGER INGELHEIM,,main,master
AT-CYSTELIA-35-21S,CYSTELIA 35 TABS 1*21'S,CYSTELIA 35,21'S,Tablet,400.00,,,,,,,JAGSONPAL PHARMA,LTD.NARI DIV,,master
AT-CYSTELIA-M-10S,CYSTELIA-M TAB 10'S,CYSTELIA-M,10'S,Tablet,422.58,D-Chiro-Inosital 27.6mg + L-Methyl Folate Comb 1mg + Myo-Inosital 1.1g,d-chiro-inosital 27.6mg+l-methyl folate comb 1mg+myo-inosital 1.1g,D-Chiro-Inosital | L-Methyl Folate Comb | Myo-Inosital,3,,,JAGSONPAL PHARMA,LTD.NARI DIV,JASONPAL,master
AT-CYSTONE-FORTE-30S,CYSTONE FORTE TAB 30'S,CYSTONE FORTE,30'S,Tablet,170.00,Gokshura + Pashanbheda,gokshura+pashanbheda,Gokshura | Pashanbheda,2,,,HIMALAYA DRUG COMPANY ZENITH,,main,master
AT-CYSTONE-100ML,CYSTONE SYP 100ML,CYSTONE,100 ML,Syrup,103.13,,,,,,,HIMALAYA DRUG COMPANY ZENITH,,,stock file
AT-CYSTONE-200ML,CYSTONE SYRUP 200ML,CYSTONE,200 ML,Syrup,271.00,Gokshura + Pashanbheda,gokshura+pashanbheda,Gokshura | Pashanbheda,2,,,HIMALAYA DRUG COMPANY ZENITH,,main,master
AT-CYSTONE-60S,CYSTONE TABS 60S,CYSTONE,60S,Tablet,220.31,Gokshura + Pashanbheda,gokshura+pashanbheda,Gokshura | Pashanbheda,2,Pashanbheda + Gokshura,CYSTONE FORTE TAB,HIMALAYA DRUG COMPANY ZENITH,,main,master
AT-CYSTOPEN-100MG-10S,CYSTOPEN 100MG CAP 10'S,CYSTOPEN 100MG,10'S,Capsule,740.63,Pentosan Polysulphate Sodium 100mg,pentosan polysulphate sodium 100mg,Pentosan Polysulphate Sodium,1,BLOOD RELATED,,SUN PHARMA LABS LTD,UROCARE,sun pharma sheet,master
AT-D-360-NANO-SHOTS-4-5ML,D-360 NANO SHOTS 4*5ML,D-360 NANO SHOTS 4*,5 ML,,321.16,,,,,,,TORRENT PHARMA,B-WELL,,master
AT-D-FEROL,D-FEROL,D-FEROL,,,131.31,,,,,,,NEO LIFE SCIENCES,,,master
AT-D-PROTIN-CF-500GM,D-PROTIN CF 500GM,D-PROTIN CF,500 GM,,652.00,Multiminerals + Multivitamins + Protein Supplement,multiminerals+multivitamins+protein supplement,Multiminerals | Multivitamins | Protein Supplement,3,,,BRITISH BIOLOGICALS LTD.,,main,master
AT-D-PROTIN-CHO-200GM,D-PROTIN CHO. POWDER 200GM,D-PROTIN CHO,200 GM,Powder,305.00,Multiminerals + Multivitamins + Protein Supplement,multiminerals+multivitamins+protein supplement,Multiminerals | Multivitamins | Protein Supplement,3,,,BRITISH BIOLOGICALS LTD.,,main,master
AT-D-PROTIN-PLUS-VF-500GM,D-PROTIN PLUS VF 500GM,D-PROTIN PLUS VF,500 GM,,745.31,,,,,,,BRITISH BIOLOGICALS LTD.,,,stock file
AT-D-PROTIN-VF-200GM,D-PROTIN VF 200GM,D-PROTIN VF,200 GM,,305.00,Protein Supplement,protein supplement,Protein Supplement,1,,,BRITISH BIOLOGICALS LTD.,,main,master
AT-D-PROTIN-VF-500GM,D-PROTIN VF 500GM,D-PROTIN VF,500 GM,,651.56,Protein Supplement,protein supplement,Protein Supplement,1,,,BRITISH BIOLOGICALS LTD.,,main,master
AT-D-SURE-1GM,D-SURE SACHET 1GM,D-SURE,1 GM,Sachet,30.00,Cholecalciferol,cholecalciferol,Cholecalciferol,1,,,ANDROMEDA PHARMACEUTICALS,P. L,main,stock file
AT-D-SURE-2S,D-SURE TABS 2S,D-SURE,2S,Tablet,46.88,Cholecalciferol,cholecalciferol,Cholecalciferol,1,,,ANDROMEDA PHARMACEUTICALS,P. L,main,stock file
AT-D-WELL-AQ-4S,D-WELL AQ CAP 4'S,D-WELL AQ,4'S,Capsule,275.34,,,,,,,SUN PHARMA LAB.LTD,RICHOUT,,stock file
AT-D-WELL-DROP,D-WELL DROP,D-WELL DROP,,Drops,73.71,,,,,,,SUN PHARMA LAB.LTD,RICHOUT,,stock file
AT-DABICLOT-110MG-10S,DABICLOT 110MG CAP 10S,DABICLOT 110MG,10S,Capsule,317.45,Dabigatran Etexilate 110mg,dabigatran etexilate 110mg,Dabigatran Etexilate,1,Anticoagulant,,ALKEM LAB,metabolic,alkem,stock file
AT-DABICLOT-150MG-10S,DABICLOT 150MG CAP 10S,DABICLOT 150MG,10S,Capsule,373.69,Dabigatran Etexilate 150mg,dabigatran etexilate 150mg,Dabigatran Etexilate,1,Anticoagulant,,ALKEM LAB,metabolic,alkem,stock file
AT-DABICLOT-75MG-10S,DABICLOT 75MG CAP 10S,DABICLOT 75MG,10S,Capsule,274.22,Dabigatran Etexilate 75mg,dabigatran etexilate 75mg,Dabigatran Etexilate,1,Anticoagulant,,ALKEM LBT LTD,(imperia)CARDIO-2,manual,master
AT-DABIGO-110MG-10S,DABIGO 110MG TAB 10S,DABIGO 110MG,10S,Tablet,151.88,Dabigatran 110mg,dabigatran 110mg,Dabigatran,1,CARDIAC,,SUN PHARMA LAB. LTD,CV LIFE,sun pharma sheet,master
AT-DABIGO-150MG-10S,DABIGO 150MG TAB 10S,DABIGO 150MG,10S,Tablet,163.13,Dabigatran 150mg,dabigatran 150mg,Dabigatran,1,CARDIAC,,SUN PHARMA LAB. LTD,CV LIFE,sun pharma sheet,stock file
AT-DABIGO-75MG-10S,DABIGO 75MG TAB 10S,DABIGO 75MG,10S,Tablet,141.56,Dabigatran 75mg,dabigatran 75mg,Dabigatran,1,CARDIAC,,SUN PHARMA LAB. LTD,CV LIFE,sun pharma sheet,master
AT-DAMOXY-30MG,DAMOXY 30MG TAB,DAMOXY 30MG,,Tablet,184.69,Duloxetine,duloxetine,Duloxetine,1,,,ALEMBIC,ELENA,main,stock file
AT-DANDROP-75ML,DANDROP LOTION 75ML,DANDROP,75 ML,Lotion,234.38,Ketoconazole + Zinc Pyrithione,ketoconazole+zinc pyrithione,Ketoconazole | Zinc Pyrithione,2,,,ALKEM PAHARMA,DARMA CARE,main,stock file
AT-DAPANORM-10MG-10S,DAPANORM 10MG TAB 10'S,DAPANORM 10MG,10'S,Tablet,154.65,Dapagliflozin,dapagliflozin,Dapagliflozin,1,,,ALKEM LAB,metabolic,main,master
AT-DAPANORM-5MG-10S,DAPANORM 5MG TAB 10'S,DAPANORM 5MG,10'S,Tablet,156.55,Dapagliflozin,dapagliflozin,Dapagliflozin,1,,,ALKEM LAB,metabolic,main,master
AT-DAPANORM-DUO-10MG-10S,DAPANORM DUO 10MG TAB 10'S,DAPANORM DUO 10MG,10'S,Tablet,209.05,Dapagliflozin + Metformin,dapagliflozin+metformin,Dapagliflozin | Metformin,2,,,ALKEM LABORATRIES LTD,METANEXT,main,master
AT-DAPANORM-DUO-5MG-10S,DAPANORM DUO 5MG TAB 10'S,DAPANORM DUO 5MG,10'S,Tablet,186.55,Dapagliflozin + Metformin,dapagliflozin+metformin,Dapagliflozin | Metformin,2,,,ALKEM LABORATRIES LTD,METANEXT,main,master
AT-DAPANORM-GM-1-FORTE-10S,DAPANORM GM 1 FORTE TAB 10'S,DAPANORM GM 1 FORTE,10'S,Tablet,150.00,Dapagliflozin + Glimepiride + Metformin,dapagliflozin+glimepiride+metformin,Dapagliflozin | Glimepiride | Metformin,3,,,ALKEM LAB,metabolic,main,master
AT-DAPANORM-GM-1MG-10S,DAPANORM GM 1MG TAB 10'S,DAPANORM GM 1MG,10'S,Tablet,128.90,Dapagliflozin + Glimepiride + Metformin,dapagliflozin+glimepiride+metformin,Dapagliflozin | Glimepiride | Metformin,3,,,ALKEM LAB,metabolic,main,master
AT-DAPANORM-GM-2-FORTE-10S,DAPANORM GM 2 FORTE TAB 10'S,DAPANORM GM 2 FORTE,10'S,Tablet,182.80,Dapagliflozin + Glimepiride + Metformin,dapagliflozin+glimepiride+metformin,Dapagliflozin | Glimepiride | Metformin,3,,,ALKEM LAB,metabolic,main,master
AT-DAPANORM-GM-2MG-10S,DAPANORM GM 2MG TAB 10'S,DAPANORM GM 2MG,10'S,Tablet,139.22,Dapagliflozin + Glimepiride + Metformin,dapagliflozin+glimepiride+metformin,Dapagliflozin | Glimepiride | Metformin,3,,,ALKEM LAB,metabolic,main,master
AT-DAPANORM-L-10MG-10S,DAPANORM L 10MG TAB 10'S,DAPANORM L 10MG,10'S,Tablet,170.16,Dapagliflozin + Linagliptin,dapagliflozin+linagliptin,Dapagliflozin | Linagliptin,2,,,ALKEM LAB,metabolic,main,master
AT-DAPANORM-LM-10S,DAPANORM LM TAB 10'S,DAPANORM LM,10'S,Tablet,168.75,Dapagliflozin + Linagliptin + Metformin,dapagliflozin+linagliptin+metformin,Dapagliflozin | Linagliptin | Metformin,3,,,ALKEM LAB,metabolic,main,master
AT-DAPANORM-M-10-FORTE-10S,DAPANORM M 10 FORTE TAB 10'S,DAPANORM M 10 FORTE,10'S,Tablet,179.05,Dapagliflozin + Metformin,dapagliflozin+metformin,Dapagliflozin | Metformin,2,,,ALKEM LAB,metabolic,main,stock file
AT-DAPANORM-M-10MG-10S,DAPANORM M 10MG TAB 10'S,DAPANORM M 10MG,10'S,Tablet,154.65,Dapagliflozin + Metformin,dapagliflozin+metformin,Dapagliflozin | Metformin,2,,,ALKEM LAB,metabolic,main,master
AT-DAPANORM-M-5-FORTE-10S,DAPANORM M 5 FORTE TAB 10'S,DAPANORM M 5 FORTE,10'S,Tablet,113.40,Dapagliflozin + Metformin,dapagliflozin+metformin,Dapagliflozin | Metformin,2,,,ALKEM LAB,metabolic,main,master
AT-DAPANORM-M-5MG-10S,DAPANORM M 5MG TAB 10'S,DAPANORM M 5MG,10'S,Tablet,103.10,Dapagliflozin + Metformin,dapagliflozin+metformin,Dapagliflozin | Metformin,2,,,ALKEM LAB,metabolic,main,master
AT-DAPANORM-TRIO-FORTE,DAPANORM TRIO FORTE TAB,DAPANORM TRIO FORTE,,Tablet,232.00,Dapagliflozin Propanediol Monohydrate + Metformin 1000mg + Sitagliptin,dapagliflozin propanediol monohydrate+metformin 1000mg+sitagliptin,Dapagliflozin Propanediol Monohydrate | Metformin | Sitagliptin,3,,,ALKEM LAB,metabolic,manual,master
AT-DAPANORM-TRIO,DAPANORM TRIO TAB,DAPANORM TRIO,,Tablet,222.65,Dapagliflozin Propanediol Monohydrate + Metformin 500mg + Sitagliptin,dapagliflozin propanediol monohydrate+metformin 500mg+sitagliptin,Dapagliflozin Propanediol Monohydrate | Metformin | Sitagliptin,3,,,ALKEM LAB,metabolic,manual,master
AT-DAPEFY-10-10S,DAPEFY 10 TAB 10S,DAPEFY 10,10S,Tablet,223.13,,,,,,,SUN PHARMA LAB. LTD,DIABETE,,master
AT-DAPEFY-5-14S14S,DAPEFY 5 TAB 14S 14S,DAPEFY 5,14S 14S,Tablet,152.81,,,,,,,SUN PHARMA LAB. LTD,DIABETE,,master
AT-DAPEFY-M-XR-10-1000,DAPEFY M XR 10/1000 TAB,DAPEFY M XR 10/1000,,Tablet,124.69,,,,,,,SUN PHARMA LAB. LTD,DIABETE,,master
AT-DAPEFY-M-XR-10-500,DAPEFY M XR 10/500 TAB,DAPEFY M XR 10/500,,Tablet,117.19,,,,,,,SUN PHARMA LAB. LTD,DIABETE,,master
AT-DAPEFY-S-10-100MG-15S,DAPEFY S 10/100MG TAB 1*15TAB,DAPEFY S 10/100MG,15'S,Tablet,300.94,,,,,,,SUN PHARMA LAB. LTD,DIABETE,,master
AT-DAPEFY-S-10-50MG-15S,DAPEFY S 10/50MG TAB 15'S,DAPEFY S 10/50MG,15'S,Tablet,239.06,,,,,,,SUN PHARMA LAB. LTD,DIABETE,,stock file
AT-DAPEFY-S-5-100MG-15S,DAPEFY S 5/100MG TAB 15,DAPEFY S 5/100MG,15'S,Tablet,261.56,,,,,,,SUN PHARMA LAB. LTD,DIABETE,,master
AT-DAPEFY-S-5-50MG-15S,DAPEFY S 5/50MG TAB 1*15'S,DAPEFY S 5/50MG,15'S,Tablet,270.94,,,,,,,SUN PHARMA LAB. LTD,DIABETE,,master
AT-DAPSONE-100MG,DAPSONE 100MG TABS,DAPSONE 100MG,,Tablet,437.99,Dapsone,dapsone,Dapsone,1,,,GSK LIMITED,TEAM CTC 6,main,master
AT-DARBA-40-MCG-INJE,DARBA 40 MCG INJE,DARBA 40 MCG INJE,,,"3,290.44",,,,,,,RPG LIFE SCIENCES,LTD. NEUROPS,,master
AT-DARIF-7-5MG-10S,DARIF 7.5MG TAB 10'S,DARIF 7.5MG,10'S,Tablet,404.34,Darifenacin,darifenacin,Darifenacin,1,,,ALEMBIC,LTD OURON,main,master
AT-DARITEN-OD-15MG-10S,DARITEN OD 15MG TAB 10`S,DARITEN OD 15MG,10'S,Tablet,325.31,,,,,,,SUN PHARMA LABS LTD,UROCARE,,stock file
AT-DARITEN-OD-7-5MG-10S,DARITEN OD 7.5MG TAB 10`S,DARITEN OD 7.5MG,10'S,Tablet,358.13,Darifenacin 7.5mg,darifenacin 7.5mg,Darifenacin,1,UROLOGY,,SUN PHARMA LABS LTD,UROCARE,sun pharma sheet,master
AT-DASLIN-NF-100ML,DASLIN NF 100ML,DASLIN NF,100 ML,,122.16,Ambroxol Hcl 30mg + Guaifenesin 50mg + Loratadine 5mg + Menthol Per 0.5mg,ambroxol hcl 30mg+guaifenesin 50mg+loratadine 5mg+menthol per 0.5mg,Ambroxol Hcl | Guaifenesin | Loratadine | Menthol Per,4,Respiratory,Productive cough with allergic respiratory conditions,RPG LIFE SCIENCE LTD,GLODIAN,rpg,master
AT-DASOPER-SP-10S,DASOPER-SP TAB 10'S,DASOPER-SP,10'S,Tablet,117.18,,,,,,,NUTRIMED HEALTHCARE,PVT.LTD,,master
AT-DAWN-D3-POUCH,DAWN D3 POUCH,DAWN D3 POUCH,,,30.00,Cholecalciferol,cholecalciferol,Cholecalciferol,1,,,CAVIN PHARMACEUTICALS,,main,master
AT-DAWN-D3-SHOTS-ORAL-SOLUTION,DAWN-D3 (SHOTS) ORAL SOLUTION,DAWN-D3 (SHOTS) ORAL SOLUTION,,Solution,243.75,Cholecalciferol,cholecalciferol,Cholecalciferol,1,,,CAVIN PHARMACEUTICALS,,main,master
AT-DAWN-D3-DROP-30ML,DAWN-D3 DROP 30ML,DAWN-D3 DROP,30 ML,Drops,86.25,Cholecalciferol,cholecalciferol,Cholecalciferol,1,,,CAVIN PHARMACEUTICALS,,main,master
AT-DAY-5MG-5S,DAY-5MG TAB 5'S,DAY-5MG,5'S,Tablet,37.50,Levocetirizine,levocetirizine,Levocetirizine,1,,,BESTOCHEM FORMU,SALUTE,main,stock file
AT-DAZIT-10-10-10S,DAZIT 10 10,DAZIT 10 10,10'S,Tablet,87.19,Desloratidine 10mg,desloratidine 10mg,Desloratidine,1,RESPIRATORY,,SUN PHARMACEUTICAL,ORTUS,sun pharma sheet,stock file
AT-DAZIT-5MG-15S,DAZIT 5MG TAB 15'S,DAZIT 5MG,15'S,Tablet,157.50,Desloratidine 5mg,desloratidine 5mg,Desloratidine,1,RESPIRATORY,,SUN PHARMACEUTICAL,ORTUS,sun pharma sheet,master
AT-DAZIT-M-10S,DAZIT M TAB 10'S,DAZIT M,10'S,Tablet,227.81,,,,,,,SUN PHARMACEUTICAL,ORTUS,,master
AT-DDZONE-SB1-5-INJ-1-1VAIL,DDZONE-SB1.5 INJ 1*1VAIL,DDZONE-SB1.5 INJ 1*1VAIL,,Injection,323.44,,,,,,,NEO LIFE SCIENCES,,,master
AT-DEANXIFY-10S,DEANXIFY CAP 10,DEANXIFY,10'S,Capsule,95.00,Paroxetine,paroxetine,Paroxetine,1,,,ALKEM LAB.LTD,PRIZMA,main,stock file
AT-DEANXIFY-CR-12-5MG-10S,DEANXIFY CR 12.5MG TAB 10'S,DEANXIFY CR 12.5MG,10'S,Tablet,95.00,Paroxetine,paroxetine,Paroxetine,1,,,ALKEM LAB.LTD,PRIZMA,main,stock file
AT-DEBRUMAB-60MG-PFS,DEBRUMAB 60MG PFS,DEBRUMAB 60MG PFS,,Prefilled Syringe,"22,031.25",,,,,,,RPG LIFE SCIENCE LTD,GLODIAN,,master
AT-DECTOCEF-200MG-10S,DECTOCEF-200MG TAB 10S,DECTOCEF-200MG,10S,Tablet,168.75,,,,,,,NEO LIFE SCIENCES,,,stock file
AT-DEEREG-21S,DEEREG TAB 21'S,DEEREG,21'S,Tablet,598.13,Dienogest 2mg + Ethinylestradiol 30mcg,dienogest 2mg+ethinylestradiol 30mcg,Dienogest | Ethinylestradiol,2,,,JAGSONPAL PHARMA LTD,FEMBON,JASONPAL,master
AT-DEESPOT-250-10S,DEESPOT 250 TAB 10'S,DEESPOT 250,10'S,Tablet,160.00,,,,,,,SUN PHARMA,LABORATORIES LTD,,stock file
AT-DEFLAZEN-6-6S,DEFLAZEN 6 TAB 6S,DEFLAZEN 6,6S,Tablet,54.84,,,,,,,TORRENT PHARMA,VISTA,,stock file
AT-DEFZA-12-10S,DEFZA 12 TAB 10'S,DEFZA 12,10'S,Tablet,304.69,Deflazacort 12mg,deflazacort 12mg,Deflazacort,1,Corticosteroid,AECB,WALLACE PHARMA.LTD.LIFESTYLE,Lifestyle,wallace,master
AT-DEFZA-18MG-10S,DEFZA 18MG TAB 10'S,DEFZA 18MG,10'S,Tablet,206.25,,,,,,,WALLACE PHARMA.LTD.LIFESTYLE,,,stock file
AT-DEFZA-1MG-6S,DEFZA 1MG TAB 6S,DEFZA 1MG,6S,Tablet,9.89,,,,,,,WALLACE PHARMA.LTD.LIFESTYLE,,,stock file
AT-DEFZA-24MG-6S,DEFZA 24MG 6'S,DEFZA 24MG,6'S,,319.68,Deflazacort 24mg,deflazacort 24mg,Deflazacort,1,Corticosteroid,AECB,WALLACE PHARMA.LTD.LIFESTYLE,Lifestyle,wallace,master
AT-DEFZA-30MG-6S,DEFZA 30MG TAB 6'S,DEFZA 30MG,6'S,Tablet,382.50,Deflazacort 30mg,deflazacort 30mg,Deflazacort,1,Corticosteroid,AECB,WALLACE PHARMA.LTD.LIFESTYLE,Lifestyle,wallace,master
AT-DEFZA-6MG-10S,DEFZA 6MG TAB 10'S,DEFZA 6MG,10'S,Tablet,164.06,Deflazacort 6mg,deflazacort 6mg,Deflazacort,1,Corticosteroid,AECB,WALLACE PHARMA.LTD.LIFESTYLE,Lifestyle,wallace,stock file
AT-DEGAPRIDE-120MG-1S,DEGAPRIDE 120MG,DEGAPRIDE 120MG,1'S,Injection,"17,484.38",Degarelix 120mg,degarelix 120mg,Degarelix,1,ANTI-NEOPLASTICS,,SUN PHARMA LAB,UROLOGY,sun pharma sheet,stock file
AT-DEGAPRIDE-80-1S,DEGAPRIDE 80 VIAL,DEGAPRIDE 80,1'S,Vial,"13,125.00",Degarelix 80mg,degarelix 80mg,Degarelix,1,ANTI-NEOPLASTICS,,SUN PHARMA LAB,UROLOGY,sun pharma sheet,stock file
AT-DELSY-21,DELSY TAB 21'TAB,DELSY,21',Tablet,565.80,,,,,,,KOYE ORIGYN PHARMACEUTICAL,GY,,master
AT-DELTONE-30-10S,DELTONE 30 TAB 10'S,DELTONE 30,10'S,Tablet,153.05,Dexlansoprazole,dexlansoprazole,Dexlansoprazole,1,,,ALEMBIC,GASTRON,manual,master
AT-DELTONE-60MG-10S,DELTONE 60MG TAB 10'S,DELTONE 60MG,10'S,Tablet,223.12,Dexlansoprazole,dexlansoprazole,Dexlansoprazole,1,,,ALEMBIC,GASTRON,manual,master
AT-DEMENZIL-10MG-10S,DEMENZIL 10MG TAB 10'S,DEMENZIL 10MG,10'S,Tablet,130.78,Donepezil,donepezil,Donepezil,1,ALZHEIMER'S DISEASE,,ALKEM LAB. LTD,PENTACARE,main,stock file
AT-DEMENZIL-5MG-10S,DEMENZIL 5MG TAB 10'S,DEMENZIL 5MG,10'S,Tablet,862.50,Donepezil,donepezil,Donepezil,1,ALZHEIMER'S DISEASE,,ALKEM LAB. LTD,PENTACARE,main,stock file
AT-DENTOGEL-15GM,DENTOGEL GEL 15GM.,DENTOGEL,15 GM,Gel,117.19,,,,,,,INDOCO REMEDIES,WARREN ACE,,master
AT-DENTOGEL-LIQUID-20GM,DENTOGEL LIQUID 20GM.,DENTOGEL LIQUID,20 GM,,83.44,,,,,,,INDOCO REMEDIES,WARREN ACE,,stock file
AT-DENU-60MG-1ML,DENU 60MG INJ 1ML,DENU 60MG,1 ML,Injection,"8,085.90",Denosumab,denosumab,Denosumab,1,,,ALKEM LABORATORIE LTD,VITA,main,master
AT-DENURIL-INJ-PFS-60MG,DENURIL INJ. PFS 60MG,DENURIL INJ. PFS 60MG,,Injection,"11,717.81",Denosumab,denosumab,Denosumab,1,,,ALKEM LABORATORIES,LIMITED,main,stock file
AT-DEPAXIL-CR-12-5-10S,DEPAXIL CR 12.5 TAB 10'S,DEPAXIL CR 12.5,10'S,Tablet,226.85,Paroxetine 12.5mg,paroxetine 12.5mg,Paroxetine,1,Antidepressant,,ALKEM LAB.LTD,PRIZMA,alkem,master
AT-DEPAXIL-CR-25-10S,DEPAXIL CR 25 TAB 10'S,DEPAXIL CR 25,10'S,Tablet,281.25,Paroxetine 25mg,paroxetine 25mg,Paroxetine,1,Antidepressant,,ALKEM LAB.LTD,PRIZMA,alkem,master
AT-DEPAXIL-CR-37-5-10S,DEPAXIL CR 37.5 TAB 10'S,DEPAXIL CR 37.5,10'S,Tablet,296.25,Paroxetine 37.5mg,paroxetine 37.5mg,Paroxetine,1,Antidepressant,,ALKEM LAB.LTD,PRIZMA,alkem,stock file
AT-DEPAXIL-CR-PLUS-12-5-TA-B-10S,DEPAXIL CR PLUS 12.5 TA B 10S,DEPAXIL CR PLUS 12.5 TA B,10S,,157.03,Paroxetine,paroxetine,Paroxetine,1,,,ALKEM LAB.LTD,PRIZMA,main,stock file
AT-DEPAXIL-CR-PLUS-25-10S,DEPAXIL CR PLUS 25 TAB 10S,DEPAXIL CR PLUS 25,10S,Tablet,195.94,Paroxetine,paroxetine,Paroxetine,1,Antidepressant,,ALKEM LAB.LTD,PRIZMA,main,stock file
AT-DEPLATT-150-10S,DEPLATT 150 TAB 10,DEPLATT 150,10'S,Tablet,129.84,,,,,,,TORRENT PHARMACEUTICALS,LTD,,stock file
AT-DEPLATT-A-150-10S,DEPLATT A 150 TAB 10S,DEPLATT A 150,10S,Tablet,112.40,,,,,,,TORRENT PHARMACEUTICALS,DELTA,,master
AT-DEPLATT-A-75-10S,DEPLATT A 75 TAB 10S,DEPLATT A 75,10S,Tablet,110.25,,,,,,,TORRENT PHARMACEUTICALS,DELTA,,master
AT-DEPLATT-CV-20-10S,DEPLATT CV 20 CAP 10S,DEPLATT CV 20,10S,Capsule,200.95,Aspirin + Atorvastatin + Clopidogrel Bisulphate,aspirin+atorvastatin+clopidogrel bisulphate,Aspirin | Atorvastatin | Clopidogrel Bisulphate,3,,,TORRENT PHARMACEUTICALS,DELTA,torrent,master
AT-DEPLATT-CV-20-FORTE-10S,DEPLATT CV 20 FORTE 10'S,DEPLATT CV 20 FORTE,10'S,,68.91,,,,,,,TORRENT PHARMACEUTICALS,DELTA,,stock file
AT-DEPLATT-10S,DEPLATT TAB 10S,DEPLATT,10S,Tablet,102.95,,,,,,,TORRENT PHARMACEUTICALS,DELTA,,master
AT-DEPLATT-CV-10S,DEPLATT-CV CAP 10S,DEPLATT-CV,10S,Capsule,133.59,,,,,,,TORRENT PHARMACEUTICALS,DELTA,,master
AT-DERMOCALM-100ML,DERMOCALM LOTION 100ML,DERMOCALM,100 ML,Lotion,279.66,Aloe Vera + Calamine + Light Paraffin,aloe vera+calamine+light paraffin,Aloe Vera | Calamine | Light Paraffin,3,,,GSK LIMITED,OPTIVE,main,master
AT-DERMOCALM-50ML,DERMOCALM LOTION 50ML.,DERMOCALM,50 ML,Lotion,104.20,,,,,,,GSK LIMITED,OPTIVE,,stock file
AT-DETAB-10S,DETAB 10'S,DETAB,10'S,,9.23,,,,,,,DEPSONS PHARMA,,,stock file
AT-DETAB-PLUS-10S,DETAB PLUS TABS 10'S,DETAB PLUS,10'S,Tablet,81.00,Doxycyline Hyclate 100mg + Lactic Acid Bacillus Spores Spores 60million,doxycyline hyclate 100mg+lactic acid bacillus spores spores 60million,Doxycyline Hyclate | Lactic Acid Bacillus Spores Spores,2,,,DEPSONS PHARMA,,manual,master
AT-DEVIRY-10-MG,DEVIRY 10 MG,DEVIRY 10 MG,,,66.70,Medroxyprogesterone Acetate,medroxyprogesterone acetate,Medroxyprogesterone Acetate,1,,,TORRENT PHARMA,B-WELL,manual,master
AT-DEVIRY-SR-10S,DEVIRY SR TAB 10'S,DEVIRY SR,10'S,Tablet,151.88,Medroxyprogesterone Acetate,medroxyprogesterone acetate,Medroxyprogesterone Acetate,1,,,TORRENT PHARMA,B-WELL,torrent,stock file
AT-DEWDERM-AD-BODY-WASH-100M,DEWDERM AD BODY WASH 100M,DEWDERM AD BODY WASH 100M,,,275.90,,needs_verification,Needs_verification,1,,,A.MENARINI,DERMA,main,stock file
AT-DEWDERM-AD-30GM,DEWDERM AD CREAM 30GM,DEWDERM AD,30 GM,Cream,164.65,,needs_verification,Needs_verification,1,,,A.MENARINI,DERMA,main,stock file
AT-DEWDERM-AD-200ML,DEWDERM AD LOTION 200ML,DEWDERM AD,200 ML,Lotion,600.75,,needs_verification,Needs_verification,1,,,A.MENARINI,DERMA,main,stock file
AT-DEWDERM-AD-50ML,DEWDERM AD LOTION 50ML,DEWDERM AD,50 ML,Lotion,245.20,,needs_verification,Needs_verification,1,,,A.MENARINI,DERMA,main,stock file
AT-DEWDERM-30GM,DEWDERM CREAM 30GM,DEWDERM,30 GM,Cream,76.88,,needs_verification,Needs_verification,1,,,A.MENARINI,DERMA,main,stock file
AT-DEWDERM-100GM,DEWDERM LOTION 100GM,DEWDERM,100 GM,Lotion,335.00,Light Paraffin + White Soft Paraffin,light paraffin+white soft paraffin,Light Paraffin | White Soft Paraffin,2,,,A.MENARINI,DERMA,main,master
AT-DEWDERM-50GM,DEWDERM LOTION 50GM,DEWDERM,50 GM,Lotion,63.99,,needs_verification,Needs_verification,1,,,A.MENARINI,DERMA,main,stock file
AT-DEWDERM-SOAP-100GM,DEWDERM SOAP 100G,DEWDERM SOAP,100 GM,Soap,155.75,,needs_verification,Needs_verification,1,,,A.MENARINI,DERMA,main,stock file
AT-DEWSOFT-CREEM-75GM,DEWSOFT CREEM 75GM,DEWSOFT CREEM,75 GM,,395.00,,,,,,,TORRENT PHARMA LTD,SPERSH,,master
AT-DEWSOFT-100ML,DEWSOFT LOTION 100ML,DEWSOFT,100 ML,Lotion,354.22,,,,,,,TORRENT PHARMA LTD,SPERSH,,stock file
AT-DEWSOFT-PREMIA,DEWSOFT PREMIA CREAM,DEWSOFT PREMIA,,Cream,"1,550.00",,,,,,,TORRENT PHARMA LTD,SPERSH,,master
AT-DEWSOFT-SOAP-75-GM-1-75GM,DEWSOFT SOAP 75 GM 1*75GM,DEWSOFT SOAP 75 GM 1*,75 GM,Soap,214.49,,,,,,,TORRENT PHARMA LTD,SPERSH,,stock file
AT-DEXBUTRIN-10S,DEXBUTRIN TAB 10'S,DEXBUTRIN,10'S,Tablet,112.50,,,,,,,TORRENT PHARMACEUTICALS,MIND,,master
AT-DIABECON-DS,DIABECON DS TABS,DIABECON DS,,Tablet,285.00,Gudmar + Shilajit + Vijaysar,gudmar+shilajit+vijaysar,Gudmar | Shilajit | Vijaysar,3,,,HIMALAYA DRUG COMPANY,ZEAL,main,master
AT-DIABECON,DIABECON TABS,DIABECON,,Tablet,164.06,Gudmar + Herbal Antidiabetics + Vijaysar,gudmar+herbal antidiabetics+vijaysar,Gudmar | Herbal Antidiabetics | Vijaysar,3,,,HIMALAYA DRUG COMPANY,ZEAL,main,master
AT-DIABFLOZ-10MG-10S,DIABFLOZ-10MG TAB 10'S,DIABFLOZ-10MG,10'S,Tablet,107.81,,,,,,,FINECURE PHARMACEUTICALS,LTD,,stock file
AT-DIABFLOZ-5MG-10S,DIABFLOZ-5MG TAB 10'S,DIABFLOZ-5MG,10'S,Tablet,75.00,,,,,,,FINECURE PHARMACEUTICALS,LTD,,stock file
AT-DIABIZ-10-10S,DIABIZ 10 TAB 10'S,DIABIZ 10,10'S,Tablet,98.43,Dapagliflozin,dapagliflozin,Dapagliflozin,1,,,BLUE CROSS LABS,LTD BCL,main,master
AT-DIABIZ-5-10S,DIABIZ 5 TAB 10'S,DIABIZ 5,10'S,Tablet,70.31,Dapagliflozin,dapagliflozin,Dapagliflozin,1,,,BLUE CROSS LABS,LTD BCL,main,master
AT-DIABIZ-GM-10-1-1000-10S,DIABIZ-GM 10/1/1000 TAB 10'S,DIABIZ-GM 10/1/1000,10'S,Tablet,103.12,Dapagliflozin + Glimepiride + Metformin,dapagliflozin+glimepiride+metformin,Dapagliflozin | Glimepiride | Metformin,3,,,BLUE CROSS LABS,LTD,main,master
AT-DIABIZ-GM-10-2-1000-15S,DIABIZ-GM 10/2/1000 TAB 15'S,DIABIZ-GM 10/2/1000,15'S,Tablet,0.00,Dapagliflozin + Glimepiride + Metformin,dapagliflozin+glimepiride+metformin,Dapagliflozin | Glimepiride | Metformin,3,,,BLUE CROSS LABS,LTD,main,master
AT-DIABIZ-M-FORTE-15S,DIABIZ-M FORTE TAB 15'S,DIABIZ-M FORTE,15'S,Tablet,140.62,Dapagliflozin + Metformin,dapagliflozin+metformin,Dapagliflozin | Metformin,2,,,BLUE CROSS LABS,LTD BCL,main,master
AT-DIABIZ-M-15S,DIABIZ-M TAB 15'S,DIABIZ-M,15'S,Tablet,126.56,Dapagliflozin + Metformin,dapagliflozin+metformin,Dapagliflozin | Metformin,2,,,BLUE CROSS LABS,LTD BCL,main,stock file
AT-DIABNERVE-GOLD-10S,DIABNERVE GOLD TAB 10'S,DIABNERVE GOLD,10'S,Tablet,159.38,Alpha Lipoic Acid + Methylcobalamin + Multivitamins,alpha lipoic acid+methylcobalamin+multivitamins,Alpha Lipoic Acid | Methylcobalamin | Multivitamins,3,,,FINECURE PHARMACEUTICALS,LTD,main,master
AT-DIABNERVE-NP-10S,DIABNERVE NP TAB 10'S,DIABNERVE NP,10'S,Tablet,150.00,Nortriptyline + Pregabalin,nortriptyline+pregabalin,Nortriptyline | Pregabalin,2,,,FINECURE PHARMACEUTICALS,LTD,main,master
AT-DIABNERVE-PM-10S,DIABNERVE PM TAB 10'S,DIABNERVE PM,10'S,Tablet,101.25,Methylcobalamin + Pregabalin,methylcobalamin+pregabalin,Methylcobalamin | Pregabalin,2,,,FINECURE PHARMACEUTICALS,LTD,main,master
AT-DIABNERVE-10S,DIABNERVE TAB 10'S,DIABNERVE,10'S,Tablet,121.88,Methylcobalamin + Multivitamins,methylcobalamin+multivitamins,Methylcobalamin | Multivitamins,2,,,FINECURE PHARMACEUTICALS,LTD,main,master
AT-DIAPER-RASH-50GM,DIAPER RASH CREAM 50GM,DIAPER RASH,50 GM,Cream,121.88,,,,,,,HIMALIYA DRUGS BABY CARE,,,stock file
AT-DIAPER-RASH-CREM-20GM,DIAPER RASH CREM 20GM,DIAPER RASH CREM,20 GM,,75.00,,,,,,,HIMALIYA DRUGS BABY CARE,,,stock file
AT-DIAPSIN-200ML,DIAPSIN SYP 200ML,DIAPSIN,200 ML,Syrup,132.14,Antioxidants + Multivitamins,antioxidants+multivitamins,Antioxidants | Multivitamins,2,,,ARRIENT HEALTHCARE,(ORENDA)PRIVATE LIM,main,master
AT-DIAREX-100ML,DIAREX SYP 100ML,DIAREX,100 ML,Syrup,89.06,,,,,,,HIMALAYA DRUG COMPANY,ZEAL,,stock file
AT-DIAREX,DIAREX TABS,DIAREX,,Tablet,103.13,Bilva + Kutaja + Musta,bilva+kutaja+musta,Bilva | Kutaja | Musta,3,,,HIMALAYA DRUG COMPANY,ZEAL,main,master
AT-DIAX-OD-10S,DIAX OD CAP 10'S,DIAX OD,10'S,Capsule,218.06,Doxophylline,doxophylline,Doxophylline,1,,,ALEMBIC,SPECIA,main,stock file
AT-DIBETA-GB-10S,DIBETA GB TAB 10 S,DIBETA GB,10 S,Tablet,28.64,,,,,,,TORRENT PHARMA,PSYCAN CND,,stock file
AT-DIBETA-SR-1GM10S,DIBETA SR 1 GM TAB 10 S,DIBETA SR,1 GM 10 S,Tablet,38.25,,,,,,,TORRENT PHARMA,PSYCAN CND,,stock file
AT-DIBETA-SR-10S,DIBETA SR TAB 10 S,DIBETA SR,10 S,Tablet,18.70,,,,,,,TORRENT PHARMA,PSYCAN CND,,master
AT-DICEF-O-10S,DICEF-O TAB 10S,DICEF-O,10S,Tablet,182.81,,,,,,,NEO LIFE SCIENCES,,,stock file
AT-DICLOGESIC-SP-10S,DICLOGESIC SP TAB 10,DICLOGESIC SP,10'S,Tablet,77.81,Diclofenac Sodium 50mg + Paracetamol 325mg + Serratiopeptidase 15mg,diclofenac sodium 50mg+paracetamol 325mg+serratiopeptidase 15mg,Diclofenac Sodium | Paracetamol | Serratiopeptidase,3,,,TORRENT PHARMA,UVA,torrent,stock file
AT-DICLOGESIC-10S,DICLOGESIC TAB 10S,DICLOGESIC,10S,Tablet,42.94,Diclofenac Sodium + Paracetamol,diclofenac sodium+paracetamol,Diclofenac Sodium | Paracetamol,2,,,TORRENT PHARMACEUTICALS,LTD,torrent,stock file
AT-DICLOGESIC-TH-4-10S,DICLOGESIC TH 4 TAB 10S,DICLOGESIC TH 4,10S,Tablet,105.94,Diclofenac Sodium + Thiocolchicoside,diclofenac sodium+thiocolchicoside,Diclofenac Sodium | Thiocolchicoside,2,,,TORRENT PHARMACEUTICALS,LTD,torrent,stock file
AT-DICLOMIST-SPRAY-30ML,DICLOMIST SPRAY 30ML,DICLOMIST SPRAY,30 ML,Spray,292.50,,,,,,,KOYE PHARMACEUTICALS,P.LTD,,master
AT-DICLOTAL-MR-10S,DICLOTAL + MR TAB 10'S,DICLOTAL + MR,10'S,Tablet,53.43,Chlorzoxazone + Diclofenac,chlorzoxazone+diclofenac,Chlorzoxazone | Diclofenac,2,,,BLUE CROSS LABS,LTD,main,master
AT-DICLOTAL-AQ-1ML,DICLOTAL AQ INJ 1ML,DICLOTAL AQ,1 ML,Injection,27.65,Diclofenac,diclofenac,Diclofenac,1,,,BLUE CROSS LABS,LTD,main,master
AT-DICLOTAL-3ML,DICLOTAL INJ.3ML 3ML,DICLOTAL,3 ML,Injection,4.27,Diclofenac,diclofenac,Diclofenac,1,,,BLUE CROSS LABS,LTD,main,stock file
AT-DICLOTAL-FORTE-30GM,DICLOTAL-FORTE GEL 30GM,DICLOTAL-FORTE,30 GM,Gel,79.69,Diclofenac Diethylamine + Linseed Oil + Menthol + Methyl Salicylate,diclofenac diethylamine+linseed oil+menthol+methyl salicylate,Diclofenac Diethylamine | Linseed Oil | Menthol | Methyl Salicylate,4,,,BLUE CROSS LABS,LTD,main,stock file
AT-DICLOTAL-FORTE-10,DICLOTAL-FORTE TABS 10`,DICLOTAL-FORTE,10',Tablet,32.81,Diclofenac Potassium + Paracetamol,diclofenac potassium+paracetamol,Diclofenac Potassium | Paracetamol,2,,,BLUE CROSS LABS,LTD,main,stock file
AT-DICLOTAL-SP-10S,DICLOTAL+SP TAB 10TAB,DICLOTAL+SP,10'S,Tablet,50.62,Diclofenac + Paracetamol + Serratiopeptidase,diclofenac+paracetamol+serratiopeptidase,Diclofenac | Paracetamol | Serratiopeptidase,3,,,BLUE CROSS LABS,LTD,main,master
AT-DIGIMOX-CV-625-6S,DIGIMOX CV 625 6S,DIGIMOX CV 625,6S,,195.51,Amoxicillin 500mg + Clavulanic Acid 125mg,amoxicillin 500mg+clavulanic acid 125mg,Amoxicillin | Clavulanic Acid,2,Anti-Biotic / Anti-Fungal / Anti-Infective,,ROSSWELT BIOSCIENCES,,rosswelt,master
AT-DIGIMOX-CV-30ML,DIGIMOX CV SYP 30ML,DIGIMOX CV,30 ML,Syrup,55.75,,,,,,,ROSSWELT BIOSCIENCES,,,stock file
AT-DIGIPEN-15ML,DIGIPEN DROPS 15ML,DIGIPEN,15 ML,Drops,77.34,Fungal Diastase + Pepsin,fungal diastase+pepsin,Fungal Diastase | Pepsin,2,Gastro Intestinal,,ALKEM LABORAT. LTD,ASCENDA,main,stock file
AT-DIGIPEN-200ML,DIGIPEN SYP 200ML,DIGIPEN,200 ML,Syrup,92.81,Fungal Diastase + Pepsin,fungal diastase+pepsin,Fungal Diastase | Pepsin,2,Gastro Intestinal,,ALKEM LABORAT. LTD,ASCENDA,main,stock file
AT-DIGIPEN-10S,DIGIPEN TAB 10'S,DIGIPEN,10'S,Tablet,102.00,Alpha Galactosidase Al U 50g + Amylase Skb + Hemicellulase Xu + Lactalase Alu + Lipase Fip + Protease Hut,alpha galactosidase al u 50g+amylase skb+hemicellulase xu+lactalase alu+lipase fip+protease hut,Alpha Galactosidase Al U | Amylase Skb | Hemicellulase Xu | Lactalase Alu | Lipase Fip | Protease Hut,6,Gastro Intestinal,,ALKEM LABORAT. LTD,ASCENDA,manual,master
AT-DIGIPEN-10S-2,DIGIPEN TAB 10S,DIGIPEN,10S,Tablet,102.00,Fungal Diastase + Pepsin,fungal diastase+pepsin,Fungal Diastase | Pepsin,2,Gastro Intestinal,,ALKEM LABORAT. LTD,ASCENDA,main,stock file
AT-DIGIPROX-100-10S,DIGIPROX 100 TAB 10S,DIGIPROX 100,10S,Tablet,107.81,,,,,,,ROSSWELT BIOSCIENCES,,,stock file
AT-DIGIPROX-200-10S,DIGIPROX 200 TAB 10S,DIGIPROX 200,10S,Tablet,206.25,,,,,,,ROSSWELT BIOSCIENCES,,,stock file
AT-DIGIPROX-LX-10S,DIGIPROX LX TAB 10S,DIGIPROX LX,10S,Tablet,229.69,,,,,,,ROSSWELT BIOSCIENCES,,,stock file
AT-DILCONTIN-60MG-10S,DILCONTIN 60MG TABS 10`S,DILCONTIN 60MG,10'S,Tablet,58.21,,,,,,,MODI MUNDI PHARMA,LTD,,master
AT-DILCONTIN-XL-120-10,DILCONTIN XL 120 TABS 10',DILCONTIN XL 120,10',Tablet,255.56,Of Diltiazem Hydrochloride,of diltiazem hydrochloride,Of Diltiazem Hydrochloride,1,,,MODI MUNDI PHARMA,LTD,modimundi,stock file
AT-DILCONTIN-XL-90-10S,DILCONTIN XL 90 TABS 10'S,DILCONTIN XL 90,10'S,Tablet,143.90,Of Diltiazem Hydrochloride,of diltiazem hydrochloride,Of Diltiazem Hydrochloride,1,,,MODI MUNDI PHARMA,LTD,modimundi,master
AT-DILOSYN-EXPT-115ML,DILOSYN EXPT. 115ML,DILOSYN EXPT,115 ML,,69.00,,,,,,,GSK LIMITED,TEAM CTC 6,,stock file
AT-DILOSYN-115ML,DILOSYN SYP. 115ML,DILOSYN,115 ML,Syrup,50.77,,,,,,,GSK LIMITED,TEAM CTC 6,,stock file
AT-DILOSYN-10S,DILOSYN TABS 10`S,DILOSYN,10'S,Tablet,18.14,,,,,,,GSK LIMITED,TEAM CTC 6,,stock file
AT-DILZEM-CD-120-10S,DILZEM CD 120 TAB 1*10,DILZEM CD 120,10'S,Tablet,283.13,Diltiazem Hydrochloride Extended-Release,diltiazem hydrochloride extended-release,Diltiazem Hydrochloride Extended-Release,1,,,TORRENT PHARMA,PSYCAN CND,torrent,master
AT-DILZEM-CD-180-10,DILZEM CD 180 10,DILZEM CD 180 10,,,227.72,Diltiazem Hydrochloride Extended-Release,diltiazem hydrochloride extended-release,Diltiazem Hydrochloride Extended-Release,1,,,TORRENT PHARMA,PSYCAN CND,torrent,stock file
AT-DILZEM-CD-90-10S,DILZEM CD 90CAP 10S,DILZEM CD 90,10S,Capsule,148.35,Diltiazem Hydrochloride Extended-Release,diltiazem hydrochloride extended-release,Diltiazem Hydrochloride Extended-Release,1,,,TORRENT PHARMA,PSYCAN CND,torrent,master
AT-DILZEM-5ML,DILZEM INJ. 5ML,DILZEM,5 ML,Injection,18.36,Diltiazem Hydrochloride 5mg/ml,diltiazem hydrochloride 5mg/ml,Diltiazem Hydrochloride,1,,,TORRENT PHARMA,PSYCAN CND,torrent,master
AT-DILZEM-SR-15S,DILZEM SR TAB 15S,DILZEM SR,15S,Tablet,216.35,Diltiazem Hydrochloride 90mg,diltiazem hydrochloride 90mg,Diltiazem Hydrochloride,1,,,TORRENT PHARMA,PSYCAN CND,manual,master
AT-DILZEM-30-10S,DILZEM-30 TAB 10S,DILZEM-30,10S,Tablet,42.92,,,,,,,TORRENT PHARMA,PSYCAN CND,,master
AT-DILZEM-60-10S,DILZEM-60 TAB 10S,DILZEM-60,10S,Tablet,85.98,,,,,,,TORRENT PHARMA,PSYCAN CND,,master
AT-DINMOL-MR-10S,DINMOL-MR TAB 10'S,DINMOL-MR,10'S,Tablet,65.63,,,,,,,ROSSWELT BIOSCIENCES,,,stock file
AT-DINOGEST-10S,DINOGEST TAB 10'S,DINOGEST,10'S,Tablet,593.44,Dienogest 2mg,dienogest 2mg,Dienogest,1,Endometriosis,Endometriosis,KOYE ORIGYN PHARMACEUTICAL,GY,koye,master
AT-DIOVOL-MINT-FLAOUR-170ML,DIOVOL (MINT)FLAOUR SUSP. 170ML,DIOVOL (MINT)FLAOUR,170 ML,Suspension,170.63,,,,,,,WALLACE PHARMACEUTICALS LTD,GASTROVA,,master
AT-DIOVOL-FORTE-BUBLE,DIOVOL + FORTE BUBLE SYP,DIOVOL + FORTE BUBLE,,Syrup,117.19,,,,,,,WALLACE PHARMACEUTICALS LTD,GASTROVA,,stock file
AT-DIOVOL-BLU-1000S,DIOVOL BLU TABS 1000,DIOVOL BLU,1000'S,Tablet,656.25,,,,,,,WALLACE PHARMACEUTICALS LTD,GASTROVA,,stock file
AT-DIOVOL-COOL-BLUE-170ML,DIOVOL COOL BLUE 170ML,DIOVOL COOL BLUE,170 ML,,89.06,,,,,Antacid,Hyperacidity,WALLACE PHARMACEUTICALS LTD,GASTROVA,,stock file
AT-DIOVOL-FORTE-MINT-400ML,DIOVOL FORTE MINT SYP 400ML,DIOVOL FORTE MINT,400 ML,Syrup,77.02,,,,,,,WALLACE PHARMACEUTICALS LTD,GASTROVA,,stock file
AT-DIOVOL-LA-EXOTIC-ORANGE-200ML,DIOVOL LA EXOTIC ORANGE 200ML,DIOVOL LA EXOTIC ORANGE,200 ML,,135.94,,,,,,,WALLACE PHARMACEUTICALS LTD,GASTROVA,,stock file
AT-DIOVOL-LA-MINT-200ML,DIOVOL LA(MINT)SUSP. 200ML,DIOVOL LA(MINT),200 ML,Suspension,196.50,,,,,,,WALLACE PHARMACEUTICALS LTD,GASTROVA,,master
AT-DIOVOL-MANGO-170ML,DIOVOL MANGO SYP 170ML,DIOVOL MANGO,170 ML,Syrup,170.63,,,,,,,WALLACE PHARMACEUTICALS LTD,GASTROVA,,master
AT-DIOVOL-R-150ML,DIOVOL R 150ML,DIOVOL R,150 ML,,169.69,,,,,,,WALLACE PHARMACEUTICALS LTD,GASTROVA,,master
AT-DIOVOL-R-9S,DIOVOL R TAB 9'S,DIOVOL R,9'S,Tablet,84.38,,,,,,,WALLACE PHARMACEUTICALS,LTD,,master
AT-DIPGENTA-PLUS-20GM,DIPGENTA PLUS CREAM 20GM,DIPGENTA PLUS,20 GM,Cream,98.44,Beclometasone Dipropionate + Clotrimazole + Gentamicin,beclometasone dipropionate+clotrimazole+gentamicin,Beclometasone Dipropionate | Clotrimazole | Gentamicin,3,,,A.MENARINI,DERMA,main,stock file
AT-DIPLENE-AF-CR-20GM,DIPLENE AF CR.20GM,DIPLENE AF CR,20 GM,,104.06,Adapalene,adapalene,Adapalene,1,,,A.MENARINI,DERMA,main,stock file
AT-DIPROBATE-G-PLUS-30GM,DIPROBATE G PLUS CREAM 30GM,DIPROBATE G PLUS,30 GM,Cream,118.00,,,,,,,SUN PHARMA,LAB.CROSSLAND 1,,master
AT-DIPROBATE-PLUS-30GM,DIPROBATE PLUS CREAM 30GM,DIPROBATE PLUS,30 GM,Cream,91.88,,,,,,,SUN PHARMA,LAB.CROSSLAND 1,,master
AT-DIPROBATE-PLUS-LOTION-1-50ML,DIPROBATE PLUS LOTION 1*50ML,DIPROBATE PLUS LOTION 1*,50 ML,Lotion,196.88,,,,,,,SUN PHARMA,LAB.CROSSLAND 1,,master
AT-DIPROBATE-PLUS-S-LOSON-100GM,DIPROBATE PLUS S LOSON 100G,DIPROBATE PLUS S LOSON,100 GM,,128.44,,,,,,,SUN PHARMA,LAB.CROSSLAND 1,,stock file
AT-DIPROBATE-RD-30GM,DIPROBATE RD 30GM,DIPROBATE RD,30 GM,,41.72,,,,,,,SUN PHARMA,LAB.CROSSLAND 1,,master
AT-DIPROBATE-S-30ML,DIPROBATE S LOTION 30ML,DIPROBATE S,30 ML,Lotion,140.63,,,,,,,SUN PHARMA,LAB.CROSSLAND 1,,stock file
AT-DIPROBATE-S-PLUS-30GM,DIPROBATE S PLUS OINT. 30GM,DIPROBATE S PLUS,30 GM,Ointment,173.44,,,,,,,SUN PHARMA LAB.LTD,CROSSLAND-LIFE,,master
AT-DISPERZYME-CD-10S,DISPERZYME CD 10'S,DISPERZYME CD,10'S,,280.31,,,,,,,SUN PHARMA LAB.LTD,RICHOUT,,master
AT-DISPERZYME,DISPERZYME TABS,DISPERZYME,,Tablet,609.38,,,,,,,SUN PHARMA LAB.LTD,RICHOUT,,master
AT-DISTACLOR-125MG-SUS,DISTACLOR 125MG SUS.,DISTACLOR 125MG SUS,,,140.63,Cefaclor,cefaclor,Cefaclor,1,,,A.MENARINI,,main,stock file
AT-DISTACLOR-125MG,DISTACLOR 125MG TAB,DISTACLOR 125MG,,Tablet,128.44,Cefaclor,cefaclor,Cefaclor,1,,,A.MENARINI,,main,stock file
AT-DISTACLOR-187MG-SUS,DISTACLOR 187MG SUS.,DISTACLOR 187MG SUS,,,163.13,Cefaclor,cefaclor,Cefaclor,1,,,A.MENARINI,,main,stock file
AT-DISTACLOR-375MG-CD,DISTACLOR 375MG CD,DISTACLOR 375MG CD,,,450.00,Cefaclor,cefaclor,Cefaclor,1,,,A.MENARINI,,main,stock file
AT-DISTACLOR-500MG,DISTACLOR 500MG CAP,DISTACLOR 500MG,,Capsule,182.81,Cefaclor,cefaclor,Cefaclor,1,,,A.MENARINI,,main,stock file
AT-DISTACLOR-5MG-DROP,DISTACLOR 5MG DROP,DISTACLOR 5MG DROP,,Drops,86.25,Cefaclor,cefaclor,Cefaclor,1,,,A.MENARINI,,main,stock file
AT-DISTACLOR-750MG-CD,DISTACLOR 750MG CD,DISTACLOR 750MG CD,,,506.25,Cefaclor,cefaclor,Cefaclor,1,,,A.MENARINI,,main,stock file
AT-DISTACLOR-DT-250MG,DISTACLOR DT 250MG TAB,DISTACLOR DT 250MG,,Tablet,285.94,Cefaclor,cefaclor,Cefaclor,1,,,A.MENARINI,,main,stock file
AT-DIUCONTIN-K-20-10S,DIUCONTIN-K 20 TABS 10'S,DIUCONTIN-K 20,10'S,Tablet,40.13,,,,,,,MODI MUNDI PHARMA,LTD,,stock file
AT-DIUCONTIN-K-40-10S,DIUCONTIN-K 40 TABS 10`S,DIUCONTIN-K 40,10'S,Tablet,59.53,,,,,,,MODI MUNDI PHARMA,LTD,,stock file
AT-DIVACON-21S,DIVACON TAB 21'S,DIVACON,21'S,Tablet,67.78,,,,,,,JAGSONPAL PHARMA LTD,BONEVA,,master
AT-DIVAGEST-SR-200MG-10S,DIVAGEST SR 200MG TAB 10'S,DIVAGEST SR 200MG,10'S,Tablet,410.09,Progesterone 200mg,progesterone 200mg,Progesterone,1,,,JAGSONPAL PHARMA,LTD.NARI DIV,JASONPAL,stock file
AT-DIVAGEST-SR-300MG-10S,DIVAGEST SR 300MG TAB 10'S,DIVAGEST SR 300MG,10'S,Tablet,505.70,,,,,,,JAGSONPAL PHARMA,LTD.NARI DIV,,master
AT-DIVAGEST-10S,DIVAGEST TAB 10S,DIVAGEST,10S,Tablet,346.88,,,,,,,JAGSONPAL PHARMA,LTD.NARI DIV,,stock file
AT-DIVATRONE-SR-20MG-10S,DIVATRONE SR 20MG TAB 10'S,DIVATRONE SR 20MG,10'S,Tablet,839.06,,,,,,,JAGSONPAL PHARMA LTD,FEMBON,,stock file
AT-DIVATRONE-10S,DIVATRONE TAB 1*10TAB,DIVATRONE,10'S,Tablet,622.48,Dydrogesterone 10mg,dydrogesterone 10mg,Dydrogesterone,1,,,JAGSONPAL PHARMA LTD,FEMBON,JASONPAL,master
AT-DIVELT-GM-10S,DIVELT GM TAB 10S,DIVELT GM,10S,Tablet,201.56,Diacerein 50mg + Glucosamine 750mg + Msm 250mg,diacerein 50mg+glucosamine 750mg+msm 250mg,Diacerein | Glucosamine | Msm,3,,,ROSSWELT BIOSCIENCES,,manual,master
AT-DIZZITAL-10S,DIZZITAL TAB 10'S,DIZZITAL,10'S,Tablet,111.50,,,,,,,ROSSWELT BIOSCIENCES,,,master
AT-DLOT-N-10,DLOT N 10TAB,DLOT N 10,,Tablet,57.19,,,,,,,NEO LIFE SCIENCES,,,master
AT-DOBESIL-10S,DOBESIL CAPS 10'S,DOBESIL,10'S,Capsule,240.00,Calcium Dobesilate Plain/combinations 500mg,calcium dobesilate plain/combinations 500mg,Calcium Dobesilate Plain/combinations,1,VITAMINS / MINERALS / NUTRIENTS,,SUN PHARMA LAB.LTD,CROSSLAND-LIFE,sun pharma sheet,master
AT-DOBESIL-H-CRE-30G-TUBE,DOBESIL H CRE 30G TUBE,DOBESIL H CRE 30G TUBE,,,71.25,,,,,,,SUN PHARMA LAB.LTD,CROSSLAND-LIFE,,stock file
AT-DOBEST-10S,DOBEST CAPS 10'S,DOBEST,10'S,Capsule,131.25,Calcium Dobesilate 500mg,calcium dobesilate 500mg,Calcium Dobesilate,1,Vasoprotective,Vasoprotection,WALLACE PHARMACEUTICALS,LTD,wallace,stock file
AT-DOLAMIDE-10S,DOLAMIDE TABS 10'S,DOLAMIDE,10'S,Tablet,75.94,,,,,,,SUN PHARMA LAB.LTD,RICHOUT,,stock file
AT-DOLINSTA-10S,DOLINSTA TAB 10S,DOLINSTA,10S,Tablet,99.69,,,,,,,INDOCO REMEDIES LTD,SPADE,,stock file
AT-DOLINSTA-P-10S,DOLINSTA-P TAB 10'S,DOLINSTA-P,10'S,Tablet,57.19,,,,,,,INDOCO REMEDIES LTD,SPADE,,stock file
AT-DOLMUNDIN-100MG-5S,DOLMUNDIN 100MG TAB 5'S,DOLMUNDIN 100MG,5'S,Tablet,126.00,,,,,,,MODI MUNDI,PMD,,master
AT-DOLOPENT-INJECTION-1-1ML,DOLOPENT INJECTION 1*1ML,DOLOPENT INJECTION 1*,1 ML,Injection,28.13,,,,,,,MODI MUNDI,PMD,,stock file
AT-DOLOSTAT-R-10S,DOLOSTAT + R CAP 10'S,DOLOSTAT + R,10'S,Capsule,73.13,Aceclofenac + Rabeprazole,aceclofenac+rabeprazole,Aceclofenac | Rabeprazole,2,,,BLUE CROSS LABS LTD,GOLD CROS,main,master
AT-DOLOSTAT-R-10S-2,DOLOSTAT + R CAP 10S,DOLOSTAT + R,10S,Capsule,73.13,Domperidone + Rabeprazole,domperidone+rabeprazole,Domperidone | Rabeprazole,2,,,BLUE CROSS LABS LTD,GOLD CROS,main,stock file
AT-DOLOSTAT-MR-10S,DOLOSTAT MR TAB 10'S,DOLOSTAT MR,10'S,Tablet,54.37,Aceclofenac 100mg + Chlorzoxazone + Paracetamol,aceclofenac 100mg+chlorzoxazone+paracetamol,Aceclofenac | Chlorzoxazone | Paracetamol,3,,,BLUE CROSS LABS LTD,GOLD CROS,manual,master
AT-DOLOSTAT-PC-10S,DOLOSTAT PC TAB,DOLOSTAT PC,10'S,Tablet,30.00,Aceclofenac 100mg + Paracetamol,aceclofenac 100mg+paracetamol,Aceclofenac | Paracetamol,2,,,BLUE CROSS LABS LTD,GOLD CROS,manual,master
AT-DOLOSTAT-SP-10S,DOLOSTAT SP TAB 10'S,DOLOSTAT SP,10'S,Tablet,55.31,Aceclofenac + Paracetamol + Serratiopeptidase,aceclofenac+paracetamol+serratiopeptidase,Aceclofenac | Paracetamol | Serratiopeptidase,3,,,BLUE CROSS LABS LTD,GOLD CROS,main,master
AT-DOMSTAL-BABY-DROP-5ML,DOMSTAL BABY DROP 5ML,DOMSTAL BABY DROP,5 ML,Drops,99.40,Domperidone,domperidone,Domperidone,1,,,TORRENT PHARMA LTD,SONORA WIRRIORS,torrent,master
AT-DOMSTAL-DT-10S,DOMSTAL DT TAB 10S,DOMSTAL DT,10S,Tablet,36.99,Domperidone,domperidone,Domperidone,1,,,TORRENT PHARMACEUTICAL,PRIMA,torrent,master
AT-DOMSTAL-MT-10-10S,DOMSTAL MT 10 TAB 10S,DOMSTAL MT 10,10S,Tablet,24.14,Domperidone,domperidone,Domperidone,1,,,TORRENT PHARMACEUTICAL,PRIMA,torrent,master
AT-DOMSTAL-NP-500-10-TAB-10S-10,DOMSTAL NP 500 10 TAB 10S 10,DOMSTAL NP 500 10 TAB 10S 10,,Tablet,90.65,,,,,,,TORRENT PHARMACEUTICALS,LTD,,master
AT-DOMSTAL-SUS-30ML,DOMSTAL SUS 30ML,DOMSTAL SUS,30 ML,,39.06,,,,,,,TORRENT PHARMA LTD,SONORA WIRRIORS,,master
AT-DOMSTAL-10S,DOMSTAL TAB 10 S,DOMSTAL,10 S,Tablet,24.24,Domperidone,domperidone,Domperidone,1,,,TORRENT PHARMA,VISTA,torrent,master
AT-DOMSTAL-5-DT-10S,DOMSTAL-5 DT TAB 10S,DOMSTAL-5 DT,10S,Tablet,51.09,,,,,,,TORRENT PHARMA,VISTA,,master
AT-DONANCE-10MG-10S,DONANCE 10MG TAB 10'S,DONANCE 10MG,10'S,Tablet,121.87,Donepezil,donepezil,Donepezil,1,,,ALEMBIC,PHARMA,main,stock file
AT-DONANCE-M-500MG-10S,DONANCE M 500MG TAB 10'S,DONANCE M 500MG,10'S,Tablet,147.40,Donepezil + Memantine,donepezil+memantine,Donepezil | Memantine,2,,,ALEMBIC,LTD OURON,main,stock file
AT-DONEP-10MG-15S,DONEP 10MG TAB 15'S,DONEP 10MG,15'S,Tablet,279.63,Donepezil 10mg,donepezil 10mg,Donepezil,1,ALZHEIMER'S DISEASE,,ALKEM LAB. LTD,PENTACARE,alkem,master
AT-DONEP-5MG-15S,DONEP 5MG TAB 15'S,DONEP 5MG,15'S,Tablet,193.89,Donepezil 5mg,donepezil 5mg,Donepezil,1,ALZHEIMER'S DISEASE,,ALKEM LAB. LTD,PENTACARE,alkem,master
AT-DONEP-M-FORTE-15S,DONEP M FORTE TAB 15'S,DONEP M FORTE,15'S,Tablet,428.90,Donepezil 5mg + Memantine 10mg,donepezil 5mg+memantine 10mg,Donepezil | Memantine,2,,,ALKEM LAB. LTD,PENTACARE,manual,master
AT-DONEP-M-PLUS-10S,DONEP M PLUS TAB 10'S,DONEP M PLUS,10'S,Tablet,200.65,Donepezil + Memantine,donepezil+memantine,Donepezil | Memantine,2,,,ALKEM LAB. LTD,PENTACARE,main,master
AT-DONEP-M-15S,DONEP M TAB 15'S,DONEP M,15'S,Tablet,345.45,Donepezil + Memantine,donepezil+memantine,Donepezil | Memantine,2,,,ALKEM LAB. LTD,PENTACARE,main,master
AT-DONEP-SR-23-10S,DONEP SR 23 TAB 10'S,DONEP SR 23,10'S,Tablet,381.56,Donepezil 23mg,donepezil 23mg,Donepezil,1,,,ALKEM LAB. LTD,PENTACARE,manual,master
AT-DONEP-60ML,DONEP SYP 60ML.,DONEP,60 ML,Syrup,279.63,Donepezil 5mg/5ml,donepezil 5mg/5ml,Donepezil,1,ALZHEIMER'S DISEASE,,ALKEM LAB. LTD,PENTACARE,alkem,stock file
AT-DORAN-O-2ML,DORAN O INJ. 2ML,DORAN O,2 ML,Injection,14.92,Ondansetron,ondansetron,Ondansetron,1,,,BESTOCHEM FORMULATIONS,,main,stock file
AT-DORAN-O-10S,DORAN O TABS 10'S,DORAN O,10'S,Tablet,97.03,Ofloxacin + Ornidazole,ofloxacin+ornidazole,Ofloxacin | Ornidazole,2,,,BESTOCHEM FORMULATIONS,,main,master
AT-DOREZIN-100ML,DOREZIN SYRUP 100ML,DOREZIN,100 ML,Syrup,46.88,,,,,,,ROSSWELT BIOSCIENCES,,,stock file
AT-DORTAS-EYE-DRODS-3ML,DORTAS EYE DRODS 3ML,DORTAS EYE DRODS,3 ML,,297.19,,,,,,,INTAS (ANDRE )LABORATORIES,PVT,,stock file
AT-DORTAS-T-EYE-5ML,DORTAS-T EYE DROPS 5ML,DORTAS-T EYE,5 ML,Drops,515.63,,,,,,,INTAS (ANDRE )LABORATORIES,PVT,,stock file
AT-DORUTIL-10S,DORUTIL TAB 1*10,DORUTIL,10'S,Tablet,45.00,Diclofenac,diclofenac,Diclofenac,1,,,ARRIENT HEALTHCARE,(ORENDA)PRIVATE LIM,main,master
AT-DORUTIL-SP-10S,DORUTIL-SP TAB 1*10,DORUTIL-SP,10'S,Tablet,84.37,Diclofenac + Serratiopeptidase,diclofenac+serratiopeptidase,Diclofenac | Serratiopeptidase,2,,,ARRIENT HEALTHCARE,(ORENDA)PRIVATE LIM,main,master
AT-DOXCIA-L-10,DOXCIA-L CAP 10',DOXCIA-L,10',Capsule,130.00,,,,,,,ROSSWELT BIOSCIENCES,,,master
AT-DOXICLIN-M-10S,DOXICLIN M TAB 10,DOXICLIN M,10'S,Tablet,150.00,,,,,,,ROSSWELT BIOSCIENCES,,,master
AT-DOXYDEF-LB-10S,DOXYDEF-LB CAP 10'S,DOXYDEF-LB,10'S,Capsule,103.12,Doxycycline + Lactic Acid Bacillus,doxycycline+lactic acid bacillus,Doxycycline | Lactic Acid Bacillus,2,,,ANDROMEDA PHARMACEUTICALS,P. L,main,stock file
AT-DOXYGRIF-LC-10S,DOXYGRIF-LC TAB 10'S,DOXYGRIF-LC,10'S,Tablet,121.87,,,,,,,NUTRIMED HEALTHCARE,PVT.LTD,,master
AT-DOXYPAL-DR-L-10S,DOXYPAL DR-L CAPS 10`S,DOXYPAL DR-L,10'S,Capsule,110.80,,,,,,,JAGSONPAL PHARMA LTD,BONEVA,,master
AT-DP-50-10S,DP-50 TABS 10'S,DP-50,10'S,Tablet,17.81,Diclofenac Sodium 50mg + Paracetamol 650mg,diclofenac sodium 50mg+paracetamol 650mg,Diclofenac Sodium | Paracetamol,2,,,DEPSONS PHARMA,,DEPSONS,stock file
AT-DPO-10MG-10S,DPO 10MG TAB 10'S,DPO 10MG,10'S,Tablet,123.75,,,,,,,RPG LIFE SCIENCE LTD,GLODIAN,,master
AT-DPO-5MG-10S,DPO 5MG# TAB 10'S,DPO 5MG#,10'S,Tablet,75.00,,,,,,,RPG LIFE SCIENCE LTD,GLODIAN,,stock file
AT-DPO-M-10MG-1000MG-10S,DPO M 10MG/1000MG TAB 10'S,DPO M 10MG/1000MG,10'S,Tablet,135.94,,,,,,,RPG LIFE SCIENCE LTD,GLODIAN,,stock file
AT-DPO-M-10MG-500MG-10S,DPO M 10MG/500MG TAB 10'S,DPO M 10MG/500MG,10'S,Tablet,147.46,,,,,,,RPG LIFE SCIENCE LTD,GLODIAN,,master
AT-DPO-M-5MG-1000MG-10S,DPO M 5MG/1000MG TAB 10'S,DPO M 5MG/1000MG,10'S,Tablet,117.19,,,,,,,RPG LIFE SCIENCE LTD,GLODIAN,,stock file
AT-DRAMINATE-CN-10S,DRAMINATE CN TAB 10'S,DRAMINATE CN,10'S,Tablet,112.50,,,,,,,RPG LIFE SCIENCE LTD,GLODIAN,,master
AT-DRAMINATE-10S,DRAMINATE TABS 10'S,DRAMINATE,10'S,Tablet,39.33,Dimenhydrinate 50mg,dimenhydrinate 50mg,Dimenhydrinate,1,Gynaecology and Pediatrics,"Nausea, vomiting, motion sickness",RPG LIFE SCIENCE LTD,GLODIAN,rpg,master
AT-DROPIZIN-SF-100ML,DROPIZIN SF SYRUP 100ML,DROPIZIN SF,100 ML,Syrup,112.50,,,,,,,INDOCO REMEDIES LTD,SPERA,,master
AT-DROPIZIN-100ML,DROPIZIN SYRUP 100ML,DROPIZIN,100 ML,Syrup,118.75,,,,,,,INDOCO REMEDIES LTD,SPADE,,master
AT-DROSPERT-28S,DROSPERT TAB 28'S,DROSPERT,28'S,Tablet,490.00,,,,,,,TORRENT PHARMACEUTICALS,LTD,,stock file
AT-DROTITEC-DS-10S,DROTITEC DS TAB 10'S,DROTITEC DS,10'S,Tablet,140.63,,,,,,,INDOCO REMEDIES,SYNERGY,,master
AT-DROTITEC-2ML,DROTITEC INJ. 2ML,DROTITEC,2 ML,Injection,34.69,,,,,,,INDOCO REMEDIES,SYNERGY,,master
AT-DROTITEC-M-10S,DROTITEC M TAB 10'S,DROTITEC M,10'S,Tablet,178.13,,,,,,,INDOCO REMEDIES,SYNERGY,,master
AT-DROTITEC-10S,DROTITEC TAB 10'S,DROTITEC,10'S,Tablet,79.69,,,,,,,INDOCO REMEDIES,SYNERGY,,master
AT-DSS-10-MG-10S,DSS 10 MG CAP 10'S,DSS 10 MG,10'S,Capsule,220.00,Doxepin,doxepin,Doxepin,1,,,ALKEM LABORATORIES,LTD.ALFA NEXGEN,main,stock file
AT-DSS-112-5-10S,DSS 112.5 CAP 10'S,DSS 112.5,10'S,Capsule,490.00,Docusate Sodium,docusate sodium,Docusate Sodium,1,,,ALKEM LABORAT. LTD,GESTROKEM,main,master
AT-DSS-45MG-10S,DSS 45MG CAP 10'S,DSS 45MG,10'S,Capsule,41.83,Lysine + Multiminerals + Multivitamins,lysine+multiminerals+multivitamins,Lysine | Multiminerals | Multivitamins,3,,,ALKEM LABORATORIES,LTD.ALFA NEXGEN,main,stock file
AT-DUABIT-60-7S,DUABIT 60 CAP 7S,DUABIT 60,7S,Capsule,127.97,Duloxetine,duloxetine,Duloxetine,1,,,ALEMBIC,OSTEOFID,main,stock file
AT-DULCOLAX-10MG,Dulcolax 10mg Tablet,Dulcolax 10mg,,Tablet,,Bisacodyl 10mg,bisacodyl 10mg,Bisacodyl,1,,Constipation; bowel evacuation,BOEHRINGER INGELHEIM,,main,master
AT-DULCOLAX,Dulcolax Tablet,Dulcolax,,Tablet,,Bisacodyl,bisacodyl,Bisacodyl,1,,Constipation; bowel evacuation,BOEHRINGER INGELHEIM,,main,master
AT-DULTEX-20MG-10S,DULTEX-20MG TAB 10'S,DULTEX-20MG,10'S,Tablet,74.00,Duloxetine,duloxetine,Duloxetine,1,,,ARRIENT HEALTHCARE,(NEUROX)PRIVATE LIM,main,master
AT-DULTEX-30MG-10S,DULTEX-30MG TAB 10'S,DULTEX-30MG,10'S,Tablet,111.56,Duloxetine,duloxetine,Duloxetine,1,,,ARRIENT HEALTHCARE,(NEUROX)PRIVATE LIM,main,stock file
AT-DUO-CYTRA-200ML,DUO CYTRA SYRUP 200ML,DUO CYTRA,200 ML,Syrup,224.94,Magnesium Citrate 375mg + Potassium Citrate + Pyridoxine Hcl Per 20mg,magnesium citrate 375mg+potassium citrate+pyridoxine hcl per 20mg,Magnesium Citrate | Potassium Citrate | Pyridoxine Hcl Per,3,,,RPG LIFE SCIENCE LTD,GLODIAN,manual,master
AT-DUOFILM-15ML,DUOFILM 15ML.,DUOFILM,15 ML,,204.84,,,,,,,GSK LIMITED,DERMA ACE TEAM 2,,stock file
AT-DURALAST-30-4X1,DURALAST 30 TAB 4*1,DURALAST 30,4X1,Tablet,205.31,Dapoxetine 30mg,dapoxetine 30mg,Dapoxetine,1,UROLOGY,,SUN PHARMA LABS LTD,UROCARE,sun pharma sheet,stock file
AT-DURAPLUS,DURAPLUS TAB,DURAPLUS,,Tablet,309.38,,,,,,,SUN PHARMA LABS LTD,UROCARE,,master
AT-DURASHAPE-45GM,"DURASHAPE SACHET,4.5G",DURASHAPE,4.5 GM,Sachet,60.00,Leucine 550mg + Pyridoxal- -Phosphate 7.5mg,leucine 550mg+pyridoxal- -phosphate 7.5mg,Leucine | Pyridoxal- -Phosphate,2,Anti-Obesity,,INDOCO,REMEDIES LTD. FOCUS,INDOCO,stock file
AT-DURASHAPE-60S,DURASHAPE TAB 60'S,DURASHAPE,60'S,Tablet,534.00,Leucine 550mg + Pyridoxal- -Phosphate 7.5mg,leucine 550mg+pyridoxal- -phosphate 7.5mg,Leucine | Pyridoxal- -Phosphate,2,Anti-Obesity,,INDOCO,REMEDIES LTD. FOCUS,INDOCO,stock file
AT-DUTAGEN-10S,DUTAGEN CAPS 10'S,DUTAGEN,10'S,Capsule,309.38,Dutasteride 0.5mg,dutasteride 0.5mg,Dutasteride,1,UROLOGY,,SUN PHARMA LAB,UROLOGY,sun pharma sheet,master
AT-DYCOTIAM-10S,DYCOTIAM TAB 10S,DYCOTIAM,10S,Tablet,186.56,,,,,,,TORRENT PHARMA,VISTA,,stock file
AT-DYDROPREG-SR-20MG-10S,DYDROPREG SR 20MG TAB 10'S,DYDROPREG SR 20MG,10'S,Tablet,749.06,,,,,,,TORRENT PHARMACEUTICALS,LTD,,stock file
AT-DYDROPREG-10S,DYDROPREG TAB 10'S,DYDROPREG,10'S,Tablet,714.00,Dydrogesterone,dydrogesterone,Dydrogesterone,1,,,TORRENT PHARMACEUTICALS,LTD,torrent,stock file
AT-DYDROSURE-10MG-10S,DYDROSURE 10MG TAB 10'S,DYDROSURE 10MG,10'S,Tablet,679.65,Dydrogesterone,dydrogesterone,Dydrogesterone,1,,,ALKEM LABORAT. LTD,ASCENDA,main,master
AT-DYDROSURE-SR-20MG-10S,DYDROSURE SR 20MG TAB 10'S,DYDROSURE SR 20MG,10'S,Tablet,623.40,Dydrogesterone,dydrogesterone,Dydrogesterone,1,,,ALKEM LABORAT. LTD,ASCENDA,main,master
AT-DYNAPRES-D-15S,DYNAPRES D TAB 15'S,DYNAPRES D,15'S,Tablet,421.88,Dutasteride + Tamsulosin,dutasteride+tamsulosin,Dutasteride | Tamsulosin,2,,,TORRENT PHARMACEUTICALS,LTD,torrent,stock file
AT-E-OVA-L-2-5-1,E-OVA L 2.5 1,E-OVA L 2.5 1,,,144.16,,,,,,,KOYE ORIGYN PHARMACEUTICAL,GY,,stock file
AT-E-TAG-100ML,E-TAG SYRUP 100ML,E-TAG,100 ML,Syrup,99.38,,,,,,,KOYE PHARMACEUTICALS,P.LTD,,stock file
AT-EASCOF-D-100ML,EASCOF D SYP 100ML,EASCOF D,100 ML,Syrup,94.22,Chlorpheniramine Maleate 2mg/5ml + Dextromethorphan 10mg + Phenylephrine 5mg,chlorpheniramine maleate 2mg/5ml+dextromethorphan 10mg+phenylephrine 5mg,Chlorpheniramine Maleate | Dextromethorphan | Phenylephrine,3,Respiratory,,ALKEM LABORAT. LTD,ASCENDA,manual,master
AT-EASCOF-LS-100ML,EASCOF LS SYP 100ML,EASCOF LS,100 ML,Syrup,83.44,Ambroxol 30mg + Guaifenesin 50mg/5ml + Levosalbutamol 1mg,ambroxol 30mg+guaifenesin 50mg/5ml+levosalbutamol 1mg,Ambroxol | Guaifenesin | Levosalbutamol,3,Respiratory,,ALKEM LABORAT. LTD,ASCENDA,alkem,stock file
AT-EBERWIN-30GM,EBERWIN CREAM 30GM,EBERWIN,30 GM,Cream,362.81,,,,,,,SUN PHARMA,RIGEL,,stock file
AT-ECBOSURE-1ML,ECBOSURE 1ML VIAL,ECBOSURE,1 ML,Vial,467.81,,,,,,,TORRENT PHARMA LTD,SPERSH,,master
AT-ECLONAC-SP-10S,ECLONAC SP 10'S,ECLONAC SP,10'S,,91.51,,,,,,,JAGSONPAL PHARMA LTD,BONEVA,,master
AT-ECLONAC-P-10S,ECLONAC-P TAB 10'S,ECLONAC-P,10'S,Tablet,43.28,,,,,,,JAGSONPAL PHARMA LTD,BONEVA,,stock file
AT-ECO-TEARS-15ML,ECO TEARS 15ML,ECO TEARS,15 ML,,123.46,Hyaluronic Acid Sodium Salt 0.1%,hyaluronic acid sodium salt 0.1%,Hyaluronic Acid Sodium Salt,1,,,INTAS (ANDRE )LABORATORIES,PVT,main,master
AT-ECO-TEARS-10ML,ECO TEARS GEL 10ML.,ECO TEARS,10 ML,Gel,155.30,Carmellose Sodium Salt 1%,carmellose sodium salt 1%,Carmellose Sodium Salt,1,,,INTAS (ANDRE )LABORATORIES,PVT,main,master
AT-ECO-TEARS-HA,ECO TEARS HA DROPS,ECO TEARS HA,,Drops,253.59,,,,,,,INTAS (ANDRE )LABORATORIES,PVT,,stock file
AT-ECOMOIST-ULTRA-10ML,ECOMOIST ULTRA 10ML,ECOMOIST ULTRA,10 ML,,431.25,,,,,,,INTAS (ANDRE )LABORATORIES,PVT,,stock file
AT-ECOZYME-CHEW-15S,ECOZYME CHEW TABS 15S,ECOZYME CHEW,15S,Tablet,246.00,,,,,,,TORRENT PHARMA,B-WELL,,stock file
AT-EDDZAAR-40MG-10S,EDDZAAR 40MG TAB 10S,EDDZAAR 40MG,10S,Tablet,78.28,,,,,,,TORRENT PHARMA,AZUCA,,stock file
AT-EDDZAAR-80MG-10S,EDDZAAR 80MG TAB 10S,EDDZAAR 80MG,10S,Tablet,154.59,,,,,,,TORRENT PHARMA,AZUCA,,stock file
AT-EFIMOX-ER-5TABS,EFIMOX ER 5TABS,EFIMOX ER 5TABS,,,82.97,Cefixime,cefixime,Cefixime,1,,,ALKEM PHARMA,ALPHA MAX,main,stock file
AT-EFLORA-CREAM-13-9-15GM,EFLORA CREAM 13.9% 15GM,EFLORA CREAM 13.9%,15 GM,Cream,983.44,Eflornithine 13.9%,eflornithine 13.9%,Eflornithine,1,,,SUN PHARMA,LTD PRIMA LAND,manual,master
AT-EGA-GLOW-10S,EGA GLOW TAB 10'S,EGA GLOW,10'S,Tablet,"1,475.00",,,,,,,TORRENT PHARMA LTD,SPERSH,,master
AT-EGLAF-M-10S,EGLAF M TAB 1*10,EGLAF M,10'S,Tablet,155.71,Glimepiride + Metformin,glimepiride+metformin,Glimepiride | Metformin,2,,,ARRIENT HEALTHCARE,(NEUROX)PRIVATE LIM,main,master
AT-EGLAF-D,EGLAF-D TAB,EGLAF-D,,Tablet,206.25,Glimepiride + Metformin,glimepiride+metformin,Glimepiride | Metformin,2,,,ARRIENT HEALTHCARE,(NEUROX)PRIVATE LIM,main,master
AT-EGLAF-NT-10S,EGLAF-NT TAB 1*10,EGLAF-NT,10'S,Tablet,169.68,Nortriptyline + Pregabalin,nortriptyline+pregabalin,Nortriptyline | Pregabalin,2,,,ARRIENT HEALTHCARE,(NEUROX)PRIVATE LIM,main,master
AT-EGLAF-PLUS-10S,EGLAF-PLUS TAB 10,EGLAF-PLUS,10'S,Tablet,178.13,Alpha Lipoic Acid + Folic Acid + Methylcobalamin + Pyridoxine,alpha lipoic acid+folic acid+methylcobalamin+pyridoxine,Alpha Lipoic Acid | Folic Acid | Methylcobalamin | Pyridoxine,4,,,ARRIENT HEALTHCARE,(NEUROX)PRIVATE LIM,main,stock file
AT-EGLUCENT-LINS-RAPID-100-CART-3ML,EGLUCENT LINS RAPID 100 CARTR 5*3ML,EGLUCENT LINS RAPID 100 CARTR 5*,3 ML,,"5,989.00",,,,,,,LUPIN LIMITED,,,master
AT-EGLUCENT-LINS-RAPID-KWIKPEN--3ML,EGLUCENT LINS RAPID KWIKPEN 1*3ML,EGLUCENT LINS RAPID KWIKPEN 1*,3 ML,,"1,368.00",,,,,,,LUPIN LIMITED,,,master
AT-EGLUCENT-MIX-25-KWIK-PEN-1-3ML,EGLUCENT MIX 25 KWIK PEN 1*3ML,EGLUCENT MIX 25 KWIK PEN 1*,3 ML,,"1,368.00",,,,,,,LUPIN LIMITED,,,master
AT-EGLUCENT-MIX-50-KWIK-PEN-1-3ML,EGLUCENT MIX 50 KWIK PEN 1*3ML,EGLUCENT MIX 50 KWIK PEN 1*,3 ML,,"1,244.00",,,,,,,LUPIN LIMITED,,,master
AT-EGLUCENT-MIX25-CORTRI-5-3ML--3ML,EGLUCENT MIX25 CORTRI 5*3ML 5*3ML,EGLUCENT MIX25 CORTRI 5*3ML 5*,3 ML,,"5,989.00",,,,,,,LUPIN LIMITED,,,master
AT-EGLUCENT-MIX50-CORTRI-5-3ML--3ML,EGLUCENT MIX50 CORTRI 5*3ML 5*3ML,EGLUCENT MIX50 CORTRI 5*3ML 5*,3 ML,,"5,989.00",,,,,,,LUPIN LIMITED,,,master
AT-EKON-XL-MD-10S,EKON XL MD TAB 10'S,EKON XL MD,10'S,Tablet,38.91,Escitalopram,escitalopram,Escitalopram,1,,,BLUE CROSS LABS LTD,GOLD CROS,main,stock file
AT-ELATA-10S,ELATA TAB 10'S,ELATA,10'S,Tablet,"1,333.12",Ulipristal Acetate,ulipristal acetate,Ulipristal Acetate,1,,,ALEMBIC,ZENOVI,manual,master
AT-ELCAFORT-LC-400MG,ELCAFORT LC 400MG SYRUP,ELCAFORT LC 400MG,,Syrup,"1,200.00",,,,,,,TORRENT PHARMACEUTICALS,NURON,,stock file
AT-ELCAFORT-LC-200ML,ELCAFORT LC SYRUP 200ML,ELCAFORT LC,200 ML,Syrup,999.00,,,,,,,TORRENT PHARMACEUTICALS,NURON,,stock file
AT-ELCAFORT-PLUS-M-F-200ML,ELCAFORT PLUS M/F SYRUP 200ML,ELCAFORT PLUS M/F,200 ML,Syrup,"1,099.00",,,,,,,TORRENT PHARMACEUTICALS,NURON,,stock file
AT-ELCAFORT-PLUS-10S,ELCAFORT PLUS TAB 10'S,ELCAFORT PLUS,10'S,Tablet,449.00,,,,,,,TORRENT PHARMACEUTICALS,NURON,,master
AT-ELMECOB-D-10S,ELMECOB-D TAB 10S,ELMECOB-D,10S,Tablet,135.75,,,,,,,TORRENT PHARMACEUTICALS,MIND,,stock file
AT-ELTROXIN-25MG-TAB,ELTROXIN 25MG TAB**,ELTROXIN 25MG TAB**,,Tablet,184.60,Levothyroxine,levothyroxine,Levothyroxine,1,,,GSK LIMITED TEAM,ALTUS,main,master
AT-ELTROXIN-75MG,ELTROXIN 75MG**,ELTROXIN 75MG**,,,183.32,Levothyroxine,levothyroxine,Levothyroxine,1,,,GSK LIMITED TEAM,ALTUS,main,master
AT-ELTROXIN-88-60S,ELTROXIN 88 TAB 60,ELTROXIN 88,60'S,Tablet,105.11,Levothyroxine,levothyroxine,Levothyroxine,1,,,GSK LIMITED TEAM,ALTUS,main,master
AT-ELTROXIN-TAB-12-5MCG-120S,ELTROXIN TAB 12.5MCG. 120'S,ELTROXIN TAB 12.5MCG,120'S,Tablet,189.72,Levothyroxine,levothyroxine,Levothyroxine,1,,,GSK LIMITED TEAM,ALTUS,main,master
AT-ELTROXIN-TAB-125MG,ELTROXIN TAB 125MG.,ELTROXIN TAB 125MG,,Tablet,108.32,Levothyroxine,levothyroxine,Levothyroxine,1,,,GSK LIMITED TEAM,ALTUS,main,master
AT-ELTROXIN-TAB-37-5MCG-120S,ELTROXIN TAB 37.5MCG 120'S,ELTROXIN TAB 37.5MCG,120'S,Tablet,187.86,Levothyroxine,levothyroxine,Levothyroxine,1,,,GSK LIMITED TEAM,ALTUS,main,master
AT-ELTROXIN-TAB-50MG,ELTROXIN TAB 50MG**,ELTROXIN TAB 50MG**,,Tablet,114.03,Levothyroxine,levothyroxine,Levothyroxine,1,,,GSK LIMITED TEAM,ALTUS,main,master
AT-ELTROXIN-TABS-100MCG-120S,ELTROXIN TABS 100MCG 120'S,ELTROXIN TABS 100MCG,120'S,Tablet,168.84,Levothyroxine,levothyroxine,Levothyroxine,1,,,GSK LIMITED TEAM,ALTUS,main,master
AT-EMESSA-E-OIL-100ML,EMESSA E OIL 100ML,EMESSA E OIL,100 ML,,293.70,Tocopheryl Acetate,tocopheryl acetate,Tocopheryl Acetate,1,,,A.MENARINI,,main,stock file
AT-EMISTAD-MD-10S,EMISTAD MD TAB 1*10,EMISTAD MD,10'S,Tablet,123.75,Ondansetron,ondansetron,Ondansetron,1,,,ARRIENT HEALTHCARE,(ORENDA)PRIVATE LIM,main,master
AT-EMOCORT-6-10S,EMOCORT 6 TAB 10,EMOCORT 6,10'S,Tablet,131.25,Deflazacort 6mg,deflazacort 6mg,Deflazacort,1,,,ROSSWELT BIOSCIENCES,,manual,master
AT-EMODERM-50GM,EMODERM CREAM 50GMS,EMODERM,50 GM,Cream,82.03,,,,,,,GSK LIMITED,DERMA ACE TEAM 2,,stock file
AT-EMPANORM-10MG-10S,EMPANORM 10MG TAB 10'S,EMPANORM 10MG,10'S,Tablet,102.05,Empagliflozin,empagliflozin,Empagliflozin,1,,,ALKEM LABORATORIES LTD,IMPERIA,main,master
AT-EMPANORM-25MG-10S,EMPANORM 25MG TAB 10'S,EMPANORM 25MG,10'S,Tablet,130.30,Empagliflozin,empagliflozin,Empagliflozin,1,,,ALKEM LABORATORIES LTD,IMPERIA,main,stock file
AT-EMPANORM-DUO-10MG-10S,EMPANORM DUO 10MG TAB 10'S,EMPANORM DUO 10MG,10'S,Tablet,149.05,Empagliflozin + Linagliptin,empagliflozin+linagliptin,Empagliflozin | Linagliptin,2,,,ALKEM LABORATORIES LTD,IMPERIA,main,master
AT-EMPANORM-DUO-25MG-10S,EMPANORM DUO 25MG TAB 10'S,EMPANORM DUO 25MG,10'S,Tablet,174.20,Empagliflozin + Linagliptin,empagliflozin+linagliptin,Empagliflozin | Linagliptin,2,,,ALKEM LABORATORIES LTD,IMPERIA,main,master
AT-EMPANORM-L-10MG-10S,EMPANORM L 10MG TAB 10'S,EMPANORM L 10MG,10'S,Tablet,143.30,Empagliflozin + Linagliptin,empagliflozin+linagliptin,Empagliflozin | Linagliptin,2,,,ALKEM LABORATORIES,LIMITED,main,master
AT-EMPANORM-L-25MG-10S,EMPANORM L 25MG TAB 10'S,EMPANORM L 25MG,10'S,Tablet,163.95,Empagliflozin + Linagliptin,empagliflozin+linagliptin,Empagliflozin | Linagliptin,2,,,ALKEM LABORATORIES,LIMITED,main,master
AT-EMPANORM-M-25-1000MG-10S,EMPANORM M 25/1000MG TAB 10'S,EMPANORM M 25/1000MG,10'S,Tablet,149.05,Empagliflozin + Metformin,empagliflozin+metformin,Empagliflozin | Metformin,2,,,ALKEM LABORATORIES,LTD DIABTALOGY,main,master
AT-EMPANORM-TRIO-25-10S,EMPANORM TRIO 25 TAB 10,EMPANORM TRIO 25,10'S,Tablet,177.15,Empagliflozin + Metformin + Teneligliptin,empagliflozin+metformin+teneligliptin,Empagliflozin | Metformin | Teneligliptin,3,,,ALKEM LABORATORIES LTD,IMPERIA,main,stock file
AT-EMPANORM-TRIO-10S,EMPANORM TRIO TAB 10'S,EMPANORM TRIO,10'S,Tablet,158.40,Empagliflozin + Linagliptin + Metformin,empagliflozin+linagliptin+metformin,Empagliflozin | Linagliptin | Metformin,3,,,ALKEM LABORATORIES LTD,IMPERIA,main,master
AT-EMPAZIO-10MG-10S,EMPAZIO 10MG TAB 10'S,EMPAZIO 10MG,10'S,Tablet,90.94,Empagliflozin 10mg/25mg,empagliflozin 10mg/25mg,Empagliflozin,1,,,TORRENT PHARMACEUTICALS,LTD,torrent,master
AT-EMPAZIO-M-XR-12-5-1000MG-10S,EMPAZIO M XR 12.5+1000MG TAB 10'S,EMPAZIO M XR 12.5+1000MG,10'S,Tablet,93.75,,,,,,,TORRENT PHARMACEUTICALS,LTD,,master
AT-EMPAZIO-S-10-100MG-10S,EMPAZIO S 10+100MG TAB 10'S,EMPAZIO S 10+100MG,10'S,Tablet,185.63,,,,,,,TORRENT PHARMACEUTICALS,LTD,,master
AT-EMPAZIO-S-25-100MG-10S,EMPAZIO S 25/100MG TAB 10'S,EMPAZIO S 25/100MG,10'S,Tablet,206.25,,,,,,,TORRENT PHARMACEUTICALS,LTD,,master
AT-EMTY-PEG-ORAL-SOLUTION-100ML,EMTY PEG ORAL SOLUTION 100ML,EMTY PEG ORAL SOLUTION,100 ML,Solution,123.75,Polyethylene Glycol,polyethylene glycol,Polyethylene Glycol,1,,,ALKEM LABORAT. LTD,GESTROKEM,main,stock file
AT-EMTY-PEG-ORAL-SOLUTION-200ML,EMTY PEG ORAL SOLUTION 200ML,EMTY PEG ORAL SOLUTION,200 ML,Solution,323.40,Polyethylene Glycol,polyethylene glycol,Polyethylene Glycol,1,,,ALKEM LABORAT. LTD,GESTROKEM,main,master
AT-EMTY-SOLUTION-100ML,EMTY SOLUTION 100ML,EMTY SOLUTION,100 ML,Solution,131.25,Lactulose 10g/15ml,lactulose 10g/15ml,Lactulose,1,Gastro Intestinal,,ALKEM LABORAT. LTD,GESTROKEM,manual,master
AT-EMTY-SOLUTION-150ML,EMTY SOLUTION 150ML,EMTY SOLUTION,150 ML,Solution,196.88,Sodium Picosulfate,sodium picosulfate,Sodium Picosulfate,1,Gastro Intestinal,,ALKEM LABORAT. LTD,GESTROKEM,main,master
AT-EMTY-SOLUTION-200ML,EMTY SOLUTION 200ML,EMTY SOLUTION,200 ML,Solution,258.30,Sodium Picosulfate,sodium picosulfate,Sodium Picosulfate,1,Gastro Intestinal,,ALKEM LABORAT. LTD,GESTROKEM,main,master
AT-ENCELIN-50-10S,ENCELIN 50 TAB 10,ENCELIN 50,10'S,Tablet,60.94,Vildagliptin,vildagliptin,Vildagliptin,1,,,TORRENT PHARMA,CV LIFE,torrent,stock file
AT-ENCELIN-D10-10S,ENCELIN D10 TAB 10S,ENCELIN D10,10S,Tablet,194.72,Dapagliflozin + Vildagliptin,dapagliflozin+vildagliptin,Dapagliflozin | Vildagliptin,2,,,TORRENT PHARMA,CV LIFE,torrent,stock file
AT-ENCELIN-M-50-1000,ENCELIN M 50/1000,ENCELIN M 50/1000,,,71.11,,,,,,,TORRENT PHARMA,CV LIFE,,stock file
AT-ENCELIN-M-50-1000MG-10S,ENCELIN M 50/1000MG TAB 10'S,ENCELIN M 50/1000MG,10'S,Tablet,85.78,,,,,,,TORRENT PHARMA,CV LIFE,,stock file
AT-ENCELIN-M-50-500,ENCELIN M 50/500 TABS,ENCELIN M 50/500,,Tablet,103.50,,,,,,,TORRENT PHARMA,CV LIFE,,master
AT-ENCELIN-OD-100MG-TAB-10-S-10,ENCELIN OD 100MG TAB 10'S 10,ENCELIN OD 100MG TAB 10'S 10,,Tablet,124.64,,,,,,,TORRENT PHARMA,CV LIFE,,stock file
AT-ENDOREG-14S,ENDOREG CAP 14'S,ENDOREG,14'S,Capsule,821.31,Dienogest 2mg,dienogest 2mg,Dienogest,1,,,JAGSONPAL PHARMA,LTD.NARI DIV,JASONPAL,master
AT-ENERGLITE-PB-EFFERVESCENT,ENERGLITE PB EFFERVESCENT TAB,ENERGLITE PB EFFERVESCENT,,Tablet,360.00,,,,,,,ENICAR PHARMACEUTICALS,PVT.LTD,,master
AT-ENERGVIT-TONIC-220ML,ENERGVIT TONIC SYRUP 220ML,ENERGVIT TONIC,220 ML,Syrup,204.00,Multiminerals + Multivitamins,multiminerals+multivitamins,Multiminerals | Multivitamins,2,,,ENICAR PHARMACEUTICALS,PVT.LTD,main,master
AT-ENGEL-250MG-10S,ENGEL 250MG TAB 10S,ENGEL 250MG,10S,Tablet,117.19,Levofloxacin,levofloxacin,Levofloxacin,1,,,BLUE CROSS LABS LTD,GOLD CROS,main,stock file
AT-ENTEROPLUS-TM-10S,ENTEROPLUS (TM) CAP 10S,ENTEROPLUS (TM),10S,Capsule,280.00,,,,,,,GSK LIMITED TEAM PC2,FORTIOR,,stock file
AT-ENTEROPLUS-TM-1S,ENTEROPLUS (TM) SACHET 1S,ENTEROPLUS (TM),1S,Sachet,35.00,,,,,,,GSK LIMITED TEAM PC2,FORTIOR,,stock file
AT-ENZAR-10000-10S,ENZAR 10000 CAP 10,ENZAR 10000,10'S,Capsule,186.56,Pancreatin Gastro Resistant,pancreatin gastro resistant,Pancreatin Gastro Resistant,1,,,TORRENT PHARMACEUTICALS,LTD,torrent,stock file
AT-ENZAR-40000,ENZAR 40000 CAP,ENZAR 40000,,Capsule,655.31,Pancreatin Gastro Resistant,pancreatin gastro resistant,Pancreatin Gastro Resistant,1,,,TORRENT PHARMA,VISTA,torrent,stock file
AT-ENZAR-FORTE-15S,ENZAR FORTE TABS 15'S,ENZAR FORTE,15'S,Tablet,203.81,Pancreatin + Sodium Tauroglycocholate,pancreatin+sodium tauroglycocholate,Pancreatin | Sodium Tauroglycocholate,2,,,TORRENT PHARMA,VISTA,torrent,master
AT-ENZAR-HS-10S,ENZAR HS CAP 10'S,ENZAR HS,10'S,Capsule,789.23,,,,,,,TORRENT PHARMA,VISTA,,master
AT-ENZICTRA-DS-10S,ENZICTRA DS TAB 10'S,ENZICTRA DS,10'S,Tablet,532.78,Bromelain + Rutoside + Trypsin-Chymotrypsin,bromelain+rutoside+trypsin-chymotrypsin,Bromelain | Rutoside | Trypsin-Chymotrypsin,3,,,ALEMBIC,OSTEOFID,main,master
AT-ENZICTRA-DS-10S-2,ENZICTRA DS TAB 10S,ENZICTRA DS,10S,Tablet,532.78,Bromelain + Rutoside + Trypsin,bromelain+rutoside+trypsin,Bromelain | Rutoside | Trypsin,3,,,ALEMBIC,OSTEOFID,main,stock file
AT-ENZICTRA-10S,ENZICTRA TAB 10S,ENZICTRA,10S,Tablet,296.86,Bromelain + Rutoside + Trypsin,bromelain+rutoside+trypsin,Bromelain | Rutoside | Trypsin,3,,,ALEMBIC,OSTEOFID,main,stock file
AT-ENZOCORT-30MG-10S,ENZOCORT 30MG TAB 10'S,ENZOCORT 30MG,10'S,Tablet,276.56,Deflazacort,deflazacort,Deflazacort,1,,,ALKEM LABORAT. LTD,BERGEN ASTA,main,stock file
AT-ENZOCORT-6MG-10S,ENZOCORT 6MG TAB 10'S,ENZOCORT 6MG,10'S,Tablet,211.40,Deflazacort,deflazacort,Deflazacort,1,,,ALKEM LABORAT. LTD,BERGEN ASTA,main,master
AT-ENZOFLAM-30GM,ENZOFLAM GEL 30GM,ENZOFLAM,30 GM,Gel,107.34,Diclofenac + Linseed Oil + Menthol + Methyl Salicylate,diclofenac+linseed oil+menthol+methyl salicylate,Diclofenac | Linseed Oil | Menthol | Methyl Salicylate,4,,,ALKEM LABORAT. LTD,BERGEN ASTA,main,stock file
AT-ENZOFLAM-MR-10S,ENZOFLAM MR TAB 10'S,ENZOFLAM MR,10'S,Tablet,190.30,Aceclofenac + Chlorzoxazone + Paracetamol,aceclofenac+chlorzoxazone+paracetamol,Aceclofenac | Chlorzoxazone | Paracetamol,3,,,ALKEM LABORATORIES LTD,BERGEN CRISTA,main,stock file
AT-ENZOFLAM-P-10S,ENZOFLAM P TAB 10'S,ENZOFLAM P,10'S,Tablet,72.19,Aceclofenac + Paracetamol,aceclofenac+paracetamol,Aceclofenac | Paracetamol,2,,,ALKEM LABORATORIES LTD,BERGEN CRISTA,main,stock file
AT-ENZOFLAM-SP-10S,ENZOFLAM SP TAB 10'S,ENZOFLAM SP,10'S,Tablet,136.85,Aceclofenac + Paracetamol + Serratiopeptidase,aceclofenac+paracetamol+serratiopeptidase,Aceclofenac | Paracetamol | Serratiopeptidase,3,,,ALKEM LABORATORIES LTD,BERGEN CRISTA,main,master
AT-ENZOFLAM-SV-10S,ENZOFLAM SV TAB 10'S,ENZOFLAM SV,10'S,Tablet,197.34,Aceclofenac + Paracetamol + Serratiopeptidase,aceclofenac+paracetamol+serratiopeptidase,Aceclofenac | Paracetamol | Serratiopeptidase,3,,,ALKEM LABORAT. LTD,BERGEN ASTA,main,stock file
AT-ENZOFLAM-10S,ENZOFLAM TAB 10'S,ENZOFLAM,10'S,Tablet,172.00,Diclofenac 50mg + Paracetamol 325mg + Serratiopeptidase 15mg,diclofenac 50mg+paracetamol 325mg+serratiopeptidase 15mg,Diclofenac | Paracetamol | Serratiopeptidase,3,"Acute Pain, Inflammation and swelling",,ALKEM LABORATORIES LTD,BERGEN CRISTA,manual,master
AT-ENZOFLAM-CT-15,ENZOFLAM-CT TAB 15',ENZOFLAM-CT,15',Tablet,280.31,Aceclofenac + Thiocolchicoside,aceclofenac+thiocolchicoside,Aceclofenac | Thiocolchicoside,2,,,ALKEM LABORATORIES LTD,BERGEN CRISTA,main,stock file
AT-ENZYL-40MG-1S,ENZYL 40MG TAB 1,ENZYL 40MG,1'S,Tablet,"6,037.50",Enzulatamide 40mg,enzulatamide 40mg,Enzulatamide,1,UROLOGY,,SUN PHARMA LABS LTD,UROCARE,sun pharma sheet,stock file
AT-ENZYL-80MG-14S14S,ENZYL 80MG CAP 14S 14S,ENZYL 80MG,14S 14S,Capsule,"6,037.50",Enzulatamide 80mg,enzulatamide 80mg,Enzulatamide,1,UROLOGY,,SUN PHARMA LABS LTD,UROCARE,sun pharma sheet,stock file
AT-ENZYL-TAB-160MG-7S,ENZYL TAB 160MG 7'S,ENZYL TAB 160MG,7'S,Tablet,"6,037.50",,,,,,,SUN PHARMA LABS LTD,UROCARE,,stock file
AT-EOVA-M-100MG-5S,EOVA M 100MG TAB 5'S,EOVA M 100MG,5'S,Tablet,327.19,,,,,,,KOYE ORIGYN PHARMACEUTICAL,GY,,stock file
AT-EOVA-M-50MG-5S,EOVA M 50MG TAB 5'S,EOVA M 50MG,5'S,Tablet,233.44,,,,,,,KOYE ORIGYN PHARMACEUTICAL,GY,,stock file
AT-EOVA-PLUS-100-10S,EOVA PLUS 100 TAB 10'S,EOVA PLUS 100,10'S,Tablet,420.94,,,,,,,KOYE ORIGYN PHARMACEUTICAL,GY,,stock file
AT-EPHEDREX-PLUS-100ML,EPHEDREX PLUS SYP 100ML,EPHEDREX PLUS,100 ML,Syrup,74.63,Ambroxol + Guaifenesin + Terbutaline,ambroxol+guaifenesin+terbutaline,Ambroxol | Guaifenesin | Terbutaline,3,,,ALEMBIC,MEGACARE,main,stock file
AT-EPHEDREX-100ML,EPHEDREX SYP. 100ML,EPHEDREX,100 ML,Syrup,69.23,Bromhexine + Guaifenesin + Terbutaline,bromhexine+guaifenesin+terbutaline,Bromhexine | Guaifenesin | Terbutaline,3,,,ALEMBIC,MEGACARE,main,stock file
AT-EPILYNO-50GM,EPILYNO LOTION 50G,EPILYNO,50 GM,Lotion,525.00,Emollients,emollients,Emollients,1,DERMA,,SUN PHARMA,LTD PRIMA LAND,sun pharma sheet,master
AT-EPILYNO-75GM,EPILYNO LOTION 75G,EPILYNO,75 GM,Lotion,690.00,Emollients,emollients,Emollients,1,DERMA,,SUN PHARMA,LTD PRIMA LAND,sun pharma sheet,master
AT-EQOQ-34MG-7S,EQOQ 34MG TAB 7'S,EQOQ 34MG,7'S,Tablet,"2,500.00",,,,,,,CELAGENEX RESEARCH(INDIA)PVT.LTD.G.Y.,,,stock file
AT-EQOQ-10S,EQOQ TAB 10'S,EQOQ,10'S,Tablet,599.00,L Ergothioneine 0.5mg + Nmn 250mg,l ergothioneine 0.5mg+nmn 250mg,L Ergothioneine | Nmn,2,,,CELAGENEX RESEARCH(INDIA)PVT.LTD.G.Y.,,main,master
AT-EQUIREX-10S,EQUIREX TABS 10`S,EQUIREX,10'S,Tablet,119.03,,,,,,,JAGSONPAL PHARMA LTD,FEMBON,,master
AT-EQUIREX-M-15S,EQUIREX-M TAB 15'S,EQUIREX-M,15'S,Tablet,164.06,,,,,,,JAGSONPAL PHARMA LTD,FEMBON,,master
AT-EQUISULIN-M-30-100IU-CARTRID-3ML,EQUISULIN M 30 100IU CARTRIDGE 3ML,EQUISULIN M 30 100IU CARTRIDGE,3 ML,,220.57,,,,,,,KOYE PHARMACEUTICALS PVT LTD,EQUELA,,stock file
AT-EQUISULIN-M-50-100IU-CARTRID-30ML,EQUISULIN M 50 100IU CARTRIDGE 1*30ML,EQUISULIN M 50 100IU CARTRIDGE 1*,30 ML,,220.57,,,,,,,KOYE PHARMACEUTICALS PVT LTD,EQUELA,,stock file
AT-EQUISULIN-M30-INJ-40IU-10ML,EQUISULIN M30 INJ 40IU 10ML,EQUISULIN M30 INJ 40IU,10 ML,Injection,151.90,,,,,,,KOYE PHARMACEUTICALS PVT LTD,EQUELA,,stock file
AT-EQUISULIN-M50-INJ-40IU-10ML,EQUISULIN M50 INJ 40IU 10ML,EQUISULIN M50 INJ 40IU,10 ML,Injection,143.00,,,,,,,KOYE PHARMACEUTICALS PVT LTD,EQUELA,,stock file
AT-EQUISULIN-R-100IU-CARTRIDGE-3ML,EQUISULIN R 100IU CARTRIDGE 3ML,EQUISULIN R 100IU CARTRIDGE,3 ML,,220.57,,,,,,,KOYE PHARMACEUTICALS PVT LTD,EQUELA,,stock file
AT-EQUISULIN-R-INJ-40IU-10ML,EQUISULIN R INJ 40IU 10ML,EQUISULIN R INJ 40IU,10 ML,Injection,149.10,Human Insulin 40IU/ml + Metacresol W/v 0.25% + Wfi Q.s,human insulin 40iu/ml+metacresol w/v 0.25%+wfi q.s,Human Insulin | Metacresol W/v | Wfi Q.s,3,Human Insulin,Not specified,KOYE PHARMACEUTICALS PVT LTD,EQUELA,koye,stock file
AT-ESAM-2-5-10S,ESAM 2.5 TAB 10 S,ESAM 2.5,10 S,Tablet,64.13,S-Amlodipine 2.5mg,s-amlodipine 2.5mg,S-Amlodipine,1,,,TORRENT PHARMA,PSYCAN CND,torrent,stock file
AT-ESAM-5-10S,ESAM 5 TAB 10 S,ESAM 5,10 S,Tablet,84.47,S-Amlodipine 5mg,s-amlodipine 5mg,S-Amlodipine,1,,,TORRENT PHARMA,PSYCAN CND,torrent,stock file
AT-ESAM-AT-10S,ESAM AT TAB 10 S,ESAM AT,10 S,Tablet,116.95,Atenolol + S-Amlodipine Besylate,atenolol+s-amlodipine besylate,Atenolol | S-Amlodipine Besylate,2,,,TORRENT PHARMA,PSYCAN CND,torrent,stock file
AT-ESCOR-Z-20MG-20S,ESCOR Z 20MG TAB 20'S,ESCOR Z 20MG,20'S,Tablet,422.65,Escitalopram,escitalopram,Escitalopram,1,,,ALKEM LABORATORIES LTD,ADROIT,main,master
AT-ESCOR-Z-20MG-TAB-ORANGE-20S,ESCOR Z 20MG TAB ORANGE 20'S,ESCOR Z 20MG TAB ORANGE,20'S,Tablet,422.65,Escitalopram,escitalopram,Escitalopram,1,,,ALKEM LABORATORIES LTD,ADROIT,main,stock file
AT-ESOKEM-20MG-10S,ESOKEM 20MG TAB 10'S,ESOKEM 20MG,10'S,Tablet,48.70,Esomeprazole Gastro Resistant 20mg,esomeprazole gastro resistant 20mg,Esomeprazole Gastro Resistant,1,GI Anti-Ulcerant,,ALKEM LABORATRIES LTD,ACE-ALTIS,manual,master
AT-ESOKEM-40MG-10S,ESOKEM 40MG TAB 10'S,ESOKEM 40MG,10'S,Tablet,124.69,Esomeprazole,esomeprazole,Esomeprazole,1,GI Anti-Ulcerant,,ALKEM LABORATRIES LTD,ACE-ALTIS,main,stock file
AT-ESOKEM-D-10S,ESOKEM D CAP 10'S,ESOKEM D,10'S,Capsule,136.88,Domperidone 30mg + Esomeprazole 40mg,domperidone 30mg+esomeprazole 40mg,Domperidone | Esomeprazole,2,GI Anti-Ulcerant,,ALKEM LABORATRIES LTD,ACE-ALTIS,alkem,stock file
AT-ESOKEM-L,ESOKEM L CAPS,ESOKEM L,,Capsule,211.88,Esomeprazole + Levosulpiride,esomeprazole+levosulpiride,Esomeprazole | Levosulpiride,2,,,ALKEM LABORATRIES LTD,ACE-ALTIS,main,stock file
AT-ESOLEMBIC-40MG-15S,ESOLEMBIC 40MG TAB 15'S,ESOLEMBIC 40MG,15'S,Tablet,99.42,Esomeprazole,esomeprazole,Esomeprazole,1,,,ALEMBIC,OSTEOFID,main,master
AT-ESOLEMBIC-D-15S,ESOLEMBIC-D CAP 15'S,ESOLEMBIC-D,15'S,Capsule,108.94,Domperidone + Esomeprazole,domperidone+esomeprazole,Domperidone | Esomeprazole,2,,,ALEMBIC,MAXIS,main,master
AT-ESPAZINE-1MG-10S,ESPAZINE 1MG TABS 10'S,ESPAZINE 1MG,10'S,Tablet,26.34,,,,,,,GSK LIMITED,NEUROSCIENCE,,stock file
AT-ESPAZINE-5MG-10S,ESPAZINE 5MG TABS 10'S,ESPAZINE 5MG,10'S,Tablet,27.47,,,,,,,GSK LIMITED,NEUROSCIENCE,,stock file
AT-ESPERAL-250-10S,ESPERAL 250 TAB 10S,ESPERAL 250,10S,Tablet,54.04,Disulfiram 250mg,disulfiram 250mg,Disulfiram,1,,,TORRENT PHARMACEUTICALS,MIND,torrent,master
AT-ESPUMISAN-ENDO-15ML,ESPUMISAN ENDO 15ML,ESPUMISAN ENDO,15 ML,,38.44,Simethicone,simethicone,Simethicone,1,,,A.MENARINI,,main,stock file
AT-ESPUMISAN-GOLD-10,ESPUMISAN GOLD 10 CAP,ESPUMISAN GOLD 10,,Capsule,64.69,Simethicone,simethicone,Simethicone,1,,,A.MENARINI,,main,stock file
AT-ESTROPLUS-21S,ESTROPLUS TAB 21'S,ESTROPLUS,21'S,Tablet,620.90,Ethinylestradiol + Levonorgestrel,ethinylestradiol+levonorgestrel,Ethinylestradiol | Levonorgestrel,2,,,ALEMBIC,ZENOVI,main,master
AT-ESTROPLUS-21S-2,ESTROPLUS TAB 21S,ESTROPLUS,21S,Tablet,620.90,Estradiol + Norethisterone,estradiol+norethisterone,Estradiol | Norethisterone,2,,,ALEMBIC,ZENOVI,main,stock file
AT-ESURANCE-25S,ESURANCE TAB 25'S,ESURANCE,25'S,Tablet,380.06,,,,,,,KOYE ORIGYN PHARMACEUTICAL,GY,,stock file
AT-ETERNA-10ML-MULTIDOSE,ETERNA 10ML MULTIDOSE,ETERNA 10ML MULTIDOSE,,,37.38,Lubricating,lubricating,Lubricating,1,,,BLUE CROSS LABS LTD,GOLD CROS,main,master
AT-ETERNA-MD-TAB-4MG-10TAB,ETERNA MD TAB 4MG,ETERNA MD TAB 4MG,10 TAB,Tablet,32.81,Ondansetron 4mg,ondansetron 4mg,Ondansetron,1,,,BLUE CROSS LABS LTD,GOLD CROS,manual,master
AT-ETERNEX-M-1000-10S,ETERNEX M 1000 TAB 10S,ETERNEX M 1000,10S,Tablet,180.47,Metformin + Teneligliptin,metformin+teneligliptin,Metformin | Teneligliptin,2,,,ALEMBIC,CARDIGEM,main,stock file
AT-ETERNEX-M-500-10S,ETERNEX M 500 TAB 10'S,ETERNEX M 500,10'S,Tablet,198.56,Metformin + Teneligliptin 20mg,metformin+teneligliptin 20mg,Metformin | Teneligliptin,2,,,ALEMBIC,CARDIGEM,manual,master
AT-ETERNEX-T-10S,ETERNEX-T TAB 10'S,ETERNEX-T,10'S,Tablet,116.44,Metformin + Teneligliptin,metformin+teneligliptin,Metformin | Teneligliptin,2,,,ALEMBIC,CARDIGEM,main,master
AT-ETIXETY-50MG-10S,ETIXETY 50MG CAP 10'S,ETIXETY 50MG,10'S,Capsule,95.00,,,,,,,TORRENT PHARMACEUTICALS,LTD,,master
AT-ETORNEXT-ER-10S,ETORNEXT ER TAB 10'S,ETORNEXT ER,10'S,Tablet,244.03,Etodolac 600mg,etodolac 600mg,Etodolac,1,,,ALEMBIC,OSTEOFID,manual,master
AT-ETORNEXT-ER-10S-2,ETORNEXT ER TAB 10S,ETORNEXT ER,10S,Tablet,244.03,Etoricoxib,etoricoxib,Etoricoxib,1,,,ALEMBIC,OSTEOFID,main,stock file
AT-ETORNEXT-P-10S,ETORNEXT P TAB 10S,ETORNEXT P,10S,Tablet,78.75,Etoricoxib + Paracetamol,etoricoxib+paracetamol,Etoricoxib | Paracetamol,2,,,ALEMBIC,OSTEOFID,main,stock file
AT-ETORNEXT-TH-4MG-10S,ETORNEXT TH 4MG TAB 10S,ETORNEXT TH 4MG,10S,Tablet,264.94,Etoricoxib + Thiocolchicoside,etoricoxib+thiocolchicoside,Etoricoxib | Thiocolchicoside,2,,,ALEMBIC,OSTEOFID,main,stock file
AT-ETOXIB-120-10S,ETOXIB 120 TAB 10,ETOXIB 120,10'S,Tablet,139.45,,,,,,,TORRENT PHARMA,VITUS,,stock file
AT-ETOXIB-60-10S,ETOXIB 60 TAB 10,ETOXIB 60,10'S,Tablet,83.81,,,,,,,TORRENT PHARMA,VITUS,,stock file
AT-ETOXIB-90-10S,ETOXIB 90 TAB 10,ETOXIB 90,10'S,Tablet,128.96,,,,,,,TORRENT PHARMA,VITUS,,stock file
AT-ETRIK-120MG-10S,ETRIK 120MG TAB 10'S,ETRIK 120MG,10'S,Tablet,208.31,Etoricoxib,etoricoxib,Etoricoxib,1,,,ALEMBIC,ENTERON,main,master
AT-ETRIK-60MG-10S,ETRIK 60MG TABS 10'S,ETRIK 60MG,10'S,Tablet,118.88,Etoricoxib,etoricoxib,Etoricoxib,1,,,ALEMBIC,ENTERON,main,stock file
AT-ETRIK-90MG-10S,ETRIK 90MG TABS 10'S,ETRIK 90MG,10'S,Tablet,185.25,Etoricoxib,etoricoxib,Etoricoxib,1,,,ALEMBIC,ENTERON,main,stock file
AT-ETRIK-MR-10S,ETRIK MR TAB 10'S,ETRIK MR,10'S,Tablet,303.75,Etoricoxib + Thiocolchicoside,etoricoxib+thiocolchicoside,Etoricoxib | Thiocolchicoside,2,,,ALEMBIC,ENTERON,main,master
AT-ETRIK-P-10S,ETRIK P TAB 10'S,ETRIK P,10'S,Tablet,144.89,Etoricoxib + Paracetamol,etoricoxib+paracetamol,Etoricoxib | Paracetamol,2,,,ALEMBIC,ENTERON,main,master
AT-ETROBAX-120MG-10S,ETROBAX 120MG TABS 10'S,ETROBAX 120MG,10'S,Tablet,225.00,Etoricoxib 120mg,etoricoxib 120mg,Etoricoxib,1,PAIN / ANALGESICS,,SUN PHARMA LAB.LTD,CROSSLAND-LIFE,sun pharma sheet,master
AT-ETROBAX-60MG-10S,ETROBAX 60MG TABS 10'S,ETROBAX 60MG,10'S,Tablet,136.88,Etoricoxib 60mg,etoricoxib 60mg,Etoricoxib,1,PAIN / ANALGESICS,,SUN PHARMA LAB.LTD,CROSSLAND-LIFE,sun pharma sheet,master
AT-ETROBAX-90MG-10S,ETROBAX 90MG TABS 10'S,ETROBAX 90MG,10'S,Tablet,185.16,Etoricoxib 90mg,etoricoxib 90mg,Etoricoxib,1,PAIN / ANALGESICS,,SUN PHARMA LAB.LTD,CROSSLAND-LIFE,sun pharma sheet,master
AT-ETROBAX-MR-4-10S,ETROBAX MR 4 TAB 10'S,ETROBAX MR 4,10'S,Tablet,111.56,,,,,,,SUN PHARMA LAB.LTD,CROSSLAND-LIFE,,stock file
AT-ETRU-90MG-10S,ETRU 90MG TAB 10'S,ETRU 90MG,10'S,Tablet,168.75,,,,,,,WALLACE PHARMACEUTICALS,LTD,,master
AT-ETRU-MR-10S,ETRU MR TAB 10'S,ETRU MR,10'S,Tablet,300.00,,,,,,,WALLACE PHARMACEUTICALS,LTD,,master
AT-ETZIC-0-25-10S,ETZIC 0.25 TAB 1*10,ETZIC 0.25,10'S,Tablet,50.53,Clonazepam,clonazepam,Clonazepam,1,,,ARRIENT HEALTHCARE,(NEUROX)PRIVATE LIM,main,master
AT-ETZIC-0-5-10S,ETZIC 0.5 TAB 1*10,ETZIC 0.5,10'S,Tablet,67.50,Clonazepam,clonazepam,Clonazepam,1,,,ARRIENT HEALTHCARE,(NEUROX)PRIVATE LIM,main,master
AT-ETZIC-BETA-10S,ETZIC BETA TAB 10'S,ETZIC BETA,10'S,Tablet,77.81,Propranolol,propranolol,Propranolol,1,,,ARRIENT HEALTHCARE,(NEUROX)PRIVATE LIM,main,master
AT-ETZIC-LITE-10S,ETZIC LITE TAB 1*10,ETZIC LITE,10'S,Tablet,128.90,Escitalopram,escitalopram,Escitalopram,1,,,ARRIENT HEALTHCARE,(NEUROX)PRIVATE LIM,main,master
AT-ETZIC-PLUS-10MG-10S,ETZIC PLUS 10MG TAB 1*10,ETZIC PLUS 10MG,10'S,Tablet,175.31,Clonazepam + Escitalopram,clonazepam+escitalopram,Clonazepam | Escitalopram,2,,,ARRIENT HEALTHCARE,(MERAKUS)PRIVATE LIM,main,master
AT-ETZIC-PLUS-5MG-10S,ETZIC PLUS 5MG TAB 1*10,ETZIC PLUS 5MG,10'S,Tablet,92.81,Clonazepam + Escitalopram,clonazepam+escitalopram,Clonazepam | Escitalopram,2,,,ARRIENT HEALTHCARE,(MERAKUS)PRIVATE LIM,main,master
AT-ETZIC-E-10S,ETZIC-E TAB 10'S,ETZIC-E,10'S,Tablet,87.65,Escitalopram,escitalopram,Escitalopram,1,,,ARRIENT HEALTHCARE,(MERAKUS)PRIVATE LIM,main,master
AT-EUCLIDE-40MG-10S,EUCLIDE 40MG TABS 10'S,EUCLIDE 40MG,10'S,Tablet,40.22,Gliclazide 40mg,gliclazide 40mg,Gliclazide,1,ANTI-DIABETES,,ALKEM LABORATRIES LTD,METANEXT,alkem,stock file
AT-EUCLIDE-80MG-10S,EUCLIDE 80MG TABS 10'S,EUCLIDE 80MG,10'S,Tablet,119.50,Gliclazide 80mg,gliclazide 80mg,Gliclazide,1,ANTI-DIABETES,,ALKEM LABORATRIES LTD,METANEXT,alkem,master
AT-EUCLIDE-M-30-OD-10S,EUCLIDE M 30 OD TAB 10'S,EUCLIDE M 30 OD,10'S,Tablet,110.15,Gliclazide + Metformin,gliclazide+metformin,Gliclazide | Metformin,2,,,ALKEM LABORATRIES LTD,METANEXT,main,master
AT-EUCLIDE-M-60-OD-10S,EUCLIDE M 60 OD TAB 10'S,EUCLIDE M 60 OD,10'S,Tablet,170.15,Gliclazide + Metformin,gliclazide+metformin,Gliclazide | Metformin,2,,,ALKEM LABORATRIES LTD,METANEXT,main,master
AT-EUCLIDE-M-15S,EUCLIDE M TABS 15'S,EUCLIDE M,15'S,Tablet,266.72,Gliclazide 80mg + Metformin 500mg,gliclazide 80mg+metformin 500mg,Gliclazide | Metformin,2,,,ALKEM LABORATRIES LTD,METANEXT,manual,master
AT-EUCLIDE-XR-60-10S,EUCLIDE XR 60 TAB 10'S,EUCLIDE XR 60,10'S,Tablet,101.25,Gliclazide,gliclazide,Gliclazide,1,,,ALKEM LABORATRIES LTD,METANEXT,main,stock file
AT-EUGI-PRO-5ML,EUGI PRO DROPS 5ML,EUGI PRO,5 ML,Drops,34.69,,,,,,,WALLACE PHARMACEUTICALS LTD,GASTROVA,,stock file
AT-EUKARIT-200MG-4S,EUKARIT 200MG TAB 4S,EUKARIT 200MG,4S,Tablet,131.25,Hydroxychloroquine,hydroxychloroquine,Hydroxychloroquine,1,,,ALKEM LABORATORIES LTD,ADROIT,main,stock file
AT-EUMOSONE-M-SKIN-15GM,EUMOSONE M SKIN CREAM 15GM,EUMOSONE M SKIN,15 GM,Cream,138.70,Miconazole + Mometasone,miconazole+mometasone,Miconazole | Mometasone,2,,,GSK LIMITED,DERMA ACE TEAM 2,main,master
AT-EUMOSONE-SKIN-15GM,EUMOSONE SKIN CREAM 15GM,EUMOSONE SKIN,15 GM,Cream,114.38,Mometasone,mometasone,Mometasone,1,,,GSK LIMITED,DERMA ACE TEAM 2,main,master
AT-EUNOZIT-10MG-10S,EUNOZIT-10MG CAP 10S,EUNOZIT-10MG,10S,Capsule,131.25,Isotretinoin,isotretinoin,Isotretinoin,1,,,ALKEM LAB,LTD DERMAKEM,main,stock file
AT-EUNOZIT-20MG-10S,EUNOZIT-20MG CAP 10S,EUNOZIT-20MG,10S,Capsule,216.56,Isotretinoin,isotretinoin,Isotretinoin,1,,,ALKEM LAB,LTD DERMAKEM,main,stock file
AT-EUREPA-0-5-10S,EUREPA 0.5 TAB 10S,EUREPA 0.5,10S,Tablet,169.25,Repaglinide 0.25mg,repaglinide 0.25mg,Repaglinide,1,,,TORRENT PHARMA,SPECTRA,torrent,master
AT-EUREPA-1-10S,EUREPA 1 TAB 10S,EUREPA 1,10S,Tablet,318.00,Repaglinide 0.25mg,repaglinide 0.25mg,Repaglinide,1,,,TORRENT PHARMA,SPECTRA,torrent,master
AT-EUREPA-2-10S,EUREPA 2 TAB 10S,EUREPA 2,10S,Tablet,325.73,Repaglinide 0.25mg,repaglinide 0.25mg,Repaglinide,1,,,TORRENT PHARMA,SPECTRA,torrent,stock file
AT-EUREPA-MF-1-10S,EUREPA MF 1 TAB 10S,EUREPA MF 1,10S,Tablet,149.02,,,,,,,TORRENT PHARMA,SPECTRA,,stock file
AT-EUREPA-MF-2-10S,EUREPA MF 2 TAB 10S,EUREPA MF 2,10S,Tablet,298.97,,,,,,,TORRENT PHARMA,SPECTRA,,stock file
AT-EUREPA-V-0-5-0-2MG-10S,EUREPA V 0.5/0.2MG TAB 10'S,EUREPA V 0.5/0.2MG,10'S,Tablet,138.47,,,,,,,TORRENT PHARMA,SPECTRA,,master
AT-EUREPA-V-0-5-0-3MG-10S,EUREPA V 0.5/0.3MG TAB 10'S,EUREPA V 0.5/0.3MG,10'S,Tablet,151.85,,,,,,,TORRENT PHARMA,SPECTRA,,master
AT-EUREPA-V-1-0-2MG-10S,EUREPA V 1/0.2MG TAB 10'S,EUREPA V 1/0.2MG,10'S,Tablet,199.55,,,,,,,TORRENT PHARMA,SPECTRA,,master
AT-EUREPA-V-1-0-3MG-10S,EUREPA V 1/0.3MG TAB 10'S,EUREPA V 1/0.3MG,10'S,Tablet,210.00,,,,,,,TORRENT PHARMA,SPECTRA,,master
AT-EVACTIVE-10S,EVACTIVE CAP 10S,EVACTIVE,10S,Capsule,140.63,,,,,,,"RPG LIFE SCIENCES L..,",SEARLE,,stock file
AT-EVACTIVE-20GM,EVACTIVE GEL 20GM,EVACTIVE,20 GM,Gel,574.05,,,,,,,"RPG LIFE SCIENCES L..,",SEARLE,,stock file
AT-EVACTIVE-WASH-100ML,EVACTIVE WASH 100ML,EVACTIVE WASH,100 ML,,155.75,,,,,,,"RPG LIFE SCIENCES L..,",SEARLE,,stock file
AT-EVACURE-4-10S,EVACURE 4 TAB 10'S,EVACURE 4,10'S,Tablet,450.00,Ondansetron,ondansetron,Ondansetron,1,,,ALKEM LABORATRIES LTD,ACE-ALTIS,main,stock file
AT-EVALON-1-MG-15GM,EVALON 1 MG/15GM CREAM,EVALON 1 MG/,15 GM,Cream,524.06,,,,,,,TORRENT PHARMA,VIVA,,master
AT-EVALON-1MG-30S,EVALON 1MG 30'S,EVALON 1MG,30'S,,139.22,Estriol,estriol,Estriol,1,,,TORRENT PHARMA,VIVA,torrent,stock file
AT-EVARAFT-SUSPEN-150ML,EVARAFT SUSPEN. 150ML,EVARAFT SUSPEN,150 ML,,157.41,Calcium Carbonate + Sodium Alginate + Sodium Bicarbonate,calcium carbonate+sodium alginate+sodium bicarbonate,Calcium Carbonate | Sodium Alginate | Sodium Bicarbonate,3,,,ALEMBIC,GASTRON,main,stock file
AT-EVARAFT-SUSPENSION-150ML,EVARAFT SUSPENSION 150ML,EVARAFT SUSPENSION,150 ML,Suspension,157.41,Calcium Carbonate + Sodium Alginate + Sodium Bicarbonate,calcium carbonate+sodium alginate+sodium bicarbonate,Calcium Carbonate | Sodium Alginate | Sodium Bicarbonate,3,,,ALEMBIC,GASTRON,main,master
AT-EVECARE-CAPSULS-30S,EVECARE CAPSULS 30S,EVECARE CAPSULS,30S,,150.00,,,,,,,HIMALAYA DRUG COMPANY ZANDRA,,,stock file
AT-EVECARE-FORTE-200ML,EVECARE FORTE SYP 200ML,EVECARE FORTE,200 ML,Syrup,257.00,Ashoka + Lodhra,ashoka+lodhra,Ashoka | Lodhra,2,Neem + Turmeric + Manjistha,PURIM TABS,HIMALAYA DRUG COMPANY ZANDRA,,main,master
AT-EVECARE-200ML,EVECARE SYP 200ML,EVECARE,200 ML,Syrup,215.00,Amla + Ashwagandha + Chyawanprash Base,amla+ashwagandha+chyawanprash base,Amla | Ashwagandha | Chyawanprash Base,3,Varuna + Gokshura + Punarnava,RENALKA SUSP,HIMALAYA DRUG COMPANY ZANDRA,,main,master
AT-EXANPLE-PEN,EXANPLE PEN,EXANPLE PEN,,,"2,718.75",,,,,,,KOYE PHARMACEUTICALS PVT LTD,EQUELA,,stock file
AT-EXCERAFT-SUSPENSION-200ML,EXCERAFT SUSPENSION 200ML,EXCERAFT SUSPENSION,200 ML,Suspension,209.81,Calcium Carbonate + Sodium Alginate + Sodium Bicarbonate,calcium carbonate+sodium alginate+sodium bicarbonate,Calcium Carbonate | Sodium Alginate | Sodium Bicarbonate,3,,,ALEMBIC,GASTRON,main,master
AT-EXEL-30GM,EXEL CREAM 30GM.,EXEL,30 GM,Cream,185.63,,,,,,,SUN PHARMACEUTICAL,ORTUS,,master
AT-EXEL-GN-15GM,EXEL GN CREAM 15GM,EXEL GN,15 GM,Cream,93.75,,,,,,,SUN PHARMACEUTICAL,ORTUS,,master
AT-EXEL-M-SKIN-16GM,EXEL M SKIN CREAM 16GM,EXEL M SKIN,16 GM,Cream,130.31,,,,,,,SUN PHARMACEUTICAL,ORTUS,,master
AT-EXENTA-25MG-10S,EXENTA 25MG TAB 10'S,EXENTA 25MG,10'S,Tablet,253.64,Eplerenone,eplerenone,Eplerenone,1,,,ALEMBIC,SPECIA,manual,master
AT-EXENTA-50-MG-10S,EXENTA 50 MG TAB 10 S,EXENTA 50 MG,10 S,Tablet,253.64,Vildagliptin,vildagliptin,Vildagliptin,1,,,ALEMBIC,SPECIA,main,stock file
AT-EXENTA-T-10-MG-20S,EXENTA T 10 MG TAB 20 S,EXENTA T 10 MG,20 S,Tablet,331.03,Empagliflozin + Teneligliptin,empagliflozin+teneligliptin,Empagliflozin | Teneligliptin,2,,,ALEMBIC,SPECIA,main,stock file
AT-EXENTA-T-20-MG-10S,EXENTA T 20 MG TAB 10 S,EXENTA T 20 MG,10 S,Tablet,280.36,Empagliflozin + Teneligliptin,empagliflozin+teneligliptin,Empagliflozin | Teneligliptin,2,,,ALEMBIC,SPECIA,main,stock file
AT-EXIZOL-SHAMPOO-50ML,EXIZOL SHAMPOO 50ML,EXIZOL SHAMPOO,50 ML,Shampoo,459.38,,,,,,,SUN PHARMACEUTICAL,ORTUS,,master
AT-EXMITE-750-10S,EXMITE 750 TAB 10,EXMITE 750,10'S,Tablet,111.56,,,,,,,NEO LIFE SCIENCES,,,stock file
AT-EXTACEF-100-DT-10S,EXTACEF 100 DT TAB 10'S,EXTACEF 100 DT,10'S,Tablet,79.69,Cefpodoxime Proxetil,cefpodoxime proxetil,Cefpodoxime Proxetil,1,,,BLUE CROSS LABS,LTD,main,stock file
AT-EXTACEF-200-DT-10S,EXTACEF 200 DT TAB 10'S,EXTACEF 200 DT,10'S,Tablet,92.81,Cefixime,cefixime,Cefixime,1,,,BLUE CROSS LABS,LTD,main,master
AT-EXTACEF-50-DT,EXTACEF 50 DT TABS,EXTACEF 50 DT,,Tablet,47.81,Cefpodoxime Proxetil,cefpodoxime proxetil,Cefpodoxime Proxetil,1,,,BLUE CROSS LABS,LTD,main,stock file
AT-EXTACEF-10ML,EXTACEF DROPS 10ML,EXTACEF,10 ML,Drops,84.37,Cefixime,cefixime,Cefixime,1,,,BLUE CROSS LABS,LTD,main,master
AT-EXTACEF-P-DRY-30ML,EXTACEF P DRY SYP. 30ML.,EXTACEF P DRY,30 ML,Dry Syrup,50.63,Cefpodoxime Proxetil,cefpodoxime proxetil,Cefpodoxime Proxetil,1,,,BLUE CROSS LABS,LTD,main,stock file
AT-EXTACEF-PLUS-10S,EXTACEF PLUS TAB 10'S,EXTACEF PLUS,10'S,Tablet,136.88,Cefpodoxime Proxetil + Clavulanic Acid,cefpodoxime proxetil+clavulanic acid,Cefpodoxime Proxetil | Clavulanic Acid,2,,,BLUE CROSS LABS,LTD,main,stock file
AT-EXTACEF-I-1GM,EXTACEF-I 1G INJ,EXTACEF-I,10 ML,Injection,65.44,Ceftriaxone,ceftriaxone,Ceftriaxone,1,,,BLUE CROSS LABS,LTD,main,master
AT-EXTACEF-XL-10ML,EXTACEF-XL 1.5G INJ. 10ML,EXTACEF-XL,10 ML,Injection,155.16,Ceftriaxone + Sulbactam,ceftriaxone+sulbactam,Ceftriaxone | Sulbactam,2,,,BLUE CROSS LABS,LTD,main,stock file
AT-EXTRA-MOISTURIZING-SOAP-125,EXTRA MOISTURIZING SOAP 125,EXTRA MOISTURIZING SOAP 125,,Soap,56.96,,,,,,,HIMALIYA DRUGS BABY CARE,,,stock file
AT-EXTRA-MOISTURIZING-SOAP-75GM,EXTRA MOISTURIZING SOAP 75GM,EXTRA MOISTURIZING SOAP,75 GM,Soap,39.16,,,,,,,HIMALIYA DRUGS BABY CARE,,,stock file
AT-EZITRIP-10S,EZITRIP TAB 10,EZITRIP,10'S,Tablet,25.40,Amitriptyline,amitriptyline,Amitriptyline,1,,,ARRIENT HEALTHCARE,(NEUROX)PRIVATE LIM,main,master
AT-EZURIC-25MG-10S,EZURIC-25MG TAB 10S,EZURIC-25MG,10S,Tablet,231.56,Febuxostat,febuxostat,Febuxostat,1,Heart Failure Management,,ALKEM LBT LTD,(imperia)CARDIO-2,main,stock file
AT-EZURIC-50MG-10S,EZURIC-50MG TAB 10S,EZURIC-50MG,10S,Tablet,271.88,Febuxostat,febuxostat,Febuxostat,1,Heart Failure Management,,ALKEM LBT LTD,(imperia)CARDIO-2,main,stock file
AT-F-TRACIN-10S,F-TRACIN TAB 10'S,F-TRACIN,10'S,Tablet,103.13,Fluconazole,fluconazole,Fluconazole,1,,,CAVIN PHARMACEUTICALS,,main,master
AT-FAMELIAL-F-10S,FAMELIAL F TAB 10'S,FAMELIAL F,10'S,Tablet,222.45,Ferrous Ascorbate + Folic Acid,ferrous ascorbate+folic acid,Ferrous Ascorbate | Folic Acid,2,,,ALKEM LABORAT. LTD,ASCENDA,main,master
AT-FAMELIAL-M-10S,FAMELIAL M TAB 10'S,FAMELIAL M,10'S,Tablet,288.30,Alpha Lipoic Acid + Folic Acid + Methylcobalamin + Pyridoxine,alpha lipoic acid+folic acid+methylcobalamin+pyridoxine,Alpha Lipoic Acid | Folic Acid | Methylcobalamin | Pyridoxine,4,,,ALKEM LABORAT. LTD,ASCENDA,main,stock file
AT-FAROMIL-10S,FAROMIL TAB 10'S,FAROMIL,10'S,Tablet,199.00,Faropenem,faropenem,Faropenem,1,,,ANDROMEDA PHARMACEUTICALS,P. L,main,master
AT-FARONEM-CV-10S,FARONEM CV TAB 10'S,FARONEM CV,10'S,Tablet,"1,387.00",,,,,,,SUN PHARMA LAB.LTD,CROSSLAND-LIFE,,master
AT-FARONEM-ER,FARONEM ER TABS,FARONEM ER,,Tablet,"1,335.94",,,,,,,SUN PHARMA LAB.LTD,CROSSLAND-LIFE,,master
AT-FARONEM-30ML,FARONEM SYRUP 30ML,FARONEM,30 ML,Syrup,234.38,,,,,,,SUN PHARMA LAB.LTD,CROSSLAND-LIFE,,master
AT-FARONEM-TAB-200MG-10S,FARONEM TAB 200MG 10'S,FARONEM TAB 200MG,10'S,Tablet,"1,096.88",Faropenem 200mg,faropenem 200mg,Faropenem,1,ANTI-INFECTIVES,,SUN PHARMA LAB.LTD,CROSSLAND-LIFE,sun pharma sheet,master
AT-FARORIGHT-200-MG-10S,FARORIGHT 200 MG TAB 10'S,FARORIGHT 200 MG,10'S,Tablet,"1,096.88",,,,,,,SUN PHARMA LABS.LTD,MAXXIM,,master
AT-FARORIGHT-ER-300-MG-10S,FARORIGHT ER 300 MG TAB 10'S,FARORIGHT ER 300 MG,10'S,Tablet,"1,335.94",,,,,,,SUN PHARMA LABS.LTD,MAXXIM,,master
AT-FAROTIVE-300-ER-6S,FAROTIVE 300 ER TAB 6S,FAROTIVE 300 ER,6S,Tablet,585.94,,,,,Anti-infective,Not specified,KOYE PHARMACEUTICALS,P.LTD,,stock file
AT-FAROTIVE-CV-6S,FAROTIVE-CV TAB 6'S,FAROTIVE-CV,6'S,Tablet,553.13,,,,,,,KOYE PHARMACEUTICALS,P.LTD,,stock file
AT-FASTUM-30GM,FASTUM GEL 30GM,FASTUM,30 GM,Gel,94.69,Ketoprofen,ketoprofen,Ketoprofen,1,,,A.MENARINI,,main,stock file
AT-FAVIBLU-200MG-10S,FAVIBLU 200MG TAB 10'S,FAVIBLU 200MG,10'S,Tablet,300.00,Favipiravir,favipiravir,Favipiravir,1,,,BLUE CROSS LABS,LTD,main,stock file
AT-FAVIBLUZ-400MG,FAVIBLUZ 400MG TABS,FAVIBLUZ 400MG,,Tablet,515.63,Favipiravir,favipiravir,Favipiravir,1,,,BLUE CROSS LABS,LTD,main,stock file
AT-FE-SAR-PLUS-10S,FE-SAR PLUS TAB 10'S,FE-SAR PLUS,10'S,Tablet,117.18,,,,,,,SALASAR PHARMACEUTICALS,,,master
AT-FEB-RP-40MG-15S,FEB-RP 40MG TAB 1*15'S,FEB-RP 40MG,15'S,Tablet,187.50,,,,,,,RPG LIFE SCIENCE LTD,GLODIAN,,master
AT-FEB-RP-80MG-15S,FEB-RP 80MG TAB 1*15'S,FEB-RP 80MG,15'S,Tablet,322.50,,,,,,,RPG LIFE SCIENCE LTD,GLODIAN,,master
AT-FEBREX-CCF-DROP-15ML,FEBREX CCF DROP 15ML.,FEBREX CCF DROP,15 ML,Drops,49.50,Ambroxol 7.5mg + Chlorpheniramine Maleate 1mg + Paracetamol 125mg + Phenylephrine 2.5mg,ambroxol 7.5mg+chlorpheniramine maleate 1mg+paracetamol 125mg+phenylephrine 2.5mg,Ambroxol | Chlorpheniramine Maleate | Paracetamol | Phenylephrine,4,Respiratory Anticold,,INDOCO REMEDIES LTD,SPADE,INDOCO,stock file
AT-FEBREX-CCF-60ML,FEBREX CCF SYP 60ML.,FEBREX CCF,60 ML,Syrup,54.38,Ambroxol 7.5mg + Chlorpheniramine Maleate 1mg + Paracetamol 125mg + Phenylephrine 2.5mg,ambroxol 7.5mg+chlorpheniramine maleate 1mg+paracetamol 125mg+phenylephrine 2.5mg,Ambroxol | Chlorpheniramine Maleate | Paracetamol | Phenylephrine,4,Respiratory Anticold,,INDOCO REMEDIES LTD,SPADE,INDOCO,stock file
AT-FEBREX-CCF-10S,FEBREX CCF TAB 10'S,FEBREX CCF,10'S,Tablet,42.09,Ambroxol Hcl 30mg + Chlorpheniramine Maleate 2mg + Guaifenesin 100mg + Paracetamol 500mg + Phenylephrine Hcl 10mg,ambroxol hcl 30mg+chlorpheniramine maleate 2mg+guaifenesin 100mg+paracetamol 500mg+phenylephrine hcl 10mg,Ambroxol Hcl | Chlorpheniramine Maleate | Guaifenesin | Paracetamol | Phenylephrine Hcl,5,Respiratory Anticold,,INDOCO REMEDIES LTD,SPADE,INDOCO,stock file
AT-FEBREX-LP-10S,FEBREX LP TAB 10'S,FEBREX LP,10'S,Tablet,68.26,,,,,,,INDOCO REMEDIES LTD,SPADE,,stock file
AT-FEBREX-PLUS-60ML,FEBREX PLUS 60ML SYP,FEBREX PLUS,60 ML,Syrup,100.31,Chlorpheniramine Maleate Per 1mg + Paracetamol 125mg + Phenylephrine Hcl 5mg,chlorpheniramine maleate per 1mg+paracetamol 125mg+phenylephrine hcl 5mg,Chlorpheniramine Maleate Per | Paracetamol | Phenylephrine Hcl,3,Respiratory Anticold,,INDOCO REMEDIES LTD,SPADE,INDOCO,master
AT-FEBREX-PLUS-AF-15ML,FEBREX PLUS AF DROPS 15ML,FEBREX PLUS AF,15 ML,Drops,79.03,Chlorpheniramine Maleate Per 2mg + Phenylephrine Hcl 5mg,chlorpheniramine maleate per 2mg+phenylephrine hcl 5mg,Chlorpheniramine Maleate Per | Phenylephrine Hcl,2,Respiratory Anticold,,INDOCO REMEDIES LTD,SPADE,INDOCO,stock file
AT-FEBREX-PLUS-AF-60ML,FEBREX PLUS AF SYP 60ML.,FEBREX PLUS AF,60 ML,Syrup,84.38,Chlorpheniramine Maleate Per 2mg + Phenylephrine Hcl 5mg,chlorpheniramine maleate per 2mg+phenylephrine hcl 5mg,Chlorpheniramine Maleate Per | Phenylephrine Hcl,2,Respiratory Anticold,,INDOCO REMEDIES LTD,SPADE,INDOCO,master
AT-FEBREX-PLUS-15ML,FEBREX PLUS DROPS 15ML,FEBREX PLUS,15 ML,Drops,95.62,Chlorpheniramine Maleate Per 1mg + Paracetamol 125mg + Phenylephrine Hcl 5mg,chlorpheniramine maleate per 1mg+paracetamol 125mg+phenylephrine hcl 5mg,Chlorpheniramine Maleate Per | Paracetamol | Phenylephrine Hcl,3,Respiratory Anticold,,INDOCO REMEDIES LTD,SPADE,INDOCO,master
AT-FEBREX-PLUS-DS-60ML,FEBREX PLUS DS SYP 60ML 60ML,FEBREX PLUS DS,60 ML,Syrup,105.00,,,,,Respiratory Anticold,,INDOCO REMEDIES LTD,SPADE,,master
AT-FEBREX-PLUS-100ML,FEBREX PLUS SYRUP 100ML,FEBREX PLUS,100 ML,Syrup,94.41,Chlorpheniramine Maleate Per 1mg + Paracetamol 125mg + Phenylephrine Hcl 5mg,chlorpheniramine maleate per 1mg+paracetamol 125mg+phenylephrine hcl 5mg,Chlorpheniramine Maleate Per | Paracetamol | Phenylephrine Hcl,3,Respiratory Anticold,,INDOCO REMEDIES LTD,SPADE,INDOCO,stock file
AT-FEBREX-PLUS-15S,FEBREX PLUS TAB.15'S,FEBREX PLUS,15'S,Tablet,111.00,Chlorpheniramine Maleate 2mg + Paracetamol 500mg + Phenylephrine Hcl 10mg,chlorpheniramine maleate 2mg+paracetamol 500mg+phenylephrine hcl 10mg,Chlorpheniramine Maleate | Paracetamol | Phenylephrine Hcl,3,Respiratory Anticold,,INDOCO REMEDIES LTD,SPADE,INDOCO,master
AT-FEBUBEST-40-10S,FEBUBEST 40 TAB 10,FEBUBEST 40,10'S,Tablet,104.06,Febuxostat 40mg,febuxostat 40mg,Febuxostat,1,Anti-Hyperuricemic,,INDOCO REMEDIES LTD,CND,INDOCO,master
AT-FEBUBEST-80-10S,FEBUBEST 80 TAB 10,FEBUBEST 80,10'S,Tablet,154.69,Febuxostat 80mg,febuxostat 80mg,Febuxostat,1,Anti-Hyperuricemic,,INDOCO REMEDIES LTD,CND,INDOCO,stock file
AT-FEBUGOOD-40-10S,FEBUGOOD 40 TAB 10S,FEBUGOOD 40,10S,Tablet,151.85,Febuxostat,febuxostat,Febuxostat,1,,,TORRENT PHARMA,UNO VISTA,torrent,master
AT-FEBUGOOD-80-10S,FEBUGOOD 80 TAB 10S,FEBUGOOD 80,10S,Tablet,133.13,Febuxostat,febuxostat,Febuxostat,1,,,TORRENT PHARMA,UNO VISTA,torrent,stock file
AT-FECONTIN-F-10S,FECONTIN-F TABS 10`S,FECONTIN-F,10'S,Tablet,178.13,,,,,,,MODI MUNDI PHARMA,LTD,,stock file
AT-FECONTIN-Z-10S,FECONTIN-Z TABS 10`S,FECONTIN-Z,10'S,Tablet,278.20,Ferrous Glycine Sulphate + Folic Acid,ferrous glycine sulphate+folic acid,Ferrous Glycine Sulphate | Folic Acid,2,,,MODI MUNDI PHARMA,LTD,manual,master
AT-FEDRIS-10S,FEDRIS TAB 10'S,FEDRIS,10'S,Tablet,118.55,,,,,,,INDOCO REMEDIES LTD,SPADE,,master
AT-FEFOL-15S,FEFOL CAPS 15'S,FEFOL,15'S,Capsule,83.34,,,,,,,GSK LIMITED,OPTIVE,,stock file
AT-FEFOL-Z-15S,FEFOL Z CAPS 15'S,FEFOL Z,15'S,Capsule,195.42,Ferrous Sulphate + Folic Acid + Zinc,ferrous sulphate+folic acid+zinc,Ferrous Sulphate | Folic Acid | Zinc,3,,,GSK LIMITED,OPTIVE,main,master
AT-FEGUS-1S,FEGUS CAP 1'S,FEGUS,1'S,Capsule,173.72,,,,,,,KOYE ORIGYN PHARMACEUTICAL,GY,,master
AT-FELIZ-S-10-10S,FELIZ S 10 TAB 10S,FELIZ S 10,10S,Tablet,96.10,Escitalopram Oxalate,escitalopram oxalate,Escitalopram Oxalate,1,,,TORRENT PHARMACEUTICALS,MIND,torrent,master
AT-FELIZ-S-20-10S,FELIZ S 20 TAB 10S,FELIZ S 20,10S,Tablet,150.78,Escitalopram Oxalate,escitalopram oxalate,Escitalopram Oxalate,1,,,TORRENT PHARMACEUTICALS,MIND,torrent,master
AT-FELIZ-S-5-PLUS-10S,FELIZ S 5 PLUS TAB 10S,FELIZ S 5 PLUS,10S,Tablet,142.20,,,,,,,TORRENT PHARMACEUTICALS,MIND,,master
AT-FELIZ-S-5-10S,FELIZ S 5 TAB 10S,FELIZ S 5,10S,Tablet,53.60,Escitalopram Oxalate,escitalopram oxalate,Escitalopram Oxalate,1,,,TORRENT PHARMACEUTICALS,MIND,torrent,master
AT-FELIZ-S-PLUS-10MG-15S,FELIZ S PLUS 10MG TAB 1*15'S,FELIZ S PLUS 10MG,15'S,Tablet,330.75,,,,,,,TORRENT PHARMACEUTICALS,MIND,,master
AT-FELIZ-S-15MG-10S,FELIZ-S 15MG TAB 1*10'S,FELIZ-S 15MG,10'S,Tablet,136.50,,,,,,,TORRENT PHARMACEUTICALS,MIND,,master
AT-FELIZ-S-LITE-5MG-10S,FELIZ-S LITE 5MG TAB 1*10'S,FELIZ-S LITE 5MG,10'S,Tablet,154.22,,,,,,,TORRENT PHARMACEUTICALS,MIND,,master
AT-FELIZ-S-LITE-10S,FELIZ-S LITE TAB 10'S,FELIZ-S LITE,10'S,Tablet,167.80,,,,,,,TORRENT PHARMACEUTICALS,MIND,,master
AT-FELIZ-S-PLUS-20MG-10S,FELIZ-S PLUS 20MG TAB 1*10'S,FELIZ-S PLUS 20MG,10'S,Tablet,206.50,,,,,,,TORRENT PHARMACEUTICALS,MIND,,master
AT-FENCETA-325MG-15S,FENCETA 325MG TAB 15'S,FENCETA 325MG,15'S,Tablet,33.25,Paracetamol,paracetamol,Paracetamol,1,Pain / Analgesics,,ALKEM PHARMA,ALPHA MAX,main,master
AT-FENCETA-M-SUSPENSION-60ML,FENCETA M SUSPENSION 60ML,FENCETA M SUSPENSION,60 ML,Suspension,43.31,Mefenamic Acid 50mg/5ml + Paracetamol 125mg,mefenamic acid 50mg/5ml+paracetamol 125mg,Mefenamic Acid | Paracetamol,2,Pain / Analgesics,,ALKEM PHARMA,ALPHA MAX,alkem,stock file
AT-FENCETA-NOVO-325MG-10S,FENCETA NOVO 325MG TAB 10'S,FENCETA NOVO 325MG,10'S,Tablet,28.59,Paracetamol,paracetamol,Paracetamol,1,Pain / Analgesics,,ALKEM PHARMA,ALPHA MAX,main,stock file
AT-FENCETA-PLUS-60ML,FENCETA PLUS SYP 60ML,FENCETA PLUS,60 ML,Syrup,44.50,Ibuprofen 100mg + Paracetamol 162.5mg/5ml,ibuprofen 100mg+paracetamol 162.5mg/5ml,Ibuprofen | Paracetamol,2,Pain / Analgesics,,ALKEM PHARMA,ALPHA MAX,manual,master
AT-FENCETA-PLUS-10S,FENCETA PLUS TAB 10S,FENCETA PLUS,10S,Tablet,25.50,Chlorpheniramine + Paracetamol + Phenylephrine,chlorpheniramine+paracetamol+phenylephrine,Chlorpheniramine | Paracetamol | Phenylephrine,3,Pain / Analgesics,,ALKEM PHARMA,ALPHA MAX,main,stock file
AT-FENCETA-SP-15S,FENCETA SP TAB 15S,FENCETA SP,15S,Tablet,78.28,Aceclofenac + Paracetamol + Serratiopeptidase,aceclofenac+paracetamol+serratiopeptidase,Aceclofenac | Paracetamol | Serratiopeptidase,3,,,ALKEM PHARMA,ALPHA MAX,main,stock file
AT-FENCETA-MR4-10S,FENCETA-MR4 TAB 10S,FENCETA-MR4,10S,Tablet,170.63,Aceclofenac + Chlorzoxazone + Paracetamol,aceclofenac+chlorzoxazone+paracetamol,Aceclofenac | Chlorzoxazone | Paracetamol,3,Pain / Analgesics,,ALKEM PHARMA,ALPHA MAX,main,stock file
AT-FENCETA-SPAS-10S,FENCETA-SPAS TAB 10S,FENCETA-SPAS,10S,Tablet,92.81,Dicyclomine + Mefenamic Acid,dicyclomine+mefenamic acid,Dicyclomine | Mefenamic Acid,2,Gastro Intestinal,,ALKEM PHARMA,ALPHA MAX,main,stock file
AT-FENSIDE-10S,FENSIDE TAB 10'S,FENSIDE,10'S,Tablet,65.00,,,,,,,SALASAR PHARMACEUTICALS,,,master
AT-FEPROTEIN-10S,FEPROTEIN TAB 10'S,FEPROTEIN,10'S,Tablet,355.50,,,,,,,JAGSONPAL PHARMA LTD,FEMBON,,master
AT-FERIENT-10S,FERIENT TAB 1*10,FERIENT,10'S,Tablet,168.50,Ferrous Ascorbate + Folic Acid,ferrous ascorbate+folic acid,Ferrous Ascorbate | Folic Acid,2,,,ARRIENT HEALTHCARE,(MERAKUS)PRIVATE LIM,main,master
AT-FERTI-PRO-5G-SACHETS,FERTI PRO 5G SACHETS,FERTI PRO 5G SACHETS,,Sachet,29.37,,,,,,,BRITISH BIOLOGICAL CRITICAL CARE,,,stock file
AT-FERTI-PRO-M-SCH,FERTI PRO-M SCH,FERTI PRO-M SCH,,,31.15,,,,,,,BRITISH BIOLOGICAL CRITICAL CARE,,,stock file
AT-FERTIPRO-W-SACHET-5-G,FERTIPRO W SACHET 5.G,FERTIPRO W SACHET 5.G,,Sachet,29.37,,,,,,,BRITISH BIOLOGICALS LTD.,,,stock file
AT-FESOVIT-SPANS-30S,FESOVIT SPANS CAPS 30'S,FESOVIT SPANS,30'S,Capsule,176.48,,,,,,,GSK LIMITED,TEAM CTC 6,,stock file
AT-FEVINDO-400-10S,FEVINDO 400 TAB 10S,FEVINDO 400,10S,Tablet,656.25,,,,,,,INDOCO,REMEDIES LTD,,stock file
AT-FEXOLIV-10S,FEXOLIV TAB 10'S,FEXOLIV,10'S,Tablet,78.75,Fexofenadine Hydrochlo Ride 120mg + Montelukast 10mg,fexofenadine hydrochlo ride 120mg+montelukast 10mg,Fexofenadine Hydrochlo Ride | Montelukast,2,,,DEPSONS PHARMA,,manual,master
AT-FEXOMAG-180MG-10S,FEXOMAG-180MG TAB 10S,FEXOMAG-180MG,10S,Tablet,121.88,,,,,,,NEO LIFE SCIENCES,,,stock file
AT-FEXOMEG-180,FEXOMEG 180 TAB,FEXOMEG 180,,Tablet,121.88,,,,,,,NEO LIFE SCIENCES,,,stock file
AT-FEXOMEG-M-10S,FEXOMEG-M TAB 10S,FEXOMEG-M,10S,Tablet,131.00,,,,,,,NEO LIFE SCIENCES,,,master
AT-FH-12-10S,FH-12 TABS 10'S,FH-12,10'S,Tablet,13.09,Cyanocobalamin + Folic Acid + Iron,cyanocobalamin+folic acid+iron,Cyanocobalamin | Folic Acid | Iron,3,,,BESTOCHEM FORMULATIONS,,main,stock file
AT-FIBRISTONE-25MG-10S,FIBRISTONE 25MG TAB 10'S,FIBRISTONE 25MG,10'S,Tablet,617.39,Mifepristone 25mg,mifepristone 25mg,Mifepristone,1,,,JAGSONPAL PHARMA,LTD.NARI DIV,JASONPAL,master
AT-FIBROSURE-10S,FIBROSURE TAB 1*10'S,FIBROSURE,10'S,Tablet,467.81,,,,,,,CELAGENEX RESEARCH(INDIA)PVT.LTD.G.Y.,,,stock file
AT-FILLERINA-GD-1,FILLERINA GD-1,FILLERINA GD-1,,,"6,393.76",,,,,,,RPG LIFE SCIENCE LTD,GLODIAN,,stock file
AT-FILLERINA-GD-3,FILLERINA GD-3,FILLERINA GD-3,,,"8,115.02",,,,,,,RPG LIFE SCIENCE LTD,GLODIAN,,stock file
AT-FINEASE-10S,FINEASE TAB 10'S,FINEASE,10'S,Tablet,311.00,Ferrous Bisglycinate 19mg + Lactoferrin 50mg + Multiminerals + Multivitamins,ferrous bisglycinate 19mg+lactoferrin 50mg+multiminerals+multivitamins,Ferrous Bisglycinate | Lactoferrin | Multiminerals | Multivitamins,4,,,JAGSONPAL PHARMA LTD,BONEVA,JASONPAL,master
AT-FIXLEN-AZ-10S,FIXLEN-AZ TAB 10'S,FIXLEN-AZ,10'S,Tablet,220.31,,,,,,,ROSSWELT BIOSCIENCES,,,stock file
AT-FIXLICE-OZ-10S,FIXLICE-OZ TAB 10'S,FIXLICE-OZ,10'S,Tablet,182.81,,,,,,,ROSSWELT BIOSCIENCES,,,master
AT-FLAMAR-3D-10S,FLAMAR 3D TAB 10'S,FLAMAR 3D,10'S,Tablet,265.31,,,,,,,INDOCO REMEDIES LTD,WARREN,,master
AT-FLAVOSPAS-O-10S,FLAVOSPAS O TABS 10S,FLAVOSPAS O,10S,Tablet,186.38,,,,,,,TORRENT PHARMA,VIVA,,stock file
AT-FLAVOSPAS-10S,FLAVOSPAS TABS 10S,FLAVOSPAS,10S,Tablet,258.28,Flavoxate,flavoxate,Flavoxate,1,,,TORRENT PHARMA,VIVA,torrent,stock file
AT-FLECARITE-100-10S,FLECARITE 100 TAB 10,FLECARITE 100,10'S,Tablet,444.55,Flecainide,flecainide,Flecainide,1,,,TORRENT PHARMACEUTICALS LTD,UNICHEM,torrent,master
AT-FLECARITE-50-10S,FLECARITE 50 TAB 10,FLECARITE 50,10'S,Tablet,231.90,Flecainide,flecainide,Flecainide,1,,,TORRENT PHARMACEUTICALS,LTD,torrent,master
AT-FLEXKNEE-14S,FLEXKNEE CAP 14'S,FLEXKNEE,14'S,Capsule,573.05,Boswellia Serrata Extract 307.5mg + Devil's Claw Extract 100mg + Rosehip Extract 275mg,boswellia serrata extract 307.5mg+devil's claw extract 100mg+rosehip extract 275mg,Boswellia Serrata Extract | Devil's Claw Extract | Rosehip Extract,3,,Joint health and osteoarthritis-associated symptoms,APPENA LIFE PVT.LTD,,main,master
AT-FLIXONASE-NASAL-SPRAY-12GM,FLIXONASE NASAL SPRAY 12GM,FLIXONASE NASAL SPRAY,12 GM,Nasal Spray,576.89,Fluticasone Propionate,fluticasone propionate,Fluticasone Propionate,1,,,GSK LIMITED,OPTIVE,main,master
AT-FLIXONASE-NASALSPRAY-12GM,FLIXONASE NASALSPRAY 12GM,FLIXONASE NASALSPRAY,12 GM,Nasal Spray,576.89,,,,,,,GSK LIMITED,OPTIVE,,stock file
AT-FLOMAX-0-4MG,Flomax 0.4mg Capsule,Flomax 0.4mg,,Capsule,,Tamsulosin 0.4mg,tamsulosin 0.4mg,Tamsulosin,1,,Benign prostatic hyperplasia (BPH); relief of lower urinary tract symptoms,BOEHRINGER INGELHEIM,,main,master
AT-FLONIDA-1-10GM,FLONIDA 1%CREAM 10GM,FLONIDA 1%,10 GM,Cream,122.81,Fluorouracil 1%,fluorouracil 1%,Fluorouracil,1,,,A.MENARINI,DERMA,main,master
AT-FLONIDA-5-10GM,FLONIDA 5%CREAM 10GM,FLONIDA 5%,10 GM,Cream,296.25,Fluorouracil 5%,fluorouracil 5%,Fluorouracil,1,,,A.MENARINI,DERMA,main,master
AT-FLORAAPP-GG,Floraapp GG,Floraapp GG,,,,Lactobacillus Rhamnosus 6billion CFU,lactobacillus rhamnosus 6billion cfu,Lactobacillus Rhamnosus,1,,Diarrhoea and antibiotic-associated diarrhoea,APPENA LIFE PVT.LTD,,main,master
AT-FLORASANTE-10S,FLORASANTE CAP 10'S,FLORASANTE,10'S,Capsule,280.00,,,,,,,HIMALAYA DRUG COMPANY ZANDRA,,,stock file
AT-FLOTRAL-D-10,FLOTRAL D TAB 10',FLOTRAL D,10',Tablet,337.50,,,,,,,SUN PHARMA LAB,UROLOGY,,stock file
AT-FLOTRAL-TAB-10MG-30S,FLOTRAL TAB 10MG 30'S,FLOTRAL TAB 10MG,30'S,Tablet,593.44,Alfuzosin 10mg,alfuzosin 10mg,Alfuzosin,1,UROLOGY,,SUN PHARMA LAB,UROLOGY,sun pharma sheet,master
AT-FLUCOLD-AF-60ML,FLUCOLD AF SYRUP 60ML,FLUCOLD AF,60 ML,Syrup,90.47,Chlorpheniramine 2mg + Contains: Phenylephrine 1ml,chlorpheniramine 2mg+contains: phenylephrine 1ml,Chlorpheniramine | Contains: Phenylephrine,2,Cough & Cold,Cold,WALLACE PHARMACEUTICALS,LTD,wallace,master
AT-FLUCOLD-AF1-15ML,FLUCOLD AF1 DROPS 15ML,FLUCOLD AF1,15 ML,Drops,87.65,,,,,,,WALLACE PHARMACEUTICALS,LTD,,master
AT-FLUCOLD-CLEAR-60ML,FLUCOLD CLEAR SYRUP 60ML,FLUCOLD CLEAR,60 ML,Syrup,97.50,,,,,,,WALLACE PHARMACEUTICALS,LTD,,stock file
AT-FLUCOLD-CLEAR-10S,FLUCOLD CLEAR TAB 10,FLUCOLD CLEAR,10'S,Tablet,98.44,,,,,,,WALLACE PHARMACEUTICALS,LTD,,stock file
AT-FLUCOLD-15ML,FLUCOLD DROPS 15ML.,FLUCOLD,15 ML,Drops,65.15,,,,,,,WALLACE PHARMACEUTICALS,LTD,,master
AT-FLUCOLD-DS-60ML,FLUCOLD DS SYP 60ML.,FLUCOLD DS,60 ML,Syrup,105.09,Chlorpheniramine 2mg + Contains: Phenylephrine 5ml + Paracetamol 250mg + Sodium Citrate 60mg,chlorpheniramine 2mg+contains: phenylephrine 5ml+paracetamol 250mg+sodium citrate 60mg,Chlorpheniramine | Contains: Phenylephrine | Paracetamol | Sodium Citrate,4,Cough & Cold,Cold,WALLACE PHARMACEUTICALS,LTD,wallace,master
AT-FLUCOLD-P-DRP-15ML,FLUCOLD P DRP 15ML.,FLUCOLD P DRP,15 ML,Drops,34.69,,,,,,,WALLACE PHARMACEUTICALS,LTD,,stock file
AT-FLUCOLD-60ML,FLUCOLD SUSP.60ML,FLUCOLD,60 ML,Suspension,68.44,Chlorpheniramine 1mg + Contains: Phenylephrine 5ml + Paracetamol 125mg + Sodium Citrate 60mg,chlorpheniramine 1mg+contains: phenylephrine 5ml+paracetamol 125mg+sodium citrate 60mg,Chlorpheniramine | Contains: Phenylephrine | Paracetamol | Sodium Citrate,4,Cough & Cold,Cold,WALLACE PHARMACEUTICALS,LTD,wallace,master
AT-FLUCOLD-10S,FLUCOLD TABS 10`S,FLUCOLD,10'S,Tablet,49.97,Chlorpheniramine 2mg + Paracetamol 500mg + Phenylephrine 10mg,chlorpheniramine 2mg+paracetamol 500mg+phenylephrine 10mg,Chlorpheniramine | Paracetamol | Phenylephrine,3,Cough & Cold,Cold,WALLACE PHARMACEUTICALS,LTD,wallace,master
AT-FLUCOSAL-TAB-S,FLUCOSAL TAB'S,FLUCOSAL TAB'S,,Tablet,12.85,,,,,,,SALASAR PHARMACEUTICALS,,,master
AT-FLUGUARD-200-MG-10S,FLUGUARD 200 MG TAB 10,FLUGUARD 200 MG,10'S,Tablet,328.13,,,,,,,SUN PHARMA,LABORATORIES LTD,,stock file
AT-FLUGUARD-400-MG,FLUGUARD 400 MG TAB,FLUGUARD 400 MG,,Tablet,609.38,,,,,,,SUN PHARMA,LABORATORIES LTD,,stock file
AT-FLUIMUCIL-600MG-EF-6S,FLUIMUCIL 600MG EF.TAB 1*6TAB,FLUIMUCIL 600MG EF,6'S,Tablet,172.50,Acetylcysteine 600mg,acetylcysteine 600mg,Acetylcysteine,1,,,MODI MUNDI PHARMA,LTD,manual,master
AT-FLUIMUCIL-600MG-10S,FLUIMUCIL-600MG TAB 10'S,FLUIMUCIL-600MG,10'S,Tablet,189.00,,,,,,,MODI MUNDI PHARMA,LTD,,stock file
AT-FLUPSY-10S,FLUPSY TAB 10'S,FLUPSY,10'S,Tablet,75.00,Fluoxetine,fluoxetine,Fluoxetine,1,,,ARRIENT HEALTHCARE,(NEUROX)PRIVATE LIM,main,master
AT-FLUTIBACT-10GM,FLUTIBACT OINT 10GM,FLUTIBACT,10 GM,Ointment,267.80,Fluticasone + Mupirocin,fluticasone+mupirocin,Fluticasone | Mupirocin,2,,,GSK LIMITED,DERMA ACE TEAM 2,main,master
AT-FLUTIBACT-5GM,FLUTIBACT OINT. 5GM,FLUTIBACT,5 GM,Ointment,101.86,,,,,,,GSK LIMITED,DERMA ACE TEAM 2,,stock file
AT-FLUTIVATE-10GM,FLUTIVATE CREAM 10GM,FLUTIVATE,10 GM,Cream,166.36,,,,,,,GSK LIMITED,TEAM 2 ETT,,stock file
AT-FLUTIVATE-E-10GM,FLUTIVATE E CREAM 10GM,FLUTIVATE E,10 GM,Cream,97.97,,,,,,,GSK LIMITED,TEAM 2 ETT,,stock file
AT-FLUTIVATE-E-30GM,FLUTIVATE E CREAM 30GM,FLUTIVATE E,30 GM,Cream,376.97,Fluticasone,fluticasone,Fluticasone,1,,,GSK LIMITED,DERMA ACE TEAM 2,main,master
AT-FLUTIVATE-SKIN-20GM,FLUTIVATE SKIN CREAM 20GM,FLUTIVATE SKIN,20 GM,Cream,370.31,Fluticasone,fluticasone,Fluticasone,1,,,GSK LIMITED,DERMA ACE TEAM 2,main,master
AT-FLUTIVATE-SKIN-20GM-2,FLUTIVATE SKIN OINT 20GM,FLUTIVATE SKIN,20 GM,Ointment,218.62,Fluticasone,fluticasone,Fluticasone,1,,,GSK LIMITED,DERMA ACE TEAM 2,main,master
AT-FLUVATOR-100,FLUVATOR 100 TABS,FLUVATOR 100,,Tablet,300.89,,,,,,,TORRENT PHARMACEUTICALS,NURON,,stock file
AT-FLUVATOR-50-10S,FLUVATOR 50 TAB 10 S,FLUVATOR 50,10 S,Tablet,161.48,,,,,,,TORRENT PHARMACEUTICALS,NURON,,stock file
AT-FLUWEL-TABS-10-S-NR,FLUWEL TABS 10'S NR,FLUWEL TABS 10'S NR,,Tablet,92.81,Oseltamivir,oseltamivir,Oseltamivir,1,,,BESTOCHEM FORMULATIONS,,main,master
AT-FOLCISTER-10S,FOLCISTER TAB 10'S,FOLCISTER,10'S,Tablet,45.00,,,,,,,ROSSWELT BIOSCIENCES,,,master
AT-FOLICTIN-30ML,FOLICTIN DROPS 30ML,FOLICTIN,30 ML,Drops,56.25,Cyanacobalamine 5mcg + Folic Acid 200mcg + Niacinamide 20mg,cyanacobalamine 5mcg+folic acid 200mcg+niacinamide 20mg,Cyanacobalamine | Folic Acid | Niacinamide,3,,,DEPSONS PHARMA,,manual,master
AT-FOLICTIN-10GM,FOLICTIN GEL 10GM,FOLICTIN,10 GM,Gel,48.75,Benzealkonium Chloride W/w 0.01% + Choline Salicylate + Lignocaine Hydrochloride W/w 2%,benzealkonium chloride w/w 0.01%+choline salicylate+lignocaine hydrochloride w/w 2%,Benzealkonium Chloride W/w | Choline Salicylate | Lignocaine Hydrochloride W/w,3,,,DEPSONS PHARMA,,manual,master
AT-FOLICTIN-100ML,FOLICTIN SYP 100ML,FOLICTIN,100 ML,Syrup,72.19,Cyanocobalamin 15mcg + Folic Acid 1.5mg,cyanocobalamin 15mcg+folic acid 1.5mg,Cyanocobalamin | Folic Acid,2,,,DEPSONS PHARMA,,manual,master
AT-FOLICTIN-10S,FOLICTIN TABS 10'S,FOLICTIN,10'S,Tablet,29.06,Folic Acid 1.5mg + Niacinamide 50mg + Riboflavine 10mg,folic acid 1.5mg+niacinamide 50mg+riboflavine 10mg,Folic Acid | Niacinamide | Riboflavine,3,,,DEPSONS PHARMA,,manual,master
AT-FOLIMAX-12-10S,FOLIMAX 12 TAB 10'S,FOLIMAX 12,10'S,Tablet,42.19,Folic Acid 5mg + Methylcobalamin 750mcg,folic acid 5mg+methylcobalamin 750mcg,Folic Acid | Methylcobalamin,2,,,DEPSONS PHARMA,,manual,master
AT-FOLIMAX-D3-FORTE-10S,FOLIMAX D3 FORTE TAB 10'S,FOLIMAX D3 FORTE,10'S,Tablet,97.97,Cholecalciferol 2000IU + Folic Acid 5mg + Methylcobalamin 15000mcg + Pyridoxine Hci 3mg,cholecalciferol 2000iu+folic acid 5mg+methylcobalamin 15000mcg+pyridoxine hci 3mg,Cholecalciferol | Folic Acid | Methylcobalamin | Pyridoxine Hci,4,,,DEPSONS PHARMA,,manual,master
AT-FOLIMAX-D3-FORTE-10S-2,FOLIMAX D3 FORTE TAB 10S,FOLIMAX D3 FORTE,10S,Tablet,107.70,Cholecalciferol 2000IU + Folic Acid 5mg + Methylcobalamin 15000mcg + Pyridoxine Hci 3mg,cholecalciferol 2000iu+folic acid 5mg+methylcobalamin 15000mcg+pyridoxine hci 3mg,Cholecalciferol | Folic Acid | Methylcobalamin | Pyridoxine Hci,4,,,DEPSONS PHARMA,,DEPSONS,stock file
AT-FOLIMAX-PLUS-D3,FOLIMAX PLUS D3 TAB,FOLIMAX PLUS D3,,Tablet,84.38,Cholecalciferol + Folic Acid + Multiminerals,cholecalciferol+folic acid+multiminerals,Cholecalciferol | Folic Acid | Multiminerals,3,,,DEPSONS PHARMA,,main,master
AT-FOLIMAX-PLUS-D3-10S,FOLIMAX PLUS D3 TAB 10,FOLIMAX PLUS D3,10'S,Tablet,84.38,,,,,,,DEPSONS PHARMA,,,stock file
AT-FOLIMAX-PLUS-1X10T,FOLIMAX PLUS TAB,FOLIMAX PLUS,1X10 T,Tablet,56.25,Folic Acid 5mg + Methylcobalamin 750mcg + Pyridoxine Hydrochloride 10mg,folic acid 5mg+methylcobalamin 750mcg+pyridoxine hydrochloride 10mg,Folic Acid | Methylcobalamin | Pyridoxine Hydrochloride,3,,,DEPSONS PHARMA,,manual,master
AT-FOLIMAX-10S,FOLIMAX TABS 10'S,FOLIMAX,10'S,Tablet,16.16,Folic Acid 5mg,folic acid 5mg,Folic Acid,1,,,DEPSONS PHARMA,,DEPSONS,master
AT-FOLINAL,FOLINAL TABS,FOLINAL,,Tablet,121.88,Folic Acid,folic acid,Folic Acid,1,,,ALEMBIC,ELENA,main,stock file
AT-FOLIRED-200ML,FOLIRED SYP 200ML,FOLIRED,200 ML,Syrup,92.81,Cyanocobalamin 5mcg + Folic Acid 0.5mg + Folired Each Contains : Ferrous Fumarate 5ml,cyanocobalamin 5mcg+folic acid 0.5mg+folired each contains : ferrous fumarate 5ml,Cyanocobalamin | Folic Acid | Folired Each Contains : Ferrous Fumarate,3,,,DEPSONS PHARMA,,manual,master
AT-FOLIRED-30S,FOLIRED TABS 30'S,FOLIRED,30'S,Tablet,45.00,Cyanocobalamin 15mcg + Ferrous Fumarate 300mg + Folic Acid 1.5mg,cyanocobalamin 15mcg+ferrous fumarate 300mg+folic acid 1.5mg,Cyanocobalamin | Ferrous Fumarate | Folic Acid,3,,,DEPSONS PHARMA,,manual,master
AT-FOLIRED-XT-10S,FOLIRED XT TAB 1*10,FOLIRED XT,10'S,Tablet,51.56,,,,,,,DEPSONS PHARMA,,,stock file
AT-FOLIRED-Z-10S,FOLIRED Z TAB 10'S,FOLIRED Z,10'S,Tablet,15.47,,,,,,,DEPSONS PHARMA,,,stock file
AT-FOLIREG-CD-15S,FOLIREG CD TAB 15'S,FOLIREG CD,15'S,Tablet,281.25,,,,,,,JAGSONPAL PHARMA LTD,FEMBON,,master
AT-FOLIREG-15S,FOLIREG TAB 15'S,FOLIREG,15'S,Tablet,260.00,,,,,,,JAGSONPAL PHARMA,LTD.NARI DIV,,master
AT-FOLIRIPE-TAB-2-5MG-5S,FOLIRIPE TAB 2.5MG TAB 5S,FOLIRIPE TAB 2.5MG,5S,Tablet,170.62,Letrozole,letrozole,Letrozole,1,,,ALEMBIC,ZENOVI,main,stock file
AT-FOLISPOR-DRY-60ML,FOLISPOR DRY SYRUP 60ML,FOLISPOR DRY,60 ML,Dry Syrup,61.88,Cefixime,cefixime,Cefixime,1,,,DEPSONS PHARMA,,main,master
AT-FOLISPOR-SB-1X10PC,FOLISPOR SB POWDER,FOLISPOR SB,1X10 PCS,Powder,28.48,Bacillus Subtilis CFU 1billion CFU + Saccharomyces Boulardii CFU 5billion CFU,bacillus subtilis cfu 1billion cfu+saccharomyces boulardii cfu 5billion cfu,Bacillus Subtilis CFU | Saccharomyces Boulardii CFU,2,,,DEPSONS PHARMA,,DEPSONS,stock file
AT-FOLISPOR-10S,FOLISPOR TABS 10'S,FOLISPOR,10'S,Tablet,51.56,Lactic Acid Bacillus Spores S Folic Acid 60million + Niacinamide 100mg + Riboflavine 10mg,lactic acid bacillus spores s folic acid 60million+niacinamide 100mg+riboflavine 10mg,Lactic Acid Bacillus Spores S Folic Acid | Niacinamide | Riboflavine,3,,,DEPSONS PHARMA,,manual,master
AT-FOOTCARE-20GM,FOOTCARE CREAM 20GM,FOOTCARE,20 GM,Cream,46.88,,,,,,,HIMALAYA DRUG COMPANY JINDAL,,,stock file
AT-FORMIN-500MG-10S,FORMIN 500MG TABS 10'S,FORMIN 500MG,10'S,Tablet,9.75,Metformin,metformin,Metformin,1,,,ALKEM LABORATRIES LTD,METANEXT,main,stock file
AT-FORMIN-PG-1-10S,FORMIN PG 1 TAB 10'S,FORMIN PG 1,10'S,Tablet,159.38,Glimepiride + Metformin + Pioglitazone,glimepiride+metformin+pioglitazone,Glimepiride | Metformin | Pioglitazone,3,ANTI-DIABETES,,ALKEM LABORATRIES LTD,METANEXT,main,stock file
AT-FORMIN-PG-2-10S,FORMIN PG 2 TAB 10'S,FORMIN PG 2,10'S,Tablet,292.50,Glimepride 2mg + Metformin 500mg + Pioglitazone 15mg,glimepride 2mg+metformin 500mg+pioglitazone 15mg,Glimepride | Metformin | Pioglitazone,3,ANTI-DIABETES,,ALKEM LABORATRIES LTD,METANEXT,manual,master
AT-FORMIN-PGL-1-FORTE,FORMIN PGL 1 FORTE,FORMIN PGL 1 FORTE,,,50.63,Glimepiride + Metformin + Pioglitazone,glimepiride+metformin+pioglitazone,Glimepiride | Metformin | Pioglitazone,3,,,ALKEM LABORATRIES LTD,METANEXT,main,stock file
AT-FORMIN-PGL-2-FORTE,FORMIN PGL 2 FORTE,FORMIN PGL 2 FORTE,,,69.84,Glimepiride + Metformin + Pioglitazone,glimepiride+metformin+pioglitazone,Glimepiride | Metformin | Pioglitazone,3,,,ALKEM LABORATRIES LTD,METANEXT,main,stock file
AT-FORMIN-PGL-2-10S,FORMIN PGL 2 TAB 10'S,FORMIN PGL 2,10'S,Tablet,65.16,Glimepiride + Metformin + Pioglitazone,glimepiride+metformin+pioglitazone,Glimepiride | Metformin | Pioglitazone,3,,,ALKEM LABORATRIES LTD,METANEXT,main,stock file
AT-FORMIN-PLUS-1000,FORMIN PLUS 1000 TAB,FORMIN PLUS 1000,,Tablet,130.30,Metformin,metformin,Metformin,1,ANTI-DIABETES,,ALKEM LABORATRIES LTD,METANEXT,main,stock file
AT-FORMIN-PLUS-500-10S,FORMIN PLUS 500 TAB 10'S,FORMIN PLUS 500,10'S,Tablet,114.35,Metformin 500mg + Methylcobalamin 750mcg,metformin 500mg+methylcobalamin 750mcg,Metformin | Methylcobalamin,2,ANTI-DIABETES,,ALKEM LABORATRIES LTD,METANEXT,manual,master
AT-FORMIN-SR-500-10S,FORMIN SR 500 TAB 10'S,FORMIN SR 500,10'S,Tablet,31.45,Metformin 500mg,metformin 500mg,Metformin,1,ANTI-DIABETES,,ALKEM LABORATRIES LTD,METANEXT,alkem,master
AT-FORTISIL-OSA-10S,FORTISIL OSA CAP 10'S,FORTISIL OSA,10'S,Capsule,790.00,Calcium + Cholecalciferol + Multiminerals,calcium+cholecalciferol+multiminerals,Calcium | Cholecalciferol | Multiminerals,3,,,ALKEM LABORATORIES LTD,ADROIT,main,master
AT-FORTISIL-C-10S,FORTISIL-C TAB 10'S,FORTISIL-C,10'S,Tablet,533.00,Calcium Citrate + Cholecalciferol,calcium citrate+cholecalciferol,Calcium Citrate | Cholecalciferol,2,,,ALKEM LABORATORIES LTD,ADROIT,main,stock file
AT-FORTUM-1GM,FORTUM 1GM VIAL,FORTUM,1 GM,Vial,199.41,,,,,,,GSK LIMITED TEAM,ALTUS,,stock file
AT-FORTUM-250MG-VIAL,FORTUM 250MG VIAL**,FORTUM 250MG VIAL**,,Vial,62.03,,,,,,,GSK LIMITED TEAM,ALTUS,,stock file
AT-FORTUM-ES-2GM,FORTUM ES 2GM.VIAL,FORTUM ES,2 GM,Vial,464.91,,,,,,,GSK LIMITED TEAM,ALTUS,,stock file
AT-FORZEST-20-10,FORZEST 20 10,FORZEST 20 10,,,443.44,,,,,,,SUN PHARMA,LABORATORIES LTD,,stock file
AT-FOSAVANCE-70MG-5600IU,FOSAVANCE 70MG 5600IU,FOSAVANCE 70MG 5600IU,,,589.69,Alendronic Acid + Cholecalciferol,alendronic acid+cholecalciferol,Alendronic Acid | Cholecalciferol,2,,,A.MENARINI,,main,stock file
AT-FOSFOE-SACHE-8GM,FOSFOE SACHE 8GM,FOSFOE SACHE,8 GM,,472.92,Fosfomycin Trometamol 3g,fosfomycin trometamol 3g,Fosfomycin Trometamol,1,,,KOYE ORIGYN PHARMACEUTICAL,GY,manual,master
AT-FOSHS-8G1X1S,FOSHS SACHET 8G 1*1'S,FOSHS,8G 1X1'S,Sachet,342.19,,,,,,,INDOCO,REMEDIES LTD,,master
AT-FOTIA-INJECTION-2500-1-1ML,FOTIA INJECTION 2500 1*1ML,FOTIA INJECTION 2500 1*,1 ML,Injection,51.33,Hydroxocobalamin,hydroxocobalamin,Hydroxocobalamin,1,,,BESTOCHEM FORMU,SALUTE,main,stock file
AT-FREEAIR-AZ-NASAL-SPRAY,FREEAIR AZ NASAL SPRAY,FREEAIR AZ NASAL SPRAY,,Nasal Spray,473.40,Azelastine + Fluticasone,azelastine+fluticasone,Azelastine | Fluticasone,2,,,ALKEM,AURA MAGNA,main,master
AT-FREEAIR-SPRAY,FREEAIR SPRAY,FREEAIR SPRAY,,Spray,473.40,Fluticasone Furoate 27.5mg,fluticasone furoate 27.5mg,Fluticasone Furoate,1,Respiratory,,ALKEM,AURA MAGNA,manual,master
AT-FREEGO-PEG-200ML,FREEGO PEG SYRUP 200ML,FREEGO PEG,200 ML,Syrup,363.84,Polyethylene Glycol,polyethylene glycol,Polyethylene Glycol,1,,,ALEMBIC,GASTRON,main,master
AT-FREEGO-POW-90GM,FREEGO POW 90GM 90GM,FREEGO POW,90 GM,,291.09,Polyethylene Glycol,polyethylene glycol,Polyethylene Glycol,1,,,ALEMBIC,GASTRON,main,stock file
AT-FREEGO-150GM,FREEGO POWDER 150GM,FREEGO,150 GM,Powder,390.28,Ispaghula 3.5g + Lactitol 10g,ispaghula 3.5g+lactitol 10g,Ispaghula | Lactitol,2,,,ALEMBIC,GASTRON,manual,master
AT-FREEGO-90GM,FREEGO POWDER 90GM,FREEGO,90 GM,Powder,291.09,Ispaghula 3.5g + Lactitol 10g,ispaghula 3.5g+lactitol 10g,Ispaghula | Lactitol,2,,,ALEMBIC,GASTRON,manual,master
AT-FREEGO-250ML,FREEGO SYRUP 250ML,FREEGO,250 ML,Syrup,328.12,Lactulose,lactulose,Lactulose,1,,,ALEMBIC,GASTRON,main,master
AT-FRUCTODEX-SALINE-500ML,FRUCTODEX SALINE 500ML,FRUCTODEX SALINE,500 ML,,210.00,Invert Sugar 10g + Sodium Chloride 0.9g + Wfi Q.s. 100ml,invert sugar 10g+sodium chloride 0.9g+wfi q.s. 100ml,Invert Sugar | Sodium Chloride | Wfi Q.s.,3,IV fluid / Intravenous alimentation,"IV fluid therapy in trauma, burns, gestational diabetes and critical illness requiring IV alimentation",RAPTAKOS BRETT & CO.LIMITED,,raptakos,master
AT-FRUCTODEX-WATER-500ML,FRUCTODEX WATER 500ML,FRUCTODEX WATER,500 ML,,195.00,Invert Sugar 10g + Wfi Q.s. 100ml,invert sugar 10g+wfi q.s. 100ml,Invert Sugar | Wfi Q.s.,2,IV fluid / Intravenous alimentation,"IV fluid therapy in trauma, burns, gestational diabetes and critical illness requiring IV alimentation",RAPTAKOS BRETT & CO.LIMITED,,raptakos,master
AT-FRUTIVIT-LB-10S,FRUTIVIT LB CAP 10'S,FRUTIVIT LB,10'S,Capsule,60.94,,,,,,,SYNCHEM PHARMACEUTICALS,PVT.LMT,,master
AT-FRUTIVIT-Z-10S,FRUTIVIT Z CAP 10'S,FRUTIVIT Z,10'S,Capsule,41.25,,,,,,,SYNCHEM PHARMACEUTICALS,PVT.LMT,,master
AT-FRUTOLYTE-BIG-LMN-PWD-218GM,FRUTOLYTE BIG LMN PWD 21.8gm 21.8gm,FRUTOLYTE BIG LMN PWD,21.8 GM,Powder,19.90,,,,,,,SYNCHEM PHARMACEUTICALS,PVT.LMT,,master
AT-FRUTOLYTE-BIG-MGO-PWD-218GM,FRUTOLYTE BIG MGO PWD 21.8 GM,FRUTOLYTE BIG MGO PWD,21.8 GM,Powder,20.10,,,,,,,SYNCHEM PHARMACEUTICALS,PVT.LMT,,stock file
AT-FRUTOLYTE-BIG-ORG-PWD-218GM,FRUTOLYTE BIG ORG PWD 21.8GM 21.8GM,FRUTOLYTE BIG ORG PWD,21.8 GM,Powder,23.11,,,,,,,SYNCHEM PHARMACEUTICALS,PVT.LMT,,master
AT-FRUTOLYTE-JAR-LMN-PWD-10-44GM,FRUTOLYTE JAR LMN PWD 10*4.4G,FRUTOLYTE JAR LMN PWD 10*,4.4 GM,Powder,45.70,,,,,,,SYNCHEM PHARMACEUTICALS,PVT.LMT,,stock file
AT-FRUTOLYTE-JAR-MGO-PWD-10-44GM,FRUTOLYTE JAR MGO PWD 10*4.4G,FRUTOLYTE JAR MGO PWD 10*,4.4 GM,Powder,46.60,,,,,,,SYNCHEM PHARMACEUTICALS,PVT.LMT,,master
AT-FRUTOLYTE-JAR-ORG-PWD-10-44GM,FRUTOLYTE JAR ORG PWD 10*4.4G,FRUTOLYTE JAR ORG PWD 10*,4.4 GM,Powder,46.60,,,,,,,SYNCHEM PHARMACEUTICALS,PVT.LMT,,master
AT-FRUTOLYTE-LIQUID-APPLE-200ML,FRUTOLYTE LIQUID APPLE 200ML,FRUTOLYTE LIQUID APPLE,200 ML,,31.50,,,,,,,SYNCHEM PHARMACEUTICALS,PVT.LMT,,master
AT-FRUTOLYTE-LIQUID-ORANGE-200ML,FRUTOLYTE LIQUID ORANGE 200ML,FRUTOLYTE LIQUID ORANGE,200 ML,,31.50,,,,,,,SYNCHEM PHARMACEUTICALS,PVT.LMT,,master
AT-FRUTOLYTE-LMN-PWD-REFILL-5-44GM,FRUTOLYTE LMN PWD REFILL 5*4.4G,FRUTOLYTE LMN PWD REFILL 5*,4.4 GM,Powder,23.30,,,,,,,SYNCHEM PHARMACEUTICALS,PVT.LMT,,master
AT-FRUTOLYTE-MGO-PWD-REFILL-5-44GM,FRUTOLYTE MGO PWD REFILL 5*4.4G,FRUTOLYTE MGO PWD REFILL 5*,4.4 GM,Powder,23.30,,,,,,,SYNCHEM PHARMACEUTICALS,PVT.LMT,,master
AT-FRUTOLYTE-ORG-PWD-REFILL-5-44GM,FRUTOLYTE ORG PWD REFILL 5*4.4G,FRUTOLYTE ORG PWD REFILL 5*,4.4 GM,Powder,23.30,,,,,,,SYNCHEM PHARMACEUTICALS,PVT.LMT,,master
AT-FRUTOLYTE-PNP-PWD-REFILL-5-44GM,FRUTOLYTE-PNP PWD REFILL 5*4.4G,FRUTOLYTE-PNP PWD REFILL 5*,4.4 GM,Powder,23.30,,,,,,,SYNCHEM PHARMACEUTICALS,PVT.LMT,,master
AT-FRUTOLYTE-STB-PWD-REFILL-5X4,FRUTOLYTE-STB PWD REFILL5*4,FRUTOLYTE-STB PWD REFILL,5X4,Powder,20.55,,,,,,,SYNCHEM PHARMACEUTICALS,PVT.LMT,,stock file
AT-FUCIBET-CREEM-15GM,FUCIBET CREEM 15GM,FUCIBET CREEM,15 GM,,97.50,,,,,,,SUN PHARMA,LAB.CROSSLAND 1,,master
AT-FUCIDIN-CREAM-15GM-TUBE,FUCIDIN cream 15GM TUBE,FUCIDIN cream 15GM TUBE,,Cream,157.50,,,,,,,SUN PHARMA,LAB.CROSSLAND 1,,master
AT-FUCIDIN-5GM,FUCIDIN CREAM 5GM,FUCIDIN,5 GM,Cream,52.49,,,,,,,SUN PHARMA,LAB.CROSSLAND 1,,master
AT-FUCIDIN-H-15GM-TUBE,FUCIDIN H 15GM TUBE,FUCIDIN H 15GM TUBE,,,271.88,,,,,,,SUN PHARMA,LAB.CROSSLAND 1,,master
AT-FUCIDIN-5GM-2,FUCIDIN OINT 5GM,FUCIDIN,5 GM,Ointment,52.49,,,,,,,SUN PHARMA,LAB.CROSSLAND 1,,master
AT-FUCIDIN-OINT-15GM-TUBE,FUCIDIN oint. 15GM TUBE,FUCIDIN oint. 15GM TUBE,,Ointment,157.50,,,,,,,SUN PHARMA,LAB.CROSSLAND 1,,master
AT-FULFLO-10S,FULFLO TAB 1*10'S,FULFLO,10'S,Tablet,210.94,Dutasteride + Tamsulosin,dutasteride+tamsulosin,Dutasteride | Tamsulosin,2,,,ALEMBIC,SPECIA,main,stock file
AT-FULLREST-10S,FULLREST TAB 10S,FULLREST,10S,Tablet,145.31,,,,,,,NEO LIFE SCIENCES,,,master
AT-FUNGICIDE-90ML,FUNGICIDE LOTION 90ML,FUNGICIDE,90 ML,Lotion,339.38,Ketoconazole 200mg,ketoconazole 200mg,Ketoconazole,1,,,TORRENT PHARMA LTD,SPERSH,torrent,stock file
AT-FUNGICIDE-10S,FUNGICIDE TAB 10'S,FUNGICIDE,10'S,Tablet,495.00,Ketoconazole 200mg,ketoconazole 200mg,Ketoconazole,1,,,TORRENT PHARMA LTD,SPERSH,torrent,master
AT-FUNGICROS-10-GR,FUNGICROS 10 GR.,FUNGICROS 10 GR,,,186.56,,,,,,,SUN PHARMA,LAB.CROSSLAND 1,,master
AT-FUNGICROS-30GM,FUNGICROS 30GMS,FUNGICROS,30 GM,,391.88,,,,,,,SUN PHARMA,LAB.CROSSLAND 1,,master
AT-FUNGICROS-50GM,FUNGICROS 50GM,FUNGICROS,50 GM,,523.13,,,,,,,SUN PHARMA,LAB.CROSSLAND 1,,stock file
AT-FUNGICROS-NAIL-LAQUER,FUNGICROS NAIL LAQUER,FUNGICROS NAIL LAQUER,,,650.00,,,,,,,SUN PHARMA,LAB.CROSSLAND 1,,stock file
AT-FUNGID-50-1S,FUNGID 50 TAB 1'S,FUNGID 50,1'S,Tablet,10.26,Fluconazole,fluconazole,Fluconazole,1,,,BESTOCHEM FORMULATIONS,,main,stock file
AT-FUNGID-NC-15GM,FUNGID NC CREAM 15GM,FUNGID NC,15 GM,Cream,77.92,Clobetasol + Clotrimazole + Neomycin,clobetasol+clotrimazole+neomycin,Clobetasol | Clotrimazole | Neomycin,3,,,BESTOCHEM FORMULATIONS,,main,stock file
AT-FUNGID-1S,FUNGID TABS 1'S,FUNGID,1'S,Tablet,11.63,Fluconazole,fluconazole,Fluconazole,1,,,BESTOCHEM FORMULATIONS,,main,stock file
AT-FUNGIKEM-100MG-7S,FUNGIKEM 100MG CAP 7S,FUNGIKEM 100MG,7S,Capsule,103.13,Itraconazole 100mg,itraconazole 100mg,Itraconazole,1,Derma,,ALKEM LABORATORIES,LTD.ALFA NEXGEN,alkem,stock file
AT-FUNGIKEM-200MG-4S,FUNGIKEM 200MG CAP 4S,FUNGIKEM 200MG,4S,Capsule,164.68,Itraconazole 200mg,itraconazole 200mg,Itraconazole,1,Derma,,ALKEM LABORATORIES,LTD.ALFA NEXGEN,manual,master
AT-FUROBID-250MG-4S,FUROBID 250MG TABS 4'S,FUROBID 250MG,4'S,Tablet,77.39,Furazolidone,furazolidone,Furazolidone,1,,,ALEMBIC,MAXIS,main,stock file
AT-FUROBID-500MG-4S,FUROBID 500MG TABS 4'S,FUROBID 500MG,4'S,Tablet,151.88,Furazolidone,furazolidone,Furazolidone,1,,,ALEMBIC,MAXIS,main,stock file
AT-FUROXAPP-CV-10S,FUROXAPP-CV TAB 10'S,FUROXAPP-CV,10'S,Tablet,690.00,Cefuroxime + Clavulanic Acid,cefuroxime+clavulanic acid,Cefuroxime | Clavulanic Acid,2,,,APPENA LIFE PVT.LTD,,main,stock file
AT-FUSIWAL-B-10GM,FUSIWAL B CREAM 10GM.,FUSIWAL B,10 GM,Cream,222.19,Beclomethasone Dipropionate W/w 0.025% + Fusidic Acid W/w 2%,beclomethasone dipropionate w/w 0.025%+fusidic acid w/w 2%,Beclomethasone Dipropionate W/w | Fusidic Acid W/w,2,Anti-Bacterial,Eczema of Sensitive Skin,WALLACE PHARMA,RIVELA,wallace,master
AT-FUSIWAL-B-15GM,FUSIWAL B CREAM 15GM,FUSIWAL B,15 GM,Cream,112.50,,,,,,,WALLACE PHARMACEUTICALS,LTD,,stock file
AT-FUSIWAL-B-20GM,FUSIWAL B CREAM 20GM.,FUSIWAL B,20 GM,Cream,314.06,,,,,,,WALLACE PHARMA,RIVELA,,master
AT-FUSIWAL-15GM,FUSIWAL CREAM 15GM.,FUSIWAL,15 GM,Cream,157.50,Fusidic Acid W/w 2%,fusidic acid w/w 2%,Fusidic Acid W/w,1,Anti-Bacterial,Wound & Cellulitis,WALLACE PHARMA,RIVELA,wallace,master
AT-FUSIWAL-5GM,FUSIWAL CREAM 5GM,FUSIWAL,5 GM,Cream,52.49,,,,,,,WALLACE PHARMA,RIVELA,,master
AT-FUSIWAL-M-10GM,FUSIWAL M CREAM 10GM,FUSIWAL M,10 GM,Cream,279.38,Fusidic Acid W/w 2% + Mometasone Furoate 0.1%,fusidic acid w/w 2%+mometasone furoate 0.1%,Fusidic Acid W/w | Mometasone Furoate,2,Anti-Bacterial,Atopic Dermatitis,WALLACE PHARMA,RIVELA,wallace,master
AT-FUSIWAL-10GM,FUSIWAL OINT 10GM,FUSIWAL,10 GM,Ointment,111.09,Sodium Fusidate W/w 2%,sodium fusidate w/w 2%,Sodium Fusidate W/w,1,Anti-Bacterial,Boils & Folliculitis,WALLACE PHARMA,RIVELA,wallace,stock file
AT-FUSIWAL-OINTMENT-15GM,FUSIWAL OINTMENT 15G,FUSIWAL OINTMENT,15 GM,Ointment,202.50,Fusidic Acid W/w 2%,fusidic acid w/w 2%,Fusidic Acid W/w,1,Anti-Bacterial,Wound & Cellulitis,WALLACE PHARMACEUTICALS,LTD,wallace,master
AT-G-9-PROTIN-250GM,G-9 PROTIN POWDER 250GM,G-9 PROTIN,250 GM,Powder,444.00,Multiminerals + Multivitamins + Protein,multiminerals+multivitamins+protein,Multiminerals | Multivitamins | Protein,3,,,CAVIN PHARMACEUTICALS,,main,master
AT-G-B-H-C-SOAP-50GM,G.B.H.C. SOAP 50GM,G.B.H.C. SOAP,50 GM,Soap,57.84,Gamma Benzene Hexachloride 1%,gamma benzene hexachloride 1%,Gamma Benzene Hexachloride,1,,,A.MENARINI,DERMA,main,master
AT-GABAPIN-NT-15S,GABAPIN NT 15'S,GABAPIN NT,15'S,,468.75,,,,,,,INTAS (ANDRE )LABORATORIES,PVT,,stock file
AT-GABATOR-100MG-10S,GABATOR 100MG TAB 10'S,GABATOR 100MG,10'S,Tablet,92.40,Gabapentin,gabapentin,Gabapentin,1,,,TORRENT PHARMACEUTICALS,MIND,torrent,master
AT-GABATOR-300-15S,GABATOR 300 TAB 15S,GABATOR 300,15S,Tablet,252.40,Gabapentin,gabapentin,Gabapentin,1,,,TORRENT PHARMACEUTICALS,MIND,torrent,master
AT-GABATOR-GRS-300-10S,GABATOR GRS 300 TAB 10S,GABATOR GRS 300,10S,Tablet,203.00,,,,,,,TORRENT PHARMACEUTICALS,MIND,,master
AT-GABATOR-GRS-600-10S,GABATOR GRS 600 TAB 10S,GABATOR GRS 600,10S,Tablet,326.00,,,,,,,TORRENT PHARMACEUTICALS,MIND,,master
AT-GABATOR-M-100MG-10S,GABATOR M 100MG TAB 10'S,GABATOR M 100MG,10'S,Tablet,108.14,Gabapentin + Methylcobalamin,gabapentin+methylcobalamin,Gabapentin | Methylcobalamin,2,,,TORRENT PHARMACEUTICALS,MIND,torrent,stock file
AT-GABATOR-M-300MG-10S,GABATOR M 300MG TAB 10'S,GABATOR M 300MG,10'S,Tablet,190.59,Gabapentin + Methylcobalamin,gabapentin+methylcobalamin,Gabapentin | Methylcobalamin,2,,,TORRENT PHARMACEUTICALS,MIND,torrent,stock file
AT-GABATOR-MNT-10S,GABATOR MNT TAB 10'S,GABATOR MNT,10'S,Tablet,234.50,Gabapentin + Methylcobalamin,gabapentin+methylcobalamin,Gabapentin | Methylcobalamin,2,,,TORRENT PHARMACEUTICALS,LTD,manual,master
AT-GABATOR-NT-100MG-15S,GABATOR NT 100MG TAB 15'S,GABATOR NT 100MG,15'S,Tablet,186.45,Gabapentin + Nortriptyline,gabapentin+nortriptyline,Gabapentin | Nortriptyline,2,,,TORRENT PHARMACEUTICALS,MIND,torrent,master
AT-GABATOR-NT-200MG-10S,GABATOR NT 200MG TAB 10'S,GABATOR NT 200MG,10'S,Tablet,258.60,Gabapentin + Nortriptyline,gabapentin+nortriptyline,Gabapentin | Nortriptyline,2,,,TORRENT PHARMACEUTICALS,MIND,torrent,master
AT-GABATOR-NT-300MG-15S,GABATOR NT 300MG TAB 15'S,GABATOR NT 300MG,15'S,Tablet,329.70,Gabapentin + Nortriptyline,gabapentin+nortriptyline,Gabapentin | Nortriptyline,2,,,TORRENT PHARMACEUTICALS,MIND,torrent,master
AT-GABATOR-NT-400MG-10S,GABATOR NT 400MG TAB 10'S,GABATOR NT 400MG,10'S,Tablet,342.80,Gabapentin + Nortriptyline,gabapentin+nortriptyline,Gabapentin | Nortriptyline,2,,,TORRENT PHARMACEUTICALS,MIND,torrent,master
AT-GABERNTEC-GRS-300MG-10S,GABERNTEC GRS 300MG TAB 10'S,GABERNTEC GRS 300MG,10'S,Tablet,270.94,,,,,,,SUN PHARMA,LABORATORIES LTD,,master
AT-GARCIBIO-30S,GARCIBIO CAP 30S,GARCIBIO,30S,Capsule,650.00,Garcinia Cambogia Extract,garcinia cambogia extract,Garcinia Cambogia Extract,1,,,BIOGENOMICS LIMITED,,main,master
AT-GARLIC-PEARLS-100S,GARLIC PEARLS 100'S,GARLIC PEARLS,100'S,,140.63,,,,,,,SUN PHARMA LAB,consumer,,stock file
AT-GASEX-SYP-ELI-FL-200ML,GASEX SYP ELI FL 200ML,GASEX SYP ELI FL,200 ML,Syrup,131.25,Ajwain + Herbal Carminatives + Jeera + Trikatu,ajwain+herbal carminatives+jeera+trikatu,Ajwain | Herbal Carminatives | Jeera | Trikatu,4,,,HIMALAYA DRUG COMPANY,OTX,main,master
AT-GASEX-100S,GASEX TABS 100S,GASEX,100S,Tablet,187.50,Ajwain + Digestive Herbs + Jeera + Trikatu,ajwain+digestive herbs+jeera+trikatu,Ajwain | Digestive Herbs | Jeera | Trikatu,4,,,HIMALAYA DRUG COMPANY,OTX,main,master
AT-GCPRED-4MG-10S,GCPRED 4MG TAB 10'S,GCPRED 4MG,10'S,Tablet,65.62,Methylprednisolone,methylprednisolone,Methylprednisolone,1,,,ANDROMEDA PHARMACEUTICALS,P. L,main,master
AT-GCPRED-8MG-10S,GCPRED 8MG TAB 10'S,GCPRED 8MG,10'S,Tablet,71.25,Methylprednisolone,methylprednisolone,Methylprednisolone,1,,,ANDROMEDA PHARMACEUTICALS,P. L,main,master
AT-GCPRED-8MG-TAB-10-S-10,GCPRED 8MG TAB 10'S 10,GCPRED 8MG TAB 10'S 10,,Tablet,71.25,Methylprednisolone,methylprednisolone,Methylprednisolone,1,,,ANDROMEDA PHARMACEUTICALS,P. L,main,stock file
AT-GEMBONE-10S,GEMBONE CAP.10S,GEMBONE,10S,Capsule,243.75,Calcitriol + Calcium Carbonate + DHA + EPA + Methylcobalamin,calcitriol+calcium carbonate+dha+epa+methylcobalamin,Calcitriol | Calcium Carbonate | DHA | EPA | Methylcobalamin,5,Calcium Suppliment,Calcium Deficiency,WALLACE PHARMA.LTD.LIFESTYLE,Lifestyle,wallace,stock file
AT-GEMCAL-500MG-15S,GEMCAL 500MG TAB 15'S,GEMCAL 500MG,15'S,Tablet,0.00,Calcium Carbonate,calcium carbonate,Calcium Carbonate,1,,,ALKEM LABORAT. LTD,BERGEN ASTA,main,master
AT-GEMCAL-15S,GEMCAL CAPS 15'S,GEMCAL,15'S,Capsule,391.85,Calcium + Cholecalciferol,calcium+cholecalciferol,Calcium | Cholecalciferol,2,"Calcium Supplementation in Recurrent low back pain, Bone pain, Joint Pain associated with Osteopenia",,ALKEM LABORAT. LTD,BERGEN ASTA,main,master
AT-GEMCAL-D3-10S,GEMCAL D3 CAP 10'S,GEMCAL D3,10'S,Capsule,223.70,Calcium Carbonate 1250mg,calcium carbonate 1250mg,Calcium Carbonate,1,,,ALKEM LABORAT. LTD,BERGEN ASTA,manual,master
AT-GEMCAL-DS-15S,GEMCAL DS TAB 15'S,GEMCAL DS,15'S,Tablet,479.06,Calcium Carbonate + Cholecalciferol,calcium carbonate+cholecalciferol,Calcium Carbonate | Cholecalciferol,2,,,ALKEM LABORAT. LTD,BERGEN ASTA,main,master
AT-GEMCAL-GOLD-15S,GEMCAL GOLD TAB 15'S,GEMCAL GOLD,15'S,Tablet,193.88,Calcium + Cholecalciferol + Magnesium + Zinc,calcium+cholecalciferol+magnesium+zinc,Calcium | Cholecalciferol | Magnesium | Zinc,4,,,ALKEM LABORAT. LTD,BERGEN ASTA,main,master
AT-GEMCAL-GRO-200ML,GEMCAL GRO SYP 200ML.,GEMCAL GRO,200 ML,Syrup,149.06,Calcium + Cholecalciferol + Lysine,calcium+cholecalciferol+lysine,Calcium | Cholecalciferol | Lysine,3,Calcium ;Supplementation in Children,,ALKEM LABORATORIES LTD,BREGEN NOVA,main,stock file
AT-GEMCAL-7S,GEMCAL KIT TAB 7'S,GEMCAL,7'S,Tablet,265.30,Calcium + Cholecalciferol + Zinc,calcium+cholecalciferol+zinc,Calcium | Cholecalciferol | Zinc,3,"Calcium Supplementation in Recurrent low back pain, Bone pain, Joint Pain associated with Osteopenia",,ALKEM LABORAT. LTD,BERGEN ASTA,main,master
AT-GEMCAL-MOM-30S,GEMCAL MOM TAB 30'S,GEMCAL MOM,30'S,Tablet,344.06,Calcium Carbonate + Cholecalciferol + Folic Acid,calcium carbonate+cholecalciferol+folic acid,Calcium Carbonate | Cholecalciferol | Folic Acid,3,,,ALKEM LABORAT. LTD,BERGEN ASTA,main,stock file
AT-GEMCAL-NASAL-SPRAY-37ML,GEMCAL NASAL SPRAY 3.7ML,GEMCAL NASAL SPRAY,3.7 ML,Nasal Spray,"2,357.80",Calcitonin 200IU,calcitonin 200iu,Calcitonin,1,OSTEOPOROTIC ;BONE PAIN,,ALKEM LABORAT. LTD,BERGEN ASTA,alkem,master
AT-GEMCAL-P-SUSPENSION-150ML,GEMCAL P SUSPENSION 150ML,GEMCAL P SUSPENSION,150 ML,Suspension,199.65,Calcium Phosphate 10ml + Cholecalciferol 200IU + Elemental Phosphorus 150mg + Magnesium 75mg + Zinc 4mg,calcium phosphate 10ml+cholecalciferol 200iu+elemental phosphorus 150mg+magnesium 75mg+zinc 4mg,Calcium Phosphate | Cholecalciferol | Elemental Phosphorus | Magnesium | Zinc,5,Calcium Supplementation in Infants Adolescents,,ALKEM LABORATORIES LTD,BREGEN NOVA,manual,master
AT-GEMCAL-PLUS-SOFT-15S,GEMCAL PLUS SOFT CAP 15'S,GEMCAL PLUS SOFT,15'S,Capsule,445.30,Calcium + Cholecalciferol,calcium+cholecalciferol,Calcium | Cholecalciferol,2,,,ALKEM LABORAT. LTD,BERGEN ASTA,main,master
AT-GEMCAL-PLUS-SOFT-15S-2,GEMCAL PLUS SOFT CAP 15S,GEMCAL PLUS SOFT,15S,Capsule,489.80,Calcium + Cholecalciferol + Multiminerals,calcium+cholecalciferol+multiminerals,Calcium | Cholecalciferol | Multiminerals,3,,,ALKEM LABORAT. LTD,BERGEN ASTA,main,stock file
AT-GEMCAL-120ML,GEMCAL SYRUP 120ML,GEMCAL,120 ML,Syrup,196.85,Calcitriol 0.0625mcg + Calcium Carbonate 5ml,calcitriol 0.0625mcg+calcium carbonate 5ml,Calcitriol | Calcium Carbonate,2,Calcium Supplementation in Fractures,,ALKEM LABORAT. LTD,BERGEN ASTA,manual,master
AT-GEMCAL-XT-15S,GEMCAL-XT TAB 15'S,GEMCAL-XT,15'S,Tablet,232.00,Calcium Carbonate 1250mg + L-Methylfolate Calcium 1000mcg + Methylcobalamin 1500mcg + Pyridoxal- - Phosphate 20mg + Vitamind3 2000IU,calcium carbonate 1250mg+l-methylfolate calcium 1000mcg+methylcobalamin 1500mcg+pyridoxal- - phosphate 20mg+vitamind3 2000iu,Calcium Carbonate | L-Methylfolate Calcium | Methylcobalamin | Pyridoxal- - Phosphate | Vitamind3,5,Calcium Supplementation in Pregnancy Lactation,,ALKEM LABORAT. LTD,BERGEN ASTA,manual,master
AT-GEMFOS-35-TAB-4-3-4,GEMFOS 35 TAB 4'3 4,GEMFOS 35 TAB 4'3 4,,Tablet,421.40,Risedronate Sodium,risedronate sodium,Risedronate Sodium,1,,,ALKEM LABORAT. LTD,BERGEN ASTA,main,stock file
AT-GEMFOS-35-4S,GEMFOS 35 TAB 4'S,GEMFOS 35,4'S,Tablet,421.40,Risedronate 35mg,risedronate 35mg,Risedronate,1,,,ALKEM LABORAT. LTD,BERGEN ASTA,manual,master
AT-GEMFRAC-INJ-COMBO-PACK-OF-CA-3S,GEMFRAC INJ.COMBO PACK OF CAT. 1*3VIAL,GEMFRAC INJ.COMBO PACK OF CAT,3'S,Injection,"10,546.88",Ceftriaxone + Sulbactam,ceftriaxone+sulbactam,Ceftriaxone | Sulbactam,2,,,ALKEM LABORATORIES LTD,BREGEN NOVA,main,master
AT-GEMFRAC-INJ-OF-1-CARTRIDGE,GEMFRAC INJ.OF 1 CARTRIDGE,GEMFRAC INJ.OF 1 CARTRIDGE,,Injection,"4,000.00",Teriparatide,teriparatide,Teriparatide,1,,,ALKEM LABORATORIES LTD,BREGEN NOVA,main,stock file
AT-GEMFRAC-PEN-NEEDLES-PACK-OF-,GEMFRAC PEN NEEDLES PACK OF 30,GEMFRAC PEN NEEDLES PACK OF 30,,,0.94,Medical Device,medical device,Medical Device,1,,,ALKEM LABORATORIES LTD,BREGEN NOVA,main,master
AT-GEMIDRO-1S,GEMIDRO TAB 1'S,GEMIDRO,1'S,Tablet,443.40,Ibandronic Acid 150mg,ibandronic acid 150mg,Ibandronic Acid,1,In Osteoporosis Vertebral fractures,,ALKEM LABORAT. LTD,BERGEN ASTA,alkem,master
AT-GEMITROL-15S,GEMITROL CAP 15 S,GEMITROL,15 S,Capsule,238.69,Calcium Carbonate + Combipack Of Calcitriol + Risedronate Sodium + Zinc,calcium carbonate+combipack of calcitriol+risedronate sodium+zinc,Calcium Carbonate | Combipack Of Calcitriol | Risedronate Sodium | Zinc,4,,,TORRENT PHARMA,UNO VISTA,torrent,stock file
AT-GEMITROL-7S,GEMITROL KIT 7S,GEMITROL,7S,Kit,153.89,Calcium Carbonate + Combipack Of Calcitriol + Risedronate Sodium + Zinc,calcium carbonate+combipack of calcitriol+risedronate sodium+zinc,Calcium Carbonate | Combipack Of Calcitriol | Risedronate Sodium | Zinc,4,,,TORRENT PHARMA,UNO VISTA,torrent,stock file
AT-GEMITROL-NS-SPRAY-60ML,GEMITROL NS.SPRAY 60ML,GEMITROL NS.SPRAY,60 ML,Spray,"2,109.38",,,,,,,TORRENT PHARMA,UNO VISTA,,stock file
AT-GEMSTROKE-FORT-1-10S,GEMSTROKE FORT-1 TAB 10S,GEMSTROKE FORT-1,10S,Tablet,76.88,,,,,,,ONESTEP HEALTHCARE,P. LTD,,stock file
AT-GEMSTROKE-FORT-2-10S,GEMSTROKE FORT-2 TAB 10S,GEMSTROKE FORT-2,10S,Tablet,91.88,,,,,,,ONESTEP HEALTHCARE,P. LTD,,master
AT-GEMSTROKE-FORT-3-10S,GEMSTROKE FORT-3 TAB 10S,GEMSTROKE FORT-3,10S,Tablet,101.25,,,,,,,ONESTEP HEALTHCARE,P. LTD,,master
AT-GEMSTROKE-FORTE-10S,GEMSTROKE FORTE TAB 10S,GEMSTROKE FORTE,10S,Tablet,89.06,,,,,,,ONESTEP HEALTHCARE,P. LTD,,stock file
AT-GEMSTROKE-V-1,GEMSTROKE V-1 TAB,GEMSTROKE V-1,,Tablet,88.00,,,,,,,ONESTEP HEALTHCARE,P. LTD,,master
AT-GEMSTROKE-V-2,GEMSTROKE V-2 TAB,GEMSTROKE V-2,,Tablet,91.00,,,,,,,ONESTEP HEALTHCARE,P. LTD,,master
AT-GEMSTROKE-1MG-10S,GEMSTROKE-1MG TAB 10S,GEMSTROKE-1MG,10S,Tablet,82.50,,,,,,,ONESTEP HEALTHCARE,P. LTD,,master
AT-GEMSTROKE-2MG-10S,GEMSTROKE-2MG TAB 10S,GEMSTROKE-2MG,10S,Tablet,88.13,,,,,,,ONESTEP HEALTHCARE,P. LTD,,master
AT-GEMSTROKE-P1-10S,GEMSTROKE-P1 TAB 10S,GEMSTROKE-P1,10S,Tablet,116.25,,,,,,,ONESTEP HEALTHCARE,P. LTD,,master
AT-GEMSTROKE-P2-10S,GEMSTROKE-P2 TAB 10S,GEMSTROKE-P2,10S,Tablet,118.00,,,,,,,ONESTEP HEALTHCARE,P. LTD,,master
AT-GEMTIDE-600MCG-24ML,GEMTIDE 600MCG/2.4ML INJ,GEMTIDE 600MCG/,2.4 ML,Injection,"4,000.00",Teriparatide,teriparatide,Teriparatide,1,,,ALKEM LABORATORIE LTD,VITA,main,master
AT-GEMTIDE-PREFILLED-COMBI-PEN,GEMTIDE PREFILLED COMBI PEN INJ,GEMTIDE PREFILLED COMBI PEN,,Injection,"10,546.85",Teriparatide,teriparatide,Teriparatide,1,,,ALKEM LABORATORIE LTD,VITA,main,master
AT-GENFOUR-EYE-5ML,GENFOUR EYE DROPS 5ML,GENFOUR EYE,5 ML,Drops,131.25,,,,,,,INTAS (ANDRE )LABORATORIES,PVT,,stock file
AT-GENTLE-BABY-BATH-100ML,GENTLE BABY BATH 100ML,GENTLE BABY BATH,100 ML,,66.75,,,,,,,HIMALIYA DRUGS BABY CARE,,,stock file
AT-GENTLE-BABY-BATH-200ML,GENTLE BABY BATH 200ML,GENTLE BABY BATH,200 ML,,120.15,,,,,,,HIMALIYA DRUGS BABY CARE,,,stock file
AT-GENTLE-BABY-SHAMPOO-100ML,GENTLE BABY SHAMPOO 100ML,GENTLE BABY SHAMPOO,100 ML,Shampoo,97.90,,,,,,,HIMALIYA DRUGS BABY CARE,,,stock file
AT-GENTLE-BABY-SHAMPOO-200ML,GENTLE BABY SHAMPOO 200ML,GENTLE BABY SHAMPOO,200 ML,Shampoo,151.30,,,,,,,HIMALIYA DRUGS BABY CARE,,,stock file
AT-GENTLE-BABY-SOAP-125GM,GENTLE BABY SOAP 125 GM,GENTLE BABY SOAP,125 GM,Soap,84.55,Mild Herbal Soap Base,mild herbal soap base,Mild Herbal Soap Base,1,,,HIMALIYA DRUGS BABY CARE,,main,master
AT-GENTLE-BABY-SOAP-25GM,GENTLE BABY SOAP 25 GM,GENTLE BABY SOAP,25 GM,Soap,8.90,,,,,,,HIMALIYA DRUGS BABY CARE,,,stock file
AT-GENTLE-BABY-SOAP-3-1-FREE-4-75GM,GENTLE BABY SOAP 3+1 FREE 4*75GM,GENTLE BABY SOAP 3+1 FREE 4*,75 GM,Soap,106.80,,,,,,,HIMALIYA DRUGS BABY CARE,,,stock file
AT-GENTLE-BABY-SOAP-4-75GM,GENTLE BABY SOAP 4*75GM,GENTLE BABY SOAP 4*,75 GM,Soap,124.60,,,,,,,HIMALIYA DRUGS BABY CARE,,,stock file
AT-GENTLE-BABY-SOAP-75GM,GENTLE BABY SOAP 75 GM,GENTLE BABY SOAP,75 GM,Soap,57.85,,,,,,,HIMALIYA DRUGS BABY CARE,,,stock file
AT-GENTLE-BABY-WASH-100ML,GENTLE BABY WASH 100 ML,GENTLE BABY WASH,100 ML,,71.20,,,,,,,HIMALAYA DRUG COMPANY ZEAL,,,stock file
AT-GENTLE-BABY-WIPES-12,GENTLE BABY WIPES 12,GENTLE BABY WIPES 12,,,42.72,,,,,,,HIMALIYA DRUGS BABY CARE,,,stock file
AT-GENTLE-BABY-WIPES-24,GENTLE BABY WIPES 24,GENTLE BABY WIPES 24,,,75.65,,,,,,,HIMALIYA DRUGS BABY CARE,,,stock file
AT-GENTLE-BABY-WIPES-72,GENTLE BABY WIPES 72,GENTLE BABY WIPES 72,,,178.00,,,,,,,HIMALIYA DRUGS BABY CARE,,,stock file
AT-GERIFLO-D-15S,GERIFLO D 15 S,GERIFLO D,15 S,Tablet,323.44,Dutasteride + Tamsulosin,dutasteride+tamsulosin,Dutasteride | Tamsulosin,2,,,ALEMBIC,LTD OURON,main,stock file
AT-GERIFLO-D-30S,GERIFLO D CAP 30'S,GERIFLO D,30'S,Capsule,"1,073.77",Dutasteride + Tamsulosin,dutasteride+tamsulosin,Dutasteride | Tamsulosin,2,,,ALEMBIC,LTD OURON,main,master
AT-GERIFLO-10S,GERIFLO TAB 10'S,GERIFLO,10'S,Tablet,314.62,Tamsulosin,tamsulosin,Tamsulosin,1,,,ALEMBIC,LTD OURON,main,master
AT-GERIFORTE-200ML,GERIFORTE SYP 200ML,GERIFORTE,200 ML,Syrup,173.44,Double Strength Liver Herbs,double strength liver herbs,Double Strength Liver Herbs,1,Ashwagandha + Kapikacchu + Shilajit,TENTEX FORTE,HIMALAYA DRUG COMPANY ZANDRA,,main,master
AT-GERIFORTE-100S,GERIFORTE TABS 100S,GERIFORTE,100S,Tablet,145.31,,,,,,,HIMALAYA DRUG COMPANY ZANDRA,,,stock file
AT-GERIJOINT-10S,GERIJOINT CAP 10'S,GERIJOINT,10'S,Capsule,599.00,Diacerein + Glucosamine + Methylsulfonylmethane,diacerein+glucosamine+methylsulfonylmethane,Diacerein | Glucosamine | Methylsulfonylmethane,3,,,ALEMBIC,OSTEOFID,main,master
AT-GERIPOD-4-10S,GERIPOD 4 TABS 10'S,GERIPOD 4,10'S,Tablet,171.09,Tolterodine,tolterodine,Tolterodine,1,,,ALEMBIC,LTD OURON,main,stock file
AT-GERIPOD-8-6S,GERIPOD 8 TAB 6'S,GERIPOD 8,6'S,Tablet,354.98,Silodosin 8mg,silodosin 8mg,Silodosin,1,,,ALEMBIC,LTD OURON,manual,master
AT-GERIPOD-D-10S,GERIPOD D CAP 10'S,GERIPOD D,10'S,Capsule,515.95,Dutasteride + Silodosin 8mg,dutasteride+silodosin 8mg,Dutasteride | Silodosin,2,,,ALEMBIC,LTD OURON,manual,master
AT-GERISTART-10TAB,GERISTART TAB,GERISTART,10 TAB,Tablet,188.25,Tamsulosin,tamsulosin,Tamsulosin,1,,,ALEMBIC,LTD OURON,manual,master
AT-GESTOFIT-200-10CAP,GESTOFIT 200 CAPS,GESTOFIT 200,10 CAP,Capsule,312.75,Progesterone,progesterone,Progesterone,1,,,ALEMBIC,ALCARE,main,stock file
AT-GESTOFIT-200MG-SR-10TAB,GESTOFIT 200MG SR,GESTOFIT 200MG SR,10 TAB,,495.94,Progesterone,progesterone,Progesterone,1,,,ALEMBIC,ZENOVI,main,master
AT-GESTOFIT-300MG-SR-10TAB,GESTOFIT 300MG SR,GESTOFIT 300MG SR,10 TAB,,679.69,Progesterone,progesterone,Progesterone,1,,,ALEMBIC,ZENOVI,main,master
AT-GESTOFIT-INJ-100MG-ML,GESTOFIT INJ. 100MG/ML,GESTOFIT INJ. 100MG/ML,,Injection,155.63,Progesterone,progesterone,Progesterone,1,,,ALEMBIC,ALCARE,main,master
AT-GESTOFIT-SR-400-10TAB,GESTOFIT SR 400,GESTOFIT SR 400,10 TAB,,735.94,Progesterone,progesterone,Progesterone,1,,,ALEMBIC,ZENOVI,main,master
AT-GESTOFIT-SR-50-2ML,GESTOFIT SR 50 INJ,GESTOFIT SR 50,2 ML,Injection,202.13,Progesterone,progesterone,Progesterone,1,,,ALEMBIC,ZENOVI,main,master
AT-GFLOTAS-D-EYE-DROP-5ML,GFLOTAS D EYE DROP 5ML.,GFLOTAS D EYE DROP,5 ML,Drops,15.00,,,,,,,INTAS (ANDRE )LABORATORIES,PVT,,stock file
AT-GLACEX-10S,GLACEX CAPS 10'S,GLACEX,10'S,Capsule,85.00,,,,,,,GSK LIMITED,TEAM 8,,stock file
AT-GLIBRANTA,GLIBRANTA TAB,GLIBRANTA,,Tablet,"1,199.00",Ascorbic Acid 40mg + Biotin 15mcg + Manganese Sulphate 1.5mg + Oxaloacetate 100mg,ascorbic acid 40mg+biotin 15mcg+manganese sulphate 1.5mg+oxaloacetate 100mg,Ascorbic Acid | Biotin | Manganese Sulphate | Oxaloacetate,4,,,CELAGENEX RESEARCH INDIA PVT LTD,,main,master
AT-GLICLAPACK-30-30S,GLICLAPACK 30 CAP 1*30,GLICLAPACK 30,30'S,Capsule,168.75,,,,,,,KOYE PHARMACEUTICALS,CARDIC,,stock file
AT-GLICLAPACK-M-10S,GLICLAPACK M TAB 10,GLICLAPACK M,10'S,Tablet,87.19,,,,,,,KOYE PHARMACEUTICALS,CARDIC,,stock file
AT-GLIMEFINE-M1-FORTE-10S,GLIMEFINE M1 FORTE TAB 10'S,GLIMEFINE M1 FORTE,10'S,Tablet,52.50,,,,,,,FINECURE PHARMACEUTICALS,LTD,,stock file
AT-GLIMEFINE-M1-10S,GLIMEFINE M1 TAB 10'S,GLIMEFINE M1,10'S,Tablet,71.00,Glimepiride + Metformin,glimepiride+metformin,Glimepiride | Metformin,2,,,FINECURE PHARMACEUTICALS,LTD,main,master
AT-GLIMEFINE-M2-10S,GLIMEFINE M2 TAB 10'S,GLIMEFINE M2,10'S,Tablet,88.59,Glimepiride + Metformin,glimepiride+metformin,Glimepiride | Metformin,2,,,FINECURE PHARMACEUTICALS,LTD,main,master
AT-GLIMEFINE-MP-1-10S,GLIMEFINE MP 1 TAB 10'S,GLIMEFINE MP 1,10'S,Tablet,89.06,,,,,,,FINECURE PHARMACEUTICALS,LTD,,stock file
AT-GLIMEFINE-MP-2-10S,GLIMEFINE MP 2 TAB 10'S,GLIMEFINE MP 2,10'S,Tablet,118.00,,,,,,,FINECURE PHARMACEUTICALS,LTD,,stock file
AT-GLIMEFINE-MV1,GLIMEFINE MV1 TAB,GLIMEFINE MV1,,Tablet,86.25,Glimepiride + Metformin + Voglibose,glimepiride+metformin+voglibose,Glimepiride | Metformin | Voglibose,3,,,FINECURE PHARMACEUTICALS,LTD,main,master
AT-GLIMEFINE-MV2-FORTE-10S,GLIMEFINE MV2 FORTE TAB 10'S,GLIMEFINE MV2 FORTE,10'S,Tablet,103.13,,,,,,,FINECURE PHARMACEUTICALS,LTD,,stock file
AT-GLIMEFINE-MV2-10S,GLIMEFINE MV2 TAB 10'S,GLIMEFINE MV2,10'S,Tablet,154.69,Glimepiride + Metformin + Voglibose,glimepiride+metformin+voglibose,Glimepiride | Metformin | Voglibose,3,,,FINECURE PHARMACEUTICALS,LTD,main,master
AT-GLIMETOP-1MG-10S,GLIMETOP 1MG TAB 10'S,GLIMETOP 1MG,10'S,Tablet,32.81,,,,,,,RPG LIFE SCIENCE LTD,GLODIAN,,master
AT-GLIMETOP-2MG-10S,GLIMETOP 2MG TAB 10'S,GLIMETOP 2MG,10'S,Tablet,46.88,,,,,,,RPG LIFE SCIENCE LTD,GLODIAN,,master
AT-GLIMETOP-M1-10S,GLIMETOP M1 TAB 10,GLIMETOP M1,10'S,Tablet,61.87,,,,,,,RPG LIFE SCIENCE LTD,GLODIAN,,master
AT-GLIMETOP-M2-TAB-10-10,GLIMETOP M2 TAB 10 10,GLIMETOP M2 TAB 10 10,,Tablet,65.63,,,,,,,RPG LIFE SCIENCE LTD,GLODIAN,,stock file
AT-GLIMETOP-MV1-10S,GLIMETOP MV1 TAB 10,GLIMETOP MV1,10'S,Tablet,92.80,,,,,,,RPG LIFE SCIENCE LTD,GLODIAN,,master
AT-GLIMETOP-MV2-TAB-10-10,GLIMETOP MV2 TAB 10 10,GLIMETOP MV2 TAB 10 10,,Tablet,103.12,,,,,,,RPG LIFE SCIENCE LTD,GLODIAN,,stock file
AT-GLIMIPACK-M1-10S,GLIMIPACK M1 TAB 10,GLIMIPACK M1,10'S,Tablet,51.56,Excipients Q.s + Glimepiride 1mg + Metformin 500mg,excipients q.s+glimepiride 1mg+metformin 500mg,Excipients Q.s | Glimepiride | Metformin,3,Oral Anti-diabetics,Not specified,KOYE PHARMACEUTICALS,CARDIC,koye,stock file
AT-GLIMIPACK-M2-10S,GLIMIPACK M2 TAB 10,GLIMIPACK M2,10'S,Tablet,70.31,,,,,,,KOYE PHARMACEUTICALS,CARDIC,,stock file
AT-GLIMIPACK-MV-1-10S,GLIMIPACK MV 1 TAB 10S,GLIMIPACK MV 1,10S,Tablet,100.31,Excipients Q.s + Glimepiride 1mg + Metformin 1000mg + Voglibose 0.2mg,excipients q.s+glimepiride 1mg+metformin 1000mg+voglibose 0.2mg,Excipients Q.s | Glimepiride | Metformin | Voglibose,4,Oral Anti-diabetics,Not specified,KOYE PHARMACEUTICALS,CARDIC,koye,stock file
AT-GLIMIPACK-MV-2-0-3-10S,GLIMIPACK MV 2/0.3 TAB 10S,GLIMIPACK MV 2/0.3,10S,Tablet,121.88,,,,,,,KOYE PHARMACEUTICALS,CARDIC,,stock file
AT-GLIMOIPACK-MV-2-10S,GLIMOIPACK MV 2 TAB 10S,GLIMOIPACK MV 2,10S,Tablet,131.25,,,,,,,KOYE PHARMACEUTICALS,CARDIC,,stock file
AT-GLIMPURE-M1-15S,GLIMPURE M1 TAB 1*15,GLIMPURE M1,15'S,Tablet,136.88,Glimepiride + Metformin,glimepiride+metformin,Glimepiride | Metformin,2,,,ARRIENT HEALTHCARE,(ARRIENT)PRIVATE LIM,main,master
AT-GLIMPURE-M2-15S,GLIMPURE M2 TAB 1*15,GLIMPURE M2,15'S,Tablet,205.22,Glimepiride + Metformin,glimepiride+metformin,Glimepiride | Metformin,2,,,ARRIENT HEALTHCARE,(ARRIENT)PRIVATE LIM,main,master
AT-GLIMPURE-MV-1-15S,GLIMPURE MV 1 TAB 1*15,GLIMPURE MV 1,15'S,Tablet,198.00,Glimepiride + Metformin + Voglibose,glimepiride+metformin+voglibose,Glimepiride | Metformin | Voglibose,3,,,ARRIENT HEALTHCARE,(ARRIENT)PRIVATE LIM,main,master
AT-GLIMPURE-MV-1-3-15S,GLIMPURE MV 1.3 TAB 1*15,GLIMPURE MV 1.3,15'S,Tablet,235.31,Glimepiride + Metformin + Voglibose,glimepiride+metformin+voglibose,Glimepiride | Metformin | Voglibose,3,,,ARRIENT HEALTHCARE,(ARRIENT)PRIVATE LIM,main,master
AT-GLIMPURE-MV-2-15S,GLIMPURE MV 2 TAB 1*15,GLIMPURE MV 2,15'S,Tablet,324.80,Glimepiride + Voglibose,glimepiride+voglibose,Glimepiride | Voglibose,2,,,ARRIENT HEALTHCARE,(ARRIENT)PRIVATE LIM,main,stock file
AT-GLIMPURE-MV-2-3-15S,GLIMPURE MV 2.3 TAB 1*15,GLIMPURE MV 2.3,15'S,Tablet,239.06,Glimepiride + Voglibose,glimepiride+voglibose,Glimepiride | Voglibose,2,,,ARRIENT HEALTHCARE,(ARRIENT)PRIVATE LIM,main,stock file
AT-GLIMPURE-MV-3-3-15S,GLIMPURE MV 3.3 TAB 1*15,GLIMPURE MV 3.3,15'S,Tablet,278.00,Glimepiride + Metformin + Voglibose,glimepiride+metformin+voglibose,Glimepiride | Metformin | Voglibose,3,,,ARRIENT HEALTHCARE,(ARRIENT)PRIVATE LIM,main,master
AT-GLIMSER-1-15S,GLIMSER 1 TAB 15'S,GLIMSER 1,15'S,Tablet,239.02,Glimepiride,glimepiride,Glimepiride,1,,,ALEMBIC,PHARMA,main,master
AT-GLIMSER-2-10S,GLIMSER 2 TABS 10S,GLIMSER 2,10S,Tablet,222.95,Glimepiride,glimepiride,Glimepiride,1,,,ALEMBIC,PHARMA,main,stock file
AT-GLIMSER-FORTE-1-10S,GLIMSER FORTE 1 TAB 10'S,GLIMSER FORTE 1,10'S,Tablet,140.91,Glimepiride + Metformin,glimepiride+metformin,Glimepiride | Metformin,2,,,ALEMBIC,PHARMA,main,master
AT-GLIMSER-FORTE-2-10S,GLIMSER FORTE 2 TAB 10S,GLIMSER FORTE 2,10S,Tablet,212.81,Glimepiride + Metformin,glimepiride+metformin,Glimepiride | Metformin,2,,,ALEMBIC,PHARMA,main,stock file
AT-GLIMSER-P1-10S,GLIMSER P1 TAB 10S,GLIMSER P1,10S,Tablet,150.00,Glimepiride + Pioglitazone,glimepiride+pioglitazone,Glimepiride | Pioglitazone,2,,,ALEMBIC,PHARMA,main,stock file
AT-GLIMSER-P2-10S,GLIMSER P2 TAB 10S,GLIMSER P2,10S,Tablet,159.42,Glimepiride + Pioglitazone,glimepiride+pioglitazone,Glimepiride | Pioglitazone,2,,,ALEMBIC,PHARMA,main,stock file
AT-GLIMZY-M1-10S,GLIMZY-M1 TAB 10'S,GLIMZY-M1,10'S,Tablet,39.84,,,,,,,ROSSWELT BIOSCIENCES,,,stock file
AT-GLINLICE-M1-10S,GLINLICE-M1 TAB 10'S,GLINLICE-M1,10'S,Tablet,54.37,,,,,,,ROSSWELT BIOSCIENCES,,,master
AT-GLINLICE-PG-1MG-10S,GLINLICE-PG 1MG TAB 10'S,GLINLICE-PG 1MG,10'S,Tablet,70.31,,,,,,,ROSSWELT BIOSCIENCES,,,master
AT-GLINTRA-FOAMING-FACEWASH,GLINTRA FOAMING FACEWASH,GLINTRA FOAMING FACEWASH,,Face Wash,433.43,,needs_verification,Needs_verification,1,,,ALKEM LABORATORIES,LIMITED,main,stock file
AT-GLIPTINEXT-M-1000MG-10S,GLIPTINEXT M 1000MG TAB 10'S,GLIPTINEXT M 1000MG,10'S,Tablet,103.13,,,,,,,RPG LIFE SCIENCE LTD,GLODIAN,,stock file
AT-GLIPTINEXT-M-500MG-10S,GLIPTINEXT M 500MG TAB 10'S,GLIPTINEXT M 500MG,10'S,Tablet,135.70,,,,,,,RPG LIFE SCIENCE LTD,GLODIAN,,master
AT-GLIPTINEXT-10S,GLIPTINEXT TAB 10'S,GLIPTINEXT,10'S,Tablet,60.00,Teneligliptin 20mg,teneligliptin 20mg,Teneligliptin,1,Anti-Diabetic,Type 2 diabetes mellitus,RPG LIFE SCIENCE LTD,GLODIAN,rpg,stock file
AT-GLIPY-50-15S,GLIPY 50 TAB 15'S,GLIPY 50,15'S,Tablet,139.41,Vildagliptin,vildagliptin,Vildagliptin,1,,,ALEMBIC,LTD COROZONE,main,master
AT-GLIPY-MET-1000MG-10S,GLIPY MET 1000MG TAB 10'S,GLIPY MET 1000MG,10'S,Tablet,159.66,Metformin + Vildagliptin,metformin+vildagliptin,Metformin | Vildagliptin,2,,,ALEMBIC,LTD COROZONE,main,master
AT-GLIPY-MET-500-SR-10S,GLIPY MET 500 SR TAB 10'S,GLIPY MET 500 SR,10'S,Tablet,94.55,Metformin + Vildagliptin,metformin+vildagliptin,Metformin | Vildagliptin,2,,,ALEMBIC,LTD COROZONE,main,master
AT-GLIPY-MET-500MG-10S,GLIPY MET 500MG TAB 10'S,GLIPY MET 500MG,10'S,Tablet,152.86,Metformin + Vildagliptin,metformin+vildagliptin,Metformin | Vildagliptin,2,,,ALEMBIC,LTD COROZONE,main,master
AT-GLIPY-OD-100-SR-15S,GLIPY OD 100 SR TAB 15'S,GLIPY OD 100 SR,15'S,Tablet,221.53,Vildagliptin,vildagliptin,Vildagliptin,1,,,ALEMBIC,ltd summit,main,master
AT-GLIPY-D-15S,GLIPY-D TAB 15'S,GLIPY-D,15'S,Tablet,311.25,Dapagliflozin + Vildagliptin,dapagliflozin+vildagliptin,Dapagliflozin | Vildagliptin,2,,,ALEMBIC,LTD COROZONE,main,master
AT-GLIPY-DM-15S,GLIPY-DM TAB 15'S,GLIPY-DM,15'S,Tablet,318.14,Dapagliflozin + Metformin + Vildagliptin,dapagliflozin+metformin+vildagliptin,Dapagliflozin | Metformin | Vildagliptin,3,,,ALEMBIC,LTD COROZONE,main,master
AT-GLISEN-MF-1MG-15S,GLISEN MF 1MG TAB 15'S,GLISEN MF 1MG,15'S,Tablet,178.83,Glimepiride 1mg + Metformin,glimepiride 1mg+metformin,Glimepiride | Metformin,2,,,ALEMBIC,CARDIGEM,manual,master
AT-GLISEN-MF-2MG-15S,GLISEN MF 2MG TAB 15'S,GLISEN MF 2MG,15'S,Tablet,262.64,Glimepiride 2mg + Metformin,glimepiride 2mg+metformin,Glimepiride | Metformin,2,,,ALEMBIC,CARDIGEM,manual,master
AT-GLISEN-MF-FORTE-1MG-10S,GLISEN MF FORTE 1MG TAB 10'S,GLISEN MF FORTE 1MG,10'S,Tablet,190.03,Glimepiride 1mg + Metformin 1000mg,glimepiride 1mg+metformin 1000mg,Glimepiride | Metformin,2,,,ALEMBIC,CARDIGEM,manual,master
AT-GLISEN-MF-FORTE-2MG-10S,GLISEN MF FORTE 2MG TAB 10'S,GLISEN MF FORTE 2MG,10'S,Tablet,243.33,Glimepiride + Metformin,glimepiride+metformin,Glimepiride | Metformin,2,,,ALEMBIC,CARDIGEM,main,master
AT-GLISEN-PM-1-MG-15S,GLISEN PM- 1 MG TAB 15 S,GLISEN PM- 1 MG,15 S,Tablet,197.53,Glimepiride + Metformin + Pioglitazone,glimepiride+metformin+pioglitazone,Glimepiride | Metformin | Pioglitazone,3,,,ALEMBIC,CARDIGEM,main,stock file
AT-GLISEN-PM-2-MG-15S,GLISEN PM- 2 MG TAB 15 S,GLISEN PM- 2 MG,15 S,Tablet,288.47,Glimepiride + Metformin + Pioglitazone,glimepiride+metformin+pioglitazone,Glimepiride | Metformin | Pioglitazone,3,,,ALEMBIC,CARDIGEM,main,stock file
AT-GLISEN-SM-1MG-10S,GLISEN SM 1MG TAB 10'S,GLISEN SM 1MG,10'S,Tablet,231.80,Glimepiride + Metformin + Sitagliptin,glimepiride+metformin+sitagliptin,Glimepiride | Metformin | Sitagliptin,3,,,ALEMBIC,GASTRON,main,stock file
AT-GLISEN-SM-2MG-10S,GLISEN SM 2MG TAB 10'S,GLISEN SM 2MG,10'S,Tablet,231.80,Glimepiride + Metformin + Sitagliptin,glimepiride+metformin+sitagliptin,Glimepiride | Metformin | Sitagliptin,3,,,ALEMBIC,GASTRON,main,stock file
AT-GLISEN-VM-1MG-10S,GLISEN VM 1MG TAB 10'S,GLISEN VM 1MG,10'S,Tablet,177.19,Glimepiride + Metformin + Voglibose,glimepiride+metformin+voglibose,Glimepiride | Metformin | Voglibose,3,,,ALEMBIC,CARDIGEM,main,master
AT-GLISEN-VM-2MG-10S,GLISEN VM 2MG TAB 10'S,GLISEN VM 2MG,10'S,Tablet,257.53,Glimepiride + Metformin + Voglibose,glimepiride+metformin+voglibose,Glimepiride | Metformin | Voglibose,3,,,ALEMBIC,CARDIGEM,main,master
AT-GLOBIRON-200ML,GLOBIRON SYP. 200ML,GLOBIRON,200 ML,Syrup,110.63,Cyanocobalamin + Ferric Ammonium Citrate + Folic Acid,cyanocobalamin+ferric ammonium citrate+folic acid,Cyanocobalamin | Ferric Ammonium Citrate | Folic Acid,3,,,AGLOWMED LTD.,,main,stock file
AT-GLOBIRON-XT-150ML,GLOBIRON XT SYP 150ML,GLOBIRON XT,150 ML,Syrup,167.06,Ferrous Ascorbate + Folic Acid,ferrous ascorbate+folic acid,Ferrous Ascorbate | Folic Acid,2,,,AGLOWMED LTD,Radiance,main,master
AT-GLOBIRON-XT-10S,GLOBIRON XT TAB 10'S,GLOBIRON XT,10'S,Tablet,129.38,Ferrous Ascorbate + Folic Acid,ferrous ascorbate+folic acid,Ferrous Ascorbate | Folic Acid,2,,,AGLOWMED LTD,Radiance,main,stock file
AT-GLOBIRON-Z-200ML,GLOBIRON Z SYP.200ML,GLOBIRON Z,200 ML,Syrup,79.69,Cyanocobalamin + Ferric Ammonium Citrate + Folic Acid + Zinc Sulphate,cyanocobalamin+ferric ammonium citrate+folic acid+zinc sulphate,Cyanocobalamin | Ferric Ammonium Citrate | Folic Acid | Zinc Sulphate,4,,,AGLOWMED LTD.,,main,stock file
AT-GLOGEOUS-TPL,GLOGEOUS -TPL,GLOGEOUS -TPL,,,"1,090.00",,,,,,,TORRENT PHARMA LTD,SPERSH,,master
AT-GLOIT-10S,GLOIT TAB 1*10,GLOIT,10'S,Tablet,226.95,,,,,,,DD NUTRITIONS,INDIA,,stock file
AT-GLORIA-OD-10,GLORIA OD 10 CAPS,GLORIA OD 10,,Capsule,178.13,,,,,,,SALASAR PHARMACEUTICALS,,,master
AT-GLOWIN-MM-10S,GLOWIN-MM TAB 10S,GLOWIN-MM,10S,Tablet,173.44,,,,,,,NEO LIFE SCIENCES,,,stock file
AT-GLUCORYL-0-3-10S,GLUCORYL 0.3 TAB 10,GLUCORYL 0.3,10'S,Tablet,101.25,,,,,,,ALKEM LABORATORIES,LTD.ALFA NEXGEN,,stock file
AT-GLUCORYL-1MG-10S,GLUCORYL 1MG TABS 10'S,GLUCORYL 1MG,10'S,Tablet,32.78,Glimepiride 1mg,glimepiride 1mg,Glimepiride,1,Oral Anti-Diabetic ;agents,,ALKEM LABORATORIES,LTD DIABTALOGY,alkem,stock file
AT-GLUCORYL-2MG-10S,GLUCORYL 2MG TABS 10'S,GLUCORYL 2MG,10'S,Tablet,59.63,Glimepiride 2mg,glimepiride 2mg,Glimepiride,1,Oral Anti-Diabetic agents,,ALKEM LABORATORIES,LTD DIABTALOGY,alkem,stock file
AT-GLUCORYL-M1-FORTE-10S,GLUCORYL M1 FORTE 10'S,GLUCORYL M1 FORTE,10'S,Tablet,147.19,Glimepiride 1mg + Metformin 1000mg,glimepiride 1mg+metformin 1000mg,Glimepiride | Metformin,2,Oral Anti-Diabetic agents,,ALKEM LABORATORIES,LTD DIABTALOGY,alkem,stock file
AT-GLUCORYL-M1-10S,GLUCORYL M1 TAB 10'S,GLUCORYL M1,10'S,Tablet,174.35,Glimepiride 1mg + Metformin 500mg,glimepiride 1mg+metformin 500mg,Glimepiride | Metformin,2,Oral Anti-Diabetic agents,,ALKEM LABORATORIES,LTD DIABTALOGY,alkem,master
AT-GLUCORYL-M2-FORTE-10S,GLUCORYL M2 FORTE TAB 10'S,GLUCORYL M2 FORTE,10'S,Tablet,235.78,Glimepiride 2mg + Metformin 1000mg,glimepiride 2mg+metformin 1000mg,Glimepiride | Metformin,2,Oral Anti-Diabetic agents,,ALKEM LABORATORIES,LTD DIABTALOGY,alkem,master
AT-GLUCORYL-M2-10S,GLUCORYL M2 TAB 10'S,GLUCORYL M2,10'S,Tablet,250.75,Glimepiride 2mg + Metformin 500mg,glimepiride 2mg+metformin 500mg,Glimepiride | Metformin,2,Oral Anti-Diabetic agents,,ALKEM LABORATORIES,LTD DIABTALOGY,alkem,master
AT-GLUCORYL-M3-15S,GLUCORYL M3 TAB 15'S,GLUCORYL M3,15'S,Tablet,187.50,Glimepiride 3mg + Metformin 500mg,glimepiride 3mg+metformin 500mg,Glimepiride | Metformin,2,Oral Anti-Diabetic agents,,ALKEM LABORATORIES,LTD DIABTALOGY,alkem,stock file
AT-GLUCORYL-M4-FORTE-15S,GLUCORYL M4 FORTE TAB 15'S,GLUCORYL M4 FORTE,15'S,Tablet,256.40,Glimepiride + Metformin,glimepiride+metformin,Glimepiride | Metformin,2,,,ALKEM LABORATORIES,LTD DIABTALOGY,main,master
AT-GLUCORYL-M4-FORTE-15S-2,GLUCORYL M4 FORTE TAB 15S,GLUCORYL M4 FORTE,15S,Tablet,256.40,Glimepiride + Metformin,glimepiride+metformin,Glimepiride | Metformin,2,,,ALKEM LABORATORIES,LTD DIABTALOGY,main,stock file
AT-GLUCORYL-MD-FORTE-1MG-10S,GLUCORYL MD FORTE 1MG TAB 10'S,GLUCORYL MD FORTE 1MG,10'S,Tablet,150.00,Glimepiride + Metformin,glimepiride+metformin,Glimepiride | Metformin,2,,,ALKEM LABORATORIES,LTD DIABTALOGY,main,stock file
AT-GLUCORYL-MD-FORTE-2MG-10S,GLUCORYL MD FORTE 2MG TAB 10'S,GLUCORYL MD FORTE 2MG,10'S,Tablet,166.41,Glimepiride + Metformin,glimepiride+metformin,Glimepiride | Metformin,2,,,ALKEM LABORATORIES,LTD DIABTALOGY,main,stock file
AT-GLUCORYL-MD1-15,GLUCORYL MD1 TAB 15',GLUCORYL MD1,15',Tablet,117.19,Glimepiride + Metformin,glimepiride+metformin,Glimepiride | Metformin,2,,,ALKEM LABORATORIES,LTD DIABTALOGY,main,stock file
AT-GLUCORYL-MD1-15S,GLUCORYL MD1 TAB 15'S,GLUCORYL MD1,15'S,Tablet,117.19,Glimepiride,glimepiride,Glimepiride,1,,,ALKEM LABORATORIES,LTD DIABTALOGY,main,master
AT-GLUCORYL-MD2-15S,GLUCORYL MD2 TAB 15'S,GLUCORYL MD2,15'S,Tablet,126.56,Glimepiride + Metformin,glimepiride+metformin,Glimepiride | Metformin,2,,,ALKEM LABORATORIES,LTD DIABTALOGY,main,stock file
AT-GLUCORYL-MP1-15S,GLUCORYL MP1 TAB 15'S,GLUCORYL MP1,15'S,Tablet,192.15,Glimepiride 1mg + Metformin 500mg + Pioglitazone Hydrochloride 15mg,glimepiride 1mg+metformin 500mg+pioglitazone hydrochloride 15mg,Glimepiride | Metformin | Pioglitazone Hydrochloride,3,Oral Anti-Diabetic agents,,ALKEM LABORATORIES,LTD DIABTALOGY,manual,master
AT-GLUCORYL-MP2-15S,GLUCORYL MP2 TAB 15'S,GLUCORYL MP2,15'S,Tablet,292.50,Glimepiride 2mg + Metformin 500mg + Pioglitazone Hydrochloride 15mg,glimepiride 2mg+metformin 500mg+pioglitazone hydrochloride 15mg,Glimepiride | Metformin | Pioglitazone Hydrochloride,3,Oral Anti-Diabetic agents,,ALKEM LABORATORIES,LTD DIABTALOGY,manual,master
AT-GLUCORYL-MV-1-10S,GLUCORYL MV 1 TAB 10'S,GLUCORYL MV 1,10'S,Tablet,290.75,Glimepiride 1mg + Metformin 500mg + Voglibose 0.2mg,glimepiride 1mg+metformin 500mg+voglibose 0.2mg,Glimepiride | Metformin | Voglibose,3,,,ALKEM LABORATORIES,LTD DIABTALOGY,manual,master
AT-GLUCORYL-MV-1-0-3-10S,GLUCORYL MV 1/0.3 TAB 10'S,GLUCORYL MV 1/0.3,10'S,Tablet,240.00,Glimepiride 1mg + Metformin 500mg + Voglibose 0.3mg,glimepiride 1mg+metformin 500mg+voglibose 0.3mg,Glimepiride | Metformin | Voglibose,3,,,ALKEM LABORATORIES,LTD DIABTALOGY,manual,master
AT-GLUCORYL-MV-1-O-3-10S,GLUCORYL MV 1/O.3 TAB 10S,GLUCORYL MV 1/O.3,10S,Tablet,240.00,Glimepiride + Metformin + Voglibose,glimepiride+metformin+voglibose,Glimepiride | Metformin | Voglibose,3,,,ALKEM LABORATORIES,LTD DIABTALOGY,main,stock file
AT-GLUCORYL-MV-2-10S,GLUCORYL MV 2 TAB 10'S,GLUCORYL MV 2,10'S,Tablet,346.85,Glimepiride 2mg + Metformin 500mg + Voglibose 0.2mg,glimepiride 2mg+metformin 500mg+voglibose 0.2mg,Glimepiride | Metformin | Voglibose,3,,,ALKEM LABORATORIES,LTD DIABTALOGY,manual,master
AT-GLUCORYL-MV-2-O-3-15S,GLUCORYL MV 2/O.3 TAB 15S,GLUCORYL MV 2/O.3,15S,Tablet,285.00,Glimepiride + Metformin + Voglibose,glimepiride+metformin+voglibose,Glimepiride | Metformin | Voglibose,3,,,ALKEM LABORATORIES,LTD DIABTALOGY,main,stock file
AT-GLUCORYL-MV-FORTE-1MG-10S,GLUCORYL MV FORTE 1MG TAB 10'S,GLUCORYL MV FORTE 1MG,10'S,Tablet,124.21,Glimepiride + Voglibose,glimepiride+voglibose,Glimepiride | Voglibose,2,,,ALKEM LABORATORIES,LTD DIABTALOGY,main,master
AT-GLUCORYL-MV-FORTE-2MG-10S,GLUCORYL MV FORTE 2MG TAB 10'S,GLUCORYL MV FORTE 2MG,10'S,Tablet,140.38,Glimepiride + Metformin + Voglibose,glimepiride+metformin+voglibose,Glimepiride | Metformin | Voglibose,3,,,ALKEM LABORATORIES,LTD DIABTALOGY,main,stock file
AT-GLUCORYL-M-0-5MG-15S,GLUCORYL-M 0.5MG TAB 15'S,GLUCORYL-M 0.5MG,15'S,Tablet,54.80,Glimepiride + Metformin,glimepiride+metformin,Glimepiride | Metformin,2,,,ALKEM LABORATORIES,LTD DIABTALOGY,main,master
AT-GLUCORYL-M-0-5MG-15S-2,GLUCORYL-M 0.5MG TAB 15S,GLUCORYL-M 0.5MG,15S,Tablet,54.80,Glimepiride + Metformin,glimepiride+metformin,Glimepiride | Metformin,2,,,ALKEM LABORATORIES,LTD DIABTALOGY,main,stock file
AT-GLUCRETA-5-10S,GLUCRETA 5 TAB 10'S,GLUCRETA 5,10'S,Tablet,90.42,,,,,,,TORRENT PHARMACEUTICALS,LTD,,stock file
AT-GLUCRETA-L-5-10MG-10S,GLUCRETA L 5/10MG TAB 1*10'S,GLUCRETA L 5/10MG,10'S,Tablet,184.40,,,,,,,TORRENT PHARMA,SPECTRA,,master
AT-GLUCRETA-L-5-5-10S,GLUCRETA L 5+5 TAB 10,GLUCRETA L 5+5,10'S,Tablet,149.06,,,,,,,TORRENT PHARMA,SPECTRA,,stock file
AT-GLUCRETA-LM-500MG-10S,GLUCRETA LM 500MG TAB 10'S,GLUCRETA LM 500MG,10'S,Tablet,186.55,Dapagliflozin + Linagliptin + Metformin,dapagliflozin+linagliptin+metformin,Dapagliflozin | Linagliptin | Metformin,3,,,TORRENT PHARMA,SPECTRA,torrent,master
AT-GLUCRETA-M-10-500MG-10S,GLUCRETA M 10+500MG TAB 10'S,GLUCRETA M 10+500MG,10'S,Tablet,161.65,,,,,,,TORRENT PHARMACEUTICALS,LTD,,master
AT-GLUCRETA-S-10-100-10S,GLUCRETA S(10+100)TAB 10'S,GLUCRETA S(10+100),10'S,Tablet,206.25,,,,,,,TORRENT PHARMACEUTICALS,LTD,,stock file
AT-GLUCRETA-SM-10MG-100-500MG-10S,GLUCRETA SM 10MG/100/500MG TAB 10'S,GLUCRETA SM 10MG/100/500MG,10'S,Tablet,225.19,,,,,,,TORRENT PHARMACEUTICALS,LTD,,master
AT-GLUCRETA-10S,GLUCRETA TAB 10'S,GLUCRETA,10'S,Tablet,140.91,Dapagliflozin,dapagliflozin,Dapagliflozin,1,,,TORRENT PHARMACEUTICALS,PSYCAN,torrent,stock file
AT-GLUDASE-20GM,GLUDASE GEL 20GM,GLUDASE,20 GM,Gel,514.42,,needs_verification,Needs_verification,1,,,ALKEM LAB,LTD DERMAKEM,main,stock file
AT-GLUGEN-1S,GLUGEN SACHET 1S,GLUGEN,1S,Sachet,50.29,,,,,,,"RPG LIFE SCIENCES L..,",SEARLE,,stock file
AT-GLUTONE-1000MG-15S,GLUTONE 1000MG TAB 15'S,GLUTONE 1000MG,15'S,Tablet,"2,447.00",Glutathione,glutathione,Glutathione,1,,,ALKEM LABORATORIES LTD,ADROIT,main,master
AT-GLUTONE-C-15S,GLUTONE C TAB 15'S,GLUTONE C,15'S,Tablet,"1,752.95",Ascorbic Acid + Glutathione,ascorbic acid+glutathione,Ascorbic Acid | Glutathione,2,,,ALKEM LABORATORIES LTD,ADROIT,main,master
AT-GLUTONE-FACEWASH-100ML,GLUTONE FACEWASH 100ML,GLUTONE FACEWASH,100 ML,Face Wash,435.00,Ascorbic Acid + Glycolic Acid,ascorbic acid+glycolic acid,Ascorbic Acid | Glycolic Acid,2,,,ALKEM LABORATORIES LTD,ADROIT,main,master
AT-GLUTONE-MD-10S,GLUTONE MD TAB 10'S,GLUTONE MD,10'S,Tablet,249.00,Glutathione,glutathione,Glutathione,1,,,ALKEM LABORATORIES LTD,ADROIT,main,stock file
AT-GLUTONE-SERUM-30ML,GLUTONE SERUM 30ML,GLUTONE SERUM,30 ML,Serum,"1,068.00",Ascorbic Acid + Glutathione,ascorbic acid+glutathione,Ascorbic Acid | Glutathione,2,,,ALKEM LABORATORIES LTD,ADROIT,main,master
AT-GLUTONE-SX2-15S,GLUTONE SX2 TAB 15'S,GLUTONE SX2,15'S,Tablet,"2,665.00",Alpha Lipoic Acid + Glutathione,alpha lipoic acid+glutathione,Alpha Lipoic Acid | Glutathione,2,,,ALKEM LABORATORIES LTD,ADROIT,main,master
AT-GLUVILDA-50MG-15S,GLUVILDA 50MG TAB 15S,GLUVILDA 50MG,15S,Tablet,112.00,Vildagliptin 50mg,vildagliptin 50mg,Vildagliptin,1,Anti-diabetic,,ALKEM LABS,LTD. CARDIOLOGY,alkem,master
AT-GLUVILDA-D10-10S,GLUVILDA D10 TAB 10'S,GLUVILDA D10,10'S,Tablet,242.30,Dapagliflozin + Vildagliptin,dapagliflozin+vildagliptin,Dapagliflozin | Vildagliptin,2,,,ALKEM LAB,metabolic,main,master
AT-GLUVILDA-D5-10S,GLUVILDA D5 TAB 10'S,GLUVILDA D5,10'S,Tablet,186.55,Dapagliflozin + Vildagliptin,dapagliflozin+vildagliptin,Dapagliflozin | Vildagliptin,2,,,ALKEM LAB,metabolic,main,master
AT-GLUVILDA-DM-10-1000MG-15S,GLUVILDA DM 10/1000MG TAB 15'S,GLUVILDA DM 10/1000MG,15'S,Tablet,207.15,Dapagliflozin 10mg + Metformin 1000mg + Vildagliptin 100mg,dapagliflozin 10mg+metformin 1000mg+vildagliptin 100mg,Dapagliflozin | Metformin | Vildagliptin,3,Anti-Epileptic,,ALKEM LAB,metabolic,alkem,master
AT-GLUVILDA-DM-10-1000MG-15S-2,GLUVILDA DM 10/1000MG TAB 15S,GLUVILDA DM 10/1000MG,15S,Tablet,207.15,Dapagliflozin 10mg + Metformin 1000mg + Vildagliptin 100mg,dapagliflozin 10mg+metformin 1000mg+vildagliptin 100mg,Dapagliflozin | Metformin | Vildagliptin,3,Anti-Epileptic,,ALKEM LAB,metabolic,alkem,stock file
AT-GLUVILDA-DM-10-500MG-15S,GLUVILDA DM 10/500MG TAB 15S,GLUVILDA DM 10/500MG,15S,Tablet,206.25,Dapagliflozin 10mg + Metformin 500mg + Vildagliptin 100mg,dapagliflozin 10mg+metformin 500mg+vildagliptin 100mg,Dapagliflozin | Metformin | Vildagliptin,3,ANTIDEPRESSANT,,ALKEM LAB,metabolic,alkem,stock file
AT-GLUVILDA-M-1000MG-15S,GLUVILDA M + 1000MG TAB 15S,GLUVILDA M + 1000MG,15S,Tablet,141.56,Metformin + Vildagliptin,metformin+vildagliptin,Metformin | Vildagliptin,2,,,ALKEM LAB,metabolic,main,stock file
AT-GLUVILDA-M-500MG-15S-2,GLUVILDA M + 500MG TAB 15S,GLUVILDA M + 500MG,15S,Tablet,156.05,Metformin + Vildagliptin,metformin+vildagliptin,Metformin | Vildagliptin,2,,,ALKEM LAB,metabolic,main,stock file
AT-GLUVILDA-M-500MG-15S,GLUVILDA M+ 500MG TAB 15'S,GLUVILDA M+ 500MG,15'S,Tablet,156.05,Metformin + Vildagliptin,metformin+vildagliptin,Metformin | Vildagliptin,2,,,ALKEM LAB,metabolic,main,master
AT-GLUVILDA-OD-15S,GLUVILDA OD TAB 15'S,GLUVILDA OD,15'S,Tablet,136.10,Vildagliptin 100mg,vildagliptin 100mg,Vildagliptin,1,Anti-diabetic,,ALKEM LAB,metabolic,alkem,master
AT-GLYAHA-HQ-50GM,GLYAHA HQ LOTION 50GM,GLYAHA HQ,50 GM,Lotion,208.26,Glycolic Acid + Hydroquinone,glycolic acid+hydroquinone,Glycolic Acid | Hydroquinone,2,,,A.MENARINI,DERMA,main,stock file
AT-GLYAHA-KOJ-30GM,GLYAHA KOJ LOTION 30GM,GLYAHA KOJ,30 GM,Lotion,219.83,Glycolic Acid + Kojic Acid,glycolic acid+kojic acid,Glycolic Acid | Kojic Acid,2,,,A.MENARINI,DERMA,main,stock file
AT-GLYAHA-KOJ-SOAP-75GM,GLYAHA KOJ SOAP 75GM,GLYAHA KOJ SOAP,75 GM,Soap,222.46,Glycolic Acid + Kojic Acid,glycolic acid+kojic acid,Glycolic Acid | Kojic Acid,2,,,A.MENARINI,DERMA,main,master
AT-GLYAHA-50GM,GLYAHA LOTION 50GM,GLYAHA,50 GM,Lotion,425.00,Glycolic Acid,glycolic acid,Glycolic Acid,1,,,A.MENARINI,DERMA,main,master
AT-GLYCHEK-60-OD-10S,GLYCHEK 60 OD TAB 10S,GLYCHEK 60 OD,10S,Tablet,121.50,Gliclazide 60mg,gliclazide 60mg,Gliclazide,1,Diabetes,,INDOCO REMEDIES,SYNERGY,INDOCO,master
AT-GLYCHEK-M-10S,GLYCHEK M + TAB.10'S,GLYCHEK M +,10'S,Tablet,72.19,,,,,,,INDOCO REMEDIES,SYNERGY,,stock file
AT-GLYCHEK-M-40-500MG-10S,GLYCHEK M 40/500MG TAB 10'S,GLYCHEK M 40/500MG,10'S,Tablet,118.97,,,,,,,INDOCO REMEDIES,SYNERGY,,master
AT-GLYCHEK-40MG-15S,GLYCHEK-40MG TAB 15'S,GLYCHEK-40MG,15'S,Tablet,69.66,,,,,,,INDOCO REMEDIES,SYNERGY,,stock file
AT-GLYCHEK-80MG-15S,GLYCHEK-80MG TAB 15'S,GLYCHEK-80MG,15'S,Tablet,114.75,,,,,,,INDOCO REMEDIES,SYNERGY,,stock file
AT-GLYCHEK-M-30-OD-10S,GLYCHEK-M 30 OD TAB 10S,GLYCHEK-M 30 OD,10S,Tablet,80.25,,,,,,,INDOCO REMEDIES,SYNERGY,,stock file
AT-GLYCHEK-M-60-OD-10S,GLYCHEK-M 60 OD TAB 10S,GLYCHEK-M 60 OD,10S,Tablet,141.28,Gliclazide 60mg + Metformin 500mg,gliclazide 60mg+metformin 500mg,Gliclazide | Metformin,2,,,INDOCO REMEDIES,SYNERGY,manual,master
AT-GLYCHEK-M-FORTE-15S,GLYCHEK-M-FORTE TAB 15'S,GLYCHEK-M-FORTE,15'S,Tablet,213.84,,,,,,,INDOCO REMEDIES,SYNERGY,,master
AT-GLYPASS-10MG-10S,GLYPASS 10MG TAB 1*10'S,GLYPASS 10MG,10'S,Tablet,112.50,,,,,,,CELAGENEX RESEARCH INDIA PVT LTD,CCD,,stock file
AT-GLYPASS-DUO-10S,GLYPASS DUO TAB 1*10'S,GLYPASS DUO,10'S,Tablet,210.94,,,,,,,CELAGENEX RESEARCH INDIA PVT LTD,CCD,,stock file
AT-GLYPASS-M-500MG-10S,GLYPASS M 500MG TAB 1*10'S,GLYPASS M 500MG,10'S,Tablet,131.25,,,,,,,CELAGENEX RESEARCH INDIA PVT LTD,CCD,,stock file
AT-GLYPASS-M-1000MG-10S,GLYPASS M-1000MG TAB 1*10'S,GLYPASS M-1000MG,10'S,Tablet,149.06,,,,,,,CELAGENEX RESEARCH INDIA PVT LTD,CCD,,stock file
AT-GLYPASS-TRIO-500-10S,GLYPASS TRIO 500 TAB 10,GLYPASS TRIO 500,10'S,Tablet,205.31,,,,,,,CELAGENEX RESEARCH INDIA PVT LTD,CCD,,stock file
AT-GLYPASS-V-10-100MG-10S,GLYPASS V 10/100MG TAB 1*10'S,GLYPASS V 10/100MG,10'S,Tablet,210.94,,,,,,,CELAGENEX RESEARCH INDIA PVT LTD,CCD,,stock file
AT-GLYXAMBI-10MG-5MG,Glyxambi 10mg/5mg Tablet,Glyxambi 10mg/5mg,,Tablet,553.13,Empagliflozin 10mg + Linagliptin 5mg,empagliflozin 10mg+linagliptin 5mg,Empagliflozin | Linagliptin,2,,Type 2 diabetes mellitus,BOEHRINGER INGELHEIM,,main,master
AT-GLYXAMBI-25MG-5MG,Glyxambi 25mg/5mg Tablet,Glyxambi 25mg/5mg,,Tablet,609.35,Empagliflozin 25mg + Linagliptin 5mg,empagliflozin 25mg+linagliptin 5mg,Empagliflozin | Linagliptin,2,,Type 2 diabetes mellitus,BOEHRINGER INGELHEIM,,main,master
AT-GLZ-80-MG-10S,GLZ 80 MG TAB 10S,GLZ 80 MG,10S,Tablet,140.63,Gliclazide,gliclazide,Gliclazide,1,,,ALEMBIC,SPECIA,main,stock file
AT-GLZ-MEX-10S,GLZ MEX TAB 10S,GLZ MEX,10S,Tablet,73.78,Gliclazide + Metformin,gliclazide+metformin,Gliclazide | Metformin,2,,,ALEMBIC,SPECIA,main,stock file
AT-GLZ-PLUS-15S,GLZ PLUS TAB 15'S,GLZ PLUS,15'S,Tablet,173.06,Gliclazide 80mg + Metformin,gliclazide 80mg+metformin,Gliclazide | Metformin,2,,,ALEMBIC,SPECIA,manual,master
AT-GLZ-TOTAL-10S,GLZ TOTAL TAB 10'S,GLZ TOTAL,10'S,Tablet,122.25,Gliclazide 80mg + Metformin + Voglibose,gliclazide 80mg+metformin+voglibose,Gliclazide | Metformin | Voglibose,3,,,ALEMBIC,SPECIA,manual,master
AT-GLZ-XR-15S,GLZ XR TAB 15'S,GLZ XR,15'S,Tablet,257.39,Gliclazide 80mg + Metformin,gliclazide 80mg+metformin,Gliclazide | Metformin,2,,,ALEMBIC,SPECIA,manual,master
AT-GODREJ-NO-1-SOAP,GODREJ NO.1 SOAP,GODREJ NO.1 SOAP,,Soap,35.60,,,,,,,RAPTAKOS BRETT & CO.LIMITED,,,stock file
AT-GOECYST-10S,GOECYST CAP 10,GOECYST,10'S,Capsule,236.50,,,,,,,KOYE ORIGYN PHARMACEUTICAL,GY,,stock file
AT-GOECYST-DS-10S,GOECYST DS TAB 10'S,GOECYST DS,10'S,Tablet,399.00,,,,,,,KOYE ORIGYN PHARMACEUTICAL,GY,,stock file
AT-GOECYST-F-10S,GOECYST F TAB 10S,GOECYST F,10S,Tablet,224.28,,,,,,,KOYE ORIGYN PHARMACEUTICAL,GY,,stock file
AT-GOECYST-M-15S,GOECYST M TAB 15'S,GOECYST M,15'S,Tablet,401.81,,,,,,,KOYE ORIGYN PHARMACEUTICAL,GY,,stock file
AT-GOECYST-PLUS-JAR-OF-10S,GOECYST PLUS JAR OF 10 S,GOECYST PLUS JAR OF,10 S,,400.50,,,,,,,KOYE PHARMACEUTICALS,P.LTD,,stock file
AT-GOESTRESS-CAP-15S-15,GOESTRESS CAP 15S 15,GOESTRESS CAP 15S 15,,Capsule,438.90,,,,,,,KOYE ORIGYN PHARMACEUTICAL,GY,,stock file
AT-GOEUTI-10S,GOEUTI CAP 10'S,GOEUTI,10'S,Capsule,328.60,,,,,,,KOYE ORIGYN PHARMACEUTICAL,GY,,stock file
AT-GOEUTI-S-F-SUSPENSION-100ML,GOEUTI S/F SUSPENSION 100ML,GOEUTI S/F SUSPENSION,100 ML,Suspension,187.00,,,,,,,KOYE ORIGYN PHARMACEUTICAL,GY,,stock file
AT-GOEUTI-S-F-SUSPENSION-200ML-,GOEUTI S/F SUSPENSION 200ML 1,GOEUTI S/F SUSPENSION 200ML 1,,Suspension,263.44,,,,,,,TORRENT PHARMACEUTICALS,LTD,,master
AT-GOEUTI-200ML,GOEUTI SUSP. 200ML,GOEUTI,200 ML,Suspension,296.00,,,,,,,KOYE ORIGYN PHARMACEUTICAL,GY,,master
AT-GOKSHURA-60S,GOKSHURA CAPS 60S,GOKSHURA,60S,Capsule,200.00,,,,,,,HIMALAYA DRUG COMPANY,OTX,,stock file
AT-GRAMOGYL-60ML,GRAMOGYL SUSP. 60ML,GRAMOGYL,60 ML,Suspension,23.81,,,,,,,SUN PHARMA LAB.LTD,STANLIFE,,stock file
AT-GRAMONEG-10S,GRAMONEG SYP 10,GRAMONEG,10'S,Syrup,22.73,Nalidixic Acid 300mg,nalidixic acid 300mg,Nalidixic Acid,1,GASTRO INTESTINAL,,SUN PHARMA LABS.LTD,MAXXIM,sun pharma sheet,stock file
AT-GRAVOL-10S,GRAVOL TABS 10`S,GRAVOL,10'S,Tablet,39.94,Dimenhydrinate 50mg,dimenhydrinate 50mg,Dimenhydrinate,1,Antiemetic,Allergy,WALLACE PHARMA,RIVELA,wallace,master
AT-GREEN-TEA-2G10S,GREEN TEA 2G 10S,GREEN TEA,2G 10S,,56.25,,,,,,,HIMALAYA DRUG COMPANY JINDAL,,,stock file
AT-GRIFCOFER-10S,GRIFCOFER TAB 10S,GRIFCOFER,10S,Tablet,124.60,,,,,,,NUTRIMED HEALTHCARE,PVT.LTD,,stock file
AT-GRIFCOFER-XT-10S,GRIFCOFER-XT TAB 10'S,GRIFCOFER-XT,10'S,Tablet,124.57,,,,,,,NUTRIMED HEALTHCARE,PVT.LTD,,master
AT-GRIFCOVIT-200ML,GRIFCOVIT SYRUP 200ML,GRIFCOVIT,200 ML,Syrup,177.96,,,,,,,NUTRIMED HEALTHCARE,PVT.LTD,,master
AT-GRIFCOVIT-10S,GRIFCOVIT TAB 10'S,GRIFCOVIT,10'S,Tablet,180.00,,,,,,,NUTRIMED HEALTHCARE,PVT.LTD,,master
AT-GRIFIZOL-DSR-10S,GRIFIZOL-DSR CAP 10'S,GRIFIZOL-DSR,10'S,Capsule,131.25,,,,,,,NUTRIMED HEALTHCARE,PVT.LTD,,master
AT-GRISOVIN-FP-TABS-250MG-10,GRISOVIN FP TABS 250MG10`,GRISOVIN FP TABS 250MG,10',Tablet,18.58,,,,,,,GSK LIMITED,DERMA ACE TEAM 2,,stock file
AT-GROCAPIX-SOLUTION-60ML,GROCAPIX SOLUTION 60ML,GROCAPIX SOLUTION,60 ML,Solution,"1,556.61",Minoxidil,minoxidil,Minoxidil,1,,,ALEMBIC,DERMA,main,stock file
AT-GROCAPIX-M-60ML,GROCAPIX-M 60ML,GROCAPIX-M,60 ML,,"1,286.25",Finasteride + Minoxidil,finasteride+minoxidil,Finasteride | Minoxidil,2,,,ALEMBIC,DERMA,main,stock file
AT-GROGAIN-10S,GROGAIN CAP 10'S,GROGAIN,10'S,Capsule,182.00,Amino Acids + Biotin + Multivitamins,amino acids+biotin+multivitamins,Amino Acids | Biotin | Multivitamins,3,,,ALEMBIC,DERMA,main,stock file
AT-GROGAIN-30S,GROGAIN CAP 30'S,GROGAIN,30'S,Capsule,555.00,Amino Acids + Biotin + Multivitamins,amino acids+biotin+multivitamins,Amino Acids | Biotin | Multivitamins,3,,,ALEMBIC,DERMA,main,stock file
AT-GROGAIN-MF-SOLUTION-60ML,GROGAIN MF SOLUTION 60ML,GROGAIN MF SOLUTION,60 ML,Solution,"1,021.88",Finasteride + Minoxidil,finasteride+minoxidil,Finasteride | Minoxidil,2,,,ALEMBIC,DERMA,main,master
AT-GROGAIN-PRO-ADV-HAIR-SERUM-60ML,GROGAIN PRO ADV HAIR SERUM 60ML,GROGAIN PRO ADV HAIR SERUM,60 ML,Serum,"1,390.00",Biotin + Procapil + Redensyl,biotin+procapil+redensyl,Biotin | Procapil | Redensyl,3,,,ALEMBIC,DERMA,main,master
AT-GROWFOL-M-10S,GROWFOL-M TAB 10S,GROWFOL-M,10S,Tablet,91.88,,,,,,,NEO LIFE SCIENCES,,,stock file
AT-GUDUCHI-60S,GUDUCHI CAPS 60S,GUDUCHI,60S,Capsule,220.00,Tinospora Cordifolia,tinospora cordifolia,Tinospora Cordifolia,1,,,HIMALAYA DRUG COMPANY,OTX,main,master
AT-GUTGAIN-50GM,GUTGAIN SACHET 1GM 50G,GUTGAIN,50 GM,Sachet,50.63,Bacillus Clausii,bacillus clausii,Bacillus Clausii,1,Probiotics for Antibiotic Associated Dairrhea and Infectious Diarhhea,,ALKEM LABORATORIES LTD,BREGEN NOVA,main,stock file
AT-GUTGAIN-SUSP-10-RESPULS-5ML,GUTGAIN SUSP 10 RESPULS 5ML,GUTGAIN SUSP 10 RESPULS,5 ML,Suspension,496.88,Bacillus Clausii,bacillus clausii,Bacillus Clausii,1,,,ALKEM LABORATORIES LTD,BREGEN NOVA,main,stock file
AT-GYNABEST-10S,GYNABEST TAB 10'S,GYNABEST,10'S,Tablet,46.03,Antioxidants + Multiminerals + Multivitamins,antioxidants+multiminerals+multivitamins,Antioxidants | Multiminerals | Multivitamins,3,,,BESTOCHEM FORMULATIONS,,main,stock file
AT-GYNEX-200ML,GYNEX SYP 200ML,GYNEX,200 ML,Syrup,89.06,,,,,,,NEO LIFE SCIENCES,,,stock file
AT-GYNOBOOST-200S,GYNOBOOST SYP 200,GYNOBOOST,200'S,Syrup,197.00,,,,,,,NEO LIFE SCIENCES,,,master
AT-HABICCOR-30GM,HABICCOR 30GM,HABICCOR,30 GM,,248.58,Tacrolimus,tacrolimus,Tacrolimus,1,,,ALEMBIC,DERMA,main,stock file
AT-HABICCOR-S-15GM,HABICCOR-S 15GM,HABICCOR-S,15 GM,,177.00,Tacrolimus,tacrolimus,Tacrolimus,1,,,ALEMBIC,DERMA,main,stock file
AT-HADJOD-60S,HADJOD CAPS 60S,HADJOD,60S,Capsule,240.00,,,,,,,HIMALAYA DRUG COMPANY,ZEAL,,stock file
AT-HAIRJOY-2-BOTTLE-60ML,HAIRJOY 2% BOTTLE 60ML,HAIRJOY 2% BOTTLE,60 ML,,253.41,,,,,,,TORRENT PHARMA LTD,SPERSH,,stock file
AT-HAIRJOY-5-BOTTLE-60ML,HAIRJOY 5% BOTTLE 60ML,HAIRJOY 5% BOTTLE,60 ML,,747.61,,,,,,,TORRENT PHARMA LTD,SPERSH,,stock file
AT-HAIRJOY-FOAM-60GM,HAIRJOY FOAM 60G,HAIRJOY FOAM,60 GM,,599.06,Minoxidil Foam W/w 5%,minoxidil foam w/w 5%,Minoxidil Foam W/w,1,,,TORRENT PHARMA LTD,SPERSH,torrent,master
AT-HAIRJOY-M-2-SOLUT-SPRAY-60ML,HAIRJOY M 2% SOLUT.SPRAY 60ML,HAIRJOY M 2% SOLUT.SPRAY,60 ML,Spray,334.69,,,,,,,TORRENT PHARMA LTD,SPERSH,,stock file
AT-HAIRJOY-M-5-60ML,HAIRJOY M 5% 60ML,HAIRJOY M 5%,60 ML,,679.78,Minoxidil,minoxidil,Minoxidil,1,,,TORRENT PHARMA LTD,SPERSH,torrent,stock file
AT-HAIRTRES-30S,HAIRTRES TAB 30'S,HAIRTRES,30'S,Tablet,687.00,,,,,,,WALLACE PHARMACEUTICALS,LTD,,stock file
AT-HAIRZONE-SOL-60ML,HAIRZONE SOL 60ML,HAIRZONE SOL,60 ML,Solution,293.70,,,,,,,HIMALAYA DRUG COMPANY,ZEAL,,stock file
AT-HALONOVA-15GM,HALONOVA CREAM 15GM,HALONOVA,15 GM,Cream,133.59,Halobetasol Propionate W/w 0.05%,halobetasol propionate w/w 0.05%,Halobetasol Propionate W/w,1,,,TORRENT PHARMA LTD,SPERSH,torrent,stock file
AT-HALONOVA-S-INME,HALONOVA S INME,HALONOVA S INME,,,141.61,,,,,,,TORRENT PHARMA LTD,SPERSH,,stock file
AT-HALOX-30GM,HALOX CREAM 30GM,HALOX,30 GM,Cream,257.81,,,,,,,SUN PHARMA,LTD PRIMA LAND,,master
AT-HALOX-ES-OINTMENT,HALOX ES OINTMENT,HALOX ES OINTMENT,,Ointment,159.38,,,,,,,SUN PHARMA,LTD PRIMA LAND,,stock file
AT-HALOX-F-10GM,HALOX F CREAM 10GM,HALOX F,10 GM,Cream,178.13,,,,,,,SUN PHARMA,LTD PRIMA LAND,,stock file
AT-HALOX-F-15GM,HALOX F CREAM 15GM,HALOX F,15 GM,Cream,285.94,,,,,,,SUN PHARMA,LTD PRIMA LAND,,master
AT-HALOX-30ML,HALOX LOTION 30ML,HALOX,30 ML,Lotion,290.63,,,,,,,SUN PHARMA,LTD PRIMA LAND,,master
AT-HALOX-OINTMENT-30GM,HALOX OINTMENT 30GM,HALOX OINTMENT,30 GM,Ointment,280.31,,,,,,,SUN PHARMA,LTD PRIMA LAND,,master
AT-HALOX-S-30ML,HALOX S LOTION 30ML,HALOX S,30 ML,Lotion,264.38,,,,,,,SUN PHARMA,LTD PRIMA LAND,,master
AT-HALOX-S-30GM,HALOX S OINT 30GM,HALOX S,30 GM,Ointment,337.50,,,,,,,SUN PHARMA,LTD PRIMA LAND,,master
AT-HALOX-S-OINTMENT-10GM,HALOX S OINTMENT 10GM,HALOX S OINTMENT,10 GM,Ointment,122.34,,,,,,,SUN PHARMA,LTD PRIMA LAND,,stock file
AT-HANDTOUCH-SANITIZER-100ML,HANDTOUCH SANITIZER 100ML,HANDTOUCH SANITIZER,100 ML,,46.88,Ethyl Alcohol,ethyl alcohol,Ethyl Alcohol,1,,,ANDROMEDA PHARMACEUTICALS,P. L,main,stock file
AT-HANSAPLAST-REGULAR-1-100-STR,HANSAPLAST REGULAR 1*100 STRIPS,HANSAPLAST REGULAR 1*100 STRIPS,,,234.38,Adhesive Bandage,adhesive bandage,Adhesive Bandage,1,,,BEIERSDORT INDIA PRIVATE.LIMITED,,main,master
AT-HANSAPLAST-WASHPROOF-1-100-S,HANSAPLAST WASHPROOF 1*100 STRIPS,HANSAPLAST WASHPROOF 1*100 STRIPS,,,300.00,Adhesive Bandage,adhesive bandage,Adhesive Bandage,1,,,BEIERSDORT INDIA PRIVATE.LIMITED,,main,master
AT-HAPPY-BABY-GIFT-PACK-7-S-W-R,HAPPY BABY GIFT PACK 7'S W/RIB,HAPPY BABY GIFT PACK 7'S W/RIB,,,560.70,,,,,,,HIMALIYA DRUGS BABY CARE,,,stock file
AT-HAPPY-BABY-GIFT-PACK-9-S-BIG,HAPPY BABY GIFT PACK 9'S(BIG),HAPPY BABY GIFT PACK 9'S(BIG),,,"1,023.50",,,,,,,HIMALIYA DRUGS BABY CARE,,,stock file
AT-HARIDRA-60S,HARIDRA CAPS 60S,HARIDRA,60S,Capsule,103.13,,,,,,,HIMALAYA DRUG COMPANY ZANDRA,,,stock file
AT-HARMONI-21S,HARMONI TAB 21'S,HARMONI,21'S,Tablet,450.00,Cyproterone Acetate + Ethinylestradiol,cyproterone acetate+ethinylestradiol,Cyproterone Acetate | Ethinylestradiol,2,,,ALEMBIC,ZENOVI,main,master
AT-HEMFER-30S,HEMFER CAPS 30`S,HEMFER,30'S,Capsule,130.31,Ferrous Ascorbate + Folic Acid,ferrous ascorbate+folic acid,Ferrous Ascorbate | Folic Acid,2,Gastro Intestinal,,ALKEM LABORAT. LTD,ASCENDA,main,stock file
AT-HEMFER-15ML,HEMFER DROPS 15ML,HEMFER,15 ML,Drops,90.45,Ferrous Ascorbate,ferrous ascorbate,Ferrous Ascorbate,1,Gynaec.,,ALKEM LABORAT. LTD,ASCENDA,main,master
AT-HEMFER,HEMFER INJ,HEMFER,,Injection,186.56,Iron Sucrose,iron sucrose,Iron Sucrose,1,Gynaec.,,ALKEM LABORAT. LTD,ASCENDA,main,stock file
AT-HEMFER-KID-100ML,HEMFER KID SYRUP 100ML,HEMFER KID,100 ML,Syrup,135.90,Cyanocobalamin 3.75mcg + Ferrous Glycine Sulphate 25mg + Folic Acid 0.25mg + Zinc Sulphate Monohydrate 3.5mg,cyanocobalamin 3.75mcg+ferrous glycine sulphate 25mg+folic acid 0.25mg+zinc sulphate monohydrate 3.5mg,Cyanocobalamin | Ferrous Glycine Sulphate | Folic Acid | Zinc Sulphate Monohydrate,4,Gynaec.,,ALKEM LABORAT. LTD,ASCENDA,manual,master
AT-HEMFER-225ML,HEMFER SYRUP 225ML,HEMFER,225 ML,Syrup,200.60,Ferrous Ascorbate,ferrous ascorbate,Ferrous Ascorbate,1,Gynaec.,,ALKEM LABORAT. LTD,ASCENDA,main,master
AT-HEMFER-XT-10S,HEMFER XT TAB 10'S,HEMFER XT,10'S,Tablet,177.19,Ferrous Ascorbate 100mg + Folic Acid 1.5mg,ferrous ascorbate 100mg+folic acid 1.5mg,Ferrous Ascorbate | Folic Acid,2,,,ALKEM LABORAT. LTD,ASCENDA,manual,master
AT-HEMSYL-250MG-10S,HEMSYL 250MG TAB.10'S,HEMSYL 250MG,10'S,Tablet,163.59,,,,,,,INDOCO REMEDIES LTD,SPERA,,master
AT-HEMSYL-500MG-10S,HEMSYL 500MG TAB.10'S,HEMSYL 500MG,10'S,Tablet,385.60,,,,,,,INDOCO REMEDIES LTD,SPERA,,master
AT-HEPAGLIDE-0-25-INJ-KIT-DIP,HEPAGLIDE 0.25 INJ KIT-DIP,HEPAGLIDE 0.25 INJ KIT-DIP,,Injection,"1,800.00",Semaglutide,semaglutide,Semaglutide,1,,,ALKEM LABORATORIES,LTD DIABTALOGY,main,stock file
AT-HEPAGLIDE-0-5-INJ-KIT-DIP,HEPAGLIDE 0.5 INJ KIT-DIP,HEPAGLIDE 0.5 INJ KIT-DIP,,Injection,"1,900.00",Semaglutide,semaglutide,Semaglutide,1,,,ALKEM LABORATORIES,LTD DIABTALOGY,main,stock file
AT-HEPAGLIDE-1-7-INJ-KIT-DIP,HEPAGLIDE 1.7 INJ KIT-DIP,HEPAGLIDE 1.7 INJ KIT-DIP,,Injection,"2,500.00",Semaglutide,semaglutide,Semaglutide,1,,,ALKEM LABORATORIES,LTD DIABTALOGY,main,stock file
AT-HEPAGLIDE-1MG-INJ-KIT-DIP,HEPAGLIDE 1MG INJ KIT-DIP,HEPAGLIDE 1MG INJ KIT-DIP,,Injection,"2,000.00",Semaglutide,semaglutide,Semaglutide,1,,,ALKEM LABORATORIES,LTD DIABTALOGY,main,stock file
AT-HEPAPRO-200GM,HEPAPRO POWDER 200GM,HEPAPRO,200 GM,Powder,324.85,,,,,,,BRITISH BIOLOGICAL CRITICAL CARE,,,stock file
AT-HEPAPRO-400GM,HEPAPRO POWDER 400GM,HEPAPRO,400 GM,Powder,957.00,Multiminerals + Multivitamins + Protein Supplement,multiminerals+multivitamins+protein supplement,Multiminerals | Multivitamins | Protein Supplement,3,,,BRITISH BIOLOGICAL CRITICAL CARE,,main,master
AT-HEPATOGLO-HAMPER-VAS-WHITE-J,HEPATOGLO.HAMPER VAS/WHITE JEL,HEPATOGLO.HAMPER VAS/WHITE JEL,,,89.53,,,,,,,ALKEM LABORATORIES,LTD.ALFA NEXGEN,,stock file
AT-HEPATOGLOBIN-XP,HEPATOGLOBIN XP TAB,HEPATOGLOBIN XP,,Tablet,175.30,Cyanocobalamin + Ferrous Ascorbate + Folic Acid + Magnesium + Peptonised Iron + Zinc,cyanocobalamin+ferrous ascorbate+folic acid+magnesium+peptonised iron+zinc,Cyanocobalamin | Ferrous Ascorbate | Folic Acid | Magnesium | Peptonised Iron | Zinc,6,,,RAPTAKOS BRETT & CO.LIMITED,,manual,master
AT-HEPATOGLOBINE-450ML-SY,HEPATOGLOBINE 450ML SY,HEPATOGLOBINE 450ML SY,,,358.00,,,,,,,RAPTAKOS BRETT & CO.LIMITED,,,stock file
AT-HEPATOGLOBINE-30S,HEPATOGLOBINE CAPS 30'S,HEPATOGLOBINE,30'S,Capsule,161.25,Copper Sulphate 2.5mg + Cyanocobalamin 15mcg + Ferrous Fumarate 300mg + Folic Acid 1.5mg + Peptone 100mg,copper sulphate 2.5mg+cyanocobalamin 15mcg+ferrous fumarate 300mg+folic acid 1.5mg+peptone 100mg,Copper Sulphate | Cyanocobalamin | Ferrous Fumarate | Folic Acid | Peptone,5,Haematinic / Iron deficiency,"Iron deficiency anaemia during pregnancy and due to nutritional deficiency, worm infestation, menorrhagia, post-surgery",RAPTAKOS BRETT & CO.LIMITED,,raptakos,stock file
AT-HEPATOGLOBINE-15ML,HEPATOGLOBINE DROPS 15ML,HEPATOGLOBINE,15 ML,Drops,122.50,Cyanocobalamin 4mcg + Folic Acid 200mcg + Peptonised Iron 117.67mg + Protein 30mg,cyanocobalamin 4mcg+folic acid 200mcg+peptonised iron 117.67mg+protein 30mg,Cyanocobalamin | Folic Acid | Peptonised Iron | Protein,4,Haematinic - Infants,"Nutritional anaemia, especially iron deficiency anaemia",RAPTAKOS BRETT & CO,EIDIKOS,raptakos,master
AT-HEPATOGLOBINE-LIQUID-SET-300ML4,HEPATOGLOBINE LIQUID (SET),HEPATOGLOBINE LIQUID (SET),300 ML & 450 ML BOTTLES,,0.00,Ammonium Citrate 34.14mg + Folic Acid 0.17mg + Iron + Peptone 20mg + Peptonised Iron 23.24mg + Proteolysed Liver 40mg,ammonium citrate 34.14mg+folic acid 0.17mg+iron+peptone 20mg+peptonised iron 23.24mg+proteolysed liver 40mg,Ammonium Citrate | Folic Acid | Iron | Peptone | Peptonised Iron | Proteolysed Liver,6,Haematinic / Iron + Protein + Vitamin B12 + Folic Acid,"Iron deficiency anaemia during pregnancy and due to nutritional deficiency, worm infestation, menorrhagia, post-surgery",BRITISH BIOLOGICAL CRITICAL CARE,,manual,master
AT-HEPATOGLOBINE-MIK-100ML,HEPATOGLOBINE MIK.100ML,HEPATOGLOBINE MIK,100 ML,,210.00,Cyanocobalamin 2.5mcg + Folic Acid 200mcg + Peptonised Iron 176.5mg + Protein 100mg,cyanocobalamin 2.5mcg+folic acid 200mcg+peptonised iron 176.5mg+protein 100mg,Cyanocobalamin | Folic Acid | Peptonised Iron | Protein,4,,,RAPTAKOS BRETT & CO,EIDIKOS,manual,master
AT-HEPATOGLOBINE-300ML,HEPATOGLOBINE SYP 300ML,HEPATOGLOBINE,300 ML,Syrup,255.00,Cyanocobalamin 4mcg + Folic Acid 200mcg + Peptonised Iron 117.67mg + Protein 30mg,cyanocobalamin 4mcg+folic acid 200mcg+peptonised iron 117.67mg+protein 30mg,Cyanocobalamin | Folic Acid | Peptonised Iron | Protein,4,Haematinic - Infants,"Nutritional anaemia, especially iron deficiency anaemia",RAPTAKOS BRETT & CO.LIMITED,,raptakos,master
AT-HEPITEC-14S,HEPITEC TAB 14`S,HEPITEC,14'S,Tablet,565.00,,,,,,,GSK LIMITED TEAM,ALTUS,,stock file
AT-HERBOLACT-BOTTEL-1S,HERBOLACT BOTTEL 1S,HERBOLACT BOTTEL,1S,,196.88,,,,,,,DEPSONS PHARMA,,,stock file
AT-HERBOLACT-10S,HERBOLACT TAB 10'S,HERBOLACT,10'S,Tablet,56.25,Herbal Laxative,herbal laxative,Herbal Laxative,1,,,DEPSONS PHARMA,,main,master
AT-HERBOLACT-10S-2,HERBOLACT TAB 10S,HERBOLACT,10S,Tablet,56.25,,,,,,,DEPSONS PHARMA,,,stock file
AT-HERBOLEX-10S,HERBOLEX CAPS 10S,HERBOLEX,10S,Capsule,60.94,,,,,,,HIMALAYA DRUG COMPANY,ZEAL,,stock file
AT-HERBOLEX,HERBOLEX TABS,HERBOLEX,,Tablet,173.44,Haritaki + Senna + Trivrit,haritaki+senna+trivrit,Haritaki | Senna | Trivrit,3,,,HIMALAYA DRUG COMPANY,ZEAL,main,master
AT-HERMIN-D3,HERMIN D3 SACHET,HERMIN D3,,Sachet,42.19,Cholecalciferol,cholecalciferol,Cholecalciferol,1,,,ALEMBIC,ALCARE,main,stock file
AT-HERMIN-FORTE-10S,HERMIN FORTE CAP 10'S,HERMIN FORTE,10'S,Capsule,134.39,L-Methylfolate + Methylcobalamin + Pyridoxine,l-methylfolate+methylcobalamin+pyridoxine,L-Methylfolate | Methylcobalamin | Pyridoxine,3,,,ALEMBIC,ALCARE,main,master
AT-HERMIN-IV-INFUSION-200ML,HERMIN IV INFUSION 200ML,HERMIN IV INFUSION,200 ML,,876.00,Ferric Carboxymaltose,ferric carboxymaltose,Ferric Carboxymaltose,1,,,ALEMBIC,ALCARE,main,master
AT-HERMIN-ORAL-5GM,HERMIN ORAL SACHET 5GM,HERMIN ORAL,5 GM,Sachet,77.81,Folic Acid + L-Arginine + Proanthocyanidin,folic acid+l-arginine+proanthocyanidin,Folic Acid | L-Arginine | Proanthocyanidin,3,,,ALEMBIC,ALCARE,main,master
AT-HERNMP-200,HERNMP 200 CAPS,HERNMP 200,,Capsule,192.66,,,,,,,TORRENT PHARMA,UNO VISTA,,stock file
AT-HERPEX-5-5GM,HERPEX 5% CREAM 5GM,HERPEX 5%,5 GM,Cream,77.02,Aciclovir W/w 5%,aciclovir w/w 5%,Aciclovir W/w,1,,,TORRENT PHARMA LTD,SPERSH,torrent,stock file
AT-HERPEX-800DT-5S,HERPEX 800DT TAB 5'S,HERPEX 800DT,5'S,Tablet,174.84,,,,,,,TORRENT PHARMA LTD,SPERSH,,stock file
AT-HERTILITY-10S,HERTILITY TAB 10'S,HERTILITY,10'S,Tablet,565.31,,,,,,,KOYE PHARMACEUTICALS,P.LTD,,stock file
AT-HEXILAK-ACNE-SCAR-SIRUM-15GM,HEXILAK ACNE+SCAR SERUM 15GM,HEXILAK ACNE+SCAR SERUM,15 GM,,880.00,Allium Cepa + Hyaluronic Acid + Niacinamide + Zinc,allium cepa+hyaluronic acid+niacinamide+zinc,Allium Cepa | Hyaluronic Acid | Niacinamide | Zinc,4,,,A.MENARINI,DERMA,main,master
AT-HEXILAK-10GM,HEXILAK GEL 10GM,HEXILAK,10 GM,Gel,273.75,Allantoin + Allium Cepa Extract + Heparin,allantoin+allium cepa extract+heparin,Allantoin | Allium Cepa Extract | Heparin,3,,,A.MENARINI,DERMA,main,master
AT-HEXILAK-20GM,HEXILAK GEL 20GM,HEXILAK,20 GM,Gel,543.75,Allantoin + Allium Cepa Extract + Heparin,allantoin+allium cepa extract+heparin,Allantoin | Allium Cepa Extract | Heparin,3,,,A.MENARINI,DERMA,main,master
AT-HEXILAK-ULTRA-15GM,HEXILAK ULTRA GEL 15GM,HEXILAK ULTRA,15 GM,Gel,880.00,Allantoin + Allium Cepa Extract + Heparin + Silicone,allantoin+allium cepa extract+heparin+silicone,Allantoin | Allium Cepa Extract | Heparin | Silicone,4,,,A.MENARINI,DERMA,main,master
AT-HEXIMAR-OINTMENT-15GM,HEXIMAR OINTMENT 15GM,HEXIMAR OINTMENT,15 GM,Ointment,395.63,,needs_verification,Needs_verification,1,,,A.MENARINI,DERMA,main,stock file
AT-HG-9-SACH,HG 9 SACH,HG 9 SACH,,,41.83,,,,,,,DD NUTRITIONS,INDIA,,stock file
AT-HIBESOR-50MG-10S,HIBESOR 50MG TAB 10'S,HIBESOR 50MG,10'S,Tablet,14.53,Losartan,losartan,Losartan,1,,,BLUE CROSS LABS,LTD,main,stock file
AT-HIMCOCID-SUSP-BANANA-200M,HIMCOCID SUSP BANANA 200M,HIMCOCID SUSP BANANA 200M,,Suspension,135.94,Amalaki + Shankh Bhasma + Yashtimadhu,amalaki+shankh bhasma+yashtimadhu,Amalaki | Shankh Bhasma | Yashtimadhu,3,,,HIMALAYA DRUG COMPANY,OTX,main,master
AT-HIMCOCID-SUSP-MINT-200ML,HIMCOCID SUSP MINT 200ML,HIMCOCID SUSP MINT,200 ML,Suspension,135.94,Amalaki + Shankh Bhasma + Yashtimadhu,amalaki+shankh bhasma+yashtimadhu,Amalaki | Shankh Bhasma | Yashtimadhu,3,,,HIMALAYA DRUG COMPANY,OTX,main,master
AT-HIMCOCID-SUSP-SAUNF-200M,HIMCOCID SUSP SAUNF 200M,HIMCOCID SUSP SAUNF 200M,,Suspension,155.00,Amalaki + Shankh Bhasma + Yashtimadhu,amalaki+shankh bhasma+yashtimadhu,Amalaki | Shankh Bhasma | Yashtimadhu,3,,,HIMALAYA DRUG COMPANY,OTX,main,master
AT-HIMCOLIN,HIMCOLIN GEL,HIMCOLIN,,Gel,276.56,Aloe Vera + Jyotishmati Oil,aloe vera+jyotishmati oil,Aloe Vera | Jyotishmati Oil,2,,,HIMALAYA DRUG COMPANY,ZEAL,main,master
AT-HIMPLASIA-10S,HIMPLASIA TABS 10,HIMPLASIA,10'S,Tablet,222.66,Gokshura + Shilajit,gokshura+shilajit,Gokshura | Shilajit,2,,,HIMALAYA DRUG COMPANY ZENITH,,main,master
AT-HIORA-GA-15ML,HIORA GA GEL 15ML,HIORA GA,15 ML,Gel,103.00,Clove Oil + Potassium Nitrate,clove oil+potassium nitrate,Clove Oil | Potassium Nitrate,2,Pashanbheda + Gokshura,CYSTONE TABS,HIMALAYA DRUG COMPANY ZENITH,,main,master
AT-HIORA-K-TOOTH-PASTE-100GM,HIORA K TOOTH PASTE 100GM,HIORA K TOOTH PASTE,100 GM,,124.60,Herbal Extracts + Potassium Nitrate,herbal extracts+potassium nitrate,Herbal Extracts | Potassium Nitrate,2,,,HIMALAYA DRUG COMPANY ZENITH,,main,master
AT-HIORA-SG-10GM,HIORA SG GEL 10G,HIORA SG,10 GM,Gel,75.00,,,,,,,HIMALAYA DRUG COMPANY ZENITH,,,stock file
AT-HIORA-TOOTHPASTE-50GM,HIORA TOOTHPASTE 50G.,HIORA TOOTHPASTE,50 GM,,57.85,,,,,,,HIMALAYA DRUG COMPANY ZENITH,,,stock file
AT-HIORA-K-SENSI,HIORA-K SENSI-KIT,HIORA-K SENSI,,Kit,111.25,,,,,,,HIMALAYA DRUG COMPNY,H.DENTAL,,stock file
AT-HIORA-K-TOOTHPASTE-50GM,HIORA-K TOOTHPASTE 50G,HIORA-K TOOTHPASTE,50 GM,,97.90,Herbal Extracts + Potassium Nitrate,herbal extracts+potassium nitrate,Herbal Extracts | Potassium Nitrate,2,,,HIMALAYA DRUG COMPANY ZENITH,,main,master
AT-HIORA-K-MOUTHWASH-150ML,HIORA-K-MOUTHWASH 150ML,HIORA-K-MOUTHWASH,150 ML,Mouthwash,97.90,Antiseptic Herbs + Clove + Mint,antiseptic herbs+clove+mint,Antiseptic Herbs | Clove | Mint,3,,,HIMALAYA DRUG COMPANY ZENITH,,main,master
AT-HIORA-MOUTHWASH-REG-150ML,HIORA-MOUTHWASH REG 150ML,HIORA-MOUTHWASH REG,150 ML,Mouthwash,89.00,,,,,,,HIMALAYA DRUG COMPANY ZENITH,,,stock file
AT-HIOWNA-CH-FL-200GM,HIOWNA CH FL 200G,HIOWNA CH FL,200 GM,,222.50,,,,,,,HIMALAYA DRUG COMPANY ZEAL,,,stock file
AT-HIOWNA-KIDS-POW-CHOC-200GM,HIOWNA KIDS POW CHOC. 200G,HIOWNA KIDS POW CHOC,200 GM,,222.50,,,,,,,HIMALAYA DRUG COMPANY ZENITH,,,stock file
AT-HIOWNA-MOM-CHO-200GM,HIOWNA MOM CHO POWDER 200G,HIOWNA MOM CHO,200 GM,Powder,231.40,,,,,,,HIMALAYA DRUG COMPANY ZANDRA,,,stock file
AT-HISTAC-150MG-10S,HISTAC 150MG TABS 10`S,HISTAC 150MG,10'S,Tablet,20.49,,,,,,,SUN PHARMA LABS.LTD,MAXXIM,,stock file
AT-HISTAC-300MG-10S,HISTAC 300MG TABS 10`S,HISTAC 300MG,10'S,Tablet,27.56,,,,,,,SUN PHARMA LABS.LTD,MAXXIM,,stock file
AT-HISTAC-EVT-2S,HISTAC EVT TABS 2`S,HISTAC EVT,2'S,Tablet,3.62,,,,,,,SUN PHARMA LABS.LTD,MAXXIM,,stock file
AT-HISTAC-RD-10S,HISTAC RD TAB 10S,HISTAC RD,10S,Tablet,122.81,,,,,,,SUN PHARMA LABS.LTD,MAXXIM,,stock file
AT-HOMIDE-5ML,HOMIDE DROPS 5ML,HOMIDE,5 ML,Drops,36.17,,,,,,,INDOCO REMEDIES LTD,EXCEL,,stock file
AT-HOMOCHECK-10S,HOMOCHECK CAPS 10'S,HOMOCHECK,10'S,Capsule,132.15,L-Methylfolate + Methylcobalamin + Pyridoxal- -Phosphate,l-methylfolate+methylcobalamin+pyridoxal- -phosphate,L-Methylfolate | Methylcobalamin | Pyridoxal- -Phosphate,3,,,ALKEM LABORATORIES LTD,IMPERIA,main,stock file
AT-HOPENTA-100ML,HOPENTA SYRUP 100ML,HOPENTA,100 ML,Syrup,"1,068.00",Hopantenic Acid 60mg + Magnesium Acetyl Taurate 1mg,hopantenic acid 60mg+magnesium acetyl taurate 1mg,Hopantenic Acid | Magnesium Acetyl Taurate,2,,,CELAGENEX RESEARCH INDIA PVT LTD,NEURO,main,master
AT-HOSPIMYCIN-IV-1,HOSPIMYCIN IV 1,HOSPIMYCIN IV 1,,,993.75,Meropenem,meropenem,Meropenem,1,,,ALKEM LABORATORIES,LTD.ALFA NEXGEN,main,stock file
AT-HOVITE-L-15ML,HOVITE L DROPS 15ML,HOVITE L,15 ML,Drops,95.50,B1 + B12 + B2 + B6 + C + D3 + E + L-Lysine + Vitamins A + Zinc,b1+b12+b2+b6+c+d3+e+l-lysine+vitamins a+zinc,B1 | B12 | B2 | B6 | C | D3 | E | L-Lysine | Vitamins A | Zinc,10,Multivitamin & Mineral - Infants,,RAPTAKOS BRETT & CO,EIDIKOS,raptakos,master
AT-HOVITE-L-120ML,HOVITE L SYRUP 120ML,HOVITE L,120 ML,Syrup,127.50,B1 + B12 + B2 + B6 + C + D3 + E + L-Lysine + Vitamins A + Zinc,b1+b12+b2+b6+c+d3+e+l-lysine+vitamins a+zinc,B1 | B12 | B2 | B6 | C | D3 | E | L-Lysine | Vitamins A | Zinc,10,Multivitamin & Mineral - Infants,,RAPTAKOS BRETT & CO,EIDIKOS,raptakos,master
AT-HQTOR-400-10S,HQTOR 400 TAB 10,HQTOR 400,10'S,Tablet,124.92,,,,,,,TORRENT PHARMA,UNO VISTA,,stock file
AT-HQTOR-10S,HQTOR TAB 10S,HQTOR,10S,Tablet,66.74,Hydroxychloroquine Sulphate,hydroxychloroquine sulphate,Hydroxychloroquine Sulphate,1,,,TORRENT PHARMA,UNO VISTA,torrent,master
AT-HUMA-DEVICE-PEN-1S,HUMA DEVICE(PEN) 1*1'S,HUMA DEVICE(PEN),1'S,,"1,018.00",,,,,,,LUPIN LIMITED,,,master
AT-HUMALOG-100-CART-3ML,HUMALOG 100 CART 5'S 3ML,HUMALOG 100 CART,3 ML,,"5,989.00",Insulin Lispro,insulin lispro,Insulin Lispro,1,,,CIPLA LTD,,main,master
AT-HUMALOG-100IU-KWIK-PEN,HUMALOG 100IU KWIK PEN,HUMALOG 100IU KWIK PEN,,,"1,244.00",Insulin Lispro,insulin lispro,Insulin Lispro,1,,,CIPLA LTD,,main,master
AT-HUMALOG-200U-ML-KWIK-PEN,HUMALOG 200U/ML KWIK PEN,HUMALOG 200U/ML KWIK PEN,,,"1,535.00",,,,,,,CIPLA LTD,,,stock file
AT-HUMALOG-KWIKPEN-JUNIOR-100U-,HUMALOG KWIKPEN JUNIOR 100U/ML 5PEN,HUMALOG KWIKPEN JUNIOR 100U/ML 5PEN,,,936.00,,,,,,,CIPLA LTD,,,stock file
AT-HUMALOG-MIX-25-CART-5S,HUMALOG MIX 25 CART 5'S,HUMALOG MIX 25 CART,5'S,,"5,989.00",Insulin Lispro + Insulin Lispro Protamine,insulin lispro+insulin lispro protamine,Insulin Lispro | Insulin Lispro Protamine,2,,,CIPLA LTD,,main,master
AT-HUMALOG-MIX-25-KWIKPEN-100IU,HUMALOG MIX 25 KWIKPEN 100IUML,HUMALOG MIX 25 KWIKPEN 100IUML,,,"1,368.00",,,,,,,CIPLA LTD,,,stock file
AT-HUMALOG-MIX-50-CART-5S,HUMALOG MIX 50 CART 5'S,HUMALOG MIX 50 CART,5'S,,"5,445.00",Insulin Lispro + Insulin Lispro Protamine,insulin lispro+insulin lispro protamine,Insulin Lispro | Insulin Lispro Protamine,2,,,CIPLA LTD,,main,master
AT-HUMALOG-MIX-50-KWIK-PEN,HUMALOG MIX 50 KWIK PEN,HUMALOG MIX 50 KWIK PEN,,,"1,368.00",Insulin Lispro + Insulin Lispro Protamine,insulin lispro+insulin lispro protamine,Insulin Lispro | Insulin Lispro Protamine,2,,,CIPLA LTD,,main,master
AT-HUMAPEN-ERGO,HUMAPEN (ERGO),HUMAPEN (ERGO),,,"1,068.75",,,,,,,LUPIN LIMITED,,,master
AT-HUMAPEN-SAVVIO,HUMAPEN SAVVIO,HUMAPEN SAVVIO,,,937.50,,,,,,,ELI LILLY & CO.(I) PVT.LTD.,,,stock file
AT-HUMINSULIN-30-70-100,HUMINSULIN 30/70 100,HUMINSULIN 30/70 100,,,539.00,,,,,,,LUPIN LIMITED,,,stock file
AT-HUMINSULIN-30-70-40,HUMINSULIN 30/70 40**,HUMINSULIN 30/70 40**,,,177.00,,,,,,,LUPIN LIMITED,,,master
AT-HUMINSULIN-30-70-CART-5-3ML,HUMINSULIN 30/70 CART'5*3ML,HUMINSULIN 30/70 CART'5*,3 ML,,"2,579.50",,,,,,,LUPIN LIMITED,,,master
AT-HUMINSULIN-50-50-40,HUMINSULIN 50/50 40**,HUMINSULIN 50/50 40**,,,191.00,,,,,,,LUPIN LIMITED,,,master
AT-HUMINSULIN-NPH-100,HUMINSULIN NPH 100,HUMINSULIN NPH 100,,,539.00,,,,,,,LUPIN LIMITED,,,stock file
AT-HUMINSULIN-NPH-40,HUMINSULIN NPH 40**,HUMINSULIN NPH 40**,,,177.00,,,,,,,LUPIN LIMITED,,,master
AT-HUMINSULIN-NPH-CART-5-3ML,HUMINSULIN NPH CART'5*3ML,HUMINSULIN NPH CART'5*,3 ML,,"2,135.00",,,,,,,LUPIN LIMITED,,,stock file
AT-HUMINSULIN-REG-CART-5-3ML,HUMINSULIN REG.CART'5*3ML,HUMINSULIN REG.CART'5*,3 ML,,"2,579.50",,,,,,,LUPIN LIMITED,,,master
AT-HUMINSULIN-REGU-100,HUMINSULIN REGU 100,HUMINSULIN REGU 100,,,651.00,,,,,,,LUPIN LIMITED,,,master
AT-HUMINSULIN-REGU-40I,HUMINSULIN REGU 40I**,HUMINSULIN REGU 40I**,,,177.00,,,,,,,LUPIN LIMITED,,,master
AT-HYCORT-12-10S,HYCORT -12 TAB 10S,HYCORT -12,10S,Tablet,196.88,,,,,,,NEO LIFE SCIENCES,,,master
AT-HYCORT-6-10S,HYCORT -6 TAB 10,HYCORT -6,10'S,Tablet,121.87,,,,,,,NEO LIFE SCIENCES,,,master
AT-HYDE-30GM,HYDE CREAM 30GM,HYDE,30 GM,Cream,117.19,Hydroquinone 2%,hydroquinone 2%,Hydroquinone,1,,,A.MENARINI,DERMA,main,master
AT-HYDE-SOLUTION-50ML,HYDE SOLUTION 50ML,HYDE SOLUTION,50 ML,Solution,97.50,Hydroquinone,hydroquinone,Hydroquinone,1,,,A.MENARINI,DERMA,main,stock file
AT-HYDRAKEM-EYE-DROP-0-5-5ML,HYDRAKEM EYE DROP 0.5% 5ML,HYDRAKEM EYE DROP 0.5%,5 ML,Drops,129.14,Carboxymethylcellulose,carboxymethylcellulose,Carboxymethylcellulose,1,,,ALKEM LABORAT. LTD,EYE CARE,main,stock file
AT-HYDRAKEM-MAX-DROP-1-5ML,HYDRAKEM MAX DROP 1% 5ML,HYDRAKEM MAX DROP 1%,5 ML,Drops,174.09,Carboxymethylcellulose,carboxymethylcellulose,Carboxymethylcellulose,1,,,ALKEM LABORAT. LTD,EYE CARE,main,stock file
AT-HYMOS-200ML,HYMOS LOTION 200ML,HYMOS,200 ML,Lotion,658.00,Aloevera 10% + Amisol Trio 2% + Shea Butter 1% + Tocopheryl Acetate,aloevera 10%+amisol trio 2%+shea butter 1%+tocopheryl acetate,Aloevera | Amisol Trio | Shea Butter | Tocopheryl Acetate,4,Moisturizer,,ALKEM LAB,LTD DERMAKEM,manual,master
AT-HYPERLACT-30S,HYPERLACT CAP 30'S,HYPERLACT,30'S,Capsule,252.19,,,,,,,INDOCO,REMEDIES LTD,,master
AT-HYSODEW-EYE-DROP-0-1-10ML,HYSODEW EYE DROP 0.1% 10ML,HYSODEW EYE DROP 0.1%,10 ML,Drops,281.25,Sodium Hyaluronate,sodium hyaluronate,Sodium Hyaluronate,1,,,ALKEM LABORAT. LTD,EYE CARE,main,stock file
AT-HYSODEW-LIQUIGEL-EYE-10ML,HYSODEW LIQUIGEL EYE DROPS 10ML,HYSODEW LIQUIGEL EYE,10 ML,Drops,351.56,Sodium Hyaluronate,sodium hyaluronate,Sodium Hyaluronate,1,,,ALKEM LABORAT. LTD,EYE CARE,main,stock file
AT-I-VIT-12-INJ-1,I VIT 12 INJ .1 VIAL,I VIT 12 INJ .1,,Injection,31.87,,,,,,,TORRENT PHARMA,B-WELL,,master
AT-I-VIT-PRO-15S,I VIT PRO CAP 15'S,I VIT PRO,15'S,Capsule,187.50,Grape Seed Extract + Multiminerals + Multivitamins + Protein Hydrolysate,grape seed extract+multiminerals+multivitamins+protein hydrolysate,Grape Seed Extract | Multiminerals | Multivitamins | Protein Hydrolysate,4,,,TORRENT PHARMA,B-WELL,torrent,stock file
AT-I-BOOSTER-30S,I-BOOSTER TAB 30S,I-BOOSTER,30S,Tablet,390.00,,,,,,,BRITISH BIOLOGICALS LTD.,,,stock file
AT-I-KUL-EYE-DRPOS-10ML,I-KUL EYE DRPOS 10ML,I-KUL EYE DRPOS,10 ML,,82.97,Naphazoline 0.05% + Phenylephrine Hcl 0.12%,naphazoline 0.05%+phenylephrine hcl 0.12%,Naphazoline | Phenylephrine Hcl,2,,,INTAS (ANDRE )LABORATORIES,PVT,main,master
AT-I-KUL-NF-EYE-DROP-10ML,I-KUL NF EYE DROP 10ML,I-KUL NF EYE DROP,10 ML,Drops,80.12,Naphazoline 0.05% + Phenylephrine Hcl 0.12%,naphazoline 0.05%+phenylephrine hcl 0.12%,Naphazoline | Phenylephrine Hcl,2,,,INTAS (ANDRE )LABORATORIES,PVT,main,master
AT-I-WIN-100MG-10S,I-WIN 100MG CAP 10S,I-WIN 100MG,10S,Capsule,177.52,Itraconazole 100mg,itraconazole 100mg,Itraconazole,1,,,SUN PHARMACEUTICAL,ORTUS,manual,master
AT-I-WIN-200MG-10S,I-WIN 200MG CAP 10S,I-WIN 200MG,10S,Capsule,232.26,,,,,,,SUN PHARMACEUTICAL,ORTUS,,stock file
AT-I-WIN-SB-130MG-10S,I-WIN SB 130MG CAP 10'S,I-WIN SB 130MG,10'S,Capsule,234.38,,,,,,,SUN PHARMACEUTICAL,ORTUS,,stock file
AT-I-WIN-SB-50MG-10S,I-WIN SB 50MG CAP 10'S,I-WIN SB 50MG,10'S,Capsule,121.88,,,,,,,SUN PHARMACEUTICAL,ORTUS,,stock file
AT-IBAXIT-XR-40-MG-10S,IBAXIT-XR 40 MG TAB 10S,IBAXIT-XR 40 MG,10S,Tablet,120.61,Febuxostat,febuxostat,Febuxostat,1,,,ALEMBIC,ltd summit,main,stock file
AT-IBAXIT-XR-80MG-10S,IBAXIT-XR 80MG TAB 10S,IBAXIT-XR 80MG,10S,Tablet,148.13,Febuxostat,febuxostat,Febuxostat,1,,,ALEMBIC,ltd summit,main,stock file
AT-IBSCIM-10S,IBSCIM TAB 10S,IBSCIM,10S,Tablet,111.42,,,,,,,TORRENT PHARMACEUTICAL,PRIMA,,stock file
AT-ICTACETAM-250MG-10S,ICTACETAM 250MG TAB 10'S,ICTACETAM 250MG,10'S,Tablet,53.45,,,,,,,GSK LIMITED,NEUROSCIENCE,,stock file
AT-ICTACETAM-500MG-10S,ICTACETAM 500MG TAB 10'S,ICTACETAM 500MG,10'S,Tablet,100.41,,,,,,,GSK LIMITED,NEUROSCIENCE,,stock file
AT-IDROFOS-150-3S,IDROFOS 150,IDROFOS 150,3'S,Tablet,936.56,Ibandronate 150mg,ibandronate 150mg,Ibandronate,1,PAIN / ANALGESICS,,SUN PHARMA LAB.LTD,CROSSLAND-LIFE,sun pharma sheet,master
AT-IDROFOS-31S,IDROFOS KIT,IDROFOS,31'S,Kit,561.56,Calcium + Cholecalciferol,calcium+cholecalciferol,Calcium | Cholecalciferol,2,VITAMINS / MINERALS / NUTRIENTS,,SUN PHARMA LAB.LTD,CROSSLAND-LIFE,sun pharma sheet,master
AT-IGOL-250GM,IGOL + 250 GM 250GM,IGOL +,250 GM,,478.13,,,,,,,RAPTAKOS BRETT & CO,EIDIKOS,,master
AT-IGOL-90GM,IGOL + 90 GM,IGOL +,90 GM,,233.44,,,,,,,RAPTAKOS BRETT & CO.LIMITED,,,master
AT-IMMUSANTE-20S,IMMUSANTE TAB 20S,IMMUSANTE,20S,Tablet,84.38,,,,,,,HIMALAYA DRUG COMPANY ZANDRA,,,stock file
AT-IMUNOTAC-0-25MG-10S,IMUNOTAC 0.25MG TAB 10'S,IMUNOTAC 0.25MG,10'S,Tablet,123.74,Tacrolimus 0.5/1/2mg,tacrolimus 0.5/1/2mg,Tacrolimus,1,Nephrology,Prevention of organ transplant rejection,RPG LIFE SCIENCES,LTD. NEUROPS,rpg,master
AT-IMUNOTAC-0-5MG-10S,IMUNOTAC 0.5MG TAB 10'S,IMUNOTAC 0.5MG,10'S,Tablet,212.58,Tacrolimus 0.5/1/2mg,tacrolimus 0.5/1/2mg,Tacrolimus,1,Nephrology,Prevention of organ transplant rejection,RPG LIFE SCIENCES,LTD. NEUROPS,rpg,master
AT-IMUNOTAC-1MG-10S,IMUNOTAC 1MG TAB 10'S,IMUNOTAC 1MG,10'S,Tablet,408.23,Tacrolimus 0.5/1/2mg,tacrolimus 0.5/1/2mg,Tacrolimus,1,Nephrology,Prevention of organ transplant rejection,RPG LIFE SCIENCES,LTD. NEUROPS,rpg,master
AT-INDICONTIN-10S,INDICONTIN TABS 10'S,INDICONTIN,10'S,Tablet,129.84,,,,,,,MODI MUNDI PHARMA,LTD,,stock file
AT-INDIKOF-A-100ML,INDIKOF A SYP 100ML.,INDIKOF A,100 ML,Syrup,71.25,Ambroxol + Guaifenesin + Terbutaline,ambroxol+guaifenesin+terbutaline,Ambroxol | Guaifenesin | Terbutaline,3,,,ALKEM PHARMA,ALPHA MAX,main,stock file
AT-INDIKOF-B-100ML,INDIKOF B SYP 100ML.,INDIKOF B,100 ML,Syrup,89.53,Bromhexine + Guaifenesin + Terbutaline,bromhexine+guaifenesin+terbutaline,Bromhexine | Guaifenesin | Terbutaline,3,Respiratory,,ALKEM PHARMA,ALPHA MAX,main,stock file
AT-INDIKOF-LS-60ML,INDIKOF LS SYRUP 60ML,INDIKOF LS,60 ML,Syrup,79.69,Ambroxol 50mg + Guaifenesin 30mg/5ml + Levosalbutamol 1mg,ambroxol 50mg+guaifenesin 30mg/5ml+levosalbutamol 1mg,Ambroxol | Guaifenesin | Levosalbutamol,3,Respiratory,,ALKEM PHARMA,ALPHA MAX,alkem,master
AT-INDIKOF-LS-100ML,INDIKOF-LS SYRUP 100ML,INDIKOF-LS,100 ML,Syrup,72.19,Ambroxol 50mg + Guaifenesin 30mg/5ml + Levosalbutamol 1mg,ambroxol 50mg+guaifenesin 30mg/5ml+levosalbutamol 1mg,Ambroxol | Guaifenesin | Levosalbutamol,3,Respiratory,,ALKEM PHARMA,ALPHA MAX,alkem,stock file
AT-INDOCAP-10S,INDOCAP CAPS 10`S,INDOCAP,10'S,Capsule,68.48,Indometacin 25mg,indometacin 25mg,Indometacin,1,,,JAGSONPAL PHARMA LTD,FEMBON,JASONPAL,master
AT-INDOCAP-30GM,INDOCAP GEL 30GM,INDOCAP,30 GM,Gel,178.13,Indometacin 30g,indometacin 30g,Indometacin,1,,,JAGSONPAL PHARMA LTD,FEMBON,JASONPAL,master
AT-INDOCAP-P-10S,INDOCAP P CAP. 10'S,INDOCAP P,10'S,Capsule,77.81,,,,,,,JAGSONPAL PHARMA LTD,FEMBON,,master
AT-INDOCAP-SR-10S,INDOCAP SR CAPS 10`S,INDOCAP SR,10'S,Capsule,168.15,Indometacin 75mg,indometacin 75mg,Indometacin,1,,,JAGSONPAL PHARMA LTD,FEMBON,JASONPAL,master
AT-INDULACT-JAR-200GM,INDULACT JAR 200GM,INDULACT JAR,200 GM,,271.88,,,,,,,KOYE PHARMACEUTICALS,P.LTD,,stock file
AT-INFIMAB-INJ-100MG-1ML,INFIMAB INJ 100MG,INFIMAB INJ 100MG,1 ML,Injection,"30,000.00",Infliximab 100mg,infliximab 100mg,Infliximab,1,PAIN / ANALGESICS,,SUN PHARMA LAB. LTD,PHARMA,sun pharma sheet,stock file
AT-INFLACHEK-D-10S,INFLACHEK D TAB 10'S,INFLACHEK D,10'S,Tablet,198.00,Bromelain 90mg + Diclofenac Ec 50mg + Rutoside 100mg + Trypsin 48mg,bromelain 90mg+diclofenac ec 50mg+rutoside 100mg+trypsin 48mg,Bromelain | Diclofenac Ec | Rutoside | Trypsin,4,Pain & Inflammation,,INDOCO,REMEDIES LTD. FOCUS,INDOCO,stock file
AT-INFLACHEK-10S,INFLACHEK TAB 10'S,INFLACHEK,10'S,Tablet,192.09,Bromelain 90mg + Rutoside Ec 100mg + Trypsin 48mg,bromelain 90mg+rutoside ec 100mg+trypsin 48mg,Bromelain | Rutoside Ec | Trypsin,3,Pain & Inflammation,,INDOCO,REMEDIES LTD. FOCUS,INDOCO,stock file
AT-INFURA-10S,INFURA TABS 10S,INFURA,10S,Tablet,84.98,Nitrofurantoin Sustained-Release 100mg,nitrofurantoin sustained-release 100mg,Nitrofurantoin Sustained-Release,1,Urology,Urinary tract infections,RPG LIFE SCIENCE LTD,GLODIAN,rpg,master
AT-INMIL-STAGE-1-200-GR,INMIL STAGE 1 200 GR,INMIL STAGE 1 200 GR,,,315.00,,,,,,,NUTRIMED HEALTHCARE,PVT.LTD,,master
AT-INMIL-STAGE-1-100GM,INMIL STAGE-1(100GM,INMIL STAGE-1(,100 GM,,189.00,,,,,,,NUTRIMED HEALTHCARE,PVT.LTD,,stock file
AT-INMIL-STAGE-1-400GM,INMIL STAGE-1(400GM),INMIL STAGE-1(400GM),,,582.19,,,,,,,NUTRIMED HEALTHCARE,PVT.LTD,,master
AT-INMIL-STAGE-2-400GM,INMIL STAGE-2 POWDER 400GM,INMIL STAGE-2,400 GM,Powder,702.00,,,,,,,NUTRIMED HEALTHCARE,PVT.LTD,,master
AT-INMIL-LBW-PODWER-400GM,INMIL-LBW PODWER 400GM,INMIL-LBW PODWER,400 GM,,540.00,,,,,,,NUTRIMED HEALTHCARE,PVT.LTD,,stock file
AT-INSTACODIN-100ML,INSTACODIN SYP 100ML.,INSTACODIN,100 ML,Syrup,85.36,Bromhexine + Guaifenesin + Menthol + Terbutaline,bromhexine+guaifenesin+menthol+terbutaline,Bromhexine | Guaifenesin | Menthol | Terbutaline,4,,,AGLOWMED LTD.,,main,stock file
AT-INSTALAST-60ML,INSTALAST SUSP. 60ML,INSTALAST,60 ML,Suspension,87.14,Levocetirizine + Montelukast,levocetirizine+montelukast,Levocetirizine | Montelukast,2,,,AGLOWMED LTD,Radiance,main,stock file
AT-INSTALAST-10S,INSTALAST TAB 10'S,INSTALAST,10'S,Tablet,74.53,Levocetirizine + Montelukast 1mg,levocetirizine+montelukast 1mg,Levocetirizine | Montelukast,2,,,AGLOWMED LTD,Radiance,main,stock file
AT-INSTARYL-D-SF-100ML,INSTARYL D SF SYP. 100ML,INSTARYL D SF,100 ML,Syrup,122.41,Chlorpheniramine + Dextromethorphan + Phenylephrine,chlorpheniramine+dextromethorphan+phenylephrine,Chlorpheniramine | Dextromethorphan | Phenylephrine,3,,,AGLOWMED LTD.,,main,master
AT-INSTARYL-EXPT-100ML,INSTARYL EXPT.100ML,INSTARYL EXPT,100 ML,,52.59,Ambroxol + Guaifenesin + Terbutaline,ambroxol+guaifenesin+terbutaline,Ambroxol | Guaifenesin | Terbutaline,3,,,AGLOWMED LTD,Radiance,main,stock file
AT-INSTARYL-LS-100ML,INSTARYL LS SYP 100ML,INSTARYL LS,100 ML,Syrup,105.94,Ambroxol + Guaifenesin + Levosalbutamol,ambroxol+guaifenesin+levosalbutamol,Ambroxol | Guaifenesin | Levosalbutamol,3,,,AGLOWMED LTD,Radiance,main,stock file
AT-INSTARYL-P-100ML,INSTARYL P SYP. 100ML,INSTARYL P,100 ML,Syrup,116.53,Paracetamol,paracetamol,Paracetamol,1,,,AGLOWMED LTD.,,main,master
AT-INSTARYL-D-JUNIOR-60ML,INSTARYL-D JUNIOR SYRUP 60ML,INSTARYL-D JUNIOR,60 ML,Syrup,77.34,Chlorpheniramine + Dextromethorphan + Phenylephrine,chlorpheniramine+dextromethorphan+phenylephrine,Chlorpheniramine | Dextromethorphan | Phenylephrine,3,,,AGLOWMED LTD.,,main,master
AT-INSTARYL-DR-100ML,INSTARYL-DR SYRUP 100ML,INSTARYL-DR,100 ML,Syrup,63.75,Chlorpheniramine + Dextromethorphan,chlorpheniramine+dextromethorphan,Chlorpheniramine | Dextromethorphan,2,,,AGLOWMED LTD,Radiance,main,stock file
AT-INSTARYL-LS-15ML,INSTARYL-LS DROPS 15ML,INSTARYL-LS,15 ML,Drops,77.14,Ambroxol + Guaifenesin + Levosalbutamol,ambroxol+guaifenesin+levosalbutamol,Ambroxol | Guaifenesin | Levosalbutamol,3,,,AGLOWMED LTD,Radiance,main,master
AT-INSTARYL-LS-JUNIOR-60ML,INSTARYL-LS JUNIOR 60ML,INSTARYL-LS JUNIOR,60 ML,,97.56,Ambroxol + Guaifenesin + Levosalbutamol,ambroxol+guaifenesin+levosalbutamol,Ambroxol | Guaifenesin | Levosalbutamol,3,,,AGLOWMED LTD,Radiance,main,master
AT-INSUCARE-R-INJ-40IU,INSUCARE R INJ.40IU,INSUCARE R INJ.40IU,,Injection,140.07,,,,,,,SUN PHARMA LAB. LTD,DIABETE,,stock file
AT-INSUMIN-PLUS-10S,INSUMIN PLUS CAP 10'S,INSUMIN PLUS,10'S,Capsule,202.50,Alpha Lipoic Acid + Benfotiamine + Folic Acid + Inositol + Methylcobalamin + Pyridoxine,alpha lipoic acid+benfotiamine+folic acid+inositol+methylcobalamin+pyridoxine,Alpha Lipoic Acid | Benfotiamine | Folic Acid | Inositol | Methylcobalamin | Pyridoxine,6,,,ALKEM LABORATORIES,LTD DIABTALOGY,main,stock file
AT-INTASOL-INJ-500ML-PLASTIC,INTASOL INJ.500ML PLASTIC,INTASOL INJ.500ML PLASTIC,,Injection,200.63,,,,,,,INTAS (ANDRE )LABORATORIES,PVT,,stock file
AT-IRCOMEG-200MG-4S,IRCOMEG-200MG CAP 4S,IRCOMEG-200MG,4S,Capsule,168.75,,,,,,,NEO LIFE SCIENCES,,,stock file
AT-IRIVISC-DS-EYE-DROP-10ML,IRIVISC DS EYE DROP 10ML,IRIVISC DS EYE DROP,10 ML,Drops,128.88,,,,,,,INDOCO REMEDIES LTD,EXCEL,,stock file
AT-IRIVISC-EYE-10ML,IRIVISC EYE DROPS 10ML,IRIVISC EYE,10 ML,Drops,102.58,,,,,,,INDOCO REMEDIES LTD,EXCEL,,stock file
AT-IRON-EDGE-LACTO-10S,IRON EDGE LACTO TAB 10'S,IRON EDGE LACTO,10'S,Tablet,490.00,,,,,,,CAVIN PHARMACEUTICALS,,,stock file
AT-IRON-EDGE-10S,IRON EDGE TAB 10'S,IRON EDGE,10'S,Tablet,74.00,Folic Acid + Iron,folic acid+iron,Folic Acid | Iron,2,,,CAVIN PHARMACEUTICALS,,main,master
AT-IRON-EDGE-XT-200ML,IRON EDGE XT SYP 200ML,IRON EDGE XT,200 ML,Syrup,126.56,Folic Acid + Iron + Zinc,folic acid+iron+zinc,Folic Acid | Iron | Zinc,3,,,CAVIN PHARMACEUTICALS,,main,master
AT-IRORAIN-INJ-500MG-10ML,IRORAIN INJ. 500MG/10ML,IRORAIN INJ. 500MG/,10 ML,Injection,"2,576.86",,,,,,,RPG LIFE SCIENCE LTD,GLODIAN,,master
AT-ISHINE-XT,ISHINE XT TAB,ISHINE XT,,Tablet,150.00,Ascorbic Acid 50mg + Cyanocobalamin 0.75mcg + Ferric Pyrophosphate 30mg + Folic Acid 200mcg,ascorbic acid 50mg+cyanocobalamin 0.75mcg+ferric pyrophosphate 30mg+folic acid 200mcg,Ascorbic Acid | Cyanocobalamin | Ferric Pyrophosphate | Folic Acid,4,Nephrology,"Iron deficiency and anemia, particularly in CKD",RPG LIFE SCIENECES LTD,SERAL,rpg,stock file
AT-ISOFIT-SR-20MG-10S,ISOFIT SR 20MG TAB 10'S,ISOFIT SR 20MG,10'S,Tablet,651.56,Dydrogesterone,dydrogesterone,Dydrogesterone,1,,,ALEMBIC,ELENA,manual,master
AT-ISOFIT-SR-30MG-10S,ISOFIT SR 30MG TAB 10'S,ISOFIT SR 30MG,10'S,Tablet,936.56,Isoxsuprine,isoxsuprine,Isoxsuprine,1,,,ALEMBIC,ELENA,main,stock file
AT-ISOFIT-10S,ISOFIT TAB 10'S,ISOFIT,10'S,Tablet,561.56,Dydrogesterone Mononitrate,dydrogesterone mononitrate,Dydrogesterone Mononitrate,1,,,ALEMBIC,ELENA,manual,master
AT-ISOFLAV-CR-10S,ISOFLAV CR TABS 10'S,ISOFLAV CR,10'S,Tablet,360.00,Soy Isoflavones 60mg,soy isoflavones 60mg,Soy Isoflavones,1,Women's Health / Dietary Supplement,"Menopausal symptoms, bone health & reducing cardiovascular disease risk in post-menopausal women",RAPTAKOS BRETT & CO.LIMITED,,raptakos,master
AT-ISOFLAV-V-20GM,ISOFLAV-V GEL 20GM.,ISOFLAV-V,20 GM,Gel,98.44,,,,,,,RAPTAKOS BRETT & CO.LIMITED,,,stock file
AT-ISOGRIF-10S,ISOGRIF TAB 10S,ISOGRIF,10S,Tablet,177.96,,,,,,,NUTRIMED HEALTHCARE,PVT.LTD,,master
AT-ISOIN-10-10S,ISOIN 10 CAP 10'S,ISOIN 10,10'S,Capsule,243.75,Micronized Isotretinoin 10mg,micronized isotretinoin 10mg,Micronized Isotretinoin,1,Vitamin A,Grade II Acne,WALLACE PHARMA,RIVELA,wallace,master
AT-ISOIN-20-10S,ISOIN 20 TAB 10'S,ISOIN 20,10'S,Tablet,365.62,Micronized Isotretinoin 20mg,micronized isotretinoin 20mg,Micronized Isotretinoin,1,Vitamin A,Grade II Acne,WALLACE PHARMA,RIVELA,wallace,stock file
AT-ISOLACT-90GM,ISOLACT POWDER 90G,ISOLACT,90 GM,Powder,182.81,,,,,,,CAVIN PHARMACEUTICALS,,,stock file
AT-ITAPHYTE-200MG-7S,ITAPHYTE 200MG CAP 7S,ITAPHYTE 200MG,7S,Capsule,232.26,Itraconazole,itraconazole,Itraconazole,1,,,ALEMBIC,DERMA,main,stock file
AT-ITOLICE-90MG-10S,ITOLICE-90MG TAB 10'S,ITOLICE-90MG,10'S,Tablet,101.25,,,,,,,ROSSWELT BIOSCIENCES,,,master
AT-ITRACLAR-100MG,ITRACLAR 100MG CAP,ITRACLAR 100MG,,Capsule,144.00,Itraconazole 50mg,itraconazole 50mg,Itraconazole,1,,,TORRENT PHARMA,AZUCA,torrent,stock file
AT-ITRACLAR-200MG,ITRACLAR 200MG CAP,ITRACLAR 200MG,,Capsule,93.75,Itraconazole 50mg,itraconazole 50mg,Itraconazole,1,,,TORRENT PHARMA,AZUCA,torrent,stock file
AT-ITRACLAR-SB-10S,ITRACLAR SB CAP 10'S,ITRACLAR SB,10'S,Capsule,172.50,,,,,,,TORRENT PHARMA,AZUCA,,stock file
AT-ITRACOE-100MG-4S,ITRACOE 100MG CAP 4S,ITRACOE 100MG,4S,Capsule,50.63,,,,,,,KOYE PHARMACEUTICALS,P.LTD,,stock file
AT-ITRACOE-200MG-10S,ITRACOE 200MG CAP 10S,ITRACOE 200MG,10S,Capsule,215.63,,,,,,,KOYE PHARMACEUTICALS,P.LTD,,stock file
AT-ITRACOE-DUSTING-75GM,ITRACOE DUSTING POWDER 75GM,ITRACOE DUSTING,75 GM,Powder,164.06,,,,,,,KOYE PHARMACEUTICALS,P.LTD,,stock file
AT-ITRACOE-15GM,ITRACOE GEL 15GM,ITRACOE,15 GM,Gel,92.81,,,,,,,KOYE PHARMACEUTICALS,P.LTD,,stock file
AT-ITRASTAR-100MG-10S,ITRASTAR 100MG CAP 10S,ITRASTAR 100MG,10S,Capsule,168.75,,,,,,,WALLACE PHARMA,RIVELA,,stock file
AT-ITRASTAR-200MG-10S,ITRASTAR 200MG CAP 10S,ITRASTAR 200MG,10S,Capsule,328.13,,,,,,,WALLACE PHARMA,RIVELA,,stock file
AT-ITRATUF-100MG-15S,ITRATUF 100MG CAP 15'S,ITRATUF 100MG,15'S,Capsule,221.76,Itraconazole,itraconazole,Itraconazole,1,,,ALKEM PAHARMA,DARMA CARE,main,master
AT-ITRATUF-200MG-15S,ITRATUF 200MG CAP 15'S,ITRATUF 200MG,15'S,Capsule,354.38,Itraconazole,itraconazole,Itraconazole,1,,,ALKEM PAHARMA,DARMA CARE,main,stock file
AT-ITRATUF-ORAL-SOLUTION-100ML,ITRATUF ORAL SOLUTION 100ML,ITRATUF ORAL SOLUTION,100 ML,Solution,471.10,Itraconazole,itraconazole,Itraconazole,1,,,ALKEM PAHARMA,DARMA CARE,main,master
AT-ITRATUF-SB-130MG-10S,ITRATUF SB 130MG TAB 10'S,ITRATUF SB 130MG,10'S,Tablet,437.30,Itraconazole,itraconazole,Itraconazole,1,,,ALKEM PAHARMA,DARMA CARE,main,master
AT-ITRATUF-SB-65MG,ITRATUF SB 65MG CAP,ITRATUF SB 65MG,,Capsule,255.00,Itraconazole,itraconazole,Itraconazole,1,,,ALKEM PAHARMA,DARMA CARE,main,stock file
AT-IUPRINE-RETARD-10S,IUPRINE RETARD CAP 10S,IUPRINE RETARD,10S,Capsule,84.38,,,,,,,NEO LIFE SCIENCES,,,stock file
AT-IVANODE-5MG-10S,IVANODE 5MG TAB 10'S,IVANODE 5MG,10'S,Tablet,316.80,Ivabradine 5mg,ivabradine 5mg,Ivabradine,1,,,TORRENT PHARMACEUTICALS,LTD,torrent,master
AT-IVEPACK-10S,IVEPACK TAB 10'S,IVEPACK,10'S,Tablet,346.88,,,,,,,KOYE PHARMACEUTICALS,P.LTD,,stock file
AT-IVERMECTOL-12MG-2S,IVERMECTOL-12MG 2'S,IVERMECTOL-12MG,2'S,,79.69,,,,,,,SUN PHARMA,LAB.CROSSLAND 1,,stock file
AT-IVERMECTOL-6MG-2S,IVERMECTOL-6MG 2'S,IVERMECTOL-6MG,2'S,,39.38,,,,,,,SUN PHARMA,LAB.CROSSLAND 1,,stock file
AT-IVERMEG-12MG-10S,IVERMEG-12MG TAB 10'S,IVERMEG-12MG,10'S,Tablet,234.38,,,,,,,NEO LIFE SCIENCES,,,stock file
AT-IVERV-12MG-10S,IVERV-12MG TAB 1*10TAB,IVERV-12MG,10'S,Tablet,295.31,,,,,,,ROSSWELT BIOSCIENCES,,,master
AT-IZRA-20-10S,IZRA 20 TAB 10,IZRA 20,10'S,Tablet,37.88,,,,,,,TORRENT PHARMA,VITUS,,stock file
AT-IZRA-40-10S,IZRA 40 TAB 10,IZRA 40,10'S,Tablet,66.87,Esomeprazole,esomeprazole,Esomeprazole,1,,,TORRENT PHARMA,VITUS,torrent,stock file
AT-J-RING-M-FORTE-10S,J-RING M FORTE TAB 10S,J-RING M FORTE,10S,Tablet,145.78,,,,,,,INDOCO REMEDIES,SYNERGY,,stock file
AT-J-RING-M-10S,J-RING M TAB 10S,J-RING M,10S,Tablet,138.28,Metformin 500mg + Teneligliptin 20mg,metformin 500mg+teneligliptin 20mg,Metformin | Teneligliptin,2,Anti-Diabetic,,INDOCO REMEDIES,SYNERGY,INDOCO,stock file
AT-J-RING-10S,J-RING TAB 10S,J-RING,10S,Tablet,117.66,Teneligliptin 20mg,teneligliptin 20mg,Teneligliptin,1,Anti-Diabetic,,INDOCO REMEDIES,SYNERGY,INDOCO,stock file
AT-J-P-TONE-GEMS-10S,J.P.TONE GEMS 10'S,J.P.TONE GEMS,10'S,,147.19,,,,,,,JAGSONPAL PHARMACEUTICALS,LTD,,stock file
AT-J-P-TONE-2ML,J.P.TONE INJ.2ML,J.P.TONE,2 ML,Injection,41.07,,,,,,,JAGSONPAL PHARMA LTD,FEMBON,,master
AT-J-P-TONE-SYP-MIX-FRUT-200,J.P.TONE SYP.MIX FRUT 200,J.P.TONE SYP.MIX FRUT 200,,Syrup,198.04,,,,,,,JAGSONPAL PHARMA LTD,FEMBON,,master
AT-J-P-TONE-UP-10S,J.P.TONE UP CAPS 10'S,J.P.TONE UP,10'S,Capsule,113.29,,,,,,,JAGSONPAL PHARMA LTD,BONEVA,,master
AT-JACBIC-5-MG-14S,JACBIC 5 MG 14S,JACBIC 5 MG,14S,,249.38,Tofacitinib,tofacitinib,Tofacitinib,1,,,ALEMBIC,PHARMA,main,stock file
AT-JAKBIC-XR-11MG-14S,JAKBIC XR 11MG TAB 14'S,JAKBIC XR 11MG,14'S,Tablet,420.00,Tofacitinib,tofacitinib,Tofacitinib,1,,,ALEMBIC,PHARMA,main,stock file
AT-JANUMET-1000MG-50MG-15S,JANUMET 1000MG/50MG TAB 15'S,JANUMET 1000MG/50MG,15'S,Tablet,356.25,,,,,,,MSD PHARMACEUTICALS,P LTD META,,stock file
AT-JANUMET-500MG-50MG-15S,JANUMET 500MG/50MG TAB 15'S,JANUMET 500MG/50MG,15'S,Tablet,351.56,,,,,,,MSD PHARMACEUTICALS,P LTD META,,stock file
AT-JANUMET-XR-100-1000MG-14S,JANUMET XR 100/1000MG TAB 1*14TAB,JANUMET XR 100/1000MG,14'S,Tablet,290.63,,,,,,,MSD PHARMACEUTICALS,P LTD META,,stock file
AT-JANUVIA-100MG-7S,JANUVIA 100MG TAB 7'S,JANUVIA 100MG,7'S,Tablet,253.13,,,,,,,MSD PHARMACEUTICALS,P LTD META,,stock file
AT-JANUVIA-25MG,JANUVIA 25MG TABS,JANUVIA 25MG,,Tablet,243.75,,,,,,,MSD PHARMACEUTICALS,P LTD META,,stock file
AT-JANUVIA-50MG-7S,JANUVIA 50MG TAB 7'S,JANUVIA 50MG,7'S,Tablet,248.44,,,,,,,MSD PHARMACEUTICALS,P LTD META,,stock file
AT-JANZOL-IM-1S,JANZOL-IM TAB 1'S,JANZOL-IM,1'S,Tablet,17.80,,,,,,,ROSSWELT BIOSCIENCES,,,stock file
AT-JARDIANCE-10MG,Jardiance 10mg Tablet,Jardiance 10mg,,Tablet,384.35,Empagliflozin 10mg,empagliflozin 10mg,Empagliflozin,1,,Type 2 diabetes mellitus; heart failure and chronic kidney disease risk reduction,BOEHRINGER INGELHEIM,,main,master
AT-JARDIANCE-25MG,Jardiance 25mg Tablet,Jardiance 25mg,,Tablet,459.35,Empagliflozin 25mg,empagliflozin 25mg,Empagliflozin,1,,Type 2 diabetes mellitus; heart failure and chronic kidney disease risk reduction,BOEHRINGER INGELHEIM,,main,master
AT-JARDIANCE-MET-12-5MG-1000MG,Jardiance Met 12.5mg/1000mg Tablet,Jardiance Met 12.5mg/1000mg,,Tablet,450.00,Empagliflozin 12.5mg + Metformin 1000mg,empagliflozin 12.5mg+metformin 1000mg,Empagliflozin | Metformin,2,,Type 2 diabetes mellitus,BOEHRINGER INGELHEIM,,main,master
AT-JARDIANCE-MET-12-5MG-500MG,Jardiance Met 12.5mg/500mg Tablet,Jardiance Met 12.5mg/500mg,,Tablet,428.40,Empagliflozin 12.5mg + Metformin 500mg,empagliflozin 12.5mg+metformin 500mg,Empagliflozin | Metformin,2,,Type 2 diabetes mellitus,BOEHRINGER INGELHEIM,,main,master
AT-JARDIANCE-MET-5MG-500MG,Jardiance Met 5mg/500mg Tablet,Jardiance Met 5mg/500mg,,Tablet,,Empagliflozin 5mg + Metformin 500mg,empagliflozin 5mg+metformin 500mg,Empagliflozin | Metformin,2,,Type 2 diabetes mellitus,BOEHRINGER INGELHEIM,,main,master
AT-JENTADUET-850MG-2-5MG,Jentaduet 850mg/2.5mg Tablet,Jentaduet 850mg/2.5mg,,Tablet,,Linagliptin 2.5mg + Metformin 850mg,linagliptin 2.5mg+metformin 850mg,Linagliptin | Metformin,2,,Type 2 diabetes mellitus,BOEHRINGER INGELHEIM,,main,master
AT-JOINCERIN-M-10S,JOINCERIN M TAB 10S,JOINCERIN M,10S,Tablet,146.34,,,,,,,TORRENT PHARMA,UNO VISTA,,stock file
AT-JOINTCHARGE-FORTE-10S,JOINTCHARGE FORTE TAB 1*10'S,JOINTCHARGE FORTE,10'S,Tablet,395.00,,,,,,,NEO LIFE SCIENCES,,,master
AT-JOINTY-HEAL-10S,JOINTY HEAL TAB 1*10,JOINTY HEAL,10'S,Tablet,365.63,,,,,,,NEO LIFE SCIENCES,,,stock file
AT-JOYKEM-100MG-10S,JOYKEM 100MG TAB 10'S,JOYKEM 100MG,10'S,Tablet,133.13,Levetiracetam,levetiracetam,Levetiracetam,1,,,ALKEM LAB.LTD,PRIZMA,main,stock file
AT-JOYKEM-200MG-10S,JOYKEM 200MG TAB 10'S,JOYKEM 200MG,10'S,Tablet,217.97,Levetiracetam,levetiracetam,Levetiracetam,1,,,ALKEM LAB.LTD,PRIZMA,main,master
AT-JOYKEM-50MG-10S,JOYKEM 50MG TAB 10'S,JOYKEM 50MG,10'S,Tablet,68.91,Levetiracetam,levetiracetam,Levetiracetam,1,,,ALKEM LAB.LTD,PRIZMA,main,stock file
AT-JOYKEM-ODT-100-10S,JOYKEM ODT 100 TAB 10'S,JOYKEM ODT 100,10'S,Tablet,203.40,Amisulpride 100mg,amisulpride 100mg,Amisulpride,1,Antipsychotic,,ALKEM LAB.LTD,PRIZMA,manual,master
AT-JOYKEM-ODT-200-10S,JOYKEM ODT 200 TAB 10'S,JOYKEM ODT 200,10'S,Tablet,360.00,Amisulpride 200mg,amisulpride 200mg,Amisulpride,1,Antipsychotic,,ALKEM LAB.LTD,PRIZMA,manual,master
AT-JOYKEM-ODT-300-10S,JOYKEM ODT 300 TAB 10'S,JOYKEM ODT 300,10'S,Tablet,440.60,Amisulpride 300mg,amisulpride 300mg,Amisulpride,1,Antipsychotic,,ALKEM LAB.LTD,PRIZMA,manual,master
AT-JOYKEM-ODT-400-10S,JOYKEM ODT 400 TAB 10'S,JOYKEM ODT 400,10'S,Tablet,553.10,Amisulpride 400mg,amisulpride 400mg,Amisulpride,1,Antipsychotic,,ALKEM LAB.LTD,PRIZMA,manual,master
AT-JOYKEM-ODT-50-10S,JOYKEM ODT 50 TAB 10'S,JOYKEM ODT 50,10'S,Tablet,116.25,Amisulpride 50mg,amisulpride 50mg,Amisulpride,1,Antipsychotic,,ALKEM LAB.LTD,PRIZMA,manual,master
AT-JUENE-HAIR-OIL-100ML,JUENE HAIR OIL 100ML,JUENE HAIR OIL,100 ML,,382.60,Herbal Oil Blend,herbal oil blend,Herbal Oil Blend,1,,,ALKEM LABORATORIES LTD,ADROIT,main,master
AT-JUENE-10S,JUENE TAB 10'S,JUENE,10'S,Tablet,145.00,Antioxidants + Ascorbic Acid + Glutathione,antioxidants+ascorbic acid+glutathione,Antioxidants | Ascorbic Acid | Glutathione,3,,,ALKEM LABORATORIES LTD,ADROIT,main,stock file
AT-JUPIFLY-EZ-10-MG-10S,JUPIFLY EZ 10 MG TAB 10'S,JUPIFLY EZ 10 MG,10'S,Tablet,205.78,Empagliflozin + Linagliptin,empagliflozin+linagliptin,Empagliflozin | Linagliptin,2,,,ANDROMEDA PHARMACEUTICALS,P. L,main,master
AT-JUPIROS-10MG-10S,JUPIROS 10MG TAB 10'S,JUPIROS 10MG,10'S,Tablet,431.70,Rosuvastatin,rosuvastatin,Rosuvastatin,1,,,ALKEM LABORATORIES LTD,IMPERIA,main,master
AT-JUPIROS-20MG-10S,JUPIROS 20MG TAB 10'S,JUPIROS 20MG,10'S,Tablet,418.10,Rosuvastatin,rosuvastatin,Rosuvastatin,1,,,ALKEM LABORATORIES LTD,IMPERIA,main,master
AT-JUPIROS-40-10S,JUPIROS 40 TAB 10'S,JUPIROS 40,10'S,Tablet,418.10,Rosuvastatin,rosuvastatin,Rosuvastatin,1,,,ALKEM LABORATORIES LTD,IMPERIA,main,stock file
AT-JUPIROS-40MG-10S,JUPIROS 40MG TAB 10'S,JUPIROS 40MG,10'S,Tablet,124.65,Rosuvastatin,rosuvastatin,Rosuvastatin,1,,,ALKEM LABORATORIES LTD,IMPERIA,main,master
AT-JUPIROS-5MG-10S,JUPIROS 5MG TAB 10'S,JUPIROS 5MG,10'S,Tablet,233.40,Rosuvastatin,rosuvastatin,Rosuvastatin,1,,,ALKEM LABORATORIES LTD,IMPERIA,main,master
AT-JUPIROS-A-150-10S,JUPIROS A 150 CAP 10'S,JUPIROS A 150,10'S,Capsule,104.50,Aspirin + Rosuvastatin,aspirin+rosuvastatin,Aspirin | Rosuvastatin,2,,,ALKEM LABORATORIES LTD,IMPERIA,main,master
AT-JUPIROS-A-150-10S-2,JUPIROS A 150 CAPS 10S,JUPIROS A 150,10S,Capsule,95.15,Aspirin + Rosuvastatin,aspirin+rosuvastatin,Aspirin | Rosuvastatin,2,,,ALKEM LABORATORIES LTD,IMPERIA,main,stock file
AT-JUPIROS-A-20-150MG-10S,JUPIROS A 20/150MG TAB 10'S,JUPIROS A 20/150MG,10'S,Tablet,131.25,Aspirin + Rosuvastatin,aspirin+rosuvastatin,Aspirin | Rosuvastatin,2,,,ALKEM LABORATORIES LTD,IMPERIA,main,master
AT-JUPIROS-A-20-150MG-10S-2,JUPIROS A 20/150MG TAB 10S,JUPIROS A 20/150MG,10S,Tablet,131.25,Aspirin + Rosuvastatin,aspirin+rosuvastatin,Aspirin | Rosuvastatin,2,,,ALKEM LABORATORIES LTD,IMPERIA,main,stock file
AT-JUPIROS-A-10S,JUPIROS A CAP 10'S,JUPIROS A,10'S,Capsule,95.15,Fenofibrate 160mg + Rosuvastatin 10mg,fenofibrate 160mg+rosuvastatin 10mg,Fenofibrate | Rosuvastatin,2,,,ALKEM LABORATORIES LTD,IMPERIA,manual,master
AT-JUPIROS-CV-10-10S,JUPIROS CV 10 CAP 10'S,JUPIROS CV 10,10'S,Capsule,218.40,Clopidogrel 75mg + Rosuvastatin 10mg,clopidogrel 75mg+rosuvastatin 10mg,Clopidogrel | Rosuvastatin,2,Dyslipidemia,,ALKEM LABORATORIES LTD,IMPERIA,alkem,master
AT-JUPIROS-CV-10-10S-2,JUPIROS CV 10 CAP 10S,JUPIROS CV 10,10S,Capsule,218.40,Clopidogrel 75mg + Rosuvastatin 10mg,clopidogrel 75mg+rosuvastatin 10mg,Clopidogrel | Rosuvastatin,2,Dyslipidemia,,ALKEM LABORATORIES LTD,IMPERIA,alkem,stock file
AT-JUPIROS-CV-20-10S,JUPIROS CV 20 CAP 10'S,JUPIROS CV 20,10'S,Capsule,257.80,Clopidogrel 75mg + Rosuvastatin 10mg,clopidogrel 75mg+rosuvastatin 10mg,Clopidogrel | Rosuvastatin,2,Dyslipidemia,,ALKEM LABORATORIES LTD,IMPERIA,alkem,master
AT-JUPIROS-EZ-10MG-10S,JUPIROS EZ 10MG TAB 10'S,JUPIROS EZ 10MG,10'S,Tablet,261.56,Ezetimibe 10mg + Rosuvastatin 10mg,ezetimibe 10mg+rosuvastatin 10mg,Ezetimibe | Rosuvastatin,2,ANTIDEPRESSANT,,ALKEM LABORATORIES LTD,IMPERIA,alkem,master
AT-JUPIROS-EZ-20MG-10S,JUPIROS EZ 20MG TAB 10'S,JUPIROS EZ 20MG,10'S,Tablet,336.09,Ezetimibe 10mg + Rosuvastatin 20mg,ezetimibe 10mg+rosuvastatin 20mg,Ezetimibe | Rosuvastatin,2,Dyslipidemia,,ALKEM LABORATORIES LTD,IMPERIA,alkem,master
AT-JUPIROS-F-10-10S,JUPIROS F-10 TAB 10'S,JUPIROS F-10,10'S,Tablet,306.05,Fenofibrate + Rosuvastatin,fenofibrate+rosuvastatin,Fenofibrate | Rosuvastatin,2,,,ALKEM LABORATORIES LTD,IMPERIA,main,master
AT-JUPIROS-FL-10MG-10,JUPIROS FL 10MG TAB 10',JUPIROS FL 10MG,10',Tablet,103.13,Fenofibrate + Rosuvastatin,fenofibrate+rosuvastatin,Fenofibrate | Rosuvastatin,2,,,ALKEM LABORATORIES LTD,IMPERIA,main,stock file
AT-JUPIROS-FL-5MG-10,JUPIROS FL 5MG TAB 10',JUPIROS FL 5MG,10',Tablet,65.63,Fenofibrate + Rosuvastatin,fenofibrate+rosuvastatin,Fenofibrate | Rosuvastatin,2,,,ALKEM LABORATORIES LTD,IMPERIA,main,stock file
AT-JUPIROS-GOLD-10-10S,JUPIROS GOLD 10 CAP 10'S,JUPIROS GOLD 10,10'S,Capsule,239.05,Aspirin + Clopidogrel + Rosuvastatin,aspirin+clopidogrel+rosuvastatin,Aspirin | Clopidogrel | Rosuvastatin,3,,,ALKEM LABORATORIES LTD,IMPERIA,main,master
AT-JUPIROS-GOLD-10-10S-2,JUPIROS GOLD 10 CAP 10S,JUPIROS GOLD 10,10S,Capsule,239.05,Aspirin + Clopidogrel + Rosuvastatin,aspirin+clopidogrel+rosuvastatin,Aspirin | Clopidogrel | Rosuvastatin,3,,,ALKEM LABORATORIES LTD,IMPERIA,main,stock file
AT-JUPIROS-GOLD-20,JUPIROS GOLD 20 CAP,JUPIROS GOLD 20,,Capsule,271.85,Aspirin + Clopidogrel + Rosuvastatin,aspirin+clopidogrel+rosuvastatin,Aspirin | Clopidogrel | Rosuvastatin,3,,,ALKEM LABORATORIES LTD,IMPERIA,main,master
AT-JUSTETO-P-10S,JUSTETO-P TAB 10'S,JUSTETO-P,10'S,Tablet,136.88,Domperidone + Pantoprazole,domperidone+pantoprazole,Domperidone | Pantoprazole,2,,,ANDROMEDA PHARMACEUTICALS,P. L,main,master
AT-JUVIANA-10S,JUVIANA CAP 10'S,JUVIANA,10'S,Capsule,267.00,Palmitoylethanolamide 300mg + Red Spinach Extract 103mg,palmitoylethanolamide 300mg+red spinach extract 103mg,Palmitoylethanolamide | Red Spinach Extract,2,,,CELAGENEX RESEARCH INDIA PVT LTD,CCD,main,master
AT-JUVIANA-PLUS-10S,JUVIANA PLUS CAP 10'S,JUVIANA PLUS,10'S,Capsule,349.00,Agmatine Sulphate 500mg + Cytidine Monophosphate 2.5mg + Palmitoylethanolamide 300mg + Uridine 1.5mg,agmatine sulphate 500mg+cytidine monophosphate 2.5mg+palmitoylethanolamide 300mg+uridine 1.5mg,Agmatine Sulphate | Cytidine Monophosphate | Palmitoylethanolamide | Uridine,4,,,CELAGENEX RESEARCH INDIA PVT LTD,,main,master
AT-K-GLIM-1MG-15TAB,K GLIM 1MG TABS,K GLIM 1MG,15 TAB,Tablet,20.62,Glimepiride,glimepiride,Glimepiride,1,,,BLUE CROSS LABS,LTD,main,master
AT-K-GLIM-2MG-10S,K GLIM 2MG TABS 10`S,K GLIM 2MG,10'S,Tablet,30.94,Glimepiride,glimepiride,Glimepiride,1,,,BLUE CROSS LABS,LTD,main,stock file
AT-K-GLIM-M-1MG-10S,K GLIM M 1MG TABS 10`S,K GLIM M 1MG,10'S,Tablet,60.93,Glimepiride + Metformin,glimepiride+metformin,Glimepiride | Metformin,2,,,BLUE CROSS LABS,LTD,main,stock file
AT-K-GLIM-M-2MG-10S,K GLIM M 2MG TABS 10`S,K GLIM M 2MG,10'S,Tablet,70.31,Glimepiride + Metformin,glimepiride+metformin,Glimepiride | Metformin,2,,,BLUE CROSS LABS,LTD,main,stock file
AT-K-GLIM-M-FORTE-1-MG,K GLIM M FORTE 1 MG,K GLIM M FORTE 1 MG,,,91.87,Glimepiride + Metformin,glimepiride+metformin,Glimepiride | Metformin,2,,,BLUE CROSS LABS,LTD,main,master
AT-K-GLIM-M-FORTE-2-MG,K GLIM M FORTE 2 MG,K GLIM M FORTE 2 MG,,,102.18,Glimepiride + Metformin,glimepiride+metformin,Glimepiride | Metformin,2,,,BLUE CROSS LABS,LTD,main,master
AT-K-GLIM-TRIO-1MG-15S,K GLIM TRIO 1MG TAB 15S,K GLIM TRIO 1MG,15S,Tablet,128.44,Glimepiride + Metformin + Voglibose,glimepiride+metformin+voglibose,Glimepiride | Metformin | Voglibose,3,,,BLUE CROSS LABS,LTD,main,stock file
AT-K-GLIM-TRIO-2MG,K GLIM TRIO 2MG TAB,K GLIM TRIO 2MG,,Tablet,153.75,Glimepiride + Metformin + Voglibose 0.2mg,glimepiride+metformin+voglibose 0.2mg,Glimepiride | Metformin | Voglibose,3,,,BLUE CROSS LABS,LTD,manual,master
AT-K-MET-10S,K MET TABS 10`S,K MET,10'S,Tablet,12.75,Metformin,metformin,Metformin,1,,,BLUE CROSS LABS,LTD,main,stock file
AT-K-PIO-15-10S,K PIO 15 TABS 10'S,K PIO 15,10'S,Tablet,32.81,Pioglitazone,pioglitazone,Pioglitazone,1,,,BLUE CROSS LABS,LTD BCL,main,stock file
AT-K-PIO-30-10S,K PIO 30 TABS 10'S,K PIO 30,10'S,Tablet,33.75,Pioglitazone,pioglitazone,Pioglitazone,1,,,BLUE CROSS LABS,LTD BCL,main,stock file
AT-K-GEM-15S,K-GEM TAB 15'S,K-GEM,15'S,Tablet,61.87,Multiminerals + Multivitamins,multiminerals+multivitamins,Multiminerals | Multivitamins,2,,,BLUE CROSS LABS,LTD BCL,main,master
AT-K-PIO-GM-1-10S,K-PIO GM 1 TAB 10'S,K-PIO GM 1,10'S,Tablet,93.75,Glimepiride + Metformin + Pioglitazone,glimepiride+metformin+pioglitazone,Glimepiride | Metformin | Pioglitazone,3,,,BLUE CROSS LABS,LTD BCL,main,master
AT-K-PIO-GM-2-10S,K-PIO GM 2 TAB 10'S,K-PIO GM 2,10'S,Tablet,126.56,Glimepiride + Metformin + Pioglitazone,glimepiride+metformin+pioglitazone,Glimepiride | Metformin | Pioglitazone,3,,,BLUE CROSS LABS,LTD BCL,main,master
AT-K-PIO-M-10S,K-PIO M TAB 10'S,K-PIO M,10'S,Tablet,51.56,Metformin + Pioglitazone,metformin+pioglitazone,Metformin | Pioglitazone,2,,,BLUE CROSS LABS,LTD BCL,main,master
AT-K-PIO-M-10S-2,K-PIO M TAB 10S,K-PIO M,10S,Tablet,51.56,Metformin + Pioglitazone,metformin+pioglitazone,Metformin | Pioglitazone,2,,,BLUE CROSS LABS,LTD BCL,main,stock file
AT-K-VOG-0-2-MG-10S,K-VOG 0.2 MG 10'S,K-VOG 0.2 MG,10'S,,67.96,Voglibose,voglibose,Voglibose,1,,,BLUE CROSS LABS,LTD,main,stock file
AT-K-VOG-0-2-MG,K-VOG 0.2 MG TAB,K-VOG 0.2 MG,,Tablet,67.96,Voglibose 0.2mg,voglibose 0.2mg,Voglibose,1,,,BLUE CROSS LABS,LTD,manual,master
AT-K-VOG-0-3MG,K-VOG 0.3MG TAB,K-VOG 0.3MG,,Tablet,93.75,Voglibose 0.3mg,voglibose 0.3mg,Voglibose,1,,,BLUE CROSS LABS,LTD,manual,master
AT-KABVIE-10MG-10S,KABVIE 10MG TAB 10'S,KABVIE 10MG,10'S,Tablet,98.65,Vonoprazan 10mg/20mg,vonoprazan 10mg/20mg,Vonoprazan,1,,,TORRENT PHARMACEUTICALS,LTD,torrent,master
AT-KABVIE-20MG-10S,KABVIE 20MG TAB 10'S,KABVIE 20MG,10'S,Tablet,174.19,Vonoprazan 10mg/20mg,vonoprazan 10mg/20mg,Vonoprazan,1,,,TORRENT PHARMACEUTICALS,LTD,torrent,master
AT-KARELA-60S,KARELA CAPS 60S,KARELA,60S,Capsule,136.00,,,,,,,HIMALAYA DRUG COMPANY ZANDRA,,,stock file
AT-KARVOL-CLEAR-NAS-SPR-20ML,KARVOL CLEAR NAS.SPR.20ML,KARVOL CLEAR NAS.SPR,20 ML,,36.09,,,,,,,INDOCO,REMEDIES LTD,,stock file
AT-KARVOL-PLUS-10S,KARVOL PLUS CAP.10'S,KARVOL PLUS,10'S,Capsule,156.09,Camphor 25mg + Chlorothymol 5mg + Eucalyptol 125mg + Menthol 55mg + Terpineol 120mg,camphor 25mg+chlorothymol 5mg+eucalyptol 125mg+menthol 55mg+terpineol 120mg,Camphor | Chlorothymol | Eucalyptol | Menthol | Terpineol,5,Nasal Decongestant,,INDOCO REMEDIES,SYNERGY,INDOCO,master
AT-KEFLOR-DISTABS-125MG-10S,KEFLOR DISTABS 125MG 10'S,KEFLOR DISTABS 125MG,10'S,,120.94,,,,,,,SUN PHARMA LAB. LTD,PHARMA,,stock file
AT-KEFLOR-10ML,KEFLOR DROPS 10ML,KEFLOR,10 ML,Drops,135.00,Cefaclor 50mg,cefaclor 50mg,Cefaclor,1,ANTI-INFECTIVES,,SUN PHARMA LAB. LTD,PHARMA,sun pharma sheet,master
AT-KEFLOR-REDIMIX-125MG-5ML,KEFLOR REDIMIX 125MG/5ML,KEFLOR REDIMIX 125MG/,5 ML,,259.69,,,,,,,SUN PHARMA LAB. LTD,PHARMA,,master
AT-KEFLOR-SYP-125MG-30ML,KEFLOR SYP 125MG 30ML,KEFLOR SYP 125MG,30 ML,Syrup,222.19,Cefaclor 125mg,cefaclor 125mg,Cefaclor,1,ANTI-INFECTIVES,,SUN PHARMA LAB. LTD,PHARMA,sun pharma sheet,master
AT-KEFLOR-TABS-250MG-10S,KEFLOR TABS 250MG 10`S,KEFLOR TABS 250MG,10'S,Tablet,251.25,,,,,,,SUN PHARMA LAB. LTD,PHARMA,,stock file
AT-KETANOVA-10S,KETANOVA TABS 10`S,KETANOVA,10'S,Tablet,100.31,Ketorolac,ketorolac,Ketorolac,1,,,SUN PHARMA LABS.LTD,MAXXIM,manual,master
AT-KETO-KID-200GM,KETO-KID 200GM POWDER,KETO-KID,200 GM,Powder,"1,691.00",,,,,,,BRITISH BIOLOGICAL CRITICAL CARE,,,stock file
AT-KETOPACE-10MG-10S,KETOPACE-10MG TAB 10'S,KETOPACE-10MG,10'S,Tablet,111.56,,,,,,,ROSSWELT BIOSCIENCES,,,stock file
AT-KEYLYTE-200ML,KEYLYTE SYP. 200ML,KEYLYTE,200 ML,Syrup,64.09,Potassium Chloride 1.5mg/15ml,potassium chloride 1.5mg/15ml,Potassium Chloride,1,Hypokalemia Management,Drug Induced Hypokalemia in hypertensives & diabetics,WALLACE PHARMA,LIFESTYLE DC,wallace,master
AT-KG-LOW-60S,KG-LOW TAB 1*60'S,KG-LOW,60'S,Tablet,587.40,,,,,,,INDOCO REMEDIES LTD,SPERA,,stock file
AT-KIDODENT-MOUTHWASH-150ML,KIDODENT MOUTHWASH 150ML.,KIDODENT MOUTHWASH,150 ML,Mouthwash,133.59,,,,,,,INDOCO REMEDIES LTD,WARREN,,master
AT-KIDODENT-TOOTHPASTE-60GM,KIDODENT TOOTHPASTE 60G,KIDODENT TOOTHPASTE,60 GM,,132.43,,,,,,,INDOCO REMEDIES,WARREN ACE,,master
AT-KIDODENT-XP-100GM,KIDODENT XP 100GM,KIDODENT XP,100 GM,,170.88,,,,,,,INDOCO REMEDIES LTD,WARREN,,stock file
AT-KIDS-PRO-CF-200GM,KIDS PRO CF 200GM,KIDS PRO CF,200 GM,,312.00,Multiminerals + Multivitamins + Protein,multiminerals+multivitamins+protein,Multiminerals | Multivitamins | Protein,3,,,BRITISH BIOLOGICALS LTD.,,main,master
AT-KIDS-PRO-CF-500GM,KIDS PRO CF 500GM,KIDS PRO CF,500 GM,,667.50,Multiminerals + Multivitamins + Protein,multiminerals+multivitamins+protein,Multiminerals | Multivitamins | Protein,3,,,BRITISH BIOLOGICALS LTD.,,main,master
AT-KIDS-PRO-VF-200GM,KIDS PRO VF 200GM,KIDS PRO VF,200 GM,,312.00,,,,,,,BRITISH BIOLOGICALS LTD.,,,stock file
AT-KLD-50ML,KLD LOTION 50ML,KLD,50 ML,Lotion,105.00,Ketoconazole,ketoconazole,Ketoconazole,1,,,DEPSONS PHARMA,,main,master
AT-KLEANGUT-PLUS-200ML,KLEANGUT PLUS SYRUP 200ML,KLEANGUT PLUS,200 ML,Syrup,172.50,,,,,,,WALLACE PHARMACEUTICALS LTD,GASTROVA,,stock file
AT-KLINODERM-25GM,KLINODERM CREAM 25GM,KLINODERM,25 GM,Cream,92.81,Clindamycin,clindamycin,Clindamycin,1,,,DEPSONS PHARMA,,main,master
AT-KLINODERM-DPR-25GM,KLINODERM DPR 25GM,KLINODERM DPR,25 GM,,92.81,Adapalene + Clindamycin,adapalene+clindamycin,Adapalene | Clindamycin,2,,,DEPSONS PHARMA,,main,master
AT-KOFLET-EX-LINCTUS-100ML,KOFLET EX LINCTUS 100ML,KOFLET EX LINCTUS,100 ML,,117.19,Honey + Vasaka,honey+vasaka,Honey | Vasaka,2,,,HIMALAYA DRUG COMPANY ZENITH,,main,master
AT-KOFLET-H-LONG-GIN-FL-6S,KOFLET H LONG GIN FL 6S,KOFLET H LONG GIN FL,6S,,28.00,Clove + Ginger + Honey-Based Herbal Blend,clove+ginger+honey-based herbal blend,Clove | Ginger | Honey-Based Herbal Blend,3,,,HIMALAYA DRUG COMPANY,OTX,main,master
AT-KOFLET-H-LONG-LEM-FL-6S,KOFLET H LONG LEM FL 6S,KOFLET H LONG LEM FL,6S,,25.31,,,,,,,HIMALAYA DRUG COMPANY ZENITH,,,stock file
AT-KOFLET-H-LONG-ORAN-FL-6S,KOFLET H LONG ORAN FL 6S,KOFLET H LONG ORAN FL,6S,,28.00,Clove + Ginger + Honey-Based Herbal Blend,clove+ginger+honey-based herbal blend,Clove | Ginger | Honey-Based Herbal Blend,3,,,HIMALAYA DRUG COMPANY,OTX,main,master
AT-KOFLET-LOZEN-STANDUP-POUCH-10S,KOFLET LOZEN.(STANDUP POUCH) 10'S,KOFLET LOZEN.(STANDUP POUCH),10'S,,25.00,Ginger + Tulsi + Yashtimadhu,ginger+tulsi+yashtimadhu,Ginger | Tulsi | Yashtimadhu,3,,,HIMALAYA DRUG COMPANY,OTX,main,master
AT-KOFLET-LOZENGES-160-40FREE,KOFLET LOZENGES(160+40FREE),KOFLET LOZENGES(160+40FREE),,,375.00,Ginger + Tulsi + Yashtimadhu,ginger+tulsi+yashtimadhu,Ginger | Tulsi | Yashtimadhu,3,,,HIMALAYA DRUG COMPANY,OTX,main,master
AT-KOFLET-LOZENGES-60-15FREE,KOFLET LOZENGES(60+15FREE),KOFLET LOZENGES(60+15FREE),,,140.00,Ginger + Tulsi + Yashtimadhu,ginger+tulsi+yashtimadhu,Ginger | Tulsi | Yashtimadhu,3,,,HIMALAYA DRUG COMPANY,OTX,main,master
AT-KOFLET-SF-LINCTUS-100ML,KOFLET SF LINCTUS 100ML,KOFLET SF LINCTUS,100 ML,,93.75,,,,,,,HIMALAYA DRUG COMPANY,OTX,,stock file
AT-KOFLET-100ML,KOFLET SYP 100ML,KOFLET,100 ML,Syrup,117.00,Honey + Licorice + Tulsi + Vasaka,honey+licorice+tulsi+vasaka,Honey | Licorice | Tulsi | Vasaka,4,,,HIMALAYA DRUG COMPANY,OTX,main,master
AT-KOFLET-SF-LOZENGES-GIN-MINT--6S,KOFLET-SF LOZENGES(GIN.MINT.F) 10N*6'S,KOFLET-SF LOZENGES(GIN.MINT.F) 10N*,6'S,,36.00,Sugar-Free Herbal,sugar-free herbal,Sugar-Free Herbal,1,,,HIMALAYA DRUG COMPANY,OTX,main,master
AT-KOJIGLO-0-FACE-WASH-100ML,KOJIGLO 0% FACE WASH 100ML,KOJIGLO 0% FACE WASH,100 ML,Face Wash,473.00,Allantoin + Aloe Vera Extract + Alpha Arbutin + Ethyl Ascorbic Acid + Glypure 70% + Tocopheryl Acetate,allantoin+aloe vera extract+alpha arbutin+ethyl ascorbic acid+glypure 70%+tocopheryl acetate,Allantoin | Aloe Vera Extract | Alpha Arbutin | Ethyl Ascorbic Acid | Glypure | Tocopheryl Acetate,6,,,ALKEM PAHARMA,DARMA CARE,manual,master
AT-KOJIGLO-FORTE-20GM,KOJIGLO FORTE CREAM 20GM,KOJIGLO FORTE,20 GM,Cream,770.00,Arbutin + Ascorbic Acid + Kojic Acid,arbutin+ascorbic acid+kojic acid,Arbutin | Ascorbic Acid | Kojic Acid,3,,,ALKEM PAHARMA,DARMA CARE,main,master
AT-KOJIGLO-20GM,KOJIGLO GEL 20GM,KOJIGLO,20 GM,Gel,484.00,Ascorbic Acid + Dipalmitate + Kojic Acid,ascorbic acid+dipalmitate+kojic acid,Ascorbic Acid | Dipalmitate | Kojic Acid,3,,,ALKEM PAHARMA,DARMA CARE,main,master
AT-KOJIGLO-GOLD-20GM,KOJIGLO GOLD CREAM 20GM,KOJIGLO GOLD,20 GM,Cream,605.00,Ascorbic Acid + Glutathione + Kojic Acid,ascorbic acid+glutathione+kojic acid,Ascorbic Acid | Glutathione | Kojic Acid,3,,,ALKEM PAHARMA,DARMA CARE,main,master
AT-KOJIGLO-GOLD-SKIN-50GM,KOJIGLO GOLD SKIN LOTION 50GM,KOJIGLO GOLD SKIN,50 GM,Lotion,750.00,Ascorbic Acid + Glutathione + Kojic Acid,ascorbic acid+glutathione+kojic acid,Ascorbic Acid | Glutathione | Kojic Acid,3,,,ALKEM PAHARMA,DARMA CARE,main,master
AT-KOJIGLO-SERUM-30ML,KOJIGLO SERUM 30ML,KOJIGLO SERUM,30 ML,Serum,"1,625.00",Ascorbic Acid + Kojic Acid + Niacinamide,ascorbic acid+kojic acid+niacinamide,Ascorbic Acid | Kojic Acid | Niacinamide,3,,,ALKEM PAHARMA,DARMA CARE,main,master
AT-KOLQ-15S,KOLQ + TABS 15'S,KOLQ +,15'S,Tablet,56.25,Paracetamol 500mg,paracetamol 500mg,Paracetamol,1,,,BLUE CROSS LABS LTD,GOLD CROS,manual,master
AT-KOLQ-ORAL,KOLQ ORAL DROPS,KOLQ ORAL,,Drops,36.56,Dill Oil + Fennel Oil + Simethicone,dill oil+fennel oil+simethicone,Dill Oil | Fennel Oil | Simethicone,3,,,BLUE CROSS LABS LTD,GOLD CROS,main,stock file
AT-KOLQ-PLUS-60ML,KOLQ PLUS SYP,KOLQ PLUS,60 ML,Syrup,45.94,Dill Oil + Fennel Oil + Simethicone,dill oil+fennel oil+simethicone,Dill Oil | Fennel Oil | Simethicone,3,,,BLUE CROSS LABS LTD,GOLD CROS,main,stock file
AT-KOLQ-60ML,KOLQ SYP.60 ML,KOLQ,60 ML,Syrup,56.25,Dill Oil + Fennel Oil + Simethicone,dill oil+fennel oil+simethicone,Dill Oil | Fennel Oil | Simethicone,3,,,BLUE CROSS LABS LTD,GOLD CROS,main,stock file
AT-KOLQ-VAPO-INH,KOLQ VAPO INH. CAPS,KOLQ VAPO INH,,Capsule,38.44,Camphor + Eucalyptus Oil + Menthol,camphor+eucalyptus oil+menthol,Camphor | Eucalyptus Oil | Menthol,3,,,BLUE CROSS LABS LTD,GOLD CROS,main,stock file
AT-KOOL-IT-10S,KOOL IT CAPS 10'S,KOOL IT,10'S,Capsule,179.95,Domperidone + Rabeprazole,domperidone+rabeprazole,Domperidone | Rabeprazole,2,,,ALEMBIC,ENTERON,main,stock file
AT-KRAMPOFF-10S,KRAMPOFF TAB 10S,KRAMPOFF,10S,Tablet,130.05,,,,,,,JAGSONPAL PHARMA,LTD.NARI DIV,,master
AT-KVICKLY-HYDRO-30GM,KVICKLY HYDRO GEL 30GM,KVICKLY HYDRO,30 GM,Gel,154.69,,,,,,,WALLACE PHARMACEUTICALS,LTD,,master
AT-KYRAH-21S,KYRAH TAB 21'S,KYRAH,21'S,Tablet,258.59,,,,,,,JAGSONPAL PHARMA,LTD.NARI DIV,,master
AT-L-FREE-200GM,L FREE 200GM,L FREE,200 GM,,269.00,,,,,,,NUTRIMED HEALTHCARE,PVT.LTD,,stock file
AT-L-FREE-400GM,L FREE 400GM,L FREE,400 GM,,498.00,,,,,,,NUTRIMED HEALTHCARE,PVT.LTD,,stock file
AT-L-CETIRIZ-30ML,L-CETIRIZ SYRUP 30ML,L-CETIRIZ,30 ML,Syrup,28.13,Levocetirizine 2.5mg/5ml,levocetirizine 2.5mg/5ml,Levocetirizine,1,Respiratory,,ALKEM PHARMA,ALPHA MAX,alkem,stock file
AT-L-CETIRIZ-10S,L-CETIRIZ TAB 10S,L-CETIRIZ,10S,Tablet,36.56,Levocetirizine 10mg,levocetirizine 10mg,Levocetirizine,1,Respiratory,,ALKEM PHARMA,ALPHA MAX,alkem,stock file
AT-L-CETRA-PLUS-15S,L-CETRA PLUS TAB 15'S,L-CETRA PLUS,15'S,Tablet,210.00,,,,,,,NEO LIFE SCIENCES,,,master
AT-L-CETRA-10S,L-CETRA TAB 10S,L-CETRA,10S,Tablet,32.81,,,,,,,NEO LIFE SCIENCES,,,stock file
AT-LACEF-DROP-10ML,LACEF DROP 10ML,LACEF DROP,10 ML,Drops,26.34,Cefadroxil 125mg/5ml,cefadroxil 125mg/5ml,Cefadroxil,1,Anti-infective - Cephalosporin Antibiotic,Bacterial infections in children,SYNCHEM PHARMACEUTICALS,PVT.LMT,synchem,stock file
AT-LACEF-250MG-10S,LACEF-250MG TAB 10S,LACEF-250MG,10S,Tablet,56.72,,,,,,,SYNCHEM PHARMACEUTICALS,PVT.LMT,,master
AT-LACEF-500MG-10S,LACEF-500MG TAB 10S,LACEF-500MG,10S,Tablet,70.45,,,,,,,SYNCHEM PHARMACEUTICALS,PVT.LMT,,master
AT-LACOSAM-100-15S,LACOSAM 100 TAB 15S,LACOSAM 100,15S,Tablet,322.50,Lacosamide,lacosamide,Lacosamide,1,,,TORRENT PHARMACEUTICAL,AXON,torrent,master
AT-LACOSAM-150-15S,LACOSAM 150 TAB 15S,LACOSAM 150,15S,Tablet,408.00,Lacosamide,lacosamide,Lacosamide,1,,,TORRENT PHARMACEUTICAL,AXON,torrent,master
AT-LACOSAM-200-15S,LACOSAM 200 TAB 15S,LACOSAM 200,15S,Tablet,498.75,Lacosamide,lacosamide,Lacosamide,1,,,TORRENT PHARMACEUTICAL,AXON,torrent,master
AT-LACOSAM-50-10S,LACOSAM 50 TAB 10S,LACOSAM 50,10S,Tablet,164.85,Lacosamide,lacosamide,Lacosamide,1,,,TORRENT PHARMACEUTICAL,AXON,torrent,master
AT-LACOSAM-SYRUP-15MG-200ML,LACOSAM SYRUP 15MG/200ML,LACOSAM SYRUP 15MG/,200 ML,Syrup,660.09,,,,,,,TORRENT PHARMACEUTICAL,AXON,,master
AT-LACROSS-10S,LACROSS CAP 10S,LACROSS,10S,Capsule,75.65,,,,,,,ROSSWELT BIOSCIENCES,,,stock file
AT-LACROSS-Z-SAC-15GM,LACROSS Z SAC 1.5GM,LACROSS Z SAC,1.5 GM,,11.57,,,,,,,ROSSWELT BIOSCIENCES,,,stock file
AT-LACTODEX-3-450GM,LACTODEX 3 450G,LACTODEX 3,450 GM,,517.50,,,,,Infant follow-up formula,Complementary diet after 12 months,RAPTAKOS BRETT & CO,EIDIKOS,,master
AT-LACTODEX-FOLL-2-500GM,LACTODEX FOLL 2 500GM,LACTODEX FOLL 2,500 GM,,502.73,,,,,,,RAPTAKOS BRETT & CO,EIDIKOS,,master
AT-LACTODEX-LBW-400GM,LACTODEX LBW 400GM,LACTODEX LBW,400 GM,,654.00,Composition Not Stated,composition not stated,Composition Not Stated,1,Low Birth Weight / Preterm Infant Nutrition,Feeding preterm/LBW infants for catch-up growth,RAPTAKOS BRETT & CO,EIDIKOS,raptakos,master
AT-LACTODEX-MF-1GM,LACTODEX MF 1GM,LACTODEX MF,1 GM,,28.90,,,,,,,RAPTAKOS BRETT & CO,EIDIKOS,,master
AT-LACTODEX-PRIMIUM-1-400GM,LACTODEX PRIMIUM 1 400GM,LACTODEX PRIMIUM 1,400 GM,,734.00,Alpha-Lactalbumin + Ara + DHA + Micronutrients + Nucleotides + Whey Protein,alpha-lactalbumin+ara+dha+micronutrients+nucleotides+whey protein,Alpha-Lactalbumin | Ara | DHA | Micronutrients | Nucleotides | Whey Protein,6,,,RAPTAKOS BRETT & CO,EIDIKOS,manual,master
AT-LACTODEX-ST-1-450GM,LACTODEX ST 1 450GM,LACTODEX ST 1,450 GM,,517.50,,,,,,,RAPTAKOS BRETT & CO,EIDIKOS,,master
AT-LACTODEX-ST-NO-1-REFIL-PA-400GM,LACTODEX ST NO.1 REFIL PA 400GM,LACTODEX ST NO.1 REFIL PA,400 GM,,337.31,,,,,,,RAPTAKOS BRETT & CO,EIDIKOS,,stock file
AT-LACTODEX-STARTER-200G-1-NO,LACTODEX STARTER 200G-1 NO.,LACTODEX STARTER 200G-1 NO,,,264.00,,,,,,,RAPTAKOS BRETT & CO,EIDIKOS,,master
AT-LACTODEX-STARTER-1-1KG,LACTODEX STARTER-1 1KG,LACTODEX STARTER-1,1 KG,,938.50,,,,,,,RAPTAKOS BRETT & CO.LIMITED,,,master
AT-LACTOGEE-10S,LACTOGEE CAP 10S,LACTOGEE,10S,Capsule,195.00,,,,,,,NEO LIFE SCIENCES,,,stock file
AT-LACTONIC-GRANULES-200GM,LACTONIC GRANULES 200GM,LACTONIC GRANULES,200 GM,Granules,398.00,Lactulose,lactulose,Lactulose,1,,,ALEMBIC,ELENA,main,master
AT-LACTURYTE-200ML,LACTURYTE SYRUP 200ML,LACTURYTE,200 ML,Syrup,262.50,Lactulose,lactulose,Lactulose,1,,,ANDROMEDA PHARMACEUTICALS,P. L,main,master
AT-LADYBOON-14S,LADYBOON TAB 1*14'S,LADYBOON,14'S,Tablet,792.19,,,,,,,INDOCO,REMEDIES LTD,,master
AT-LAMICTAL-DISP-100MG,LAMICTAL DISP 100MG,LAMICTAL DISP 100MG,,,215.63,,,,,,,GSK LIMITED,NEUROSCIENCE,,stock file
AT-LAMICTAL-DISP-25MG,LAMICTAL DISP 25MG,LAMICTAL DISP 25MG,,,75.23,,,,,,,GSK LIMITED,NEUROSCIENCE,,stock file
AT-LAMICTAL-DISP-50MG,LAMICTAL DISP 50MG,LAMICTAL DISP 50MG,,,130.31,,,,,,,GSK LIMITED,NEUROSCIENCE,,stock file
AT-LAMICTAL-DISP-5MG,LAMICTAL DISP 5MG,LAMICTAL DISP 5MG,,,40.50,,,,,,,GSK LIMITED,NEUROSCIENCE,,stock file
AT-LAMICTAL-R-XR-100MG-30S,LAMICTAL(R) XR 100MG TAB 30'S,LAMICTAL(R) XR 100MG,30'S,Tablet,523.13,,,,,,,GSK LIMITED,NEUROSCIENCE,,stock file
AT-LAMICTAL-R-XR-200MG-30S,LAMICTAL(R) XR 200MG TAB 30'S,LAMICTAL(R) XR 200MG,30'S,Tablet,703.13,,,,,,,GSK LIMITED,NEUROSCIENCE,,stock file
AT-LAMICTAL-R-XR-50MG-30S,LAMICTAL(R)XR 50MG 30'S,LAMICTAL(R)XR 50MG,30'S,,421.88,,,,,,,GSK LIMITED,NEUROSCIENCE,,stock file
AT-LAMITOR-DT-100-10S,LAMITOR DT 100 TAB 10 S,LAMITOR DT 100,10 S,Tablet,531.55,Lamotrigine,lamotrigine,Lamotrigine,1,,,TORRENT PHARMACEUTICALS,NURON,torrent,master
AT-LAMITOR-DT-25-10S,LAMITOR DT 25 TAB 10 S,LAMITOR DT 25,10 S,Tablet,174.42,Lamotrigine,lamotrigine,Lamotrigine,1,,,TORRENT PHARMACEUTICALS,NURON,torrent,master
AT-LAMITOR-DT-50-10S,LAMITOR DT 50 TAB 10 S,LAMITOR DT 50,10 S,Tablet,281.76,Lamotrigine,lamotrigine,Lamotrigine,1,,,TORRENT PHARMACEUTICALS,NURON,torrent,master
AT-LAMITOR-OD-100-10S,LAMITOR OD 100 TAB 10 S,LAMITOR OD 100,10 S,Tablet,354.35,Lamotrigine Sustained-Release,lamotrigine sustained-release,Lamotrigine Sustained-Release,1,,,TORRENT PHARMACEUTICALS,NURON,torrent,stock file
AT-LAMITOR-OD-200-10S,LAMITOR OD 200 TAB 10 S,LAMITOR OD 200,10 S,Tablet,490.64,Lamotrigine Sustained-Release,lamotrigine sustained-release,Lamotrigine Sustained-Release,1,,,TORRENT PHARMACEUTICALS,NURON,torrent,stock file
AT-LAMITOR-OD-25-10S,LAMITOR OD 25 TAB 10 S,LAMITOR OD 25,10 S,Tablet,54.38,Lamotrigine Sustained-Release,lamotrigine sustained-release,Lamotrigine Sustained-Release,1,,,TORRENT PHARMACEUTICALS,NURON,torrent,stock file
AT-LAMITOR-OD-50-10S,LAMITOR OD 50 TAB 10 S,LAMITOR OD 50,10 S,Tablet,199.65,Lamotrigine Sustained-Release,lamotrigine sustained-release,Lamotrigine Sustained-Release,1,,,TORRENT PHARMACEUTICALS,NURON,torrent,stock file
AT-LAMOKEM-OD-100MG-10S,LAMOKEM OD 100MG 10'S,LAMOKEM OD 100MG,10'S,,238.69,Lamotrigine,lamotrigine,Lamotrigine,1,,,ALKEM LAB.LTD,PRIZMA,main,stock file
AT-LAMOKEM-OD-50MG-10S,LAMOKEM OD 50MG 10'S,LAMOKEM OD 50MG,10'S,,110.63,Lamotrigine,lamotrigine,Lamotrigine,1,,,ALKEM LAB.LTD,PRIZMA,main,stock file
AT-LANOXIN-0-25MG-10S,LANOXIN 0.25MG TAB 10'S,LANOXIN 0.25MG,10'S,Tablet,14.18,Digoxin,digoxin,Digoxin,1,,,GSK LIMITED,OPTIVE,main,master
AT-LARGE-CLAVE-LB-10S,LARGE CLAVE-LB TAB 10,LARGE CLAVE-LB,10'S,Tablet,146.25,,,,,,,NEO LIFE SCIENCES,,,stock file
AT-LASMIRAY-100MG,LASMIRAY 100MG TAB,LASMIRAY 100MG,,Tablet,262.50,Lasmiditan 50mg,lasmiditan 50mg,Lasmiditan,1,,,TORRENT PHARMACEUTICALS,NURON,torrent,stock file
AT-LASMIRAY-50MG-4S,LASMIRAY 50MG TAB 4'S,LASMIRAY 50MG,4'S,Tablet,187.50,Lasmiditan 50mg,lasmiditan 50mg,Lasmiditan,1,,,TORRENT PHARMACEUTICALS,NURON,torrent,stock file
AT-LASNOFIL-15MG-10S,LASNOFIL-15MG TAB 10'S,LASNOFIL-15MG,10'S,Tablet,70.30,,,,,,,ROSSWELT BIOSCIENCES,,,master
AT-LASUNA-60S,LASUNA CAPS 60S,LASUNA,60S,Capsule,140.63,,,,,,,HIMALAYA DRUG COMPANY ZANDRA,,,stock file
AT-LAVETA-10MG-15S,LAVETA 10MG TABS 15S,LAVETA 10MG,15S,Tablet,215.58,Levocetirizine,levocetirizine,Levocetirizine,1,,,ALEMBIC,MEGACARE,main,stock file
AT-LAVETA-5MG-10S,LAVETA 5MG TAB 10'S,LAVETA 5MG,10'S,Tablet,109.28,Levocetirizine,levocetirizine,Levocetirizine,1,,,ALEMBIC,MEGACARE,main,master
AT-LAVETA-A-10S,LAVETA A TABS 10'S,LAVETA A,10'S,Tablet,70.73,Ambroxol + Levocetirizine,ambroxol+levocetirizine,Ambroxol | Levocetirizine,2,,,ALEMBIC,MEGACARE,main,stock file
AT-LAVETA-COLD-10S,LAVETA COLD TAB 10'S,LAVETA COLD,10'S,Tablet,36.09,Chlorpheniramine + Paracetamol + Phenylephrine,chlorpheniramine+paracetamol+phenylephrine,Chlorpheniramine | Paracetamol | Phenylephrine,3,,,ALEMBIC,MEGACARE,main,stock file
AT-LAVETA-M-KID-10S-2,LAVETA M KID,LAVETA M KID,10S,Tablet,121.97,Levocetirizine + Montelukast,levocetirizine+montelukast,Levocetirizine | Montelukast,2,,,ALEMBIC,MEGACARE,main,stock file
AT-LAVETA-M-60ML,LAVETA M SYRUP 60ML,LAVETA M,60 ML,Syrup,121.97,Levocetirizine + Montelukast,levocetirizine+montelukast,Levocetirizine | Montelukast,2,,,ALEMBIC,MEGACARE,main,master
AT-LAVETA-M-10S,LAVETA M TAB 10'S,LAVETA M,10'S,Tablet,124.41,Levocetirizine + Montelukast,levocetirizine+montelukast,Levocetirizine | Montelukast,2,,,ALEMBIC,MEGACARE,main,master
AT-LAVETA-30ML,LAVETA SYP 30ML,LAVETA,30 ML,Syrup,44.25,Levocetirizine,levocetirizine,Levocetirizine,1,,,ALEMBIC,MEGACARE,main,stock file
AT-LAVETA-60ML,LAVETA SYRUP 60ML,LAVETA,60 ML,Syrup,249.75,Levocetirizine,levocetirizine,Levocetirizine,1,,,ALEMBIC,MEGACARE,main,master
AT-LAXERA-SUSPENSION-200ML,LAXERA SUSPENSION 200ML,LAXERA SUSPENSION,200 ML,Suspension,194.06,Lactulose,lactulose,Lactulose,1,,,ARRIENT HEALTHCARE,(ORENDA)PRIVATE LIM,main,master
AT-LAXERA-SUSPENTION-200ML,LAXERA SUSPENTION 200ML,LAXERA SUSPENTION,200 ML,,194.06,Lactulose,lactulose,Lactulose,1,,,ARRIENT HEALTHCARE,(ORENDA)PRIVATE LIM,main,stock file
AT-LAXHER-JAR-100GM,LAXHER JAR 100GM,LAXHER JAR,100 GM,,103.13,Isabgol,isabgol,Isabgol,1,,,DEPSONS PHARMA,,main,master
AT-LAXHER-LIQUID-100ML,LAXHER LIQUID 100ML,LAXHER LIQUID,100 ML,,99.00,Lactulose,lactulose,Lactulose,1,,,DEPSONS PHARMA,,main,master
AT-LAXHER-LIQUID-200ML,LAXHER LIQUID 200ML,LAXHER LIQUID,200 ML,,177.19,,,,,,,DEPSONS PHARMA,,,stock file
AT-LAXHER-POUCH-5GM,LAXHER POUCH 10'S 5GM,LAXHER POUCH,5 GM,,9.38,,,,,,,DEPSONS PHARMA,,,stock file
AT-LAXHER-10S,LAXHER TAB 10'S,LAXHER,10'S,Tablet,65.63,Herbal Laxative,herbal laxative,Herbal Laxative,1,,,DEPSONS PHARMA,,main,master
AT-LAXIWAL-150ML,LAXIWAL SYRUP 150ML,LAXIWAL,150 ML,Syrup,196.87,Contains: Lactulose 15ml,contains: lactulose 15ml,Contains: Lactulose,1,Laxatives,Chronic Constipation,WALLACE PHARMA,DELITE,wallace,master
AT-LAXIWAL-10S,LAXIWAL TAB 10'S,LAXIWAL,10'S,Tablet,196.87,Contains: Lactulose 15ml,contains: lactulose 15ml,Contains: Lactulose,1,Laxatives,Chronic Constipation,WALLACE PHARMA,DELITE,wallace,stock file
AT-LEFRA-10-10S,LEFRA 10 TAB 10S,LEFRA 10,10S,Tablet,140.63,,,,,,,TORRENT PHARMA,UNO VISTA,,master
AT-LEFRA-20-10S,LEFRA 20 TAB 10S,LEFRA 20,10S,Tablet,301.85,,,,,,,TORRENT PHARMA,UNO VISTA,,master
AT-LEFUMA-10-10S,LEFUMA 10 TAB 10'S,LEFUMA 10,10'S,Tablet,90.60,Leflunomide 10mg,leflunomide 10mg,Leflunomide,1,Disease Modifying Anti Rheumatic Drugs,Rheumatoid Arthritis,WALLACE PHARMA.LTD.REHEUMATOLOGY,Lifestyle,wallace,stock file
AT-LEFUMA-20-10S,LEFUMA 20 TAB 10'S,LEFUMA 20,10'S,Tablet,176.21,Leflunomide 20mg,leflunomide 20mg,Leflunomide,1,Disease Modifying Anti Rheumatic Drugs,Rheumatoid Arthritis,WALLACE PHARMA.LTD.REHEUMATOLOGY,Lifestyle,wallace,stock file
AT-LEK-500,LEK 500 TABS,LEK 500,,Tablet,61.27,Levofloxacin,levofloxacin,Levofloxacin,1,,,BLUE CROSS LABS LTD,GOLD CROS,main,stock file
AT-LENIN-30GM,LENIN CREAM 30GM,LENIN,30 GM,Cream,300.00,,needs_verification,Needs_verification,1,,,ALKEM LABORATORIES LTD,ADROIT,main,stock file
AT-LESAR-250-10S,LESAR 250 10'S,LESAR 250,10'S,,60.94,,,,,,,SALASAR PHARMACEUTICALS,,,stock file
AT-LESAR-500-1010S,LESAR 500 TAB 10 10S,LESAR 500,10 10S,Tablet,96.00,,,,,,,SALASAR PHARMACEUTICALS,,,master
AT-LESAR-750-10S,LESAR 750 TAB 10'S,LESAR 750,10'S,Tablet,133.03,,,,,,,SALASAR PHARMACEUTICALS,,,master
AT-LEVEDA-120MG-10S,LEVEDA 120MG TAB 10'S,LEVEDA 120MG,10'S,Tablet,171.56,Fexofenadine,fexofenadine,Fexofenadine,1,,,ANDROMEDA PHARMACEUTICALS,P. L,main,stock file
AT-LEVEDA-180MG-10S,LEVEDA 180MG TAB 10'S,LEVEDA 180MG,10'S,Tablet,186.56,Fexofenadine Hydrochloride 180mg,fexofenadine hydrochloride 180mg,Fexofenadine Hydrochloride,1,,"Respiratory, seasonal and nasal allergies, hay fever and asthma",ANDROMEDA PHARMACEUTICALS,P. L,manual,master
AT-LEVEDA-500-10S,LEVEDA 500 TAB 10S,LEVEDA 500,10S,Tablet,75.00,Levetiracetam,levetiracetam,Levetiracetam,1,,,ANDROMEDA PHARMACEUTICALS,P. L,main,stock file
AT-LEVEDA-M-10S,LEVEDA M TAB 10'S,LEVEDA M,10'S,Tablet,186.56,Fexofenadine Hydrochloride 120mg + Montelukast 10mg,fexofenadine hydrochloride 120mg+montelukast 10mg,Fexofenadine Hydrochloride | Montelukast,2,,"Respiratory, seasonal and nasal allergies, hay fever and asthma",ANDROMEDA PHARMACEUTICALS,P. L,manual,master
AT-LEVENUE-1000MG-10,LEVENUE 1000MG TAB 10',LEVENUE 1000MG,10',Tablet,195.14,Levetiracetam 1000mg,levetiracetam 1000mg,Levetiracetam,1,Antiepileptic,,ALKEM LAB. LTD,PENTACARE,alkem,stock file
AT-LEVENUE-250MG-10S,LEVENUE 250MG TAB 10'S,LEVENUE 250MG,10'S,Tablet,67.31,Levetiracetam 250mg,levetiracetam 250mg,Levetiracetam,1,Antiepileptic,,ALKEM LAB. LTD,PENTACARE,alkem,master
AT-LEVENUE-500MG-10S,LEVENUE 500MG TAB 10'S,LEVENUE 500MG,10'S,Tablet,208.06,Levetiracetam 500mg,levetiracetam 500mg,Levetiracetam,1,Antiepileptic,,ALKEM LAB. LTD,PENTACARE,alkem,master
AT-LEVENUE-500MG-10,LEVENUE 500MG TABS 10',LEVENUE 500MG,10',Tablet,448.55,Levetiracetam 500mg,levetiracetam 500mg,Levetiracetam,1,Antiepileptic,,ALKEM LAB. LTD,PENTACARE,alkem,stock file
AT-LEVENUE-750MG-10,LEVENUE 750MG TABS 10',LEVENUE 750MG,10',Tablet,67.31,Levetiracetam 750mg,levetiracetam 750mg,Levetiracetam,1,Antiepileptic,,ALKEM LAB. LTD,PENTACARE,alkem,stock file
AT-LEVENUE-ER-500MG-10S,LEVENUE ER 500MG TAB 10'S,LEVENUE ER 500MG,10'S,Tablet,209.48,Levetiracetam 500mg,levetiracetam 500mg,Levetiracetam,1,Antiepileptic,,ALKEM LAB. LTD,PENTACARE,alkem,stock file
AT-LEVENUE-RTU-1000MG-100ML,LEVENUE RTU 1000MG/100ML,LEVENUE RTU 1000MG/,100 ML,,197.86,Levetiracetam,levetiracetam,Levetiracetam,1,,,ALKEM LAB. LTD,PENTACARE,main,stock file
AT-LEVENUE-RTU-500MG-100ML,LEVENUE RTU 500MG/100ML,LEVENUE RTU 500MG/,100 ML,,114.13,Levetiracetam,levetiracetam,Levetiracetam,1,,,ALKEM LAB. LTD,PENTACARE,main,stock file
AT-LEVENUE-100ML,LEVENUE SYP 100ML,LEVENUE,100 ML,Syrup,423.05,Levetiracetam 100ml,levetiracetam 100ml,Levetiracetam,1,Antiepileptic,,ALKEM LAB. LTD,PENTACARE,alkem,master
AT-LEVO-A-10S,LEVO-A TAB 1*10TAB,LEVO-A,10'S,Tablet,42.19,,,,,,,SALASAR PHARMACEUTICALS,,,master
AT-LEVO-M-10S,LEVO-M TAB 10S,LEVO-M,10S,Tablet,117.19,,,,,,,SALASAR PHARMACEUTICALS,,,master
AT-LEVOCARNIL-500-10S,LEVOCARNIL 500 TAB,LEVOCARNIL 500,10'S,Tablet,377.81,Levocarnitine,levocarnitine,Levocarnitine,1,,,MODI MUNDI,PMD,modimundi,stock file
AT-LEVOCARNIL-PLUS-10S,LEVOCARNIL PLUS TAB 1*10TAB,LEVOCARNIL PLUS,10'S,Tablet,143.16,,,,,,,MODI MUNDI,PMD,,stock file
AT-LEVOCETRIWAL-5MG-10S,LEVOCETRIWAL 5MG TAB 10S,LEVOCETRIWAL 5MG,10S,Tablet,25.17,,,,,,,WALLACE PHARMACEUTICALS,LTD,,stock file
AT-LEVOGASTROL-25MG-10S,LEVOGASTROL 25MG TAB 10'S,LEVOGASTROL 25MG,10'S,Tablet,127.78,Levosulpiride,levosulpiride,Levosulpiride,1,,,ALEMBIC,ENTERON,main,master
AT-LEVOGASTROL-OD-75MG-10S,LEVOGASTROL OD 75MG TAB 10'S,LEVOGASTROL OD 75MG,10'S,Tablet,202.22,Levosulpiride,levosulpiride,Levosulpiride,1,,,ALEMBIC,ENTERON,main,stock file
AT-LEVOLVE-500,LEVOLVE 500 TAB,LEVOLVE 500,,Tablet,61.59,,,,,,,KOYE PHARMACEUTICALS,P.LTD,,stock file
AT-LEVOLVE-OZ-10S,LEVOLVE OZ TAB 10'S,LEVOLVE OZ,10'S,Tablet,75.94,,,,,,,KOYE PHARMACEUTICALS,P.LTD,,stock file
AT-LEVORES-10S,LEVORES TAB 10S,LEVORES,10S,Tablet,82.50,,,,,,,NEO LIFE SCIENCES,,,stock file
AT-LEVTAM-250-10S,LEVTAM 250 TAB 10,LEVTAM 250,10'S,Tablet,60.05,,,,,,,TORRENT PHARMA,NEUFOREV,,stock file
AT-LEVTAM-500-10S,LEVTAM 500 TAB 10,LEVTAM 500,10'S,Tablet,123.66,,,,,,,TORRENT PHARMA,NEUFOREV,,stock file
AT-LEVTAM-100ML,LEVTAM SYP 100ML 100ML,LEVTAM,100 ML,Syrup,321.26,,,,,,,TORRENT PHARMA,NEUFOREV,,stock file
AT-LEZYNCET-A-10S,LEZYNCET A TAB 10,LEZYNCET A,10'S,Tablet,58.93,,,,,,,TORRENT PHARMA,UVA,,stock file
AT-LEZYNCET-D,LEZYNCET D TAB,LEZYNCET D,,Tablet,76.41,,,,,,,TORRENT PHARMACEUTICALS LTD,UNICHEM,,stock file
AT-LEZYNCET,LEZYNCET TAB,LEZYNCET,,Tablet,66.23,Levocetirizine,levocetirizine,Levocetirizine,1,,,TORRENT PHARMACEUTICALS LTD,UNICHEM,torrent,master
AT-LICAB,LICAB TABS,LICAB,,Tablet,17.06,Lithium Carbonate 300mg,lithium carbonate 300mg,Lithium Carbonate,1,,,TORRENT PHARMACEUTICALS,MIND,torrent,master
AT-LICAB-XL,LICAB XL TABS,LICAB XL,,Tablet,79.31,Lithium Carbonate 400mg,lithium carbonate 400mg,Lithium Carbonate,1,,,TORRENT PHARMACEUTICALS,MIND,torrent,master
AT-LICEBIL-M-10S,LICEBIL M TAB 10'S,LICEBIL M,10'S,Tablet,186.55,,,,,,,ROSSWELT BIOSCIENCES,,,master
AT-LICEZID-600MG-10S,LICEZID-600MG TAB 10'S,LICEZID-600MG,10'S,Tablet,381.04,,,,,,,ROSSWELT BIOSCIENCES,,,master
AT-LICEZINE-25MG-10S,LICEZINE-25MG TAB 1*10'S,LICEZINE-25MG,10'S,Tablet,51.55,,,,,,,ROSSWELT BIOSCIENCES,,,master
AT-LIDOVALOR-2S,LIDOVALOR TAB 2'S,LIDOVALOR,2'S,Tablet,679.69,,,,,,,MODI MUNDI,PMD,,stock file
AT-LIFOCIN-500-5S,LIFOCIN 500 TAB 5S,LIFOCIN 500,5S,Tablet,30.00,,,,,,,ONESTEP HEALTHCARE P. LTD,CARDIAC,,stock file
AT-LIGNOX-2-ADR-30ML,LIGNOX 2% ADR 30ML.,LIGNOX 2% ADR,30 ML,,44.53,,,,,,,INDOCO REMEDIES LTD,WARREN,,master
AT-LILITUF-30GM,LILITUF CREAM 30GM,LILITUF,30 GM,Cream,397.03,Luliconazole 1%,luliconazole 1%,Luliconazole,1,Topical anti- Fungal,,ALKEM LAB,LTD DERMAKEM,alkem,master
AT-LILITUF-50GM,LILITUF CREAM 50GM,LILITUF,50 GM,Cream,394.69,Luliconazole 1%,luliconazole 1%,Luliconazole,1,Topical anti- Fungal,,ALKEM LAB,LTD DERMAKEM,alkem,master
AT-LILITUF-CREEM-15GM,LILITUF CREEM 15GM,LILITUF CREEM,15 GM,,232.50,Luliconazole,luliconazole,Luliconazole,1,,,ALKEM LAB,LTD DERMAKEM,main,stock file
AT-LILITUF-15GM,LILITUF LOTION 15GM,LILITUF,15 GM,Lotion,192.19,Luliconazole 1%,luliconazole 1%,Luliconazole,1,Topical anti- Fungal,,ALKEM LAB,LTD DERMAKEM,alkem,stock file
AT-LILITUF-30ML,LILITUF LOTION 30ML,LILITUF,30 ML,Lotion,402.19,Luliconazole 1%,luliconazole 1%,Luliconazole,1,Topical anti- Fungal,,ALKEM LAB,LTD DERMAKEM,alkem,stock file
AT-LILITUF-MAX-30GM,LILITUF MAX CREAM 30GM,LILITUF MAX,30 GM,Cream,397.00,Luliconazole 1% + Silver Nanoparticles,luliconazole 1%+silver nanoparticles,Luliconazole | Silver Nanoparticles,2,Topical anti- Fungal,,ALKEM LAB,LTD DERMAKEM,manual,master
AT-LILITUF-XL-CREEM-30GM,LILITUF XL CREEM 30G,LILITUF XL CREEM,30 GM,,328.13,Luliconazole,luliconazole,Luliconazole,1,,,ALKEM LAB,LTD DERMAKEM,main,stock file
AT-LINAPIL-M-2-5-500MG-10S,LINAPIL M 2.5/500MG TAB 10'S,LINAPIL M 2.5/500MG,10'S,Tablet,92.80,Linagliptin + Metformin,linagliptin+metformin,Linagliptin | Metformin,2,,,ALKEM LABORATORIES,LTD DIABTALOGY,main,master
AT-LINAPIL-10S,LINAPIL TAB 10'S,LINAPIL,10'S,Tablet,106.85,Linagliptin,linagliptin,Linagliptin,1,,,ALKEM LABORATORIES,LTD DIABTALOGY,main,master
AT-LINAPIL-D-10MG-10S,LINAPIL-D 10MG TAB 10'S,LINAPIL-D 10MG,10'S,Tablet,170.15,Dapagliflozin + Linagliptin,dapagliflozin+linagliptin,Dapagliflozin | Linagliptin,2,,,ALKEM LABORATORIES,LTD DIABTALOGY,main,master
AT-LINAPIL-DM-1000MG-10S,LINAPIL-DM 1000MG TAB 10'S,LINAPIL-DM 1000MG,10'S,Tablet,178.13,Dapagliflozin + Linagliptin + Metformin,dapagliflozin+linagliptin+metformin,Dapagliflozin | Linagliptin | Metformin,3,,,ALKEM LABORATORIES,LIMITED,main,stock file
AT-LINAPIL-DM-500MG-10S,LINAPIL-DM 500MG TAB 10,LINAPIL-DM 500MG,10'S,Tablet,205.00,Linagliptin + Metformin,linagliptin+metformin,Linagliptin | Metformin,2,,,ALKEM LABORATORIES LTD,BREGEN NOVA,main,master
AT-LINAXA-D-5-10MG-10S,LINAXA D 5/10MG TAB 1*10'S,LINAXA D 5/10MG,10'S,Tablet,167.81,,,,,,,TORRENT PHARMACEUTICALS,LTD,,master
AT-LINAXA-DM-500MG-10S,LINAXA DM 500MG TAB 1*10'S,LINAXA DM 500MG,10'S,Tablet,205.00,Dapagliflozin + Linagliptin + Metformin,dapagliflozin+linagliptin+metformin,Dapagliflozin | Linagliptin | Metformin,3,,,TORRENT PHARMACEUTICALS,LTD,torrent,master
AT-LINAXA-M-2-5-1000MG-10S,LINAXA M 2.5/1000MG TAB 1*10'S,LINAXA M 2.5/1000MG,10'S,Tablet,97.88,,,,,,,TORRENT PHARMACEUTICALS,LTD,,stock file
AT-LINAXA-M-2-5-500MG-10S,LINAXA M 2.5/500MG TAB 1*10'S,LINAXA M 2.5/500MG,10'S,Tablet,99.90,,,,,,,TORRENT PHARMACEUTICALS,LTD,,master
AT-LINAXA-M-XR-5-1000MG-10S,LINAXA M XR 5/1000MG TAB 1*10'S,LINAXA M XR 5/1000MG,10'S,Tablet,143.20,,,,,,,TORRENT PHARMACEUTICALS,LTD,,master
AT-LINAXA-M-XR-5-500MG-10S,LINAXA M XR 5/500MG TAB 1*10'S,LINAXA M XR 5/500MG,10'S,Tablet,132.89,,,,,,,TORRENT PHARMACEUTICALS,LTD,,master
AT-LINAXA-10S,LINAXA TAB 1*10'S,LINAXA,10'S,Tablet,133.97,Linagliptin 5mg,linagliptin 5mg,Linagliptin,1,,,TORRENT PHARMACEUTICALS,LTD,torrent,master
AT-LINCEF-10S,LINCEF TAB 10'S,LINCEF,10'S,Tablet,412.50,Cefixime,cefixime,Cefixime,1,Anti-infective,,ALKEM LABORATRIES LTD,ACE-ALTIS,main,stock file
AT-LINECA-PLUS-10S,LINECA PLUS TAB 10S,LINECA PLUS,10S,Tablet,513.75,,,,,,,KOYE PHARMACEUTICALS,P.LTD,,stock file
AT-LINECA-10S,LINECA TAB 10'S,LINECA,10'S,Tablet,467.81,,,,,,,KOYE PHARMACEUTICALS,P.LTD,,stock file
AT-LINHERB-60,LINHERB 60 TABS,LINHERB 60,,Tablet,300.00,Herbal Supplement,herbal supplement,Herbal Supplement,1,,,DEPSONS PHARMA,,main,master
AT-LINHERB-60TABS,LINHERB 60TABS,LINHERB 60TABS,,,300.00,,,,,,,DEPSONS PHARMA,,,stock file
AT-LINOHIT-DRY-SYR-30ML,LINOHIT DRY SYR.30ML,LINOHIT DRY SYR,30 ML,,145.31,,,,,,,ROSSWELT BIOSCIENCES,,,master
AT-LINOKEM-600MG-10S,LINOKEM 600MG TAB 10'S,LINOKEM 600MG,10'S,Tablet,268.27,Linezolid 600mg,linezolid 600mg,Linezolid,1,Anti-infective,,ALKEM LABORATRIES LTD,ALTRON,alkem,master
AT-LINOX-600,LINOX 600 TAB,LINOX 600,,Tablet,339.33,Linezolid 600mg,linezolid 600mg,Linezolid,1,,,TORRENT PHARMA,VITUS,torrent,stock file
AT-LIPONORM-10MG-15TAB,LIPONORM 10MG TABS,LIPONORM 10MG,15 TAB,Tablet,52.50,Atorvastatin,atorvastatin,Atorvastatin,1,,,BLUE CROSS LABS LTD,GOLD CROS,main,master
AT-LIPTY-15S,LIPTY CAP 15S,LIPTY,15S,Capsule,182.81,,,,,,,NEO LIFE SCIENCES,,,stock file
AT-LISTRIL-2-5-15S,LISTRIL 2.5 TAB 15 S,LISTRIL 2.5,15 S,Tablet,59.06,,,,,,,TORRENT PHARMA,AZUCA,,stock file
AT-LISTRIL-5-15S,LISTRIL 5 TAB 15 S,LISTRIL 5,15 S,Tablet,140.30,,,,,,,TORRENT PHARMA,AZUCA,,stock file
AT-LITHOLEXAL-BONE-30S,LITHOLEXAL BONE TAB 30'S,LITHOLEXAL BONE,30'S,Tablet,900.00,,,,,,,MODI MUNDI PHARMA,LTD,,master
AT-LITHOLEXAL-JOINT-30S,LITHOLEXAL JOINT TAB 30'S,LITHOLEXAL JOINT,30'S,Tablet,990.00,,,,,,,MODI MUNDI PHARMA,LTD,,master
AT-LIV-52-60ML,LIV 52 DROPS 60ML,LIV 52,60 ML,Drops,155.00,Capparis Spinosa + Cichorium Intybus,capparis spinosa+cichorium intybus,Capparis Spinosa | Cichorium Intybus,2,Gudmar + Vijaysar + Shilajit,DIABECON DS TABS,HIMALAYA DRUG COMPANY,ZEAL,main,master
AT-LIV-52-DS-100S,LIV 52 DS SYP 100,LIV 52 DS,100'S,Syrup,206.25,Double Strength Liver Herbs,double strength liver herbs,Double Strength Liver Herbs,1,,,HIMALAYA DRUG COMPANY ZANDRA,,main,master
AT-LIV-52-DS-200S,LIV 52 DS SYP 200,LIV 52 DS,200'S,Syrup,351.00,Double Strength Liver Herbs,double strength liver herbs,Double Strength Liver Herbs,1,,,HIMALAYA DRUG COMPANY ZANDRA,,main,master
AT-LIV-52-DS-60S,LIV 52 DS TABS 60,LIV 52 DS,60'S,Tablet,281.25,Double Strength Liver Herbs,double strength liver herbs,Double Strength Liver Herbs,1,,,HIMALAYA DRUG COMPANY ZANDRA,,main,master
AT-LIV-52-HB-10S,LIV 52 HB CAPS 1*10,LIV 52 HB,10'S,Capsule,164.06,,,,,,,HIMALAYA DRUG COMPANY,ZEAL,,stock file
AT-LIV-52-100ML,LIV 52 SYP 100ML,LIV 52,100 ML,Syrup,140.00,Capparis Spinosa + Cichorium Intybus,capparis spinosa+cichorium intybus,Capparis Spinosa | Cichorium Intybus,2,,,HIMALAYA DRUG COMPANY,ZEAL,main,master
AT-LIV-52-200ML,LIV 52 SYP 200ML,LIV 52,200 ML,Syrup,234.00,Capparis Spinosa + Cichorium Intybus,capparis spinosa+cichorium intybus,Capparis Spinosa | Cichorium Intybus,2,,,HIMALAYA DRUG COMPANY,ZEAL,main,master
AT-LIV-52-100S,LIV 52 TABS 100S,LIV 52,100S,Tablet,220.00,Capparis Spinosa + Cichorium Intybus,capparis spinosa+cichorium intybus,Capparis Spinosa | Cichorium Intybus,2,Senna + Trivrit + Haritaki (laxative),HERBOLEX TABS,HIMALAYA DRUG COMPANY,ZEAL,main,master
AT-LIVARISE-INJ-1-3ML,LIVARISE INJ. 1*3ML,LIVARISE INJ. 1*,3 ML,Injection,"8,749.00",,,,,,,LUPIN LIMITED,,,stock file
AT-LIVARISE-REUSABLE-CUSTOM-PEN-1S,LIVARISE REUSABLE CUSTOM.PEN 1*1,LIVARISE REUSABLE CUSTOM.PEN,1'S,,"1,250.00",,,,,,,LUPIN LIMITED,,,stock file
AT-LIVFIT-200ML,LIVFIT SYRUP 200ML,LIVFIT,200 ML,Syrup,190.03,Multivitamins + Silymarin,multivitamins+silymarin,Multivitamins | Silymarin,2,,,ALEMBIC,PHARMA,main,master
AT-LIVFIT-10S,LIVFIT TAB 10'S,LIVFIT,10'S,Tablet,246.00,Silymarin,silymarin,Silymarin,1,,,ALEMBIC,PHARMA,main,master
AT-LIVIAL-28S,LIVIAL TAB 28S,LIVIAL,28S,Tablet,"1,565.63",Tibolone,tibolone,Tibolone,1,,,A.MENARINI,,main,stock file
AT-LIZOMED-300MG-10S,LIZOMED 300MG TAB 10S,LIZOMED 300MG,10S,Tablet,237.72,Linezolid,linezolid,Linezolid,1,,,AGLOWMED LTD,Radiance,main,stock file
AT-LIZOMED-600MG-4S,LIZOMED 600MG TABS 4'S,LIZOMED 600MG,4'S,Tablet,374.43,Linezolid,linezolid,Linezolid,1,,,AGLOWMED LTD,Radiance,main,master
AT-LIZOMED-C-10S,LIZOMED C TAB 10'S,LIZOMED C,10'S,Tablet,356.25,Cefixime + Linezolid,cefixime+linezolid,Cefixime | Linezolid,2,,,AGLOWMED LTD.,,main,stock file
AT-LIZOMED-DRY-30ML,LIZOMED DRY SYP 30ML,LIZOMED DRY,30 ML,Dry Syrup,154.69,Linezolid,linezolid,Linezolid,1,,,AGLOWMED LTD,Radiance,main,master
AT-LIZOMED-INJ-IV-600ML,LIZOMED INJ.IV 600ML,LIZOMED INJ.IV,600 ML,Injection,463.97,Linezolid,linezolid,Linezolid,1,,,AGLOWMED LTD,Radiance,main,stock file
AT-LIZOMED-XL-DRY-60ML,LIZOMED-XL DRY SYRUP 60ML,LIZOMED-XL DRY,60 ML,Dry Syrup,243.75,Linezolid,linezolid,Linezolid,1,,,AGLOWMED LTD,Radiance,main,stock file
AT-LOMO-RS-200ML-LIQUID,LOMO-RS 200ML LIQUID,LOMO-RS 200ML LIQUID,,,32.81,,,,,,,"RPG LIFE SCIENCES L..,",SEARLE,,stock file
AT-LOMOFEN-2MG-20S,LOMOFEN + 2MG TABS 20`S,LOMOFEN + 2MG,20'S,Tablet,48.45,,,,,,,RPG LIFE SCIENCE LTD,GLODIAN,,master
AT-LOMOFEN-LB-10S,LOMOFEN LB TAB 10'S,LOMOFEN LB,10'S,Tablet,51.56,,,,,,,RPG LIFE SCIENCE LTD,GLODIAN,,master
AT-LOMOTIL-RF-200MG-10S,LOMOTIL RF 200MG TAB 10'S,LOMOTIL RF 200MG,10'S,Tablet,250.00,,,,,,,RPG LIFE SCIENCE LTD,GLODIAN,,master
AT-LOMOTIL-RF-400MG-10S,LOMOTIL RF 400MG TAB 10'S,LOMOTIL RF 400MG,10'S,Tablet,400.00,,,,,,,RPG LIFE SCIENCE LTD,GLODIAN,,master
AT-LOMOTIL-RF-550MG-10S,LOMOTIL RF 550MG TAB 10'S,LOMOTIL RF 550MG,10'S,Tablet,550.00,,,,,,,RPG LIFE SCIENCE LTD,GLODIAN,,master
AT-LOMOTIL-20S,LOMOTIL TABS 20`S,LOMOTIL,20'S,Tablet,28.82,Atropine Sulphate 0.025mg + Diphenoxylate Hydrochloride 2.5mg,atropine sulphate 0.025mg+diphenoxylate hydrochloride 2.5mg,Atropine Sulphate | Diphenoxylate Hydrochloride,2,Gastroenterology,Acute diarrhoea,RPG LIFE SCIENCE LTD,GLODIAN,rpg,master
AT-LONGCET-TAB-5MG-15S,LONGCET TAB 5MG 15S,LONGCET TAB 5MG,15S,Tablet,103.13,,,,,,,GSK LIMITED,DERMA ACE TEAM 2,,stock file
AT-LOOKBRITE-TUBE-20GM,LOOKBRITE TUBE 20GM,LOOKBRITE TUBE,20 GM,,195.47,,,,,,,TORRENT PHARMA LTD,SPERSH,,stock file
AT-LORAM-2-5-10S,LORAM 2.5 TAB 10,LORAM 2.5,10'S,Tablet,126.23,Losartan Potassium + Ramipril,losartan potassium+ramipril,Losartan Potassium | Ramipril,2,,,TORRENT PHARMA,CV LIFE,torrent,stock file
AT-LORAM-5-10S,LORAM 5 TAB 10,LORAM 5,10'S,Tablet,172.55,Losartan Potassium + Ramipril,losartan potassium+ramipril,Losartan Potassium | Ramipril,2,,,TORRENT PHARMA,CV LIFE,torrent,stock file
AT-LORAM-H-2-5-10S,LORAM H 2.5 TAB 10,LORAM H 2.5,10'S,Tablet,105.66,,,,,,,TORRENT PHARMA,CV LIFE,,stock file
AT-LORAM-H-5-10S,LORAM H 5 TAB 10,LORAM H 5,10'S,Tablet,132.55,,,,,,,TORRENT PHARMA,CV LIFE,,stock file
AT-LORCHEK-MR-20GM,LORCHEK MR GEL 20GM,LORCHEK MR,20 GM,Gel,111.09,,,,,,,INDOCO REMEDIES LTD,ORTHO,,stock file
AT-LORCHEK-MR-10S,LORCHEK MR TAB 10'S,LORCHEK MR,10'S,Tablet,190.78,,,,,,,INDOCO REMEDIES LTD,ORTHO,,stock file
AT-LORCHEK-P-10S,LORCHEK P TAB 10'S,LORCHEK P,10'S,Tablet,77.34,,,,,,,INDOCO REMEDIES LTD,ORTHO,,stock file
AT-LORMEG-10S,LORMEG TABS 10'S,LORMEG,10'S,Tablet,51.47,Loratadine,loratadine,Loratadine,1,,,ALEMBIC,MEGACARE,main,stock file
AT-LORVAS-SR-10S,LORVAS SR TAB 1*10,LORVAS SR,10'S,Tablet,179.67,Indapamide,indapamide,Indapamide,1,,,TORRENT PHARMACEUTICALS,LTD,torrent,stock file
AT-LORVAS-10S,LORVAS TAB 1*10,LORVAS,10'S,Tablet,83.16,Indapamide 2.5mg,indapamide 2.5mg,Indapamide,1,,,TORRENT PHARMACEUTICALS,LTD,torrent,stock file
AT-LOSAR-25-15S,LOSAR 25 TAB 15,LOSAR 25,15'S,Tablet,94.40,,,,,,,TORRENT PHARMA,CV LIFE,,master
AT-LOSAR-50,LOSAR 50 TAB,LOSAR 50,,Tablet,162.25,,,,,,,TORRENT PHARMA,CV LIFE,,master
AT-LOSAR-BETA-H-10S,LOSAR BETA H TAB 10S,LOSAR BETA H,10S,Tablet,234.35,,,,,,,TORRENT PHARMA,CV LIFE,,master
AT-LOSAR-H,LOSAR H TABS,LOSAR H,,Tablet,287.44,Hydrochlorothiazide + Losartan Potassium,hydrochlorothiazide+losartan potassium,Hydrochlorothiazide | Losartan Potassium,2,,,TORRENT PHARMA,CV LIFE,manual,master
AT-LOSAR-A-15S,LOSAR-A TAB 15,LOSAR-A,15'S,Tablet,282.94,,,,,,,TORRENT PHARMA,CV LIFE,,master
AT-LOSATEC-H-10S,LOSATEC H TAB 10'S,LOSATEC H,10'S,Tablet,37.50,,,,,,,RPG LIFE SCIENCES,LTD. NEUROPS,,stock file
AT-LOSTAT-25-15TAB,LOSTAT 25 TABS,LOSTAT 25,15 TAB,Tablet,33.75,Losartan Potassium,losartan potassium,Losartan Potassium,1,,,BLUE CROSS LABS,LTD,manual,master
AT-LOSTAT-50-15TAB,LOSTAT 50 TABS,LOSTAT 50,15 TAB,Tablet,58.12,Losartan Potassium,losartan potassium,Losartan Potassium,1,,,BLUE CROSS LABS,LTD,manual,master
AT-LOSTAT-H-15TAB,LOSTAT H TABS,LOSTAT H,15 TAB,Tablet,76.87,Hydrochlorothiazide + Losartan,hydrochlorothiazide+losartan,Hydrochlorothiazide | Losartan,2,,,BLUE CROSS LABS,LTD,main,master
AT-LOTECHEK-LS-5ML,LOTECHEK LS 5ML.,LOTECHEK LS,5 ML,,74.56,,,,,,,INDOCO REMEDIES LTD,EXCEL,,stock file
AT-LOTEMP-15ML,LOTEMP DROPS 15ML,LOTEMP,15 ML,Drops,43.03,Paracetamol 150mg/ml,paracetamol 150mg/ml,Paracetamol,1,Analgesic / Antipyretic - Infants,"Fever associated with malaria, dengue, typhoid, post-immunization, RTIs & viral infections",RAPTAKOS BRETT & CO,EIDIKOS,raptakos,stock file
AT-LOWTREEN-5S,LOWTREEN TAB 5'S,LOWTREEN,5'S,Tablet,154.69,,,,,,,NEO LIFE SCIENCES,,,stock file
AT-LOXOF-250MG-10S,LOXOF 250MG TABS 10'S,LOXOF 250MG,10'S,Tablet,51.45,Levofloxacin 250mg,levofloxacin 250mg,Levofloxacin,1,ANTI-INFECTIVES,,SUN PHARMA LAB. LTD,PHARMA,sun pharma sheet,master
AT-LOXOF-500MG-10S,LOXOF 500MG TABS 10'S,LOXOF 500MG,10'S,Tablet,96.03,Levofloxacin 500mg,levofloxacin 500mg,Levofloxacin,1,ANTI-INFECTIVES,,SUN PHARMA LAB. LTD,PHARMA,sun pharma sheet,master
AT-LOXOF-750MG-10S,LOXOF 750MG TABS 10'S,LOXOF 750MG,10'S,Tablet,132.88,Levofloxacin 750mg,levofloxacin 750mg,Levofloxacin,1,ANTI-INFECTIVES,,SUN PHARMA LAB. LTD,PHARMA,sun pharma sheet,master
AT-LOXOF-INFUSION-100ML,LOXOF INFUSION,LOXOF INFUSION,100 ML,,82.97,Levofloxacin 500mg,levofloxacin 500mg,Levofloxacin,1,ANTI-INFECTIVES,,SUN PHARMA LAB.LTD,STANLIFE,sun pharma sheet,stock file
AT-LOXOF-OZ-10S,LOXOF OZ TABS 10'S,LOXOF OZ,10'S,Tablet,150.94,,,,,,,SUN PHARMA LAB. LTD,PHARMA,,master
AT-LOZAPIN-100,LOZAPIN 100 TABS,LOZAPIN 100,,Tablet,70.77,Clozapine,clozapine,Clozapine,1,,,TORRENT PHARMACEUTICALS,MIND,torrent,stock file
AT-LOZAPIN-25,LOZAPIN 25 TABS,LOZAPIN 25,,Tablet,26.20,Clozapine,clozapine,Clozapine,1,,,TORRENT PHARMACEUTICALS,MIND,torrent,stock file
AT-LUBRIJOINT-500MG-60S,LUBRIJOINT 500MG TABS 60`S,LUBRIJOINT 500MG,60'S,Tablet,513.75,,,,,Anti Osteoarthritic,Grade l Osteoarthritis,WALLACE PHARMA.LTD.LIFESTYLE,Lifestyle,,master
AT-LUBRIJOINT-750-30S,LUBRIJOINT 750 TAB 30'S,LUBRIJOINT 750,30'S,Tablet,645.00,,,,,Anti Osteoarthritic,Grade l Osteoarthritis,WALLACE PHARMA.LTD.LIFESTYLE,Lifestyle,,master
AT-LUBRIJOINT-ACTIVE-PLUS-30S,LUBRIJOINT ACTIVE PLUS TAB 30'S,LUBRIJOINT ACTIVE PLUS,30'S,Tablet,"1,265.63",,,,,,,WALLACE PHARMA.LTD.LIFESTYLE,,,master
AT-LUBRIJOINT-OD-30S,LUBRIJOINT OD TAB 30S,LUBRIJOINT OD,30S,Tablet,618.00,Glucosamine 750mg,glucosamine 750mg,Glucosamine,1,Anti Osteoarthritic,Grade l Osteoarthritis,WALLACE PHARMA.LTD.LIFESTYLE,Lifestyle,manual,master
AT-LUBRIJOINT-PLUS-60S,LUBRIJOINT PLUS TAB 60S,LUBRIJOINT PLUS,60S,Tablet,608.64,,,,,Anti Osteoarthritic,Osteoarthritis,WALLACE PHARMA.LTD.LIFESTYLE,Lifestyle,,master
AT-LUBRIJOINT-PRO-TABE-30-S-30,LUBRIJOINT PRO TABE 30'S 30,LUBRIJOINT PRO TABE 30'S 30,,,833.44,,,,,,,WALLACE PHARMA.LTD.LIFESTYLE,,,master
AT-LUCAZOLE-10GM,LUCAZOLE CREAM 10G.,LUCAZOLE,10 GM,Cream,149.91,,,,,,,SUN PHARMA LAB.LTD,RICHOUT,,stock file
AT-LUHON-30GM,LUHON CREAM 30GM,LUHON,30 GM,Cream,351.56,Luliconazole,luliconazole,Luliconazole,1,,,A.MENARINI,DERMA,main,stock file
AT-LUKOL-200ML,LUKOL SYP 200ML,LUKOL,200 ML,Syrup,159.38,,,,,,,HIMALAYA DRUG COMPANY ZANDRA,,,stock file
AT-LUKOL-60S,LUKOL TABS 60,LUKOL,60'S,Tablet,253.13,Ashoka + Lodhra + Shatavari,ashoka+lodhra+shatavari,Ashoka | Lodhra | Shatavari,3,,,HIMALAYA DRUG COMPANY ZANDRA,,main,master
AT-LULIFEN-CREAM-30GM-30GR,LULIFEN CREAM 30GM 30GR,LULIFEN CREAM 30GM 30GR,,Cream,316.88,,,,,,,SUN PHARMA,LTD PRIMA LAND,,master
AT-LULIFEN-20ML,LULIFEN LOTION 20ML 20ML,LULIFEN,20 ML,Lotion,396.09,,,,,,,SUN PHARMA,LTD PRIMA LAND,,stock file
AT-LULIFIN-CREAM-1-10GM,LULIFIN CREAM 1% 10GM,LULIFIN CREAM 1%,10 GM,Cream,157.50,Luliconazole 1%,luliconazole 1%,Luliconazole,1,,,SUN PHARMA,LTD PRIMA LAND,manual,master
AT-LULIFIN-20GM,LULIFIN CREAM 20GM,LULIFIN,20 GM,Cream,354.38,,,,,,,SUN PHARMA,LTD PRIMA LAND,,master
AT-LULIFIN-30GM,LULIFIN CREAM 30GM,LULIFIN,30 GM,Cream,316.88,,,,,,,SUN PHARMA,LTD PRIMA LAND,,master
AT-LULIFIN-50GM,LULIFIN CREAM 50GM,LULIFIN,50 GM,Cream,354.38,,,,,,,SUN PHARMA,LTD PRIMA LAND,,master
AT-LULIFIN-10ML,LULIFIN LOTION 10ML LOTION,LULIFIN,10 ML,Lotion,223.59,,,,,,,SUN PHARMA,LTD PRIMA LAND,,stock file
AT-LULIFIN-30ML,LULIFIN LOTION 30ML,LULIFIN,30 ML,Lotion,233.44,,,,,,,SUN PHARMA,LTD PRIMA LAND,,master
AT-LULIFIN-MAX-30GM,LULIFIN MAX CREAM 30GM,LULIFIN MAX,30 GM,Cream,360.94,,,,,,,SUN PHARMA,LTD PRIMA LAND,,stock file
AT-LULIHALT-10GM,LULIHALT CREAM 10GM,LULIHALT,10 GM,Cream,133.13,Luliconazole 1%,luliconazole 1%,Luliconazole,1,Anti-fungal,,ALKEM LABORATORIES,LTD.ALFA NEXGEN,alkem,stock file
AT-LULIHALT-30GM,LULIHALT CREAM 30GM,LULIHALT,30 GM,Cream,355.31,Luliconazole 1%,luliconazole 1%,Luliconazole,1,Anti-fungal,,ALKEM LABORATORIES,LTD.ALFA NEXGEN,alkem,stock file
AT-LULIHALT-15ML,LULIHALT LOTION 15ML,LULIHALT,15 ML,Lotion,210.94,Luliconazole 1%,luliconazole 1%,Luliconazole,1,Anti-fungal,,ALKEM LABORATORIES,LTD.ALFA NEXGEN,alkem,stock file
AT-LULITUF-MAX-30GM,LULITUF MAX CREAM 30GM,LULITUF MAX,30 GM,Cream,397.00,Luliconazole,luliconazole,Luliconazole,1,,,ALKEM LAB,LTD DERMAKEM,main,stock file
AT-LUMAGLO-CREEM-20GM,LUMAGLO CREEM 20GM,LUMAGLO CREEM,20 GM,,360.94,,needs_verification,Needs_verification,1,,,ALKEM LAB,LTD DERMAKEM,main,stock file
AT-LUMAVIBE-42MG-10S,LUMAVIBE 42MG CAP 10'S,LUMAVIBE 42MG,10'S,Capsule,360.00,Lumateperone 42mg,lumateperone 42mg,Lumateperone,1,,,TORRENT PHARMACEUTICALS,LTD,torrent,master
AT-LUMIVOID-15GM,LUMIVOID CREAM 15GM,LUMIVOID,15 GM,Cream,551.80,,,,,,,TORRENT PHARMA LTD,SPERSH,,stock file
AT-LUMIVOID-30GM,LUMIVOID CREAM 30GM,LUMIVOID,30 GM,Cream,752.05,,,,,,,TORRENT PHARMA LTD,SPERSH,,stock file
AT-LUMIVOID-ULTRA-15GM,LUMIVOID ULTRA CREAM 15G,LUMIVOID ULTRA,15 GM,Cream,699.00,,,,,,,TORRENT PHARMA LTD,SPERSH,,master
AT-LURAKEM-40MG-10S,LURAKEM 40MG TAB 10S,LURAKEM 40MG,10S,Tablet,96.14,Lurasidone,lurasidone,Lurasidone,1,,,ALKEM LAB. LTD,PENTACARE,main,stock file
AT-LURAKEM-80MG-10S,LURAKEM 80MG TAB 10S,LURAKEM 80MG,10S,Tablet,423.05,Lurasidone,lurasidone,Lurasidone,1,,,ALKEM LAB. LTD,PENTACARE,main,stock file
AT-LUTICA,LUTICA CREAM,LUTICA,,Cream,96.56,,,,,,,SUN PHARMA,LTD PRIMA LAND,,stock file
AT-LYCAZID-M-10S,LYCAZID M TABS 10'S,LYCAZID M,10'S,Tablet,92.85,,,,,,,JAGSONPAL PHARMACEUTICALS,LTD,,stock file
AT-LYCOGRAPE-10S,LYCOGRAPE CAP 10S,LYCOGRAPE,10S,Capsule,204.38,,,,,,,NEO LIFE SCIENCES,,,master
AT-LYCOMEDA-200ML,LYCOMEDA SYRUP 200ML,LYCOMEDA,200 ML,Syrup,168.75,Lycopene + Multiminerals + Multivitamins,lycopene+multiminerals+multivitamins,Lycopene | Multiminerals | Multivitamins,3,,Generalized weakness and debility,ANDROMEDA PHARMACEUTICALS,P. L,manual,master
AT-LYCOMEDA-10S,LYCOMEDA TAB 10'S,LYCOMEDA,10'S,Tablet,240.00,Antioxidants + Lycopene + Multivitamins,antioxidants+lycopene+multivitamins,Antioxidants | Lycopene | Multivitamins,3,,Generalized weakness and debility,ANDROMEDA PHARMACEUTICALS,P. L,main,master
AT-LYCOMEER-9G10S,LYCOMEER 9G CAP 10S,LYCOMEER,9G 10S,Capsule,249.20,,,,,,,ROSSWELT BIOSCIENCES,,,master
AT-LYCOMEER-10S,LYCOMEER CAP 10S,LYCOMEER,10S,Capsule,117.00,,,,,,,ROSSWELT BIOSCIENCES,,,master
AT-LYCOMEER-300ML,LYCOMEER SYP 300ML,LYCOMEER,300 ML,Syrup,164.06,,,,,,,ROSSWELT BIOSCIENCES,,,master
AT-LYCORED-PLUS-10S,LYCORED PLUS TAB 10'S,LYCORED PLUS,10'S,Tablet,280.00,,,,,,,JAGSONPAL PHARMA LTD,BONEVA,,master
AT-LYCORED-PREG-5GM,LYCORED PREG 5GM,LYCORED PREG,5 GM,,53.30,,,,,,,JAGSONPAL PHARMA LTD,BONEVA,,stock file
AT-LYCORED-SOFTGELS-10S,LYCORED SOFTGELS 10'S,LYCORED SOFTGELS,10'S,Softgel Capsule,205.50,,,,,,,JAGSONPAL PHARMA LTD,BONEVA,,stock file
AT-LYCORED-200ML,LYCORED SYP.200ML.,LYCORED,200 ML,Syrup,273.00,,,,,,,JAGSONPAL PHARMA LTD,BONEVA,,master
AT-LYCORED-M-10S,LYCORED-M-TAB 10'S,LYCORED-M,10'S,Tablet,680.00,Coenzyme Q10 + L-Carnitine L-Tartrate + Lycopene + N-Acetylcysteine + Selenium + Zinc,coenzyme q10+l-carnitine l-tartrate+lycopene+n-acetylcysteine+selenium+zinc,Coenzyme Q10 | L-Carnitine L-Tartrate | Lycopene | N-Acetylcysteine | Selenium | Zinc,6,,,JAGSONPAL PHARMA,LTD.NARI DIV,manual,master
AT-LYGYLAC-SACHET-1-1GM,LYGYLAC SACHET 1*1GM,LYGYLAC SACHET 1*,1 GM,Sachet,48.00,,,,,,,INDOCO,REMEDIES LTD,,stock file
AT-LYNX-250MG-10S,LYNX 250MG CAPS 10'S,LYNX 250MG,10'S,Capsule,113.34,Lincomycin 250mg,lincomycin 250mg,Lincomycin,1,Antibiotic,Otitis Media,WALLACE PHARMACEUTICALS,LTD,wallace,master
AT-LYNX-500MG-10S,LYNX 500MG CAPS 10`S,LYNX 500MG,10'S,Capsule,228.80,Lincomycin 500mg,lincomycin 500mg,Lincomycin,1,Antibiotic,Otitis Media,WALLACE PHARMACEUTICALS,LTD,wallace,master
AT-LYNX-15GM,LYNX GEL 15GM.,LYNX,15 GM,Gel,278.44,,,,,,,WALLACE PHARMACEUTICALS,LTD,,master
AT-LYNX-1ML,LYNX INJ.1ML,LYNX,1 ML,Injection,14.34,Contains: Lincomycin 1ml,contains: lincomycin 1ml,Contains: Lincomycin,1,Antibiotic,Otitis Media,WALLACE PHARMACEUTICALS,LTD,wallace,master
AT-LYNX-2ML,LYNX INJ.2ML,LYNX,2 ML,Injection,25.45,Contains: Lincomycin 1ml,contains: lincomycin 1ml,Contains: Lincomycin,1,Antibiotic,Otitis Media,WALLACE PHARMACEUTICALS,LTD,wallace,master
AT-LYNX-OD-5S,LYNX OD TAB 5'S,LYNX OD,5'S,Tablet,223.60,Lincomycin 1000mg,lincomycin 1000mg,Lincomycin,1,Antibiotic,Otitis Media,WALLACE PHARMACEUTICALS,LTD,wallace,stock file
AT-LYNX-60ML,LYNX SYP. 60ML,LYNX,60 ML,Syrup,84.38,Contains: Lincomycin 5ml,contains: lincomycin 5ml,Contains: Lincomycin,1,Antibiotic,Otitis Media,WALLACE PHARMACEUTICALS,LTD,wallace,stock file
AT-LYUMJEV-CARTRIDGE,LYUMJEV CARTRIDGE,LYUMJEV CARTRIDGE,,,"5,196.73",Insulin Lispro-Aabc,insulin lispro-aabc,Insulin Lispro-Aabc,1,,,CIPLA LTD,,main,master
AT-LYUMJEV-KWIK-PEN,LYUMJEV KWIK PEN,LYUMJEV KWIK PEN,,,"1,187.10",Insulin Lispro-Aabc,insulin lispro-aabc,Insulin Lispro-Aabc,1,,,CIPLA LTD,,main,master
AT-MAC-DMR-100ML,MAC-DMR SYP 100ML,MAC-DMR,100 ML,Syrup,108.00,,,,,,,NEO LIFE SCIENCES,,,master
AT-MACPLEX-D3-4S,MACPLEX-D3 TAB 1*4'S,MACPLEX-D3,4'S,Tablet,140.00,,,,,,,MCWEL HEALTHCARE,PVT.LTD,,master
AT-MACUCHEK-15S,MACUCHEK CAP 15'S,MACUCHEK,15'S,Capsule,356.25,,,,,,,INDOCO REMEDIES LTD,EXCEL,,master
AT-MACUCHEK-FORTE,MACUCHEK FORTE CAP,MACUCHEK FORTE,,Capsule,310.00,,,,,,,INDOCO REMEDIES LTD,WARREN,,stock file
AT-MAGADOL-60ML,MAGADOL SUSP 60ML,MAGADOL,60 ML,Suspension,127.22,Paracetamol,paracetamol,Paracetamol,1,,,ALEMBIC,MEGACARE,main,master
AT-MAGADOL-10S,MAGADOL TAB 10'S,MAGADOL,10'S,Tablet,42.21,Diclofenac 50mg + Paracetamol,diclofenac 50mg+paracetamol,Diclofenac | Paracetamol,2,,,ALEMBIC,MEGACARE,manual,master
AT-MAGLADENSE-SYRP-100ML,MAGLADENSE SYRP 100ML,MAGLADENSE SYRP,100 ML,,499.00,Magnesium Acetyl Tourate 75mg + Magnesium L Threonate 250mg + Sodium Benzoate 1mg,magnesium acetyl tourate 75mg+magnesium l threonate 250mg+sodium benzoate 1mg,Magnesium Acetyl Tourate | Magnesium L Threonate | Sodium Benzoate,3,,,CELAGENEX RESEARCH INDIA PVT LTD,NEURO,main,master
AT-MAGLADENSE-10S,MAGLADENSE TAB 10'S,MAGLADENSE,10'S,Tablet,249.00,Magnesium Acetyl Tourate 75mg + Magnesium L Threonate 250mg + Sodium Benzoate 1mg,magnesium acetyl tourate 75mg+magnesium l threonate 250mg+sodium benzoate 1mg,Magnesium Acetyl Tourate | Magnesium L Threonate | Sodium Benzoate,3,,,CELAGENEX RESEARCH INDIA PVT LTD,NEURO,main,master
AT-MAINTANE-250MG-1ML,MAINTANE 250MG INJ.1ML,MAINTANE 250MG,1 ML,Injection,216.18,Allylestrenol 5mg,allylestrenol 5mg,Allylestrenol,1,,,JAGSONPAL PHARMA LTD,BONEVA,JASONPAL,master
AT-MAINTANE-500MG-2ML,MAINTANE 500MG INJ.2ML,MAINTANE 500MG,2 ML,Injection,361.04,Allylestrenol 5mg,allylestrenol 5mg,Allylestrenol,1,,,JAGSONPAL PHARMA LTD,BONEVA,JASONPAL,master
AT-MAINTANE-ORAL-10S,MAINTANE ORAL TABS 10`S,MAINTANE ORAL,10'S,Tablet,203.87,,,,,,,JAGSONPAL PHARMA LTD,BONEVA,,master
AT-MASTOWELL-M-10S,MASTOWELL M TAB 10'S,MASTOWELL M,10'S,Tablet,149.06,,,,,,,TORRENT PHARMACEUTICALS,DELTA,,stock file
AT-MASTOWELL-10S,MASTOWELL TAB 10'S,MASTOWELL,10'S,Tablet,120.94,,,,,,,TORRENT PHARMACEUTICALS,DELTA,,stock file
AT-MAX-G9-5GM,MAX G9 SACHET 5GM,MAX G9,5 GM,Sachet,68.00,,,,,,,NEO LIFE SCIENCES,,,master
AT-MAXPURE-15S,MAXPURE TAB 1*15'S,MAXPURE,15'S,Tablet,265.78,Mirabegron,mirabegron,Mirabegron,1,,,ARRIENT HEALTHCARE,(MERAKUS)PRIVATE LIM,main,stock file
AT-MAXVOID-4-10S,MAXVOID 4 TAB 10'S,MAXVOID 4,10'S,Tablet,263.40,Silodosin 4mg,silodosin 4mg,Silodosin,1,Benign Prostate Hyperplasia (BPH),,ALKEM LABORAT. LTD,UROCARE,manual,master
AT-MAXVOID-8-CP-10S,MAXVOID 8 CP CAP 10,MAXVOID 8 CP,10'S,Capsule,862.50,Tolterodine,tolterodine,Tolterodine,1,,,ALKEM LABORAT. LTD,UROCARE,main,stock file
AT-MAXVOID-8MG-15S,MAXVOID 8MG TAB 15'S,MAXVOID 8MG,15'S,Tablet,543.75,Silodosin 8mg,silodosin 8mg,Silodosin,1,Benign Prostate Hyperplasia (BPH),,ALKEM LABORAT. LTD,UROCARE,manual,master
AT-MAXVOID-PLUS-4,MAXVOID PLUS 4 TAB,MAXVOID PLUS 4,,Tablet,283.13,Tamsulosin + Tolterodine,tamsulosin+tolterodine,Tamsulosin | Tolterodine,2,Benign Prostate Hyperplasia (BPH),,ALKEM LABORAT. LTD,UROCARE,main,stock file
AT-MAXVOID-PLUS-8-15S,MAXVOID PLUS 8 TAB 15'S,MAXVOID PLUS 8,15'S,Tablet,764.05,Dutasteride 0.5mg + Silodosin 8mg,dutasteride 0.5mg+silodosin 8mg,Dutasteride | Silodosin,2,Benign Prostate Hyperplasia (BPH),,ALKEM LABORAT. LTD,UROCARE,manual,master
AT-MAXVOID-S-10S,MAXVOID S TAB 10'S,MAXVOID S,10'S,Tablet,495.00,Solifenacin,solifenacin,Solifenacin,1,,,ALKEM LABORAT. LTD,UROCARE,main,master
AT-MAXZEE-10S,MAXZEE CAP 1*10,MAXZEE,10'S,Capsule,176.22,,,,,,,DD NUTRITIONS,INDIA,,stock file
AT-MCBM-69-15S,MCBM 69 TAB 15'S,MCBM 69,15'S,Tablet,223.59,,,,,,,INDOCO REMEDIES LTD,SPERA,,master
AT-MCBM-DHA-10S,MCBM DHA CAP 10'S,MCBM DHA,10'S,Capsule,208.00,,,,,,,INDOCO REMEDIES LTD,SPERA,,master
AT-MCBM-L,MCBM L TABS,MCBM L,,Tablet,258.94,,,,,,,INDOCO REMEDIES LTD,SPERA,,master
AT-MCTRA-4G1X10,MCTRA-4G TAB 1*10'S,MCTRA,4G 1X10'S,Tablet,160.17,,,,,,,MCWEL HEALTHCARE,PVT.LTD,,master
AT-MECOHIT-FORTE-10S,MECOHIT FORTE CAP 10S,MECOHIT FORTE,10S,Capsule,182.80,Alpha Lipoic Acid 100mg + Methylcobalamin 750mcg,alpha lipoic acid 100mg+methylcobalamin 750mcg,Alpha Lipoic Acid | Methylcobalamin,2,Neurology,,ROSSWELT BIOSCIENCES,,rosswelt,master
AT-MECOHIT-OD-10S,MECOHIT OD TAB 10S,MECOHIT OD,10S,Tablet,121.87,Ala 100mg + Folic Acid + Methylcobalamin 1500mcg,ala 100mg+folic acid+methylcobalamin 1500mcg,Ala | Folic Acid | Methylcobalamin,3,,,ROSSWELT BIOSCIENCES,,manual,master
AT-MECOHIT-NT-10S,MECOHIT-NT TAB 10'S,MECOHIT-NT,10'S,Tablet,182.80,Methylcobalamin 1500mcg + Nortriptyline 10mg + Pregabalin 75mg,methylcobalamin 1500mcg+nortriptyline 10mg+pregabalin 75mg,Methylcobalamin | Nortriptyline | Pregabalin,3,Neurology,,ROSSWELT BIOSCIENCES,,rosswelt,master
AT-MECOHIT-P-10S,MECOHIT-P CAP 10S,MECOHIT-P,10S,Capsule,126.50,,,,,,,ROSSWELT BIOSCIENCES,,,master
AT-MECOHIT-PLUS-INJ-1-2ML,MECOHIT-PLUS INJ. 1*2ML,MECOHIT-PLUS INJ. 1*,2 ML,Injection,51.56,,,,,,,ROSSWELT BIOSCIENCES,,,stock file
AT-MEDI-SLIM-500GM,MEDI SLIM 500GM,MEDI SLIM,500 GM,,548.00,,,,,,,BRITISH BIOLOGICAL CRITICAL CARE,,,stock file
AT-MEDI-SLIM-GOLD-VF-500MG,MEDI SLIM GOLD VF 500MG,MEDI SLIM GOLD VF 500MG,,,"1,064.00",Garcinia Cambogia + Weight Management Nutrients,garcinia cambogia+weight management nutrients,Garcinia Cambogia | Weight Management Nutrients,2,,,BRITISH BIOLOGICAL CRITICAL CARE,,main,master
AT-MEDIJECT-HC-100MG-1S,MEDIJECT-HC 100MG INJ 1,MEDIJECT-HC 100MG,1'S,Injection,40.74,,,,,,,MODI MUNDI,PMD,,stock file
AT-MEDIMOL-15ML,MEDIMOL DROPS 15ML,MEDIMOL,15 ML,Drops,34.08,Paracetamol 500mg,paracetamol 500mg,Paracetamol,1,Pain Management - Analgesic / Antipyretic,Fever and mild-to-moderate pain,SYNCHEM PHARMACEUTICALS,PVT.LMT,synchem,master
AT-MEDIMOL-DS-SUSPEN-60ML,MEDIMOL DS SUSPEN.60ML,MEDIMOL DS SUSPEN,60 ML,,34.64,,,,,,,SYNCHEM PHARMACEUTICALS,PVT.LMT,,stock file
AT-MEDIMOL-KID-250MG,MEDIMOL KID 250MG TAB,MEDIMOL KID 250MG,,Tablet,17.81,,,,,,,SYNCHEM PHARMACEUTICALS,PVT.LMT,,master
AT-MEDIMOL-SUSPN-60ML,MEDIMOL SUSPN.60ML,MEDIMOL SUSPN,60 ML,,23.94,,,,,,,SYNCHEM PHARMACEUTICALS,PVT.LMT,,master
AT-MEDIMOL-10S,MEDIMOL TAB 10S,MEDIMOL,10S,Tablet,9.66,Paracetamol 500mg,paracetamol 500mg,Paracetamol,1,Pain Management - Analgesic / Antipyretic,Fever and mild-to-moderate pain,SYNCHEM PHARMACEUTICALS,PVT.LMT,synchem,master
AT-MEDIMOL-F-10S,MEDIMOL-F TAB 10S,MEDIMOL-F,10S,Tablet,21.42,,,,,,,SYNCHEM PHARMACEUTICALS,PVT.LMT,,master
AT-MEDOLAC-APPLE-300GM,MEDOLAC APPLE 300G,MEDOLAC APPLE,300 GM,,200.25,,,,,,,NUTRIMED HEALTHCARE,PVT.LTD,,stock file
AT-MEDOLAC-RICE-300GM,MEDOLAC RICE 300GM,MEDOLAC RICE,300 GM,,192.24,,,,,,,NUTRIMED HEALTHCARE,PVT.LTD,,stock file
AT-MEDOMIL-200GM,MEDOMIL 200GM,MEDOMIL,200 GM,,269.00,,,,,,,NUTRIMED HEALTHCARE,PVT.LTD,,stock file
AT-MEDOMIL-400GM-1NO,MEDOMIL 400GM 1NO.,MEDOMIL 400GM 1NO,,,498.00,,,,,,,NUTRIMED HEALTHCARE,PVT.LTD,,stock file
AT-MEDOMIL-400GM-2NO-400GM,MEDOMIL 400GM 2NO. 400GM,MEDOMIL 400GM 2NO,400 GM,,432.54,,,,,,,NUTRIMED HEALTHCARE,PVT.LTD,,stock file
AT-MEDOMIL-LBW-400GM,MEDOMIL LBW 400GM,MEDOMIL LBW,400 GM,,486.00,,,,,,,NUTRIMED HEALTHCARE,PVT.LTD,,stock file
AT-MEDSOP-SOAP-75GM,MEDSOP SOAP 75G,MEDSOP SOAP,75 GM,Soap,99.68,,,,,,,SUN PHARMA,LTD PRIMA LAND,,stock file
AT-MEEJOY-MF-10S,MEEJOY-MF TAB 10S,MEEJOY-MF,10S,Tablet,147.19,,,,,,,RPG LIFE SCIENECES LTD,SERAL,,stock file
AT-MEFTAGESIC-DS-100ML,MEFTAGESIC DS SUSP. 100ML,MEFTAGESIC DS,100 ML,Suspension,76.87,Mefenamic Acid,mefenamic acid,Mefenamic Acid,1,,,BLUE CROSS LABS LTD,GOLD CROS,main,master
AT-MEFTAGESIC-DS-60ML,MEFTAGESIC DS SYP 60ML,MEFTAGESIC DS,60 ML,Syrup,75.00,Mefenamic Acid,mefenamic acid,Mefenamic Acid,1,,,BLUE CROSS LABS LTD,GOLD CROS,main,stock file
AT-MEFTAGESIC-P-DT-10S,MEFTAGESIC P DT 10'S,MEFTAGESIC P DT,10'S,,30.00,Mefenamic Acid + Paracetamol,mefenamic acid+paracetamol,Mefenamic Acid | Paracetamol,2,,,BLUE CROSS LABS LTD,GOLD CROS,manual,master
AT-MEFTAGESIC-P-60ML,MEFTAGESIC P SYP 60ML,MEFTAGESIC P,60 ML,Syrup,48.75,Mefenamic Acid + Paracetamol,mefenamic acid+paracetamol,Mefenamic Acid | Paracetamol,2,,,BLUE CROSS LABS LTD,GOLD CROS,manual,master
AT-MEFTAGESIC-10S,MEFTAGESIC TAB 10'S,MEFTAGESIC,10'S,Tablet,43.12,Mefenamic Acid,mefenamic acid,Mefenamic Acid,1,,,BLUE CROSS LABS LTD,GOLD CROS,main,master
AT-MEFTAL-250-DT-10S,MEFTAL 250 DT TABS,MEFTAL 250 DT,10'S,Tablet,21.56,Mefenamic Acid,mefenamic acid,Mefenamic Acid,1,,,BLUE CROSS LABS,LTD,main,master
AT-MEFTAL-500MG-10TAB,MEFTAL 500MG TABS,MEFTAL 500MG,10 TAB,Tablet,31.87,Mefenamic Acid,mefenamic acid,Mefenamic Acid,1,,,BLUE CROSS LABS,LTD,main,master
AT-MEFTAL-FORTE-JUNIOR,MEFTAL FORTE JUNIOR TAB,MEFTAL FORTE JUNIOR,,Tablet,37.50,Mefenamic Acid,mefenamic acid,Mefenamic Acid,1,,,BLUE CROSS LABS,LTD,main,master
AT-MEFTAL-FORTE-10TAB,MEFTAL FORTE TABS,MEFTAL FORTE,10 TAB,Tablet,43.12,Mefenamic Acid,mefenamic acid,Mefenamic Acid,1,,,BLUE CROSS LABS,LTD,main,master
AT-MEFTAL-FORTE-TOPICAL-50GM,MEFTAL FORTE TOPICAL CREAM 50GM,MEFTAL FORTE TOPICAL,50 GM,Cream,112.50,Mefenamic Acid,mefenamic acid,Mefenamic Acid,1,,,BLUE CROSS LABS,LTD,main,master
AT-MEFTAL-MR,MEFTAL MR TABS,MEFTAL MR,,Tablet,60.47,Mefenamic Acid + Paracetamol + Tizanidine,mefenamic acid+paracetamol+tizanidine,Mefenamic Acid | Paracetamol | Tizanidine,3,,,BLUE CROSS LABS,LTD,main,stock file
AT-MEFTAL-P-100ML,MEFTAL P SUSP 100ML,MEFTAL P,100 ML,Suspension,58.12,Mefenamic Acid,mefenamic acid,Mefenamic Acid,1,,,BLUE CROSS LABS,LTD,manual,master
AT-MEFTAL-P-60ML,MEFTAL P SYP 60ML,MEFTAL P,60 ML,Syrup,34.69,Mefenamic Acid,mefenamic acid,Mefenamic Acid,1,,,BLUE CROSS LABS,LTD,main,stock file
AT-MEFTAL-P-10S,MEFTAL P TABS 10'S,MEFTAL P,10'S,Tablet,35.62,Mefenamic Acid,mefenamic acid,Mefenamic Acid,1,,,BLUE CROSS LABS,LTD,manual,master
AT-MEFTAL-SPAS-15ML,MEFTAL SPAS DROPS,MEFTAL SPAS,15 ML,Drops,48.75,Dicyclomine 10mg + Simethicone,dicyclomine 10mg+simethicone,Dicyclomine | Simethicone,2,,,BLUE CROSS LABS,LTD,manual,master
AT-MEFTAL-SPAS-DS-10TAB,MEFTAL SPAS DS TABS,MEFTAL SPAS DS,10 TAB,Tablet,58.12,Dicyclomine 10mg + Mefenamic Acid,dicyclomine 10mg+mefenamic acid,Dicyclomine | Mefenamic Acid,2,,,BLUE CROSS LABS,LTD,manual,master
AT-MEFTAL-SPAS-2ML,MEFTAL SPAS INJ 2ML,MEFTAL SPAS,2 ML,Injection,6.76,Dicyclomine 10mg,dicyclomine 10mg,Dicyclomine,1,,,BLUE CROSS LABS,LTD,manual,master
AT-MEFTAL-SPAS-MULTIDOSE-30M,MEFTAL SPAS MULTIDOSE 30M,MEFTAL SPAS MULTIDOSE 30M,,,40.78,Dicyclomine + Simethicone,dicyclomine+simethicone,Dicyclomine | Simethicone,2,,,BLUE CROSS LABS,LTD,main,stock file
AT-MEFTAL-SPAS-NEO-15ML,MEFTAL SPAS NEO DROPS 15ML,MEFTAL SPAS NEO,15 ML,Drops,55.31,Dicyclomine + Simethicone,dicyclomine+simethicone,Dicyclomine | Simethicone,2,,,BLUE CROSS LABS,LTD,main,stock file
AT-MEFTAL-SPAS-30ML,MEFTAL SPAS SUSP 30ML,MEFTAL SPAS,30 ML,Suspension,32.81,Dicyclomine + Simethicone,dicyclomine+simethicone,Dicyclomine | Simethicone,2,,,BLUE CROSS LABS,LTD,main,stock file
AT-MEFTAL-SPAS-SUSPENSION-60ML,MEFTAL SPAS SUSPENSION 60ML,MEFTAL SPAS SUSPENSION,60 ML,Suspension,93.75,Dicyclomine 10mg + Mefenamic Acid,dicyclomine 10mg+mefenamic acid,Dicyclomine | Mefenamic Acid,2,,,BLUE CROSS LABS,LTD,manual,master
AT-MEFTAL-SPAS-10TAB,MEFTAL SPAS TABS,MEFTAL SPAS,10 TAB,Tablet,51.56,Dicyclomine 10mg + Mefenamic Acid,dicyclomine 10mg+mefenamic acid,Dicyclomine | Mefenamic Acid,2,,,BLUE CROSS LABS,LTD,manual,master
AT-MEFTAL-TX,MEFTAL TX TABS,MEFTAL TX,,Tablet,103.13,Mefenamic Acid + Tranexamic Acid,mefenamic acid+tranexamic acid,Mefenamic Acid | Tranexamic Acid,2,,,BLUE CROSS LABS,LTD,main,stock file
AT-MEG-3Q-10S,MEG 3Q TAB 1*10'S,MEG 3Q,10'S,Tablet,168.75,,,,,,,NEO LIFE SCIENCES,,,stock file
AT-MEGACLAV-375MG,MEGACLAV 375MG TAB,MEGACLAV 375MG,,Tablet,169.69,Amoxicillin + Clavulanic Acid,amoxicillin+clavulanic acid,Amoxicillin | Clavulanic Acid,2,,,ALEMBIC,MAXIS,main,stock file
AT-MEGACLAV-625MG,MEGACLAV 625MG TAB,MEGACLAV 625MG,,Tablet,184.97,Amoxicillin + Clavulanic Acid,amoxicillin+clavulanic acid,Amoxicillin | Clavulanic Acid,2,,,ALEMBIC,MAXIS,main,stock file
AT-MEGACLAV-DRY-30ML,MEGACLAV DRY SYP.30ML,MEGACLAV DRY,30 ML,Dry Syrup,49.61,Amoxicillin + Clavulanic Acid,amoxicillin+clavulanic acid,Amoxicillin | Clavulanic Acid,2,,,ALEMBIC,MAXIS,main,stock file
AT-MEGACLAV-DS-30ML,MEGACLAV DS 30ML,MEGACLAV DS,30 ML,,120.56,Amoxicillin + Clavulanic Acid,amoxicillin+clavulanic acid,Amoxicillin | Clavulanic Acid,2,,,ALEMBIC,MAXIS,main,stock file
AT-MEGANOR-30ML,MEGANOR SUSP. 30ML,MEGANOR,30 ML,Suspension,39.38,Metronidazole,metronidazole,Metronidazole,1,,,ALKEM LABS,LTD NEXA,main,stock file
AT-MEGANOR-10S,MEGANOR TABS 10'S,MEGANOR,10'S,Tablet,77.34,Metronidazole,metronidazole,Metronidazole,1,Anti-infective,,ALKEM LABS,LTD NEXA,main,stock file
AT-MEGCLID-300,MEGCLID 300 CAP,MEGCLID 300,,Capsule,258.94,,,,,,,NEO LIFE SCIENCES,,,stock file
AT-MEGCOXIB-MR-10S,MEGCOXIB-MR TAB 10S,MEGCOXIB-MR,10S,Tablet,178.13,,,,,,,NEO LIFE SCIENCES,,,stock file
AT-MEGMADOL-I-V-1-100ML,MEGMADOL I/V 1*100ML,MEGMADOL I/V 1*,100 ML,,271.88,,,,,,,NEO LIFE SCIENCES,,,stock file
AT-MEGMAFER-Z,MEGMAFER Z CAPS,MEGMAFER Z,,Capsule,103.13,,,,,,,NEO LIFE SCIENCES,,,stock file
AT-MEGMAFER-Z-100S,MEGMAFER Z SYP 100,MEGMAFER Z,100'S,Syrup,140.63,,,,,,,NEO LIFE SCIENCES,,,stock file
AT-MEGO-D3-15S,MEGO D3 CAPS 15'S,MEGO D3,15'S,Capsule,98.43,Methylcobalamin,methylcobalamin,Methylcobalamin,1,,,BLUE CROSS LABS,LTD BCL,manual,master
AT-MEGO-XL-15CAP,MEGO XL CAPS,MEGO XL,15 CAP,Capsule,77.00,Alpha Lipoic Acid + Folic Acid + Methylcobalamin + Pyridoxine,alpha lipoic acid+folic acid+methylcobalamin+pyridoxine,Alpha Lipoic Acid | Folic Acid | Methylcobalamin | Pyridoxine,4,,,BLUE CROSS LABS,LTD BCL,main,stock file
AT-MEGO-XL-2ML,MEGO XL INJ 2ML.,MEGO XL,2 ML,Injection,31.88,Methylcobalamin,methylcobalamin,Methylcobalamin,1,,,BLUE CROSS LABS LTD,GOLD CROS,main,stock file
AT-MELACTIS-PIGMENT-CORR-SERUM-30ML,MELACTIS PIGMENT CORR.SERUM 30ML,MELACTIS PIGMENT CORR.SERUM,30 ML,Serum,850.00,,,,,,,SUN PHARMA,LABORATORIES LTD,,stock file
AT-MELACTIS-SERUM-30ML,MELACTIS SERUM 30 ML,MELACTIS SERUM,30 ML,Serum,850.00,,,,,,,SUN PHARMACEUTICAL,ORTUS,,master
AT-MELALUMIN-20GM,MELALUMIN CREAM 20GM,MELALUMIN,20 GM,Cream,560.00,Arbutin + Ascorbic Acid + Kojic Acid + Niacinamide,arbutin+ascorbic acid+kojic acid+niacinamide,Arbutin | Ascorbic Acid | Kojic Acid | Niacinamide,4,,,A.MENARINI,DERMA,main,master
AT-MELALUMIN-FACE-WASH-60ML,MELALUMIN FACE WASH 60ML,MELALUMIN FACE WASH,60 ML,Face Wash,284.80,,needs_verification,Needs_verification,1,,,A.MENARINI,DERMA,main,stock file
AT-MELALUMIN-LIP-LIGHTENER-10GM,MELALUMIN LIP LIGHTENER 10GM,MELALUMIN LIP LIGHTENER,10 GM,,395.00,Kojic Acid + Shea Butter + Spf Agents + Tocopheryl Acetate,kojic acid+shea butter+spf agents+tocopheryl acetate,Kojic Acid | Shea Butter | Spf Agents | Tocopheryl Acetate,4,,,A.MENARINI,DERMA,main,master
AT-MELALUMIN-ULTRA-COMBO-KIT-CR,MELALUMIN ULTRA COMBO KIT CREA,MELALUMIN ULTRA COMBO KIT CREA,,Kit,385.37,,needs_verification,Needs_verification,1,,,A.MENARINI,DERMA,main,stock file
AT-MELALUMIN-UNDER-EYE-SERUM-15ML,MELALUMIN UNDER EYE SERUM 15ML,MELALUMIN UNDER EYE SERUM,15 ML,Serum,845.50,Ascorbic Acid + Caffeine + Hyaluronic Acid + Peptides,ascorbic acid+caffeine+hyaluronic acid+peptides,Ascorbic Acid | Caffeine | Hyaluronic Acid | Peptides,4,,,A.MENARINI,DERMA,main,master
AT-MELALUMIN-UV-30GM,MELALUMIN UV CREAM 30GM,MELALUMIN UV,30 GM,Cream,440.55,,needs_verification,Needs_verification,1,,,A.MENARINI,DERMA,main,stock file
AT-MELBILD-SOLU-2ML,MELBILD SOLU 2ML,MELBILD SOLU,2 ML,,576.56,Monobenzone,monobenzone,Monobenzone,1,,,ALKEM PAHARMA,DARMA CARE,main,master
AT-MELBILD-SOLU-5ML,MELBILD SOLU 5ML 5ML,MELBILD SOLU,5 ML,,"1,175.60",Monobenzone,monobenzone,Monobenzone,1,,,ALKEM PAHARMA,DARMA CARE,main,stock file
AT-MELBILD-XL-10ML-SOLUTION,MELBILD-XL-10ML SOLUTION,MELBILD-XL-10ML SOLUTION,,Solution,"1,603.10",Monobenzone,monobenzone,Monobenzone,1,,,ALKEM PAHARMA,DARMA CARE,main,master
AT-MELORA-10S,MELORA TAB 10'S,MELORA,10'S,Tablet,222.45,,,,,,,TORRENT PHARMACEUTICALS,NURON,,master
AT-MELTOLAN-10MG-10S,MELTOLAN 10MG TAB 10'S,MELTOLAN 10MG,10'S,Tablet,118.10,Olanzapine 10mg,olanzapine 10mg,Olanzapine,1,,,ALKEM LAB. LTD,PENTACARE,manual,master
AT-MELTOLAN-15MG-10S,MELTOLAN 15MG TAB 10'S,MELTOLAN 15MG,10'S,Tablet,239.05,Olanzapine 15mg,olanzapine 15mg,Olanzapine,1,,,ALKEM LAB. LTD,PENTACARE,manual,master
AT-MELTOLAN-2-5MG-10S,MELTOLAN 2.5MG TAB 10'S,MELTOLAN 2.5MG,10'S,Tablet,53.40,Olanzapine 2.5mg,olanzapine 2.5mg,Olanzapine,1,,,ALKEM LAB. LTD,PENTACARE,manual,master
AT-MELTOLAN-20MG-10S,MELTOLAN 20MG TAB 10'S,MELTOLAN 20MG,10'S,Tablet,271.88,Olanzapine 20mg,olanzapine 20mg,Olanzapine,1,,,ALKEM LAB. LTD,PENTACARE,manual,master
AT-MELTOLAN-5MG-10S,MELTOLAN 5MG TAB 10'S,MELTOLAN 5MG,10'S,Tablet,70.60,Olanzapine 5mg,olanzapine 5mg,Olanzapine,1,,,ALKEM LAB. LTD,PENTACARE,manual,master
AT-MELTOLAN-7-5MG,MELTOLAN 7.5MG TAB.,MELTOLAN 7.5MG,,Tablet,271.88,Melatonin,melatonin,Melatonin,1,,,ALKEM LAB. LTD,PENTACARE,main,stock file
AT-MELZAP-0-25MG-MD-10S,MELZAP 0.25MG MD TAB 10'S,MELZAP 0.25MG MD,10'S,Tablet,32.20,Clonazepam 0.25mg,clonazepam 0.25mg,Clonazepam,1,ANXIOLYTIC,,ALKEM LAB. LTD,PENTACARE,alkem,master
AT-MELZAP-0-5MG-MD-15S,MELZAP 0.5MG MD TAB 15'S,MELZAP 0.5MG MD,15'S,Tablet,55.28,Clonazepam,clonazepam,Clonazepam,1,,,ALKEM LAB. LTD,PENTACARE,main,master
AT-MELZAP-1-MD,MELZAP 1 MD,MELZAP 1 MD,,,32.20,Clonazepam 1mg,clonazepam 1mg,Clonazepam,1,ANXIOLYTIC,,ALKEM LAB. LTD,PENTACARE,alkem,stock file
AT-MELZAP-2-MD,MELZAP 2 MD TAB,MELZAP 2 MD,,Tablet,55.28,Clonazepam 2mg,clonazepam 2mg,Clonazepam,1,ANXIOLYTIC,,ALKEM LAB. LTD,PENTACARE,alkem,stock file
AT-MELZAP-FILM-0-5MG-10S,MELZAP FILM 0.5MG TAB 10'S,MELZAP FILM 0.5MG,10'S,Tablet,50.84,Clonazepam,clonazepam,Clonazepam,1,,,ALKEM LAB. LTD,PENTACARE,main,stock file
AT-MEMUP-10S,MEMUP TAB 10'S,MEMUP,10'S,Tablet,206.25,,,,,,,JAGSONPAL PHARMA,LTD.NARI DIV,,stock file
AT-MENARIF-400-1S,MENARIF 400 TAB 1,MENARIF 400,1'S,Tablet,225.00,Mifepristone,mifepristone,Mifepristone,1,,,A.MENARINI,,main,stock file
AT-MENDATE-10-STRIPO,MENDATE 10 TAB,MENDATE 10,STRIP OF 10 CAPSULES (AS STATED); MASTER: 10X10 TABLETS IN BOX,Tablet,222.34,Norethisterone Acetate 10mg,norethisterone acetate 10mg,Norethisterone Acetate,1,Hormonal Treatment,Not specified,KOYE ORIGYN PHARMACEUTICAL,GY,koye,master
AT-MENDATE-15-5S,MENDATE 15 TAB 5S,MENDATE 15,5S,Tablet,128.91,Norethisterone Acetate 15mg,norethisterone acetate 15mg,Norethisterone Acetate,1,Hormonal Treatment,Not specified,KOYE ORIGYN PHARMACEUTICAL,GY,koye,stock file
AT-MENOCTYL-40MG-15S,MENOCTYL 40MG TAB 15'S,MENOCTYL 40MG,15'S,Tablet,190.31,Oxybutynin,oxybutynin,Oxybutynin,1,,,A.MENARINI,,main,stock file
AT-MENOPRO-200GM,MENOPRO 200GM,MENOPRO,200 GM,,324.85,,,,,,,BRITISH BIOLOGICAL CRITICAL CARE,,,stock file
AT-MENOPRO-400GM,MENOPRO 400GM,MENOPRO,400 GM,,619.00,Calcium + Multivitamins + Protein,calcium+multivitamins+protein,Calcium | Multivitamins | Protein,3,,,BRITISH BIOLOGICAL CRITICAL CARE,,main,master
AT-MENOSAN-30S,MENOSAN TABS 30,MENOSAN,30'S,Tablet,131.25,,,,,,,HIMALAYA DRUG COMPANY ZANDRA,,,stock file
AT-MENROX-DEPIGMENTATION-CR-30GM,MENROX DEPIGMENTATION CR.30GM,MENROX DEPIGMENTATION CR,30 GM,,436.10,,needs_verification,Needs_verification,1,,,A.MENARINI,,main,stock file
AT-MENROX-HYDRATING-CLEANSER-100GM,MENROX HYDRATING CLEANSER 100G,MENROX HYDRATING CLEANSER,100 GM,,382.70,,needs_verification,Needs_verification,1,,,A.MENARINI,DERMA,main,stock file
AT-MENROX-NOURISHING-MOISTUR-100GM,MENROX NOURISHING MOISTUR.100G,MENROX NOURISHING MOISTUR,100 GM,,356.00,,needs_verification,Needs_verification,1,,,A.MENARINI,DERMA,main,stock file
AT-MENROX-SUNSCREEN-SPF30-50G-T,MENROX SUNSCREEN SPF30+50G TUB,MENROX SUNSCREEN SPF30+50G TUB,,,507.30,,needs_verification,Needs_verification,1,,,A.MENARINI,DERMA,main,stock file
AT-MENTAT-DS-SYRUP-SF-100ML,MENTAT DS SYRUP SF 100ML,MENTAT DS SYRUP SF,100 ML,Syrup,240.00,Brahmi + Mandukaparni,brahmi+mandukaparni,Brahmi | Mandukaparni,2,,,HIMALAYA DRUG COMPANY ZENITH,,main,master
AT-MENTAT-200ML,MENTAT SYP 200ML,MENTAT,200 ML,Syrup,234.38,,,,,,,HIMALAYA DRUG COMPANY ZENITH,,,stock file
AT-MENTAT-60S,MENTAT TAB 60S,MENTAT,60S,Tablet,168.75,Brahmi + Mandukaparni,brahmi+mandukaparni,Brahmi | Mandukaparni,2,,,HIMALAYA DRUG COMPANY ZENITH,,main,master
AT-MEROSHINE-INJ-1-1-VAIL,MEROSHINE INJ 1*1 VAIL,MEROSHINE INJ 1*1 VAIL,,Injection,"1,354.69",,,,,,,NEO LIFE SCIENCES,,,stock file
AT-MEROSURE-INJEC-1GM-1,MEROSURE -INJEC 1GM 1,MEROSURE -INJEC 1GM 1,,,961.88,Meropenem,meropenem,Meropenem,1,,,ALKEM LABORATRIES LTD,ALTRON,main,stock file
AT-MEROSURE-KIT-500MG,MEROSURE -KIT 500MG TAB,MEROSURE -KIT 500MG,,Tablet,467.81,Meropenem,meropenem,Meropenem,1,,,ALKEM LABORATRIES LTD,ALTRON,main,stock file
AT-MEROSURE-O-DRY-30ML,MEROSURE O DRY SYRUP 30ML,MEROSURE O DRY,30 ML,Dry Syrup,283.55,Cefixime + Ofloxacin,cefixime+ofloxacin,Cefixime | Ofloxacin,2,,,ALKEM LABORATRIES LTD,ALTRON,main,master
AT-MEROSURE-SB-15GM,MEROSURE SB 1.5GM INJ.,MEROSURE SB,1.5 GM,Injection,"1,350.00",Meropenem 1000mg + Sulbactam 500mg,meropenem 1000mg+sulbactam 500mg,Meropenem | Sulbactam,2,Anti-infective,,ALKEM LABORATRIES LTD,ALTRON,alkem,stock file
AT-MEROSURE-O-200MG-9S,MEROSURE-O 200MG TAB 9'S,MEROSURE-O 200MG,9'S,Tablet,867.15,Faropenem 200mg,faropenem 200mg,Faropenem,1,,,ALKEM LABORATRIES LTD,ALTRON,manual,master
AT-MEROSURE-O-DRY-60ML,MEROSURE-O DRY SYRUP 60ML,MEROSURE-O DRY,60 ML,Dry Syrup,529.65,Cefixime + Ofloxacin,cefixime+ofloxacin,Cefixime | Ofloxacin,2,,,ALKEM LABORATRIES LTD,ALTRON,main,stock file
AT-MEROSURE-O-ER-300MG-10S,MEROSURE-O ER 300MG TAB 10'S,MEROSURE-O ER 300MG,10'S,Tablet,"1,265.60",Faropenem 300mg,faropenem 300mg,Faropenem,1,,,ALKEM LABORATRIES LTD,ALTRON,manual,master
AT-MEROSURE-O-6S,MEROSURE-O TAB 6S,MEROSURE-O,6S,Tablet,482.81,Cefixime + Ofloxacin,cefixime+ofloxacin,Cefixime | Ofloxacin,2,Anti-infective,,ALKEM LABORATRIES LTD,ALTRON,main,stock file
AT-MEROWELL-INJ-1-1GM,MEROWELL INJ 1*1GM,MEROWELL INJ 1*,1 GM,Injection,693.75,,,,,,,NEO LIFE SCIENCES,,,stock file
AT-METABOL-25MG-1ML,METABOL 25MG INJ.1ML,METABOL 25MG,1 ML,Injection,80.63,,,,,,,JAGSONPAL PHARMA LTD,BONEVA,,stock file
AT-METADEC-100-2ML,METADEC 100 INJ. 2ML,METADEC 100,2 ML,Injection,456.43,,,,,,,JAGSONPAL PHARMA LTD,BONEVA,,master
AT-METADEC-25-1ML-AMP,METADEC 25 1ML AMP,METADEC 25 1ML AMP,,Ampoule,243.14,,,,,,,JAGSONPAL PHARMA LTD,BONEVA,,master
AT-METADEC-50-1ML-AMP,METADEC 50 1ML AMP,METADEC 50 1ML AMP,,Ampoule,410.85,,,,,,,JAGSONPAL PHARMA LTD,BONEVA,,master
AT-METALYSE-40MG-INJECTION,Metalyse 40mg Injection,Metalyse 40mg Injection,,Injection,,Tenecteplase 40mg,tenecteplase 40mg,Tenecteplase,1,,Fibrinolytic treatment of acute myocardial infarction,BOEHRINGER INGELHEIM,,main,master
AT-METFINE-AM-10S,METFINE AM TAB 10,METFINE AM,10'S,Tablet,84.38,Amlodipine + Metformin,amlodipine+metformin,Amlodipine | Metformin,2,,,FINECURE PHARMACEUTICALS,LTD,main,master
AT-METFINE-XL-TRIO-25MG-10S,METFINE XL TRIO 25MG TAB 10'S,METFINE XL TRIO 25MG,10'S,Tablet,91.88,Glimepiride + Metformin + Pioglitazone,glimepiride+metformin+pioglitazone,Glimepiride | Metformin | Pioglitazone,3,,,FINECURE PHARMACEUTICALS,LTD,main,master
AT-METFINE-XL-TRIO-50MG-10S,METFINE XL TRIO 50MG TAB 10'S,METFINE XL TRIO 50MG,10'S,Tablet,117.19,Glimepiride + Metformin + Pioglitazone,glimepiride+metformin+pioglitazone,Glimepiride | Metformin | Pioglitazone,3,,,FINECURE PHARMACEUTICALS,LTD,main,master
AT-METFINE-XL-25MG-10S,METFINE XL-25MG TAB 10'S,METFINE XL-25MG,10'S,Tablet,41.25,Metformin,metformin,Metformin,1,,,FINECURE PHARMACEUTICALS,LTD,main,master
AT-METFINE-R-25MG-10S,METFINE-R 25MG TAB 10'S,METFINE-R 25MG,10'S,Tablet,106.88,Metformin,metformin,Metformin,1,,,FINECURE PHARMACEUTICALS,LTD,main,master
AT-METFINE-R-50MG-10S,METFINE-R 50MG TAB 10'S,METFINE-R 50MG,10'S,Tablet,150.00,Metformin,metformin,Metformin,1,,,FINECURE PHARMACEUTICALS,LTD,main,master
AT-METFINE-XL-50MG-10S,METFINE-XL 50MG TAB 10'S,METFINE-XL 50MG,10'S,Tablet,60.00,Metformin,metformin,Metformin,1,,,FINECURE PHARMACEUTICALS,LTD,main,master
AT-METHYCAL-2000MG-10S,METHYCAL 2000MG TAB 10'S,METHYCAL 2000MG,10'S,Tablet,185.63,,,,,,,INDOCO REMEDIES LTD,SPERA,,master
AT-METHYCAL-60K-4S,METHYCAL 60K TAB 4'S,METHYCAL 60K,4'S,Tablet,75.00,,,,,,,INDOCO REMEDIES LTD,SPERA,,stock file
AT-METHYCAL-15S,METHYCAL TAB 15'S,METHYCAL,15'S,Tablet,271.88,,,,,,,INDOCO REMEDIES LTD,SPERA,,master
AT-METOCARD-AM-10S,METOCARD AM TAB 10 S,METOCARD AM,10 S,Tablet,141.94,Amlodipine + Metoprolol Succinate,amlodipine+metoprolol succinate,Amlodipine | Metoprolol Succinate,2,,,TORRENT PHARMA,SPECTRA,torrent,stock file
AT-METOCARD-H-50-10S,METOCARD H 50 TAB 10 S,METOCARD H 50,10 S,Tablet,133.73,,,,,,,TORRENT PHARMA,SPECTRA,,stock file
AT-METOCARD-XL-100-10S,METOCARD XL 100 TAB 10 S,METOCARD XL 100,10 S,Tablet,147.52,Metoprolol Succinate,metoprolol succinate,Metoprolol Succinate,1,,,TORRENT PHARMA,SPECTRA,torrent,master
AT-METOCARD-XL-12-5-10S,METOCARD XL 12.5 TAB 10S,METOCARD XL 12.5,10S,Tablet,44.10,Metoprolol Succinate,metoprolol succinate,Metoprolol Succinate,1,,,TORRENT PHARMA,SPECTRA,torrent,stock file
AT-METOCARD-XL-25-10S,METOCARD XL 25 TAB 10 S,METOCARD XL 25,10 S,Tablet,44.10,Metoprolol Succinate,metoprolol succinate,Metoprolol Succinate,1,,,TORRENT PHARMA,SPECTRA,torrent,master
AT-METOCARD-XL-50-10S,METOCARD XL 50 TAB 10 S,METOCARD XL 50,10 S,Tablet,93.55,Metoprolol Succinate,metoprolol succinate,Metoprolol Succinate,1,,,TORRENT PHARMA,SPECTRA,torrent,master
AT-METOCARD-XL-75-10S,METOCARD XL 75 TAB 10 S,METOCARD XL 75,10 S,Tablet,169.97,Metoprolol Succinate,metoprolol succinate,Metoprolol Succinate,1,,,TORRENT PHARMA,SPECTRA,torrent,master
AT-METRIDE-1-MG-15S,METRIDE 1 MG TAB 15S,METRIDE 1 MG,15S,Tablet,98.67,Glimepiride + Metformin Hydrochloride Prolonged-Release,glimepiride+metformin hydrochloride prolonged-release,Glimepiride | Metformin Hydrochloride Prolonged-Release,2,,,TORRENT PHARMA,CV LIFE,torrent,stock file
AT-METRIDE-DS-1MG-10S,METRIDE DS 1MG TAB 10S,METRIDE DS 1MG,10S,Tablet,122.91,Glimepiride + Metformin Hydrochloride Prolonged-Release,glimepiride+metformin hydrochloride prolonged-release,Glimepiride | Metformin Hydrochloride Prolonged-Release,2,,,TORRENT PHARMA,CV LIFE,torrent,stock file
AT-METRIDE-DS-2MG-10S,METRIDE DS 2MG TAB 10S,METRIDE DS 2MG,10S,Tablet,170.58,Glimepiride + Metformin Hydrochloride Prolonged-Release,glimepiride+metformin hydrochloride prolonged-release,Glimepiride | Metformin Hydrochloride Prolonged-Release,2,,,TORRENT PHARMA,CV LIFE,torrent,stock file
AT-METRIDE-PLUS-1MG-10S,METRIDE PLUS 1MG TAB 10S,METRIDE PLUS 1MG,10S,Tablet,113.30,,,,,,,TORRENT PHARMA,CV LIFE,,stock file
AT-METRIDE-PLUS-2MG-10S,METRIDE PLUS 2MG TAB 10S,METRIDE PLUS 2MG,10S,Tablet,150.28,,,,,,,TORRENT PHARMA,CV LIFE,,stock file
AT-METRON-FORTE-400MG-10S,METRON FORTE 400MG 10'S,METRON FORTE 400MG,10'S,,7.67,Metronidazole,metronidazole,Metronidazole,1,,,ALKEM LABS,LTD NEXA,main,stock file
AT-METVIN-1000MG-10S,METVIN 1000MG TAB 10'S,METVIN 1000MG,10'S,Tablet,34.70,Metformin,metformin,Metformin,1,,,CAVIN PHARMACEUTICALS,,main,master
AT-METVIN-500MG-10S,METVIN 500MG TAB 10'S,METVIN 500MG,10'S,Tablet,22.50,Metformin,metformin,Metformin,1,,,CAVIN PHARMACEUTICALS,,main,master
AT-METVIN-G1-FORTE-10S,METVIN G1 FORTE TAB 10'S,METVIN G1 FORTE,10'S,Tablet,56.25,Glimepiride + Metformin,glimepiride+metformin,Glimepiride | Metformin,2,,,CAVIN PHARMACEUTICALS,,main,master
AT-METVIN-G2-FORTE-10S,METVIN G2 FORTE TAB 10'S,METVIN G2 FORTE,10'S,Tablet,65.63,Glimepiride + Metformin,glimepiride+metformin,Glimepiride | Metformin,2,,,CAVIN PHARMACEUTICALS,,main,master
AT-METVIN-G1-10S,METVIN-G1 TAB 10'S,METVIN-G1,10'S,Tablet,46.88,Glimepiride + Metformin,glimepiride+metformin,Glimepiride | Metformin,2,,,CAVIN PHARMACEUTICALS,,main,master
AT-METVIN-G2-10S,METVIN-G2 TAB 10'S,METVIN-G2,10'S,Tablet,56.25,Glimepiride + Metformin,glimepiride+metformin,Glimepiride | Metformin,2,,,CAVIN PHARMACEUTICALS,,main,master
AT-METVIN-TRIO-1MG-10S,METVIN-TRIO-1MG TAB 10'S,METVIN-TRIO-1MG,10'S,Tablet,89.00,Glimepiride + Metformin + Pioglitazone,glimepiride+metformin+pioglitazone,Glimepiride | Metformin | Pioglitazone,3,,,CAVIN PHARMACEUTICALS,,main,master
AT-METVIN-TRIO-2MG-10S,METVIN-TRIO-2MG TAB 10'S,METVIN-TRIO-2MG,10'S,Tablet,98.40,Glimepiride + Metformin + Pioglitazone,glimepiride+metformin+pioglitazone,Glimepiride | Metformin | Pioglitazone,3,,,CAVIN PHARMACEUTICALS,,main,master
AT-MEXT-10-10S,MEXT 10 TAB 10'S,MEXT 10,10'S,Tablet,141.86,Methotrexate 10mg,methotrexate 10mg,Methotrexate,1,Disease Modifying Anti Rheumatic Drugs,Psoriasis,WALLACE PHARMA.LTD.LIFESTYLE,Lifestyle,wallace,master
AT-MEXT-15-10S,MEXT 15 TAB 10'S,MEXT 15,10'S,Tablet,492.00,Methotrexate 15mg,methotrexate 15mg,Methotrexate,1,Disease Modifying Anti Rheumatic Drugs,Psoriasis,WALLACE PHARMA.LTD.LIFESTYLE,Lifestyle,wallace,master
AT-MEXT-5-10S,MEXT 5 TAB 10'S,MEXT 5,10'S,Tablet,73.33,,,,,,,WALLACE PHARMA.LTD.REHEUMATOLOGY,,,stock file
AT-MEXT-7-5-F-2S,MEXT 7.5 F TAB 2'S,MEXT 7.5 F,2'S,Tablet,89.63,Folic Acid 1mg + Methotrexate 7.5mg,folic acid 1mg+methotrexate 7.5mg,Folic Acid | Methotrexate,2,Disease Modifying Anti Rheumatic Drugs,Psoriasis,WALLACE PHARMA.LTD.LIFESTYLE,Lifestyle,wallace,master
AT-MEXT-7-5MG-10S,MEXT 7.5MG TAB 10'S,MEXT 7.5MG,10'S,Tablet,179.00,Methotrexate 7.5mg,methotrexate 7.5mg,Methotrexate,1,Disease Modifying Anti Rheumatic Drugs,Psoriasis,WALLACE PHARMA.LTD.LIFESTYLE,Lifestyle,wallace,master
AT-MFLOTAS-5ML,MFLOTAS 5ML,MFLOTAS,5 ML,,91.88,,,,,,,INTAS (ANDRE )LABORATORIES,PVT,,stock file
AT-MFLOTAS-KT-5ML,MFLOTAS KT VIAL 5ML.,MFLOTAS KT,5 ML,Vial,106.88,,,,,,,INTAS (ANDRE )LABORATORIES,PVT,,stock file
AT-MFLOTAS-LP-5ML,MFLOTAS LP 5ML,MFLOTAS LP,5 ML,,101.25,,,,,,,INTAS (ANDRE )LABORATORIES,PVT,,stock file
AT-MICARDIS-PLUS-40MG-12-5MG,Micardis Plus 40mg/12.5mg Tablet,Micardis Plus 40mg/12.5mg,,Tablet,,Hydrochlorothiazide 12.5mg + Telmisartan 40mg,hydrochlorothiazide 12.5mg+telmisartan 40mg,Hydrochlorothiazide | Telmisartan,2,,Hypertension,BOEHRINGER INGELHEIM,,main,master
AT-MICARDIS-PLUS-80MG-12-5MG,Micardis Plus 80mg/12.5mg Tablet,Micardis Plus 80mg/12.5mg,,Tablet,,Hydrochlorothiazide 12.5mg + Telmisartan 80mg,hydrochlorothiazide 12.5mg+telmisartan 80mg,Hydrochlorothiazide | Telmisartan,2,,Hypertension,BOEHRINGER INGELHEIM,,main,master
AT-MICRO-P-300SR-10S,MICRO-P 300SR TAB 10'S,MICRO-P 300SR,10'S,Tablet,365.63,,,,,,,CAVIN PHARMACEUTICALS,,,stock file
AT-MICROBENZ-3-5-CREEM-15GM,MICROBENZ 3.5 CREEM 15G,MICROBENZ 3.5 CREEM,15 GM,,134.53,,,,,,,SUN PHARMA,LAB.CROSSLAND 1,,stock file
AT-MICROBENZ-5-5-CREEM-15GM,MICROBENZ 5.5 CREEM 15G,MICROBENZ 5.5 CREEM,15 GM,,114.38,,,,,,,SUN PHARMA,LAB.CROSSLAND 1,,stock file
AT-MIFENTI-1,MIFENTI 1 CAP,MIFENTI 1,,Capsule,209.63,Mifepristone,mifepristone,Mifepristone,1,,,ALEMBIC,ALCARE,main,master
AT-MIGRABETA-10MG-10S,MIGRABETA 10MG TAB 10 S,MIGRABETA 10MG,10 S,Tablet,119.06,Propranolol 10mg,propranolol 10mg,Propranolol,1,ANTIMIGRAINE,,ALKEM LAB. LTD,PENTACARE,alkem,stock file
AT-MIGRABETA-20MG-10S,MIGRABETA 20MG TAB 10'S,MIGRABETA 20MG,10'S,Tablet,61.41,Propranolol,propranolol,Propranolol,1,,,ALKEM LAB. LTD,PENTACARE,main,stock file
AT-MIGRABETA-40MG-10S,MIGRABETA 40MG TAB 10 S,MIGRABETA 40MG,10 S,Tablet,13.75,Propranolol 40mg,propranolol 40mg,Propranolol,1,ANTIMIGRAINE,,ALKEM LAB. LTD,PENTACARE,alkem,stock file
AT-MIGRABETA-PLUS-10S,MIGRABETA PLUS TAB 10'S,MIGRABETA PLUS,10'S,Tablet,251.70,Flunarizine Ir 10mg + Propranolol Tr 40mg,flunarizine ir 10mg+propranolol tr 40mg,Flunarizine Ir | Propranolol Tr,2,ANTIMIGRAINE,,ALKEM LAB. LTD,PENTACARE,manual,master
AT-MIGRABETA-TR-20-10S,MIGRABETA TR 20 CAP 10'S,MIGRABETA TR 20,10'S,Capsule,51.35,Propranolol 20mg,propranolol 20mg,Propranolol,1,ANTIMIGRAINE,,ALKEM LAB.LTD,PRIZMA,manual,master
AT-MIGRABETA-TR-40-15S,MIGRABETA TR-40 CAP 15'S,MIGRABETA TR-40,15'S,Capsule,51.59,Propranolol,propranolol,Propranolol,1,,,ALKEM LAB.LTD,PRIZMA,main,master
AT-MIGRABETA-TR-60-10S,MIGRABETA TR-60 CAP 10'S,MIGRABETA TR-60,10'S,Capsule,74.50,Propranolol 60mg,propranolol 60mg,Propranolol,1,,,ALKEM LAB.LTD,PRIZMA,manual,master
AT-MIGRABETA-TR-80-TAB-10-S,"MIGRABETA TR-80 TAB 10,S","MIGRABETA TR-80 TAB 10,S",,Tablet,76.40,Propranolol,propranolol,Propranolol,1,,,ALKEM LAB.LTD,PRIZMA,main,stock file
AT-MIGRABETA-TR-80-10S,MIGRABETA TR-80 TAB 10'S,MIGRABETA TR-80,10'S,Tablet,76.40,Propranolol 80mg,propranolol 80mg,Propranolol,1,,,ALKEM LAB.LTD,PRIZMA,manual,master
AT-MIKA-BEST-500-2ML,MIKA-BEST 500 VIAL 2ML,MIKA-BEST 500,2 ML,Vial,76.65,Amikacin,amikacin,Amikacin,1,,,BESTOCHEM FORMULATIONS,,main,stock file
AT-MILOGRIF-20GM,MILOGRIF CREAM 20GM,MILOGRIF,20 GM,Cream,450.00,,,,,,,NUTRIMED HEALTHCARE,PVT.LTD,,master
AT-MINILACTONE-10S,MINILACTONE TABS 10S,MINILACTONE,10S,Tablet,55.01,,,,,,,RPG LIFE SCIENCE LTD,GLODIAN,,master
AT-MINMIN-D3-4S,MINMIN D3 TAB 4S,MINMIN D3,4S,Tablet,94.45,Cholecalciferol,cholecalciferol,Cholecalciferol,1,Vitamins & Minerals,Vitamin D deficiency,RPG LIFE SCIENCE LTD,GLODIAN,rpg,stock file
AT-MINMIN-PB-120ML,MINMIN PB SYRUP 120ML.,MINMIN PB,120 ML,Syrup,360.80,,,,,Vitamins & Minerals,"Nutritional support, traditionally used for platelet support",RPG LIFE SCIENCE LTD,GLODIAN,,master
AT-MINMIN-PB-15S,MINMIN PB TAB 15'S,MINMIN PB,15'S,Tablet,541.03,,,,,Vitamins & Minerals,"Nutritional support, traditionally used for platelet support",RPG LIFE SCIENCE LTD,GLODIAN,,master
AT-MINMIN-TONIC-200ML,MINMIN TONIC 200ML.,MINMIN TONIC,200 ML,,180.80,Cyanocobalamin Per 7.5mcg + D-Panthenol 2.5mg + Ferric Ammonium Citrate 150mg + Folic Acid 0.5mg + L-Lysine Hcl 25mg + Niacinamide 15mg + Protein Hydrolysate,cyanocobalamin per 7.5mcg+d-panthenol 2.5mg+ferric ammonium citrate 150mg+folic acid 0.5mg+l-lysine hcl 25mg+niacinamide 15mg+protein hydrolysate,Cyanocobalamin Per | D-Panthenol | Ferric Ammonium Citrate | Folic Acid | L-Lysine Hcl | Niacinamide | Protein Hydrolysate,7,Vitamins & Minerals,Iron deficiency and nutritional supplementation,RPG LIFE SCIENCE LTD,GLODIAN,rpg,master
AT-MINMIN-XT-10S,MINMIN XT TAB 10'S,MINMIN XT,10'S,Tablet,130.78,,,,,,,RPG LIFE SCIENECES LTD,SERAL,,stock file
AT-MINOKEM-F-5-90ML,MINOKEM F 5%(90ML),MINOKEM F 5%(90ML),,,"1,115.63",Finasteride + Minoxidil,finasteride+minoxidil,Finasteride | Minoxidil,2,,,ALKEM PAHARMA,DARMA CARE,main,stock file
AT-MINOKEM-N-2-60ML,MINOKEM N 2% 60ML,MINOKEM N 2%,60 ML,,590.60,Minoxidil 2%,minoxidil 2%,Minoxidil,1,,,ALKEM PAHARMA,DARMA CARE,main,master
AT-MINOKEM-N-2-90ML-TM,MINOKEM N 2%(90ML)TM,MINOKEM N 2%(90ML)TM,,,649.65,Minoxidil,minoxidil,Minoxidil,1,,,ALKEM PAHARMA,DARMA CARE,main,stock file
AT-MINOKEM-N-5-60ML,MINOKEM N 5% 60ML,MINOKEM N 5%,60 ML,,993.75,Minoxidil 5%,minoxidil 5%,Minoxidil,1,,,ALKEM PAHARMA,DARMA CARE,main,master
AT-MINOKEM-N-5-90ML,MINOKEM N 5% 90ML,MINOKEM N 5%,90 ML,,740.63,Minoxidil,minoxidil,Minoxidil,1,,,ALKEM PAHARMA,DARMA CARE,main,stock file
AT-MINOKEM-N-5-60ML-TM,MINOKEM N 5%(60ML)TM,MINOKEM N 5%(60ML)TM,,,"1,187.81",Minoxidil,minoxidil,Minoxidil,1,,,ALKEM PAHARMA,DARMA CARE,main,stock file
AT-MINOKEM-SOLUTION-5-60ML,MINOKEM SOLUTION 5% 60ML,MINOKEM SOLUTION 5%,60 ML,Solution,843.75,Minoxidil 5%,minoxidil 5%,Minoxidil,1,,,ALKEM PAHARMA,DARMA CARE,main,master
AT-MINOKEM-SPRAY-2-60ML,MINOKEM SPRAY 2%(60ML),MINOKEM SPRAY 2%(60ML),,Spray,843.75,Minoxidil,minoxidil,Minoxidil,1,,,ALKEM PAHARMA,DARMA CARE,main,stock file
AT-MINOKEM-SPRAY-5-90ML-TM,MINOKEM SPRAY 5%(90ML)TM,MINOKEM SPRAY 5%(90ML)TM,,Spray,270.94,Minoxidil,minoxidil,Minoxidil,1,,,ALKEM PAHARMA,DARMA CARE,main,stock file
AT-MINOZ-100MG-10S,MINOZ 100MG TAB 10 S,MINOZ 100MG,10 S,Tablet,456.56,Minocycline 100mg,minocycline 100mg,Minocycline,1,ANTI-INFECTIVES,,SUN PHARMA,RIGEL,sun pharma sheet,master
AT-MINOZ-50MG-10S,MINOZ 50MG TAB 10 S,MINOZ 50MG,10 S,Tablet,292.50,Minocycline 50mg,minocycline 50mg,Minocycline,1,ANTI-INFECTIVES,,SUN PHARMA,RIGEL,sun pharma sheet,master
AT-MINOZ-ER-TAB-45MG-10S,MINOZ ER TAB 45MG 10 S,MINOZ ER TAB 45MG,10 S,Tablet,267.19,,,,,,,SUN PHARMA,RIGEL,,master
AT-MINOZ-ER-TAB-65MG-10S,MINOZ ER TAB 65MG 10 S,MINOZ ER TAB 65MG,10 S,Tablet,375.00,,,,,,,SUN PHARMA,RIGEL,,stock file
AT-MINOZ-15GM,MINOZ GEL 15GM 15GM,MINOZ,15 GM,Gel,398.44,,,,,,,SUN PHARMA,RIGEL,,master
AT-MINOZ-OD-100MG-10S10S,MINOZ OD 100MG CAP 10'S 10S,MINOZ OD 100MG,10'S 10S,Capsule,538.13,Minocycline 100mg,minocycline 100mg,Minocycline,1,ANTI-INFECTIVES,,SUN PHARMA,RIGEL,sun pharma sheet,master
AT-MINOZ-S-FACE-WASH,MINOZ S FACE WASH,MINOZ S FACE WASH,,Face Wash,186.56,,,,,,,SUN PHARMA,RIGEL,,stock file
AT-MINOZ-BPO-15GM,MINOZ-BPO GEL 15GM,MINOZ-BPO,15 GM,Gel,421.88,,,,,,,SUN PHARMA,RIGEL,,master
AT-MIRAGO-25-10S,MIRAGO 25 TAB 10,MIRAGO 25,10'S,Tablet,261.56,Mirabegron 25mg,mirabegron 25mg,Mirabegron,1,UROLOGY,,SUN PHARMA LABS LTD,UROCARE,sun pharma sheet,master
AT-MIRAGO-50-10S,MIRAGO 50 TAB 10S,MIRAGO 50,10S,Tablet,383.44,Mirabegron 50mg,mirabegron 50mg,Mirabegron,1,UROLOGY,,SUN PHARMA LABS LTD,UROCARE,sun pharma sheet,master
AT-MIRAGO-S-25-10S,MIRAGO S 25 KIT TAB 10S,MIRAGO S 25,10S,Tablet,421.88,,,,,,,SUN PHARMA LABS LTD,UROCARE,,master
AT-MIRAGO-S-50-14S,MIRAGO S 50 KIT TAB 14S,MIRAGO S 50,14S,Tablet,563.44,,,,,,,SUN PHARMA LABS LTD,UROCARE,,master
AT-MIRAKEM-25-10S,MIRAKEM 25 TAB 10'S,MIRAKEM 25,10'S,Tablet,299.05,Mirabegron 25mg,mirabegron 25mg,Mirabegron,1,Over Active Bladder (OAB),,ALKEM LABORAT. LTD,UROCARE,alkem,master
AT-MIRAKEM-50-10S,MIRAKEM 50 TAB 10'S,MIRAKEM 50,10'S,Tablet,449.05,Mirabegron 50mg,mirabegron 50mg,Mirabegron,1,Over Active Bladder (OAB),,ALKEM LABORAT. LTD,UROCARE,alkem,master
AT-MIRAKEM-S-25-10S,MIRAKEM S 25 TAB 10,MIRAKEM S 25,10'S,Tablet,351.56,Mirabegron + Solifenacin,mirabegron+solifenacin,Mirabegron | Solifenacin,2,,,ALKEM LABORAT. LTD,UROCARE,main,stock file
AT-MIRAKEM-S-50-10S,MIRAKEM S 50 TAB 10,MIRAKEM S 50,10'S,Tablet,468.75,Mirabegron + Solifenacin,mirabegron+solifenacin,Mirabegron | Solifenacin,2,,,ALKEM LABORAT. LTD,UROCARE,main,stock file
AT-MIRAPEX-0-375MG-TABLET-ER,Mirapex 0.375mg Tablet ER,Mirapex 0.375mg Tablet ER,,Tablet,,Pramipexole 0.375mg,pramipexole 0.375mg,Pramipexole,1,,Parkinson's disease; restless legs syndrome,BOEHRINGER INGELHEIM,,main,master
AT-MIRAPEX-0-75MG-TABLET-ER,Mirapex 0.75mg Tablet ER,Mirapex 0.75mg Tablet ER,,Tablet,,Pramipexole 0.75mg,pramipexole 0.75mg,Pramipexole,1,,Parkinson's disease; restless legs syndrome,BOEHRINGER INGELHEIM,,main,master
AT-MIRAPEX-1-5MG-TABLET-ER,Mirapex 1.5mg Tablet ER,Mirapex 1.5mg Tablet ER,,Tablet,,Pramipexole 1.5mg,pramipexole 1.5mg,Pramipexole,1,,Parkinson's disease; restless legs syndrome,BOEHRINGER INGELHEIM,,main,master
AT-MIRAPEX-3MG-TABLET-ER,Mirapex 3mg Tablet ER,Mirapex 3mg Tablet ER,,Tablet,,Pramipexole 3mg,pramipexole 3mg,Pramipexole,1,,Parkinson's disease; restless legs syndrome,BOEHRINGER INGELHEIM,,main,master
AT-MIRASMART-25MG-10S,MIRASMART 25MG TAB 10S,MIRASMART 25MG,10S,Tablet,247.69,,,,,,,RPG LIFE SCIENCE,LTD. UROLOGY,,stock file
AT-MIRASMART-50MG-10S,MIRASMART 50MG TAB 10S,MIRASMART 50MG,10S,Tablet,338.44,,,,,,,RPG LIFE SCIENCE,LTD. UROLOGY,,stock file
AT-MIRASMART-S-25MG-10S,MIRASMART S 25MG TAB 10'S,MIRASMART S 25MG,10'S,Tablet,330.00,,,,,,,RPG LIFE SCIENCE,LTD. UROLOGY,,stock file
AT-MIRATOR-0-25-10S,MIRATOR 0.25 TAB 10S,MIRATOR 0.25,10S,Tablet,119.53,Pramipexole Dihydrochloride 0.125mg,pramipexole dihydrochloride 0.125mg,Pramipexole Dihydrochloride,1,,,TORRENT PHARMACEUTICALS,MIND,torrent,stock file
AT-MIRATOR-0-5MG-10S,MIRATOR 0.5MG TAB 10'S,MIRATOR 0.5MG,10'S,Tablet,171.05,Pramipexole Dihydrochloride 0.125mg,pramipexole dihydrochloride 0.125mg,Pramipexole Dihydrochloride,1,,,TORRENT PHARMACEUTICALS,MIND,torrent,master
AT-MIRTAKEM-15MG-10S,MIRTAKEM 15MG TAB 10'S,MIRTAKEM 15MG,10'S,Tablet,178.10,Mirtazapine,mirtazapine,Mirtazapine,1,,,ALKEM LAB.LTD,PRIZMA,main,master
AT-MIRTAKEM-30MG-10S,MIRTAKEM 30MG 10'S,MIRTAKEM 30MG,10'S,,202.50,Mirtazapine,mirtazapine,Mirtazapine,1,,,ALKEM LAB.LTD,PRIZMA,main,stock file
AT-MIRTAKEM-7-5MG-10S,MIRTAKEM 7.5MG TAB 10'S,MIRTAKEM 7.5MG,10'S,Tablet,105.00,Mirtazapine,mirtazapine,Mirtazapine,1,,,ALKEM LAB.LTD,PRIZMA,main,master
AT-MIRUMIGEST-10-10S,MIRUMIGEST 10 TAB 10S,MIRUMIGEST 10,10S,Tablet,719.20,Dydrogesterone,dydrogesterone,Dydrogesterone,1,,,ALEMBIC,ALCARE,main,stock file
AT-MITOBRAIN-10S,MITOBRAIN TAB 10'S,MITOBRAIN,10'S,Tablet,750.00,Multivitamins + Piracetam,multivitamins+piracetam,Multivitamins | Piracetam,2,,,CELAGENEX RESEARCH INDIA PVT LTD,,main,master
AT-MIXX,MiXX,MiXX,10'S,Capsule,133.00,Antioxidants + Ginseng + Multiminerals + Multivitamins,antioxidants+ginseng+multiminerals+multivitamins,Antioxidants | Ginseng | Multiminerals | Multivitamins,4,,"Nutritional support in fatigue, convalescence, stress and poor concentration",APPENA LIFE PVT.LTD,,main,master
AT-ML-CETIRIZ-30ML,ML-CETIRIZ SYP 30ML,ML-CETIRIZ,30 ML,Syrup,75.00,Levocetirizine 2.5mg + Montelukast 4mg/5ml,levocetirizine 2.5mg+montelukast 4mg/5ml,Levocetirizine | Montelukast,2,Respiratory,,ALKEM PHARMA,ALPHA MAX,alkem,stock file
AT-ML-CETIRIZ-10S,ML-CETIRIZ TAB 10S,ML-CETIRIZ,10S,Tablet,112.03,Levocetirizine 5mg + Montelukast 10mg,levocetirizine 5mg+montelukast 10mg,Levocetirizine | Montelukast,2,Respiratory,,ALKEM PHARMA,ALPHA MAX,alkem,stock file
AT-MOBISWIFT-D-450MG-10S,MOBISWIFT D 450MG TAB 10S,MOBISWIFT D 450MG,10S,Tablet,205.31,,,,,,,SUN PHARMA LAB.LTD,CROSSLAND-LIFE,,master
AT-MOBIZOX-10S,MOBIZOX TABS 10S,MOBIZOX,10S,Tablet,262.50,,,,,,,SUN PHARMA LAB.LTD,RICHOUT,,master
AT-MODLIP-40-10S,MODLIP -40 TAB 1*10,MODLIP -40,10'S,Tablet,190.13,Atorvastatin 10mg,atorvastatin 10mg,Atorvastatin,1,,,TORRENT PHARMA,SPECTRA,torrent,stock file
AT-MODLIP-10-10S,MODLIP 10 TAB 10S,MODLIP 10,10S,Tablet,78.38,Atorvastatin 10mg,atorvastatin 10mg,Atorvastatin,1,,,TORRENT PHARMA,SPECTRA,torrent,stock file
AT-MODLIP-20-10S,MODLIP 20 TAB 10S,MODLIP 20,10S,Tablet,126.63,Atorvastatin 10mg,atorvastatin 10mg,Atorvastatin,1,,,TORRENT PHARMA,SPECTRA,torrent,stock file
AT-MODLIP-5-10S,MODLIP 5 TAB 10S,MODLIP 5,10S,Tablet,45.47,Atorvastatin 10mg,atorvastatin 10mg,Atorvastatin,1,,,TORRENT PHARMA LTD,SPERSH,torrent,stock file
AT-MODLIP-ASG-20-10S,MODLIP ASG 20CAP 10S,MODLIP ASG 20,10S,Capsule,29.77,Aspirin 75mg + Atorvastatin 10mg,aspirin 75mg+atorvastatin 10mg,Aspirin | Atorvastatin,2,,,TORRENT PHARMA,SPECTRA,torrent,master
AT-MODLIP-ASG-75-10S,MODLIP ASG 75CAP 10,MODLIP ASG 75,10'S,Capsule,48.42,Aspirin 75mg + Atorvastatin 10mg,aspirin 75mg+atorvastatin 10mg,Aspirin | Atorvastatin,2,,,TORRENT PHARMA,SPECTRA,torrent,master
AT-MODLIP-D-20MG,MODLIP D 20MG TABS,MODLIP D 20MG,,Tablet,179.06,,,,,,,TORRENT PHARMA,SPECTRA,,stock file
AT-MODLIP-F-10S,MODLIP F TAB 10S,MODLIP F,10S,Tablet,167.34,Atorvastatin + Fenofibrate ),atorvastatin+fenofibrate ),Atorvastatin | Fenofibrate ),2,,,TORRENT PHARMA,SPECTRA,torrent,stock file
AT-MODLIP-AM-10S,MODLIP-AM TAB 10S,MODLIP-AM,10S,Tablet,155.16,Atorvastatin + S-Amlodipine,atorvastatin+s-amlodipine,Atorvastatin | S-Amlodipine,2,,,TORRENT PHARMA,SPECTRA,manual,master
AT-MODULA-10S,MODULA TABS,MODULA,10'S,Tablet,271.88,Tadalafil 5mg,tadalafil 5mg,Tadalafil,1,SEX STIMULANTS / REJUVENATORS,,SUN PHARMA LABS LTD,UROCARE,sun pharma sheet,master
AT-MODUS-10MG,MODUS 10MG TAB,MODUS 10MG,,Tablet,66.78,,,,,,,KOYE ORIGYN PHARMACEUTICAL,GY,,master
AT-MOFETYL-500MG-10,MOFETYL 500MG TAB 10',MOFETYL 500MG,10',Tablet,796.67,Mycophenolate Mofetil 250/500mg,mycophenolate mofetil 250/500mg,Mycophenolate Mofetil,1,Nephrology,Prevention of organ transplant rejection,RPG LIFE SCIENCE LTD,GLODIAN,rpg,master
AT-MOFETYL-S-360MG-10S,MOFETYL-S 360MG TAB 10'S,MOFETYL-S 360MG,10'S,Tablet,"1,234.91",Mycophenolate Sodium 360mg,mycophenolate sodium 360mg,Mycophenolate Sodium,1,Nephrology,Prevention of organ transplant rejection,RPG LIFE SCIENCE LTD,GLODIAN,rpg,master
AT-MOFLOREN-D-EYE-DROP-5ML,MOFLOREN D EYE DROP 5ML,MOFLOREN D EYE DROP,5 ML,Drops,158.44,,,,,,,INDOCO REMEDIES LTD,EXCEL,,stock file
AT-MOFLOREN-EYE-OINM-5GM,MOFLOREN EYE OINM 5GM,MOFLOREN EYE OINM,5 GM,,94.86,,,,,,,INDOCO REMEDIES LTD,EXCEL,,stock file
AT-MOFLOREN-KT-EYE-DROP-5ML,MOFLOREN KT EYE DROP 5ML.,MOFLOREN KT EYE DROP,5 ML,Drops,106.88,,,,,,,INDOCO REMEDIES LTD,EXCEL,,stock file
AT-MOFLOREN-LP-5ML,MOFLOREN LP 5ML.,MOFLOREN LP,5 ML,,92.53,,,,,,,INDOCO REMEDIES LTD,EXCEL,,stock file
AT-MOISTUREX-CALM-50ML,MOISTUREX CALM 50ML LOTION,MOISTUREX CALM,50 ML,Lotion,156.56,,,,,,,SUN PHARMA,LAB.CROSSLAND 1,,stock file
AT-MOISTUREX-CLENZ-100ML,MOISTUREX CLENZ 100ML,MOISTUREX CLENZ,100 ML,Lotion,207.37,Emollients,emollients,Emollients,1,DERMA,,SUN PHARMA,LAB.CROSSLAND 1,sun pharma sheet,stock file
AT-MOISTUREX-100GM,MOISTUREX CREAM 100GM,MOISTUREX,100 GM,Cream,281.25,Emollients,emollients,Emollients,1,DERMA,,SUN PHARMA,LAB.CROSSLAND 1,sun pharma sheet,master
AT-MOISTUREX-50GM,MOISTUREX CREAM 50GM,MOISTUREX,50 GM,Cream,120.94,,,,,,,SUN PHARMA,LAB.CROSSLAND 1,,stock file
AT-MOISTUREX-HYDRA-50ML,MOISTUREX HYDRA GEL CREAM 50ML,MOISTUREX HYDRA,50 ML,Cream,429.00,,,,,,,SUN PHARMA,LAB.CROSSLAND 1,,master
AT-MOISTUREX-SOFT-300GM,MOISTUREX SOFT 300GM,MOISTUREX SOFT,300 GM,Cream,750.00,Emollients,emollients,Emollients,1,DERMA,,SUN PHARMA,LAB.CROSSLAND 1,sun pharma sheet,master
AT-MOISTUREX-SOFT-CREEM-100GM,MOISTUREX SOFT CREEM 100GM,MOISTUREX SOFT CREEM,100 GM,,370.31,,,,,,,SUN PHARMA,LAB.CROSSLAND 1,,master
AT-MOISTUREX-SOFT-100ML,MOISTUREX SOFT LOTION 100ML,MOISTUREX SOFT,100 ML,Lotion,417.19,Emollients,emollients,Emollients,1,DERMA,,SUN PHARMA,LAB.CROSSLAND 1,sun pharma sheet,master
AT-MOISTUREX-SYNDET,MOISTUREX SYNDET,MOISTUREX SYNDET,,,195.00,,,,,,,SUN PHARMA,LAB.CROSSLAND 1,,master
AT-MOISTUREX-WASH-200ML,MOISTUREX WASH 200ML,MOISTUREX WASH,200 ML,Lotion,601.00,Emollients,emollients,Emollients,1,DERMA,,SUN PHARMA,LAB.CROSSLAND 1,sun pharma sheet,master
AT-MOMISOFT-CREEM-15GM,MOMISOFT CREEM 15GM,MOMISOFT CREEM,15 GM,,225.00,Mometasone Furoate,mometasone furoate,Mometasone Furoate,1,,,ALKEM LAB,LTD DERMAKEM,main,stock file
AT-MOMOZ-10GM-TUB-10GM,MOMOZ 10GM TUB 10GM,MOMOZ 10GM TUB,10 GM,,170.11,,,,,,,TORRENT PHARMACEUTICALS,LTD,,stock file
AT-MOMOZ-F-10-TUB-10,MOMOZ F 10 TUB 10,MOMOZ F 10 TUB 10,,,197.63,,,,,,,TORRENT PHARMACEUTICALS,LTD,,stock file
AT-MOMOZ-T10-TUB-10GM,MOMOZ T10 TUB 10GM,MOMOZ T10 TUB,10 GM,,173.39,,,,,,,TORRENT PHARMACEUTICALS,LTD,,stock file
AT-MONO-FIBER-POW-90GM,MONO FIBER POW 90GM,MONO FIBER POW,90 GM,,258.10,,,,,,,CAVIN PHARMACEUTICALS,,,stock file
AT-MONOVISC-1S,MONOVISC INJ 1*1,MONOVISC,1'S,Injection,"22,312.50",,,,,,,MODI MUNDI,PMD,,master
AT-MONOVONO-10MG-10S,MONOVONO 10MG TAB 1*10'S,MONOVONO 10MG,10'S,Tablet,84.38,Montelukast,montelukast,Montelukast,1,,,ALEMBIC,GASTRON,main,stock file
AT-MONOVONO-20MG-10S,MONOVONO 20MG TAB 10'S,MONOVONO 20MG,10'S,Tablet,140.63,Vonoprazan,vonoprazan,Vonoprazan,1,,,ALEMBIC,GASTRON,main,master
AT-MONTEK-FX,MONTEK FX TAB,MONTEK FX,,Tablet,276.56,,,,,,,SUN PHARMA LAB. LTD,PHARMA,,stock file
AT-MONTPHYLIN-400-10S,MONTPHYLIN-400 TAB 10,MONTPHYLIN-400,10'S,Tablet,140.63,,,,,,,NEO LIFE SCIENCES,,,stock file
AT-MONUROL-SACH-8GM,MONUROL SACH.8G.,MONUROL SACH,8 GM,,626.25,,,,,,,MODI MUNDI PHARMA,LTD,,master
AT-MORDICA-625-10S,MORDICA 625 TAB 10S,MORDICA 625,10S,Tablet,195.31,,,,,,,JAGSONPAL PHARMA LTD,FEMBON,,master
AT-MORDICA-DRY-30ML,MORDICA DRY SYRUP 30ML,MORDICA DRY,30 ML,Dry Syrup,63.07,,,,,,,JAGSONPAL PHARMA LTD,FEMBON,,master
AT-MOVACE-P-10S,MOVACE P TAB 10'S,MOVACE P,10'S,Tablet,33.75,Aceclofenac + Paracetamol,aceclofenac+paracetamol,Aceclofenac | Paracetamol,2,,,ALKEM LABORATRIES LTD,ACE-ALTIS,main,stock file
AT-MOX-BD-200MG-10S,MOX BD 200MG TABS 10'S,MOX BD 200MG,10'S,Tablet,60.00,,,,,,,SUN PHARMA LABS.LTD,MAXXIM,,stock file
AT-MOX-CAPS-250MG-15,MOX CAPS 250MG 15*,MOX CAPS 250MG 15*,,Capsule,34.60,,,,,,,SUN PHARMA LABS.LTD,MAXXIM,,stock file
AT-MOX-CAPS-500MG-15S,MOX CAPS 500MG 15S,MOX CAPS 500MG,15S,Capsule,117.77,Amoxicillin 500mg,amoxicillin 500mg,Amoxicillin,1,ANTI-INFECTIVES,,SUN PHARMA LABS.LTD,MAXXIM,sun pharma sheet,master
AT-MOX-CV-228-5-10S,MOX CV 228.5 TAB 10S,MOX CV 228.5,10S,Tablet,172.50,,,,,,,SUN PHARMA LABS.LTD,MAXXIM,,master
AT-MOX-CV-375,MOX CV 375 TABS,MOX CV 375,,Tablet,247.50,,,,,,,SUN PHARMA LABS.LTD,MAXXIM,,stock file
AT-MOX-CV-457-10S,MOX CV 457 TAB 10,MOX CV 457,10'S,Tablet,210.94,,,,,,,SUN PHARMA LABS.LTD,MAXXIM,,stock file
AT-MOX-CV-625MG-10,MOX CV 625MG TAB 10',MOX CV 625MG,10',Tablet,195.38,,,,,,,SUN PHARMA LABS.LTD,MAXXIM,,master
AT-MOX-CV-BD-SUP-1-30ML,MOX CV BD SUP 1*30ML,MOX CV BD SUP 1*,30 ML,,63.31,,,,,,,SUN PHARMA LABS.LTD,MAXXIM,,stock file
AT-MOX-CV-DS-SUSPENS-457MG,MOX CV DS SUSPENS.457MG,MOX CV DS SUSPENS.457MG,,,123.75,,,,,,,SUN PHARMA LABS.LTD,MAXXIM,,stock file
AT-MOX-DROPS-REDMIX-10ML,MOX DROPS REDMIX 10ML,MOX DROPS REDMIX,10 ML,Drops,56.25,,,,,,,SUN PHARMA LABS.LTD,MAXXIM,,stock file
AT-MOX-INJ-500MG-2ML,MOX INJ.500MG.,MOX INJ.500MG,2 ML,Injection,44.53,Amoxicillin 500mg,amoxicillin 500mg,Amoxicillin,1,ANTI-INFECTIVES,,SUN PHARMA LABS.LTD,MAXXIM,sun pharma sheet,stock file
AT-MOX-KID-125MG-15S,MOX KID 125MG TABS 15,MOX KID 125MG,15'S,Tablet,92.81,Amoxicillin 125mg,amoxicillin 125mg,Amoxicillin,1,ANTI-INFECTIVES,,SUN PHARMA LABS.LTD,MAXXIM,sun pharma sheet,master
AT-MOX-KID-250MG-15S,MOX KID 250MG TABS 15S,MOX KID 250MG,15S,Tablet,156.56,Amoxicillin 250mg,amoxicillin 250mg,Amoxicillin,1,ANTI-INFECTIVES,,SUN PHARMA LABS.LTD,MAXXIM,sun pharma sheet,master
AT-MOX-P-250MG-10S,MOX P 250MG TABS 10'S,MOX P 250MG,10'S,Tablet,101.25,,,,,,,SUN PHARMA LABS.LTD,MAXXIM,,stock file
AT-MOX-P-500MG-10S,MOX P 500MG TABS 10'S,MOX P 500MG,10'S,Tablet,291.56,,,,,,,SUN PHARMA LABS.LTD,MAXXIM,,master
AT-MOX-RED-125MG-60ML,MOX RED.125MG SYP.60ML.,MOX RED.125MG,60 ML,Syrup,20.30,,,,,,,SUN PHARMA LABS.LTD,MAXXIM,,stock file
AT-MOX-RED-125MG-30ML,MOX RED.125MG SYP30ML,MOX RED.125MG,30 ML,,32.05,,,,,,,SUN PHARMA LABS.LTD,MAXXIM,,master
AT-MOX-RED-250MG-30ML,MOX RED.250MG SYP.30ML,MOX RED.250MG,30 ML,Syrup,49.67,,,,,,,SUN PHARMA LABS.LTD,MAXXIM,,master
AT-MOX-RED-250MG-60ML,MOX RED.250MG SYP.60ML,MOX RED.250MG,60 ML,Syrup,74.42,,,,,,,SUN PHARMA LABS.LTD,MAXXIM,,stock file
AT-MOXAM-D-EYE-DROP-5ML,MOXAM D EYE DROP 5ML,MOXAM D EYE DROP,5 ML,Drops,67.50,Dexamethasone + Moxifloxacin,dexamethasone+moxifloxacin,Dexamethasone | Moxifloxacin,2,,,ALKEM LABORAT. LTD,EYE CARE,main,stock file
AT-MOXAM-EYE-DROP-5ML,MOXAM EYE DROP 5ML,MOXAM EYE DROP,5 ML,Drops,65.63,Moxifloxacin,moxifloxacin,Moxifloxacin,1,,,ALKEM LABORAT. LTD,EYE CARE,main,stock file
AT-MOXAM-5S,MOXAM TAB 5'S,MOXAM,5'S,Tablet,135.55,Moxifloxacin 400mg,moxifloxacin 400mg,Moxifloxacin,1,Anti-infective,,ALKEM LABORATORIES,LTD.ALFA NEXGEN,alkem,stock file
AT-MOXCENT-0-2MG-10S,MOXCENT 0.2MG TAB 10S,MOXCENT 0.2MG,10S,Tablet,119.05,Moxonidine 0.2mg,moxonidine 0.2mg,Moxonidine,1,,,TORRENT PHARMACEUTICALS LTD,UNICHEM,torrent,master
AT-MOXCENT-0-3MG-10S,MOXCENT 0.3MG TAB 10S,MOXCENT 0.3MG,10S,Tablet,118.50,Moxonidine 0.2mg,moxonidine 0.2mg,Moxonidine,1,,,TORRENT PHARMACEUTICALS LTD,UNICHEM,torrent,stock file
AT-MOXCLAV-1000MG-4S,MOXCLAV 1000MG TABS 4'S,MOXCLAV 1000MG,4'S,Tablet,122.81,,,,,,,SUN PHARMA LAB.LTD,STANLIFE,,stock file
AT-MOXCLAV-156-25-ORAL-30ML,MOXCLAV 156.25 ORAL 30ML,MOXCLAV 156.25 ORAL,30 ML,,64.58,,,,,,,SUN PHARMA LAB.LTD,STANLIFE,,stock file
AT-MOXCLAV-375MG-10S,MOXCLAV 375MG TABS 10'S,MOXCLAV 375MG,10'S,Tablet,270.94,,,,,,,SUN PHARMA LAB.LTD,STANLIFE,,master
AT-MOXCLAV-625MG-TABS-10-S,MOXCLAV 625MG TABS 10'S*,MOXCLAV 625MG TABS 10'S*,,Tablet,195.38,,,,,,,SUN PHARMA LAB.LTD,STANLIFE,,master
AT-MOXCLAV-BD-DIST-228-5MG,MOXCLAV BD DIST.228.5MG,MOXCLAV BD DIST.228.5MG,,,172.50,,,,,,,SUN PHARMA LAB.LTD,STANLIFE,,master
AT-MOXCLAV-BD-SUSP-228-5MG-30ML,MOXCLAV BD SUSP. 228.5MG 30ML,MOXCLAV BD SUSP. 228.5MG,30 ML,Suspension,64.68,,,,,,,SUN PHARMA LAB.LTD,STANLIFE,,master
AT-MOXCLAV-DROP-10ML,MOXCLAV DROP 10ML,MOXCLAV DROP,10 ML,Drops,101.25,,,,,,,SUN PHARMA LAB.LTD,STANLIFE,,stock file
AT-MOXCLAV-DS-457MG-6S,MOXCLAV DS 457MG TABS 6S,MOXCLAV DS 457MG,6S,Tablet,192.19,,,,,,,SUN PHARMA LAB.LTD,STANLIFE,,stock file
AT-MOXCLAV-DS-SUS-457MG-30ML,MOXCLAV DS SUS.457MG 30ML,MOXCLAV DS SUS.457MG,30 ML,,179.06,,,,,,,SUN PHARMA LAB.LTD,STANLIFE,,master
AT-MOXCLAV-12GM,MOXCLAV. INJ 1.2GM,MOXCLAV,1.2 GM,Injection,112.13,,,,,,,SUN PHARMA LAB.LTD,STANLIFE,,stock file
AT-MOXLICE-EYE-DROP-5ML,MOXLICE EYE DROP 5ML,MOXLICE EYE DROP,5 ML,Drops,75.00,,,,,,,ROSSWELT BIOSCIENCES,,,stock file
AT-MOXOFL-LP-5ML,MOXOFL LP 5ML,MOXOFL LP,5 ML,,112.92,Loteprednol + Moxifloxacin,loteprednol+moxifloxacin,Loteprednol | Moxifloxacin,2,,,ALEMBIC,EYE CARE,main,stock file
AT-MOXOFT-D-DROP-5ML,MOXOFT D DROP 5ML,MOXOFT D DROP,5 ML,Drops,118.03,Dexamethasone + Moxifloxacin,dexamethasone+moxifloxacin,Dexamethasone | Moxifloxacin,2,,,ALEMBIC,EYE CARE,main,stock file
AT-MOXOFT-EYE-5ML,MOXOFT EYE DROPS 5ML,MOXOFT EYE,5 ML,Drops,106.45,Moxifloxacin,moxifloxacin,Moxifloxacin,1,,,ALEMBIC,EYE CARE,main,stock file
AT-MOXOFT-KTL-DROP-5ML,MOXOFT KTL DROP 5ML,MOXOFT KTL DROP,5 ML,Drops,108.89,Ketorolac + Moxifloxacin,ketorolac+moxifloxacin,Ketorolac | Moxifloxacin,2,,,ALEMBIC,EYE CARE,main,stock file
AT-MPOWERVIT-10S,MPOWERVIT TAB 10'S,MPOWERVIT,10'S,Tablet,360.00,,needs_verification,Needs_verification,1,,,AGLOWMED LTD,Radiance,main,stock file
AT-MTAZ-15GM,MTAZ CREAM 15GM.,MTAZ,15 GM,Cream,148.13,,,,,,,WALLACE PHARMA,RIVELA,,stock file
AT-MUCOSYN-5-10S,MUCOSYN 5 TABS 10'S,MUCOSYN 5,10'S,Tablet,54.84,Ambroxol,ambroxol,Ambroxol,1,,,ALEMBIC,ELENA,main,stock file
AT-MUCOVISC,MUCOVISC TAB,MUCOVISC,,Tablet,186.56,Acetylcysteine 600mg,acetylcysteine 600mg,Acetylcysteine,1,,,TORRENT PHARMA,VISTA,torrent,stock file
AT-MULTIFER-GOLD-10S,MULTIFER-GOLD TAB 10S,MULTIFER-GOLD,10S,Tablet,178.13,,,,,,,NEO LIFE SCIENCES,,,master
AT-MULTIFIBRO-10S,MULTIFIBRO CAP 10'S,MULTIFIBRO,10'S,Capsule,150.00,,,,,,,INDOCO,REMEDIES LTD,,stock file
AT-MULTIGRIF-DROP-15ML,MULTIGRIF DROP 15ML,MULTIGRIF DROP,15 ML,Drops,65.00,,,,,,,NUTRIMED HEALTHCARE,PVT.LTD,,stock file
AT-MULTIGRIF-200ML,MULTIGRIF SYRUP 200ML,MULTIGRIF,200 ML,Syrup,190.00,,,,,,,NUTRIMED HEALTHCARE,PVT.LTD,,stock file
AT-MULTIGRIF-10S,MULTIGRIF TAB 10,MULTIGRIF,10'S,Tablet,146.85,,,,,,,NUTRIMED HEALTHCARE,PVT.LTD,,stock file
AT-MUSCLAR-6MG-10S,MUSCLAR 6MG TAB 10'S,MUSCLAR 6MG,10'S,Tablet,200.00,,,,,,,CELAGENEX RESEARCH INDIA PVT LTD,CCD,,master
AT-MUZIKA-10S,MUZIKA TAB 10S,MUZIKA,10S,Tablet,81.09,Alpha Lipoic Acid + Folic Acid + Methylcobalamin + Pyridoxine,alpha lipoic acid+folic acid+methylcobalamin+pyridoxine,Alpha Lipoic Acid | Folic Acid | Methylcobalamin | Pyridoxine,4,,,ALKEM LBT LTD,(imperia)CARDIO-2,main,stock file
AT-MYELOPACK-15S,MYELOPACK CAP 15S,MYELOPACK,15S,Capsule,147.19,,,,,,,KOYE PHARMACEUTICALS,CARDIC,,stock file
AT-MYFOS,MYFOS SACHET,MYFOS,,Sachet,454.69,,,,,,,SUN PHARMA,LABORATORIES LTD,,master
AT-MYOREVAL-10S,MYOREVAL TAB 1*10'S,MYOREVAL,10'S,Tablet,699.00,,,,,,,CELAGENEX RESEARCH INDIA PVT LTD,CCD,,stock file
AT-NAARICAL-15S,NAARICAL TAB 15'S,NAARICAL,15'S,Tablet,126.56,,,,,,,JAGSONPAL PHARMA,LTD.NARI DIV,,stock file
AT-NAGLUT-10-14S,NAGLUT 10 TAB 1*14,NAGLUT 10,14'S,Tablet,224.06,Teneligliptin,teneligliptin,Teneligliptin,1,,,ARRIENT HEALTHCARE,(ARRIENT)PRIVATE LIM,main,master
AT-NAGLUT-5-14S,NAGLUT 5 TAB 1*14,NAGLUT 5,14'S,Tablet,117.18,Teneligliptin,teneligliptin,Teneligliptin,1,,,ARRIENT HEALTHCARE,(ARRIENT)PRIVATE LIM,main,master
AT-NAGLUT-M-15S,NAGLUT M TAB 1*15,NAGLUT M,15'S,Tablet,257.81,Metformin + Teneligliptin,metformin+teneligliptin,Metformin | Teneligliptin,2,,,ARRIENT HEALTHCARE,(ARRIENT)PRIVATE LIM,main,master
AT-NAGLUT-S-10S,NAGLUT-S TAB 10'S,NAGLUT-S,10'S,Tablet,205.31,Dapagliflozin + Teneligliptin,dapagliflozin+teneligliptin,Dapagliflozin | Teneligliptin,2,,,ARRIENT HEALTHCARE,(ARRIENT)PRIVATE LIM,main,master
AT-NAGLUT-TRIO-FORTE-10S,NAGLUT-TRIO FORTE TAB 10'S,NAGLUT-TRIO FORTE,10'S,Tablet,224.06,Dapagliflozin + Metformin + Teneligliptin,dapagliflozin+metformin+teneligliptin,Dapagliflozin | Metformin | Teneligliptin,3,,,ARRIENT HEALTHCARE,(ARRIENT)PRIVATE LIM,main,master
AT-NAGLUT-TRIO-10S,NAGLUT-TRIO TAB 1*10'S,NAGLUT-TRIO,10'S,Tablet,216.56,Dapagliflozin + Metformin + Teneligliptin,dapagliflozin+metformin+teneligliptin,Dapagliflozin | Metformin | Teneligliptin,3,,,ARRIENT HEALTHCARE,(ARRIENT)PRIVATE LIM,main,master
AT-NAPROSYN-250MG-PLUS-15S,NAPROSYN 250MG PLUS TAB 15'S,NAPROSYN 250MG PLUS,15'S,Tablet,108.46,,,,,,,RPG LIFE SCIENCE LTD,GLODIAN,,master
AT-NAPROSYN-500MG-PLUS-15S,NAPROSYN 500MG PLUS TAB 15'S,NAPROSYN 500MG PLUS,15'S,Tablet,147.77,,,,,,,RPG LIFE SCIENCE LTD,GLODIAN,,master
AT-NAPROSYN-D-250MG-10S,NAPROSYN D 250MG TAB 10S,NAPROSYN D 250MG,10S,Tablet,85.58,Domperidone 10mg + Naproxen 250/500mg,domperidone 10mg+naproxen 250/500mg,Domperidone | Naproxen,2,Orthopedic,Pain with associated nausea/vomiting,RPG LIFE SCIENCE LTD,GLODIAN,rpg,master
AT-NAPROSYN-D-500MG-10S,NAPROSYN D 500MG TAB 10S,NAPROSYN D 500MG,10S,Tablet,112.85,Domperidone 10mg + Naproxen 250/500mg,domperidone 10mg+naproxen 250/500mg,Domperidone | Naproxen,2,Orthopedic,Pain with associated nausea/vomiting,RPG LIFE SCIENCE LTD,GLODIAN,rpg,master
AT-NAPROSYN-ES-375MG-10S,NAPROSYN ES+375MG TAB 10'S,NAPROSYN ES+375MG,10'S,Tablet,150.00,,,,,,,RPG LIFE SCIENCE LTD,GLODIAN,,master
AT-NAPROSYN-ES-500MG-10S,NAPROSYN ES+500MG TAB 10'S,NAPROSYN ES+500MG,10'S,Tablet,170.00,,,,,,,RPG LIFE SCIENCE LTD,GLODIAN,,master
AT-NAPROSYN-M-2S,NAPROSYN M TAB 2'S,NAPROSYN M,2'S,Tablet,117.55,,,,,,,RPG LIFE SCIENCE LTD,GLODIAN,,master
AT-NAPROSYN-PLUS-35GM,NAPROSYN PLUS GEL 35GM,NAPROSYN PLUS,35 GM,Gel,141.23,,,,,,,RPG LIFE SCIENCE LTD,GLODIAN,,master
AT-NAPROSYN-SR,NAPROSYN SR TAB,NAPROSYN SR,,Tablet,94.93,Esomeprazole 20mg + Naproxen 500mg,esomeprazole 20mg+naproxen 500mg,Esomeprazole | Naproxen,2,Orthopedic,Chronic pain and inflammatory joint disorders,RPG LIFE SCIENCE LTD,GLODIAN,manual,master
AT-NAPROSYN-SUSPEN-60ML,NAPROSYN SUSPEN.60ML,NAPROSYN SUSPEN,60 ML,,37.54,,,,,,,RPG LIFE SCIENCE LTD,GLODIAN,,master
AT-NAPROSYN-SUSPENSION-100ML,NAPROSYN SUSPENSION 100ML,NAPROSYN SUSPENSION,100 ML,Suspension,68.81,Naproxen 250/500mg,naproxen 250/500mg,Naproxen,1,Orthopedic,"Pain, inflammation, arthritis, musculoskeletal disorders",RPG LIFE SCIENCE LTD,GLODIAN,rpg,master
AT-NARICOVER-LOZENGES-10S,NARICOVER LOZENGES TAB 10'S,NARICOVER LOZENGES,10'S,Tablet,100.00,,,,,,,INDOCO,REMEDIES LTD,,stock file
AT-NASCENT-1-400MG-400GM,NASCENT 1 400MG POWDER 400GM,NASCENT 1 400MG,400 GM,Powder,895.00,,,,,,,BRITISH BIOLOGICAL CRITICAL CARE,,,stock file
AT-NASO-WIKORY-0-10,NASO WIKORY 0.10,NASO WIKORY 0.10,,,42.66,Xylometazoline,xylometazoline,Xylometazoline,1,,,ALEMBIC,RESPIRATORY,main,stock file
AT-NASO-WIKORYL-0-05,NASO WIKORYL 0.05,NASO WIKORYL 0.05,,,37.97,Xylometazoline,xylometazoline,Xylometazoline,1,,,ALEMBIC,RESPIRATORY,main,stock file
AT-NASONEX-NASAL-SPRAY-50MCG,NASONEX NASAL SPRAY 50MCG,NASONEX NASAL SPRAY 50MCG,,Nasal Spray,536.25,Mometasone Furoate,mometasone furoate,Mometasone Furoate,1,,,A.MENARINI,,main,stock file
AT-NATO-625MG-10S,NATO 625MG TAB 10'S,NATO 625MG,10'S,Tablet,140.63,,,,,,,SALASAR PHARMACEUTICALS,,,master
AT-NEBICARD-10-10S,NEBICARD 10 TAB 10S,NEBICARD 10,10S,Tablet,246.05,Nebivolol Hydrochloride,nebivolol hydrochloride,Nebivolol Hydrochloride,1,,,TORRENT PHARMACEUTICALS,PSYCAN,torrent,stock file
AT-NEBICARD-2-5-10S,NEBICARD 2.5 TAB 10S,NEBICARD 2.5,10S,Tablet,177.90,Nebivolol Hydrochloride,nebivolol hydrochloride,Nebivolol Hydrochloride,1,,,TORRENT PHARMACEUTICALS,PSYCAN,torrent,master
AT-NEBICARD-5-10S,NEBICARD 5 TAB 10S,NEBICARD 5,10S,Tablet,182.06,Nebivolol Hydrochloride,nebivolol hydrochloride,Nebivolol Hydrochloride,1,,,TORRENT PHARMACEUTICALS,PSYCAN,torrent,master
AT-NEBICARD-H-10S,NEBICARD H TAB 10S,NEBICARD H,10S,Tablet,248.06,Hydrochlorothiazide + Nebivolol Hydrochloride,hydrochlorothiazide+nebivolol hydrochloride,Hydrochlorothiazide | Nebivolol Hydrochloride,2,,,TORRENT PHARMACEUTICALS,PSYCAN,torrent,stock file
AT-NEBICARD-LN-2-5-10S,NEBICARD LN 2.5 TAB 10'S,NEBICARD LN 2.5,10'S,Tablet,107.81,Cilnidipine + Nebivolol Hydrochloride,cilnidipine+nebivolol hydrochloride,Cilnidipine | Nebivolol Hydrochloride,2,,,TORRENT PHARMACEUTICALS,PSYCAN,torrent,stock file
AT-NEBICARD-LN-5-10S,NEBICARD LN 5 TAB 10'S,NEBICARD LN 5,10'S,Tablet,131.25,Cilnidipine + Nebivolol Hydrochloride,cilnidipine+nebivolol hydrochloride,Cilnidipine | Nebivolol Hydrochloride,2,,,TORRENT PHARMACEUTICALS,PSYCAN,torrent,stock file
AT-NEBICARD-SM-10S,NEBICARD SM TAB 10S,NEBICARD SM,10S,Tablet,250.00,Nebivolol 5mg + S-Amlodipine 2.5mg,nebivolol 5mg+s-amlodipine 2.5mg,Nebivolol | S-Amlodipine,2,,,TORRENT PHARMACEUTICALS,PSYCAN,torrent,master
AT-NEBICARD-T-10S,NEBICARD T TAB 10'S,NEBICARD T,10'S,Tablet,335.53,Nebivolol Hydrochloride + Telmisartan 2.5mg,nebivolol hydrochloride+telmisartan 2.5mg,Nebivolol Hydrochloride | Telmisartan,2,,,TORRENT PHARMACEUTICALS,PSYCAN,torrent,master
AT-NEBICARD-V-10S,NEBICARD-V TAB 10'S,NEBICARD-V,10'S,Tablet,226.22,,,,,,,TORRENT PHARMACEUTICALS,PSYCAN,,stock file
AT-NEBIPIL-SA-10S,NEBIPIL SA TAB 10'S,NEBIPIL SA,10'S,Tablet,137.34,Nebivolol + S-Amlodipine,nebivolol+s-amlodipine,Nebivolol | S-Amlodipine,2,Anti-Hypertensive,,ALKEM LABORATORIES,LTD DIABTALOGY,main,stock file
AT-NEEM,NEEM CAPS,NEEM,,Capsule,240.00,Azadirachta Indica,azadirachta indica,Azadirachta Indica,1,,,HIMALAYA DRUG COMPANY,OTX,main,master
AT-NEFUSA-10S,NEFUSA TAB 10'S,NEFUSA,10'S,Tablet,86.62,Nifedipine,nifedipine,Nifedipine,1,,,ARRIENT HEALTHCARE,(ORENDA)PRIVATE LIM,main,master
AT-NEO-VIT-10S,NEO-VIT CAP 10S,NEO-VIT,10S,Capsule,184.19,,,,,,,NEO LIFE SCIENCES,,,master
AT-NEOCAL-K2-7-10S,NEOCAL-K2-7 TAB 10S,NEOCAL-K2-7,10S,Tablet,263.00,,,,,,,NEO LIFE SCIENCES,,,master
AT-NEOCAL-PLUS-10S,NEOCAL-PLUS TAB 10'S,NEOCAL-PLUS,10'S,Tablet,140.00,,,,,,,NEO LIFE SCIENCES,,,master
AT-NEOGADINE-15ML,NEOGADINE DROPS 15ML,NEOGADINE,15 ML,Drops,107.81,Iodised Peptone + Magnesium Chloride + Manganese Sulphate + Niacinamide + Pyridoxine + Zinc Sulphate,iodised peptone+magnesium chloride+manganese sulphate+niacinamide+pyridoxine+zinc sulphate,Iodised Peptone | Magnesium Chloride | Manganese Sulphate | Niacinamide | Pyridoxine | Zinc Sulphate,6,Vitamin & Mineral supplementation - Infants,"Improvement of physical & mental health, maintaining healthy immune function, convalescence and LBW babies",RAPTAKOS BRETT & CO.LIMITED,,raptakos,stock file
AT-NEOGADINE-ELIXER-300ML,NEOGADINE ELIXER 300ML,NEOGADINE ELIXER,300 ML,,233.50,,,,,,,RAPTAKOS BRETT & CO.LIMITED,,,master
AT-NEOGADINE-IMU-200ML,NEOGADINE IMU SYP 200ML,NEOGADINE IMU,200 ML,Syrup,195.00,,,,,,,RAPTAKOS BRETT & CO.LIMITED,,,stock file
AT-NEOGADINE-MIKROS-100ML,NEOGADINE MIKROS 100ML.,NEOGADINE MIKROS,100 ML,,149.00,Calcium Lactobionate + Iodised Peptone + Magnesium Chloride + Manganese Sulphate + Niacinamide + Pyridoxine + Sodium Metavanadate + Zinc Sulphate,calcium lactobionate+iodised peptone+magnesium chloride+manganese sulphate+niacinamide+pyridoxine+sodium metavanadate+zinc sulphate,Calcium Lactobionate | Iodised Peptone | Magnesium Chloride | Manganese Sulphate | Niacinamide | Pyridoxine | Sodium Metavanadate | Zinc Sulphate,8,Vitamin & Mineral supplementation - Children,"Lack of appetite, loss of weight, growth failure & convalescence",RAPTAKOS BRETT & CO.LIMITED,,raptakos,master
AT-NEOGADINE-S-G-300ML,NEOGADINE S.G. 300ML,NEOGADINE S.G,300 ML,,245.63,,,,,,,RAPTAKOS BRETT & CO.LIMITED,,,stock file
AT-NEOLAP-EYE-DROP-5ML,NEOLAP EYE DROP 5ML,NEOLAP EYE DROP,5 ML,Drops,142.13,Olopatadine,olopatadine,Olopatadine,1,,,ALEMBIC,EYE CARE,main,stock file
AT-NEOPEPTINE-10S,NEOPEPTINE CAPS 10`S,NEOPEPTINE,10'S,Capsule,78.50,Alpha-Amylase 100mg + Papain 100mg + Simethicone 30mg,alpha-amylase 100mg+papain 100mg+simethicone 30mg,Alpha-Amylase | Papain | Simethicone,3,Digestive Enzyme / Anti-flatulent,,RAPTAKOS BRETT & CO.LIMITED,,raptakos,master
AT-NEOPEPTINE-15ML,NEOPEPTINE DROPS 15ML,NEOPEPTINE,15 ML,Drops,117.50,Alpha-Amylase 20mg + Anise Oil 2mg + Caraway Oil 2mg/ml + Dill Oil 2mg + Papain 10mg,alpha-amylase 20mg+anise oil 2mg+caraway oil 2mg/ml+dill oil 2mg+papain 10mg,Alpha-Amylase | Anise Oil | Caraway Oil | Dill Oil | Papain,5,Digestive Enzyme / Carminative - Infants,"Infantile colic, post-feed abdominal distension, flatulence & indigestion",RAPTAKOS BRETT & CO.LIMITED,,raptakos,stock file
AT-NEOPEPTINE-FORTE-LIQ-60ML,NEOPEPTINE FORTE LIQ. 60ML,NEOPEPTINE FORTE LIQ,60 ML,,150.00,,,,,,,RAPTAKOS BRETT & CO.LIMITED,,,stock file
AT-NEOPEPTINE-LIQ-60ML,NEOPEPTINE LIQ. 60ML,NEOPEPTINE LIQ,60 ML,,131.20,Cyanocobalamin 2.5mcg + Folic Acid 200mcg + Peptonised Iron 176.5mg + Protein 100mg,cyanocobalamin 2.5mcg+folic acid 200mcg+peptonised iron 176.5mg+protein 100mg,Cyanocobalamin | Folic Acid | Peptonised Iron | Protein,4,,,RAPTAKOS BRETT & CO.LIMITED,,manual,master
AT-NEOPEPTINE-LIQ-100ML,NEOPEPTINE LIQ.100ML,NEOPEPTINE LIQ,100 ML,,168.75,,,,,,,RAPTAKOS BRETT & CO.LIMITED,,,stock file
AT-NEORAB-DSR,NEORAB DSR TABS,NEORAB DSR,,Tablet,140.63,,,,,,,NEO LIFE SCIENCES,,,master
AT-NEOSPORIN-ANTIBIOTIC-OINTMEN-10GM,NEOSPORIN ANTIBIOTIC OINTMENT 10GM,NEOSPORIN ANTIBIOTIC OINTMENT,10 GM,Ointment,123.38,Bacitracin + Neomycin,bacitracin+neomycin,Bacitracin | Neomycin,2,,,GSK LIMITED TEAM PC2,FORTIOR,main,master
AT-NEOSPORIN-H-5ML,NEOSPORIN H DROPS 5 ML,NEOSPORIN H,5 ML,Drops,101.55,,,,,,,GSK LIMITED TEAM PC2,FORTIOR,,stock file
AT-NEOSPORIN-H-OINTMENT-5GM,NEOSPORIN H OINTMENT 5GM,NEOSPORIN H OINTMENT,5 GM,Ointment,86.35,Hydrocortisone + Neomycin,hydrocortisone+neomycin,Hydrocortisone | Neomycin,2,,,GSK LIMITED TEAM PC2,FORTIOR,main,master
AT-NEOSPORIN-OINTMENT-30GM,NEOSPORIN OINTMENT 30GM,NEOSPORIN OINTMENT,30 GM,Ointment,218.25,Bacitracin + Neomycin,bacitracin+neomycin,Bacitracin | Neomycin,2,,,GSK LIMITED TEAM PC2,FORTIOR,main,master
AT-NEOSPORIN-10GM,NEOSPORIN POWDER 10GM,NEOSPORIN,10 GM,Powder,107.15,Bacitracin + Neomycin,bacitracin+neomycin,Bacitracin | Neomycin,2,,,GSK LIMITED TEAM PC2,FORTIOR,main,master
AT-NEOSPORIN-SKIN-OINTMENT-30GM,NEOSPORIN SKIN OINTMENT 30GM,NEOSPORIN SKIN OINTMENT,30 GM,Ointment,240.00,,,,,,,GSK LIMITED TEAM PC2,FORTIOR,,stock file
AT-NEOTOP-D-10S,NEOTOP-D TAB 10S,NEOTOP-D,10S,Tablet,84.38,,,,,,,NEO LIFE SCIENCES,,,stock file
AT-NEOTOP-DSR,NEOTOP-DSR CAP,NEOTOP-DSR,,Capsule,145.31,,,,,,,NEO LIFE SCIENCES,,,master
AT-NEOWELT-GM-15GM,NEOWELT-GM CREAM 15GM,NEOWELT-GM,15 GM,Cream,48.75,,,,,,,ROSSWELT BIOSCIENCES,,,stock file
AT-NEOZEET-60ML,NEOZEET SYP. 60ML,NEOZEET,60 ML,Syrup,55.22,Cetirizine,cetirizine,Cetirizine,1,,,ALEMBIC,MAXIS,main,stock file
AT-NEOZONE-SB-IM-IV,NEOZONE-SB IM/IV INJ,NEOZONE-SB IM/IV,,Injection,168.75,,,,,,,NEO LIFE SCIENCES,,,stock file
AT-NEPHROCAPS-15S,NEPHROCAPS TABS 15S,NEPHROCAPS,15S,Tablet,146.25,Multivitamins,multivitamins,Multivitamins,1,,,TORRENT PHARMA,B-WELL,torrent,stock file
AT-NERV-M-10S,NERV-M TAB 10S,NERV-M,10S,Tablet,144.09,,,,,,,"RPG LIFE SCIENCES L..,",SEARLE,,stock file
AT-NERVMAX-ACTIVE-10S,NERVMAX ACTIVE CAP 10'S,NERVMAX ACTIVE,10'S,Capsule,195.90,Alpha Lipoic Acid + Methylcobalamin,alpha lipoic acid+methylcobalamin,Alpha Lipoic Acid | Methylcobalamin,2,,,ALKEM LABORATORIES LTD,BERGEN CRISTA,main,master
AT-NERVMAX-10S,NERVMAX CAP 10'S,NERVMAX,10'S,Capsule,195.94,Alpha Lipoic Acid + Folic Acid + Methylcobalamin + Pyridoxine,alpha lipoic acid+folic acid+methylcobalamin+pyridoxine,Alpha Lipoic Acid | Folic Acid | Methylcobalamin | Pyridoxine,4,Management of Neuropathic Pain,,ALKEM LABORATORIES LTD,BERGEN CRISTA,main,stock file
AT-NERVMAX-D-50-20MG-10S,NERVMAX D 50/20MG CAP 10'S,NERVMAX D 50/20MG,10'S,Capsule,163.13,Duloxetine + Pregabalin,duloxetine+pregabalin,Duloxetine | Pregabalin,2,,,ALKEM LABORATORIES LTD,BERGEN CRISTA,main,master
AT-NERVMAX-D-75-20MG-10S,NERVMAX D 75/20MG CAP 10'S,NERVMAX D 75/20MG,10'S,Capsule,223.10,Duloxetine + Pregabalin,duloxetine+pregabalin,Duloxetine | Pregabalin,2,,,ALKEM LABORATORIES LTD,BERGEN CRISTA,main,master
AT-NERVMAX-D-75-30-MG-10S,NERVMAX D 75/30 MG CAP 10'S,NERVMAX D 75/30 MG,10'S,Capsule,245.63,Duloxetine + Pregabalin,duloxetine+pregabalin,Duloxetine | Pregabalin,2,,,ALKEM LABORATORIES LTD,BERGEN CRISTA,main,stock file
AT-NERVMAX-SR-75-10S,NERVMAX SR 75 CAP 10'S,NERVMAX SR 75,10'S,Capsule,235.30,Methylcobalamin 1500mcg + Pragabalin 75mg,methylcobalamin 1500mcg+pragabalin 75mg,Methylcobalamin | Pragabalin,2,Management of Neuropathic Pain,,ALKEM LABORATORIES LTD,BERGEN CRISTA,manual,master
AT-NERVMAX-MNT-10S,NERVMAX-MNT TAB 10'S,NERVMAX-MNT,10'S,Tablet,255.00,Methylcobalamin + Nortriptyline + Pregabalin,methylcobalamin+nortriptyline+pregabalin,Methylcobalamin | Nortriptyline | Pregabalin,3,,,ALKEM LABORATORIES LTD,BERGEN CRISTA,main,master
AT-NERVMAX-NT-10S,NERVMAX-NT TAB 10'S,NERVMAX-NT,10'S,Tablet,251.25,Nortriptyline 10mg + Pragabalin 75mg,nortriptyline 10mg+pragabalin 75mg,Nortriptyline | Pragabalin,2,Management of Neuropathic Pain,,ALKEM LABORATORIES LTD,BERGEN CRISTA,manual,master
AT-NERVSENZ-10S,NERVSENZ TAB 10S,NERVSENZ,10S,Tablet,157.03,,,,,,,KOYE PHARMACEUTICALS,P.LTD,,stock file
AT-NEUDIVA-OD-500MG-10S,NEUDIVA OD 500MG TAB 10'S,NEUDIVA OD 500MG,10'S,Tablet,155.62,Divalproex Sodium,divalproex sodium,Divalproex Sodium,1,,,ARRIENT HEALTHCARE,(NEUROX)PRIVATE LIM,main,master
AT-NEUDIVA-OD-250MG-10S,NEUDIVA OD-250MG TAB 10'S,NEUDIVA OD-250MG,10'S,Tablet,95.62,Divalproex Sodium,divalproex sodium,Divalproex Sodium,1,,,ARRIENT HEALTHCARE,(NEUROX)PRIVATE LIM,main,master
AT-NEUGABA-75-MG-10S,NEUGABA 75 MG TAB 10'S,NEUGABA 75 MG,10'S,Tablet,196.88,,,,,,,SUN PHARMA,LABORATORIES LTD,,master
AT-NEUGABA-ER-75MG-10S,NEUGABA ER 75MG TAB 10'S,NEUGABA ER 75MG,10'S,Tablet,194.06,,,,,,,SUN PHARMA,LABORATORIES LTD,,master
AT-NEUGABA-M-75MG-15S,NEUGABA M 75MG TAB 15'S,NEUGABA M 75MG,15'S,Tablet,304.69,,,,,,,SUN PHARMA,LABORATORIES LTD,,master
AT-NEUGABA-MN-10S,NEUGABA MN TAB 10'S,NEUGABA MN,10'S,Tablet,278.44,,,,,,,SUN PHARMA,LABORATORIES LTD,,master
AT-NEUGATRIP-10S,NEUGATRIP TAB 10'S,NEUGATRIP,10'S,Tablet,210.94,,,,,,,SUN PHARMA LAB.LTD,CROSSLAND-LIFE,,master
AT-NEUPIP-20-MG-10S,NEUPIP 20 MG TAB 10,NEUPIP 20 MG,10'S,Tablet,145.31,Olanzapine,olanzapine,Olanzapine,1,,,ARRIENT HEALTHCARE,(NEUROX)PRIVATE LIM,main,stock file
AT-NEUPIP-MD-10MG-10S,NEUPIP MD-10MG TAB 10'S,NEUPIP MD-10MG,10'S,Tablet,103.13,Olanzapine,olanzapine,Olanzapine,1,,,ARRIENT HEALTHCARE,(NEUROX)PRIVATE LIM,main,stock file
AT-NEUPIP-MD-15MG-10S,NEUPIP MD-15MG TAB 10'S,NEUPIP MD-15MG,10'S,Tablet,113.44,Olanzapine,olanzapine,Olanzapine,1,,,ARRIENT HEALTHCARE,(NEUROX)PRIVATE LIM,main,stock file
AT-NEUPIP-MD-5MG-10S,NEUPIP MD-5MG TAB 10'S,NEUPIP MD-5MG,10'S,Tablet,69.38,Olanzapine,olanzapine,Olanzapine,1,,,ARRIENT HEALTHCARE,(NEUROX)PRIVATE LIM,main,stock file
AT-NEUROKEM-50MG-10S,NEUROKEM 50MG TAB 10'S,NEUROKEM 50MG,10'S,Tablet,127.50,Pregabalin 50mg,pregabalin 50mg,Pregabalin,1,NEUROPATHIC PAIN,,ALKEM LAB. LTD,PENTACARE,manual,master
AT-NEUROKEM-75-10S,NEUROKEM 75 CAP 10'S,NEUROKEM 75,10'S,Capsule,231.55,Pregabalin 75mg,pregabalin 75mg,Pregabalin,1,NEUROPATHIC PAIN,,ALKEM LAB. LTD,PENTACARE,manual,master
AT-NEUROKEM-D-50-20MG-10S,NEUROKEM D 50/20MG CAP 10'S,NEUROKEM D 50/20MG,10'S,Capsule,179.05,Duloxetine + Pregabalin,duloxetine+pregabalin,Duloxetine | Pregabalin,2,,,ALKEM LAB. LTD,PENTACARE,main,master
AT-NEUROKEM-D-50-30MG-10S,NEUROKEM D 50/30MG CAP 10'S,NEUROKEM D 50/30MG,10'S,Capsule,270.15,Duloxetine + Pregabalin,duloxetine+pregabalin,Duloxetine | Pregabalin,2,,,ALKEM LAB. LTD,PENTACARE,main,stock file
AT-NEUROKEM-D-75-20MG-10S,NEUROKEM D 75/20MG CAP 10'S,NEUROKEM D 75/20MG,10'S,Capsule,244.65,Duloxetine 20mg + Pregabalin 75mg,duloxetine 20mg+pregabalin 75mg,Duloxetine | Pregabalin,2,Anti-Epileptic,,ALKEM LAB. LTD,PENTACARE,alkem,master
AT-NEUROKEM-D-75-30MG-10S,NEUROKEM D 75/30MG CAP 10'S,NEUROKEM D 75/30MG,10'S,Capsule,296.25,Duloxetine 30mg + Pregabalin 75mg,duloxetine 30mg+pregabalin 75mg,Duloxetine | Pregabalin,2,Anti-Epileptic,,ALKEM LAB. LTD,PENTACARE,alkem,master
AT-NEUROKEM-M-10S,NEUROKEM M CAP 10'S,NEUROKEM M,10'S,Capsule,199.69,Methylcobalamin 750mcg + Pregabalin 75mg,methylcobalamin 750mcg+pregabalin 75mg,Methylcobalamin | Pregabalin,2,NEUROPATHIC PAIN,,ALKEM LAB. LTD,PENTACARE,manual,master
AT-NEUROKEM-PLUS-10S,NEUROKEM PLUS CAP 10'S,NEUROKEM PLUS,10'S,Capsule,226.85,Alpha Lipoic Acid + Methylcobalamin + Pregabalin,alpha lipoic acid+methylcobalamin+pregabalin,Alpha Lipoic Acid | Methylcobalamin | Pregabalin,3,NEUROPATHIC PAIN,,ALKEM LAB. LTD,PENTACARE,main,master
AT-NEUROKEM-MNT-15S,NEUROKEM-MNT TAB 15'S,NEUROKEM-MNT,15'S,Tablet,255.00,Methylcobalamin + Nortriptyline + Pregabalin,methylcobalamin+nortriptyline+pregabalin,Methylcobalamin | Nortriptyline | Pregabalin,3,,,ALKEM LAB. LTD,PENTACARE,main,master
AT-NEUROKEM-NT-50-15S,NEUROKEM-NT 50 TAB 15'S,NEUROKEM-NT 50,15'S,Tablet,238.13,Nortriptyline 10mg + Pregabalin 50mg,nortriptyline 10mg+pregabalin 50mg,Nortriptyline | Pregabalin,2,,,ALKEM LAB. LTD,PENTACARE,manual,master
AT-NEUROKEM-NT-15S,NEUROKEM-NT TAB 15'S,NEUROKEM-NT,15'S,Tablet,357.66,Nortriptyline 10mg + Pregabalin 75mg,nortriptyline 10mg+pregabalin 75mg,Nortriptyline | Pregabalin,2,,,ALKEM LAB. LTD,PENTACARE,manual,master
AT-NEUROKEM-OD-75MG-10S,NEUROKEM-OD 75MG TAB 10'S,NEUROKEM-OD 75MG,10'S,Tablet,197.81,Pregabalin,pregabalin,Pregabalin,1,,,ALKEM LAB. LTD,PENTACARE,main,master
AT-NEUROKEM-OD-75MG-10S-2,NEUROKEM-OD 75MG TAB 10S,NEUROKEM-OD 75MG,10S,Tablet,251.70,Pregabalin,pregabalin,Pregabalin,1,,,ALKEM LAB. LTD,PENTACARE,main,stock file
AT-NEUROMEDA-FORTE-SR-10S,NEUROMEDA FORTE SR TAB 10'S,NEUROMEDA FORTE SR,10'S,Tablet,214.50,Methylcobalamin 1500mcg + Nortriptyline 10mg + Pregabalin 75mg,methylcobalamin 1500mcg+nortriptyline 10mg+pregabalin 75mg,Methylcobalamin | Nortriptyline | Pregabalin,3,,,ANDROMEDA PHARMACEUTICALS,P. L,manual,master
AT-NEUROMEDA-INJ-1-2ML,NEUROMEDA INJ. 1*2ML,NEUROMEDA INJ. 1*,2 ML,Injection,45.00,Methylcobalamin,methylcobalamin,Methylcobalamin,1,,,ANDROMEDA PHARMACEUTICALS,P. L,main,stock file
AT-NEUROMEDA-2ML,NEUROMEDA INJ. 2ML,NEUROMEDA,2 ML,Injection,45.00,Alpha Lipoic Acid + Cholecalciferol + Folic Acid + Methylcobalamin + Pyridoxine,alpha lipoic acid+cholecalciferol+folic acid+methylcobalamin+pyridoxine,Alpha Lipoic Acid | Cholecalciferol | Folic Acid | Methylcobalamin | Pyridoxine,5,,"Diabetic neuropathy, chronic pain and neurodegenerative disease",ANDROMEDA PHARMACEUTICALS,P. L,manual,master
AT-NEUROMEDA-10S,NEUROMEDA TAB 10'S,NEUROMEDA,10'S,Tablet,168.75,Methylcobalamin + Multivitamins,methylcobalamin+multivitamins,Methylcobalamin | Multivitamins,2,,"Diabetic neuropathy, chronic pain and neurodegenerative disease",ANDROMEDA PHARMACEUTICALS,P. L,main,master
AT-NEUROMEDA-10S-2,NEUROMEDA TAB 10S,NEUROMEDA,10S,Tablet,168.75,Alpha Lipoic Acid + Folic Acid + Methylcobalamin + Pyridoxine,alpha lipoic acid+folic acid+methylcobalamin+pyridoxine,Alpha Lipoic Acid | Folic Acid | Methylcobalamin | Pyridoxine,4,,"Diabetic neuropathy, chronic pain and neurodegenerative disease",ANDROMEDA PHARMACEUTICALS,P. L,main,stock file
AT-NEUROMEDA-P-10S,NEUROMEDA-P TAB 10'S,NEUROMEDA-P,10'S,Tablet,168.75,Methylcobalamin + Pregabalin,methylcobalamin+pregabalin,Methylcobalamin | Pregabalin,2,,,ANDROMEDA PHARMACEUTICALS,P. L,main,master
AT-NEURONE-FORTE,NEURONE FORTE INJ.,NEURONE FORTE,,Injection,88.00,,,,,,,ONESTEP HEALTHCARE,P. LTD,,master
AT-NEURONE-INJ-1-2ML,NEURONE INJ. 1*2ML,NEURONE INJ. 1*,2 ML,Injection,69.38,,,,,,,ONESTEP HEALTHCARE,P. LTD,,stock file
AT-NEURONE-10S,NEURONE TAB 10S,NEURONE,10S,Tablet,120.00,Methylcobalamin 1500mcg,methylcobalamin 1500mcg,Methylcobalamin,1,,,ONESTEP HEALTHCARE,P. LTD,main,master
AT-NEURONE-G-10S,NEURONE-G TAB 10S,NEURONE-G,10S,Tablet,176.25,,,,,,,ONESTEP HEALTHCARE,P. LTD,,master
AT-NEUSULPA-100MG-10S,NEUSULPA-100MG TAB 10'S,NEUSULPA-100MG,10'S,Tablet,148.13,Amisulpride,amisulpride,Amisulpride,1,,,ARRIENT HEALTHCARE,(NEUROX)PRIVATE LIM,main,stock file
AT-NEUSULPA-200MG-10S,NEUSULPA-200MG TAB 10'S,NEUSULPA-200MG,10'S,Tablet,217.50,Amisulpride,amisulpride,Amisulpride,1,,,ARRIENT HEALTHCARE,(NEUROX)PRIVATE LIM,main,stock file
AT-NEUSULPA-50MG-10S,NEUSULPA-50MG TAB 10'S,NEUSULPA-50MG,10'S,Tablet,84.38,Amisulpride,amisulpride,Amisulpride,1,,,ARRIENT HEALTHCARE,(NEUROX)PRIVATE LIM,main,stock file
AT-NEVELOL-2-5MG-10S,NEVELOL 2.5MG TAB 10'S,NEVELOL 2.5MG,10'S,Tablet,46.88,Nebivolol,nebivolol,Nebivolol,1,,,FINECURE PHARMACEUTICALS,LTD,main,master
AT-NEVELOL-5MG-10S,NEVELOL 5MG TAB 10'S,NEVELOL 5MG,10'S,Tablet,75.94,Nebivolol,nebivolol,Nebivolol,1,,,FINECURE PHARMACEUTICALS,LTD,main,master
AT-NEVELOL-AM-10S,NEVELOL AM TAB 10'S,NEVELOL AM,10'S,Tablet,90.00,Amlodipine + Nebivolol,amlodipine+nebivolol,Amlodipine | Nebivolol,2,,,FINECURE PHARMACEUTICALS,LTD,main,master
AT-NEVELOL-H-10S,NEVELOL-H TAB 10'S,NEVELOL-H,10'S,Tablet,92.00,Hydrochlorothiazide + Nebivolol,hydrochlorothiazide+nebivolol,Hydrochlorothiazide | Nebivolol,2,,,FINECURE PHARMACEUTICALS,LTD,main,master
AT-NEW-BIFLACE-5ML,NEW BIFLACE VIAL 5ML,NEW BIFLACE,5 ML,Vial,115.78,,needs_verification,Needs_verification,1,,,ALEMBIC,EYE CARE,main,stock file
AT-NEW-COLDACT-10S,NEW COLDACT TAB 10'S,NEW COLDACT,10'S,Tablet,109.69,,,,,,,SUN PHARMA LAB.LTD,CROSSLAND-LIFE,,stock file
AT-NEW-GRAMOGYL-10S,NEW GRAMOGYL TAB 10S,NEW GRAMOGYL,10S,Tablet,70.31,,,,,,,SUN PHARMA LAB.LTD,STANLIFE,,stock file
AT-NEWCET-10S,NEWCET TABS 10S,NEWCET,10S,Tablet,42.19,,,,,,,NEO LIFE SCIENCES,,,stock file
AT-NEWCITA-10MG-15S,NEWCITA 10MG TAB 15'S,NEWCITA 10MG,15'S,Tablet,144.27,Escitalopram 10mg,escitalopram 10mg,Escitalopram,1,ANTIDEPRESSANT,,ALKEM LAB. LTD,PENTACARE,alkem,master
AT-NEWCITA-15MG-10S,NEWCITA 15MG TAB 10'S,NEWCITA 15MG,10'S,Tablet,130.10,Escitalopram,escitalopram,Escitalopram,1,,,ALKEM LAB. LTD,PENTACARE,main,master
AT-NEWCITA-20MG-10S,NEWCITA 20MG TAB 10'S,NEWCITA 20MG,10'S,Tablet,230.11,Escitalopram 20mg,escitalopram 20mg,Escitalopram,1,ANTIDEPRESSANT,,ALKEM LAB. LTD,PENTACARE,alkem,master
AT-NEWCITA-5MG-10S,NEWCITA 5MG TAB 10'S,NEWCITA 5MG,10'S,Tablet,80.48,Escitalopram 5mg,escitalopram 5mg,Escitalopram,1,ANTIDEPRESSANT,,ALKEM LAB. LTD,PENTACARE,alkem,master
AT-NEWCITA-LITE-10S,NEWCITA LITE TAB 10'S,NEWCITA LITE,10'S,Tablet,141.55,Clonazepam 0.25mg + Escitalopram 10mg,clonazepam 0.25mg+escitalopram 10mg,Clonazepam | Escitalopram,2,ANTIDEPRESSANT,,ALKEM LAB. LTD,PENTACARE,manual,master
AT-NEWCITA-MINI-10S,NEWCITA MINI TAB 10'S,NEWCITA MINI,10'S,Tablet,102.15,Clonazepam 0.5mg + Escitalopram 5mg,clonazepam 0.5mg+escitalopram 5mg,Clonazepam | Escitalopram,2,ANTIDEPRESSANT,,ALKEM LAB. LTD,PENTACARE,manual,master
AT-NEWCITA-PLUS-15S,NEWCITA PLUS TAB 15'S,NEWCITA PLUS,15'S,Tablet,299.45,Clonazepam 0.5mg + Escitalopram 10mg,clonazepam 0.5mg+escitalopram 10mg,Clonazepam | Escitalopram,2,ANTIDEPRESSANT,,ALKEM LAB. LTD,PENTACARE,alkem,master
AT-NEWDOX-CV-325MG-6S,NEWDOX CV-325MG TAB 6S,NEWDOX CV-325MG,6S,Tablet,267.19,,,,,,,NEO LIFE SCIENCES,,,master
AT-NEWVEN-OD-100-10S,NEWVEN OD 100 TAB 10'S,NEWVEN OD 100,10'S,Tablet,223.78,,,,,,,TORRENT PHARMACEUTICAL,AXON,,stock file
AT-NEWVEN-OD-50-10,NEWVEN OD 50 10,NEWVEN OD 50 10,,,136.59,,,,,,,TORRENT PHARMACEUTICAL,AXON,,stock file
AT-NEXPRO-20-15S,NEXPRO 20 TAB 15 S,NEXPRO 20,15 S,Tablet,115.30,,,,,,,TORRENT PHARMACEUTICAL,PRIMA,,master
AT-NEXPRO-40-15S,NEXPRO 40 TAB 15S,NEXPRO 40,15S,Tablet,187.50,,,,,,,TORRENT PHARMACEUTICAL,PRIMA,,master
AT-NEXPRO-FAST-20-10S,NEXPRO FAST 20 TAB 10S,NEXPRO FAST 20,10S,Tablet,80.86,,,,,,,TORRENT PHARMACEUTICAL,PRIMA,,stock file
AT-NEXPRO-FAST-40-10S,NEXPRO FAST 40 TAB 10S,NEXPRO FAST 40,10S,Tablet,139.69,,,,,,,TORRENT PHARMACEUTICAL,PRIMA,,stock file
AT-NEXPRO-HP-6S,NEXPRO HP KIT TAB 6'S,NEXPRO HP,6'S,Tablet,204.00,Amoxicillin + Combipack Of Clarithromycin + Esomeprazole Gastro-Resistant,amoxicillin+combipack of clarithromycin+esomeprazole gastro-resistant,Amoxicillin | Combipack Of Clarithromycin | Esomeprazole Gastro-Resistant,3,,,TORRENT PHARMACEUTICAL,PRIMA,torrent,stock file
AT-NEXPRO-IT-TAB-10S-10,NEXPRO IT TAB 10S 10,NEXPRO IT TAB 10S 10,,Tablet,190.88,,,,,,,TORRENT PHARMACEUTICALS,LTD,,master
AT-NEXPRO-JUNIOR-1GM-SACH,NEXPRO JUNIOR 1GM SACH.,NEXPRO JUNIOR 1GM SACH,,,26.81,,,,,,,TORRENT PHARMA LTD,SONORA WIRRIORS,,master
AT-NEXPRO-L-10S,NEXPRO L CAP 10S,NEXPRO L,10S,Capsule,315.25,Esomeprazole Dr + Levosulpiride,esomeprazole dr+levosulpiride,Esomeprazole Dr | Levosulpiride,2,,,TORRENT PHARMACEUTICAL,PRIMA,torrent,master
AT-NEXPRO-RD-20-10S,NEXPRO RD 20 CAP 10S,NEXPRO RD 20,10S,Capsule,111.00,Domperidone + Esomeprazole,domperidone+esomeprazole,Domperidone | Esomeprazole,2,,,TORRENT PHARMACEUTICAL,PRIMA,torrent,stock file
AT-NEXPRO-RD-40-10S,NEXPRO RD 40 CAP 10S,NEXPRO RD 40,10S,Capsule,182.80,Domperidone + Esomeprazole,domperidone+esomeprazole,Domperidone | Esomeprazole,2,,,TORRENT PHARMACEUTICAL,PRIMA,torrent,master
AT-NEXTOP-100-10S,NEXTOP 100 TAB 10,NEXTOP 100,10'S,Tablet,315.47,Topiramate 100mg,topiramate 100mg,Topiramate,1,,,TORRENT PHARMACEUTICALS,MIND,torrent,master
AT-NEXTOP-25-10S,NEXTOP 25 TAB 10,NEXTOP 25,10'S,Tablet,100.40,Topiramate 100mg,topiramate 100mg,Topiramate,1,,,TORRENT PHARMACEUTICALS,MIND,torrent,master
AT-NEXTOP-50-10S,NEXTOP 50 TAB 10,NEXTOP 50,10'S,Tablet,166.41,Topiramate 100mg,topiramate 100mg,Topiramate,1,,,TORRENT PHARMACEUTICALS,MIND,torrent,master
AT-NEXTRIL-50-10S,NEXTRIL 50 TAB 10'S,NEXTRIL 50,10'S,Tablet,112.50,Tofisopam 50mg,tofisopam 50mg,Tofisopam,1,,,TORRENT PHARMACEUTICALS,NURON,torrent,stock file
AT-NEXVENLA-OD-100MG-10S,NEXVENLA OD 100MG TAB 10'S,NEXVENLA OD 100MG,10'S,Tablet,366.55,Venlafaxine,venlafaxine,Venlafaxine,1,,,ALKEM LAB.LTD,PRIZMA,main,master
AT-NEXVENLA-OD-100MG-10S-2,NEXVENLA OD 100MG TAB 10S,NEXVENLA OD 100MG,10S,Tablet,366.55,Venlafaxine,venlafaxine,Venlafaxine,1,,,ALKEM LAB.LTD,PRIZMA,main,stock file
AT-NEXVENLA-OD-PLUS-10S,NEXVENLA OD PLUS 10'S,NEXVENLA OD PLUS,10'S,,238.10,Clonazepam 0.5mg + Desvenlafaxine 50mg,clonazepam 0.5mg+desvenlafaxine 50mg,Clonazepam | Desvenlafaxine,2,,,ALKEM LAB.LTD,PRIZMA,manual,master
AT-NEXVENLA-OD-50MG-10S,NEXVENLA-OD 50MG TAB 10'S,NEXVENLA-OD 50MG,10'S,Tablet,212.80,Desvenlafaxine 50mg,desvenlafaxine 50mg,Desvenlafaxine,1,Antidepressant,,ALKEM LAB.LTD,PRIZMA,manual,master
AT-NIFTRAN-100MG-10S,NIFTRAN 100MG CAP 10'S,NIFTRAN 100MG,10'S,Capsule,92.29,Nitrofurantoin 100mg,nitrofurantoin 100mg,Nitrofurantoin,1,UROLOGY,,SUN PHARMA LAB,UROLOGY,sun pharma sheet,master
AT-NIFTRAN-CP-100MG-30S,NIFTRAN CP 100MG CAP 30'S,NIFTRAN CP 100MG,30'S,Capsule,276.88,Nitrofurantoin 100mg,nitrofurantoin 100mg,Nitrofurantoin,1,,,SUN PHARMA LAB,UROLOGY,manual,master
AT-NIKORAN-10-20S,NIKORAN 10 TAB 20S,NIKORAN 10,20S,Tablet,694.45,Nicorandil,nicorandil,Nicorandil,1,,,TORRENT PHARMACEUTICALS,FORZA,torrent,master
AT-NIKORAN-5-20S,NIKORAN 5 TAB 20 S,NIKORAN 5,20 S,Tablet,494.76,Nicorandil,nicorandil,Nicorandil,1,,,TORRENT PHARMACEUTICALS,FORZA,torrent,master
AT-NIKORAN-OD-10-10S,NIKORAN OD 10 TAB 10S,NIKORAN OD 10,10S,Tablet,392.50,Nicorandil,nicorandil,Nicorandil,1,,,TORRENT PHARMACEUTICALS,FORZA,torrent,master
AT-NIMEGASIC-10S,NIMEGASIC TABS 10'S,NIMEGASIC,10'S,Tablet,51.56,Nimesulide,nimesulide,Nimesulide,1,,,ALEMBIC,MAXIS,main,stock file
AT-NIMEGESIC-IR-10S,NIMEGESIC IR TABS 10'S,NIMEGESIC IR,10'S,Tablet,65.34,Nimesulide,nimesulide,Nimesulide,1,,,ALEMBIC,MAXIS,main,stock file
AT-NIMEGESIC-P-10S,NIMEGESIC P TABS 10'S,NIMEGESIC P,10'S,Tablet,40.41,Nimesulide + Paracetamol,nimesulide+paracetamol,Nimesulide | Paracetamol,2,,,ALEMBIC,MAXIS,main,stock file
AT-NIMTEX-10S,NIMTEX TAB 10'S,NIMTEX,10'S,Tablet,56.25,,,,,,,SALASAR PHARMACEUTICALS,,,master
AT-NINAF-20GM,NINAF CREAM 20GM,NINAF,20 GM,Cream,214.59,,,,,,,INDOCO,REMEDIES LTD,,master
AT-NITA-O-10S,NITA-O TAB 10'S,NITA-O,10'S,Tablet,118.13,Nitazoxanide + Ofloxacin,nitazoxanide+ofloxacin,Nitazoxanide | Ofloxacin,2,,,ALEMBIC,ELENA,main,stock file
AT-NITACURE-200MG-6S,NITACURE 200MG TABS 6'S,NITACURE 200MG,6'S,Tablet,26.77,Nitazoxanide,nitazoxanide,Nitazoxanide,1,,,ALEMBIC,ELENA,main,stock file
AT-NITACURE-500MG-6S,NITACURE 500MG TABS 6'S,NITACURE 500MG,6'S,Tablet,50.48,Nitazoxanide,nitazoxanide,Nitazoxanide,1,,,ALEMBIC,ELENA,main,stock file
AT-NITACURE-30ML,NITACURE SYP. 30ML,NITACURE,30 ML,Syrup,27.05,Nitazoxanide,nitazoxanide,Nitazoxanide,1,,,ALEMBIC,ELENA,main,stock file
AT-NITROCONTIN-2-6-30S,NITROCONTIN 2.6 TABS 30`S,NITROCONTIN 2.6,30'S,Tablet,384.38,Of Nitroglycerin,of nitroglycerin,Of Nitroglycerin,1,,,MODI MUNDI PHARMA,LTD,modimundi,master
AT-NITROCONTIN-6-4-30S,NITROCONTIN 6.4 TABS 30`S,NITROCONTIN 6.4,30'S,Tablet,499.68,Of Nitroglycerin,of nitroglycerin,Of Nitroglycerin,1,,,MODI MUNDI PHARMA,LTD,modimundi,master
AT-NOCULI-B6-ORAL-200ML,NOCULI B6 ORAL SYP 200ML.,NOCULI B6 ORAL,200 ML,Syrup,205.31,,,,,,,SUN PHARMA LAB,UROLOGY,,master
AT-NOCULI-ORAL-500ML,NOCULI ORAL SYP. 500ML.,NOCULI ORAL,500 ML,Syrup,208.13,,,,,,,SUN PHARMA LAB,UROLOGY,,master
AT-NOCULI-10S,NOCULI TAB 10'S,NOCULI,10'S,Tablet,54.84,,,,,,,SUN PHARMA LAB,UROLOGY,,stock file
AT-NODIMOX-PLUS-250MG-10S,NODIMOX PLUS 250MG 10'S,NODIMOX PLUS 250MG,10'S,,19.27,Amoxicillin + Clavulanic Acid,amoxicillin+clavulanic acid,Amoxicillin | Clavulanic Acid,2,,,ALKEM LABORATORIES LTD,BERGEN CRISTA,main,stock file
AT-NODIMOX-PLUS-500MG-T-10S,NODIMOX PLUS 500MG T.10'S,NODIMOX PLUS 500MG T,10'S,,43.13,Amoxicillin + Clavulanic Acid,amoxicillin+clavulanic acid,Amoxicillin | Clavulanic Acid,2,,,ALKEM LABORATORIES LTD,BERGEN CRISTA,main,stock file
AT-NOMIL-300GM,NOMIL POWDER 300G,NOMIL,300 GM,Powder,136.17,,,,,,,NUTRIMED HEALTHCARE,PVT.LTD,,stock file
AT-NOMO-CR-10S,NOMO CR CAP 10'S,NOMO CR,10'S,Capsule,61.00,,,,,,,RAPTAKOS BRETT & CO.LIMITED,,,stock file
AT-NORMABRAIN-800-10S,NORMABRAIN 800 TAB 10 S,NORMABRAIN 800,10 S,Tablet,266.63,Piracetam 800mg,piracetam 800mg,Piracetam,1,,,TORRENT PHARMACEUTICALS,NURON,torrent,master
AT-NORMABRAIN-10S,NORMABRAIN CAP 10,NORMABRAIN,10'S,Capsule,122.34,Piracetam 400mg,piracetam 400mg,Piracetam,1,,,TORRENT PHARMACEUTICALS,NURON,torrent,master
AT-NORMABRAIN-100ML,NORMABRAIN SYRUP 100 ML,NORMABRAIN,100 ML,Syrup,453.30,Piracetam 500mg/5ml,piracetam 500mg/5ml,Piracetam,1,,,TORRENT PHARMACEUTICALS,NURON,torrent,master
AT-NORMALEX,NORMALEX TABS,NORMALEX,,Tablet,93.75,Multiminerals + Multivitamins,multiminerals+multivitamins,Multiminerals | Multivitamins,2,,,BESTOCHEM FORMULATIONS,,main,master
AT-NORPACE-100-10S,NORPACE 100 CAP 10S,NORPACE 100,10S,Capsule,365.77,,,,,,,RPG LIFE SCIENCE LTD,GLODIAN,,master
AT-NORPREGALIN-75,NORPREGALIN 75 TAB,NORPREGALIN 75,,Tablet,120.94,,,,,,,TORRENT PHARMA,UNO VISTA,,stock file
AT-NORPREGALIN-10S,NORPREGALIN TAB 10S,NORPREGALIN,10S,Tablet,120.94,Nortriptyline + Pregabalin,nortriptyline+pregabalin,Nortriptyline | Pregabalin,2,,,TORRENT PHARMACEUTICALS,LTD,torrent,stock file
AT-NOSIC-OD-10S,NOSIC OD TAB 10'S,NOSIC OD,10'S,Tablet,112.50,,,,,,,INDOCO,REMEDIES LTD,,master
AT-NOSIRASE-NASAL-DROP-10ML,NOSIRASE NASAL DROP 10ML,NOSIRASE NASAL DROP,10 ML,Drops,51.24,,,,,,,ROSSWELT BIOSCIENCES,,,stock file
AT-NOSOBAC-XP-15GM,NOSOBAC-XP INJ 1.5GM,NOSOBAC-XP,1.5 GM,Injection,193.13,Cefoperazone + Sulbactam,cefoperazone+sulbactam,Cefoperazone | Sulbactam,2,,,AGLOWMED LTD,Radiance,main,stock file
AT-NOVAFLAM-PLUS-10S,NOVAFLAM PLUS TAB 10,NOVAFLAM PLUS,10'S,Tablet,24.00,,,,,,,SYNCHEM PHARMACEUTICALS,PVT.LMT,,master
AT-NOVAFLAM-SUSPEN-1-60ML,NOVAFLAM SUSPEN 1*60ML,NOVAFLAM SUSPEN 1*,60 ML,,26.06,,,,,,,SYNCHEM PHARMACEUTICALS,PVT.LMT,,stock file
AT-NOVOGERMINA-LIQUID-5ML,NOVOGERMINA LIQUID 5ML,NOVOGERMINA LIQUID,5 ML,,399.38,Bacillus Clausii,bacillus clausii,Bacillus Clausii,1,,,ALKEM LABORAT. LTD,ASCENDA,main,stock file
AT-NOWORM-PLUS-1S,NOWORM PLUS TAB 1S,NOWORM PLUS,1S,Tablet,16.81,Albendazole + Ivermectin,albendazole+ivermectin,Albendazole | Ivermectin,2,,,ALKEM LABS,LTD NEXA,main,stock file
AT-NOWORM-10ML,NOWORM SUSP. 10ML,NOWORM,10 ML,Suspension,19.11,Albendazole 200mg,albendazole 200mg,Albendazole,1,GI Anthelmintic,,ALKEM LABS,LTD NEXA,alkem,master
AT-NOWORM-TABS-400MG-1S,NOWORM TABS 400MG 1'S,NOWORM TABS 400MG,1'S,Tablet,8.54,Albendazole,albendazole,Albendazole,1,,,ALKEM LABS,LTD NEXA,main,master
AT-NOXA-10GM,NOXA CREAM 10GM,NOXA,10 GM,Cream,132.84,,,,,,,INDOCO,REMEDIES LTD,,master
AT-NOXA-CREEM-5GM,NOXA CREEM 5GM 5GM,NOXA CREEM,5 GM,,81.75,,,,,,,INDOCO,REMEDIES LTD,,master
AT-NOXGTN-2-6MG-30S,NOXGTN 2.6MG TAB 30'S,NOXGTN 2.6MG,30'S,Tablet,210.94,Nitroglycerin,nitroglycerin,Nitroglycerin,1,,,FINECURE PHARMACEUTICALS,LTD,main,master
AT-NOXGTN-6-4MG-30S,NOXGTN 6.4MG TAB 30'S,NOXGTN 6.4MG,30'S,Tablet,239.06,Nitroglycerin,nitroglycerin,Nitroglycerin,1,,,FINECURE PHARMACEUTICALS,LTD,main,master
AT-NOZUKA-AF-15ML,NOZUKA AF DROPS 15ML,NOZUKA AF,15 ML,Drops,37.41,Chlorpheniramine + Phenylephrine,chlorpheniramine+phenylephrine,Chlorpheniramine | Phenylephrine,2,Anti-Cold,,ALKEM LABS,LTD NEXA,main,stock file
AT-NOZUKA-AF-60ML,NOZUKA AF SYP 60ML,NOZUKA AF,60 ML,Syrup,52.03,Chlorpheniramine + Phenylephrine,chlorpheniramine+phenylephrine,Chlorpheniramine | Phenylephrine,2,Anti-Cold,,ALKEM LABS,LTD NEXA,main,stock file
AT-NOZUKA-NASAL-SPRAY-20ML,NOZUKA NASAL SPRAY 20ML,NOZUKA NASAL SPRAY,20 ML,Nasal Spray,32.81,Xylometazoline,xylometazoline,Xylometazoline,1,Anti-Cold,,ALKEM LABS,LTD NEXA,main,stock file
AT-NOZUKA-NU-10S,NOZUKA NU TAB 10S,NOZUKA NU,10S,Tablet,26.38,Chlorpheniramine + Paracetamol + Phenylephrine,chlorpheniramine+paracetamol+phenylephrine,Chlorpheniramine | Paracetamol | Phenylephrine,3,Anti-Cold,,ALKEM LABS,LTD NEXA,main,stock file
AT-NOZUKA-60ML,NOZUKA SYP 60ML,NOZUKA,60 ML,Syrup,43.13,Chlorpheniramine + Paracetamol + Phenylephrine,chlorpheniramine+paracetamol+phenylephrine,Chlorpheniramine | Paracetamol | Phenylephrine,3,,,ALKEM LABS,LTD NEXA,main,stock file
AT-NOZUKA-10S,NOZUKA TAB 10'S,NOZUKA,10'S,Tablet,38.44,Chlorpheniramine + Paracetamol + Phenylephrine,chlorpheniramine+paracetamol+phenylephrine,Chlorpheniramine | Paracetamol | Phenylephrine,3,,,ALKEM LABS,LTD NEXA,main,stock file
AT-NTIRE-10S,NTIRE CAP.10S,NTIRE,10S,Capsule,84.38,,,,,,,WALLACE PHARMA.LTD.LIFESTYLE,,,stock file
AT-NU-EYE-15S,NU EYE TAB 15'S,NU EYE,15'S,Tablet,228.73,,,,,,,INTAS (ANDRE )LABORATORIES,PVT,,stock file
AT-NUCIUM-CC-10S,NUCIUM CC TAB 10S,NUCIUM CC,10S,Tablet,53.44,,,,,,,ROSSWELT BIOSCIENCES,,,stock file
AT-NUEYE-XT,NUEYE XT,NUEYE XT,,,,Astaxanthin 4mg + Glutathione 25mg + Zeaxanthin 3.2mg,astaxanthin 4mg+glutathione 25mg+zeaxanthin 3.2mg,Astaxanthin | Glutathione | Zeaxanthin,3,,,INTAS (ANDRE )LABORATORIES,PVT,main,master
AT-NUFEX-250-MG-10S,NUFEX 250 MG TABS 10'S,NUFEX 250 MG,10'S,Tablet,124.36,,,,,,,"RPG LIFE SCIENCES L..,",SEARLE,,stock file
AT-NUFEX-500MG-10S,NUFEX 500MG TABS 10'S,NUFEX 500MG,10'S,Tablet,236.63,,,,,,,"RPG LIFE SCIENCES L..,",SEARLE,,stock file
AT-NUGLIPTIN-50MG-15S,NUGLIPTIN 50MG TAB 15S,NUGLIPTIN 50MG,15S,Tablet,168.33,Metformin 500mg + Vildagliptin 50mg,metformin 500mg+vildagliptin 50mg,Metformin | Vildagliptin,2,Anti-Diabetic,Type 2 diabetes mellitus,RPG LIFE SCIENCE LTD,GLODIAN,rpg,master
AT-NUGLIPTIN-M-1000MG-15S,NUGLIPTIN M 1000MG TAB 15S,NUGLIPTIN M 1000MG,15S,Tablet,154.69,Meformin 500/1000mg + Vildagliptin 50mg,meformin 500/1000mg+vildagliptin 50mg,Meformin | Vildagliptin,2,Anti-Diabetic,Type 2 diabetes mellitus,RPG LIFE SCIENCE LTD,GLODIAN,rpg,stock file
AT-NUGLIPTIN-M-500MG-15S,NUGLIPTIN M 500MG TAB 15S,NUGLIPTIN M 500MG,15S,Tablet,226.24,Meformin 500/1000mg + Vildagliptin 50mg,meformin 500/1000mg+vildagliptin 50mg,Meformin | Vildagliptin,2,Anti-Diabetic,Type 2 diabetes mellitus,RPG LIFE SCIENCE LTD,GLODIAN,rpg,master
AT-NULOC-20MG,NULOC 20MG TABS,NULOC 20MG,,Tablet,50.63,Omeprazole,omeprazole,Omeprazole,1,In NSAID induced gastritis,,ALKEM LABORATORIES LTD,BREGEN NOVA,main,stock file
AT-NULOC-MPS-200ML,NULOC MPS SYRUP 200ML,NULOC MPS,200 ML,Syrup,91.41,Aluminium Hydroxide 250mg + Magnesium Hydroxide 250mg + Simethicone 50mg/5ml,aluminium hydroxide 250mg+magnesium hydroxide 250mg+simethicone 50mg/5ml,Aluminium Hydroxide | Magnesium Hydroxide | Simethicone,3,In Hyperacidity and Flatulence,,ALKEM LABORATORIES LTD,BREGEN NOVA,alkem,stock file
AT-NULOC-D-10S,NULOC-D TAB 10'S,NULOC-D,10'S,Tablet,105.00,Domperidone + Omeprazole,domperidone+omeprazole,Domperidone | Omeprazole,2,,,ALKEM LABORATORIES LTD,BREGEN NOVA,main,stock file
AT-NUREWIRE-10S,NUREWIRE CAP 10'S,NUREWIRE,10'S,Capsule,549.00,Agmatine Sulphate 250mg + Inosine Monophosphate 500mg + L-Carnosine 50mg,agmatine sulphate 250mg+inosine monophosphate 500mg+l-carnosine 50mg,Agmatine Sulphate | Inosine Monophosphate | L-Carnosine,3,,,CELAGENEX RESEARCH INDIA PVT LTD,,main,master
AT-NUTRIKIT-15S,NUTRIKIT 15'S,NUTRIKIT,15'S,,105.00,Alpha Lipoic Acid 100mg + Calcium Pantothenate 10mg + Folic Acid + Inositol 100mg + Methylcobalamin 1500mcg + Pyridoxine 1.5mg + Vit A 5000IU + Vit B1 10mg + Vit E 25IU,alpha lipoic acid 100mg+calcium pantothenate 10mg+folic acid+inositol 100mg+methylcobalamin 1500mcg+pyridoxine 1.5mg+vit a 5000iu+vit b1 10mg+vit e 25iu,Alpha Lipoic Acid | Calcium Pantothenate | Folic Acid | Inositol | Methylcobalamin | Pyridoxine | Vit A | Vit B1 | Vit E,9,Vitamins and Minerals,Nutritional supplementation,"RPG LIFE SCIENCES L..,",SEARLE,rpg,stock file
AT-O-CEBRAN-OZ,O CEBRAN OZ TABS,O CEBRAN OZ,,Tablet,87.19,Ofloxacin + Ornidazole,ofloxacin+ornidazole,Ofloxacin | Ornidazole,2,,,BLUE CROSS LABS,LTD,main,stock file
AT-OAB-F-25-10TAB,OAB F 25 TAB,OAB F 25,10 TAB,Tablet,215.58,Mirabegron + Solifenacin,mirabegron+solifenacin,Mirabegron | Solifenacin,2,,,ALEMBIC,LTD OURON,main,stock file
AT-OAB-F-50MG-10S,OAB-F 50MG TAB 10S,OAB-F 50MG,10S,Tablet,306.94,Mirabegron + Solifenacin,mirabegron+solifenacin,Mirabegron | Solifenacin,2,,,ALEMBIC,LTD OURON,main,stock file
AT-OASITREX-15GM,OASITREX CREAM 15GM,OASITREX,15 GM,Cream,327.66,,,,,,,SUN PHARMACEUTICAL,ORTUS,,master
AT-OBEPACK-15S,OBEPACK CAP 15S,OBEPACK,15S,Capsule,149.00,,,,,,,KOYE PHARMACEUTICALS,CARDIC,,stock file
AT-OBESEMA-0-25MG,OBESEMA 0.25MG INJ,OBESEMA 0.25MG,,Injection,"1,800.00",Semaglutide,semaglutide,Semaglutide,1,,,ALKEM LABORATORIES LTD,ADROIT,main,master
AT-OBESEMA-0-5MG,OBESEMA 0.5MG INJ,OBESEMA 0.5MG,,Injection,"1,900.00",Semaglutide,semaglutide,Semaglutide,1,,,ALKEM LABORATORIES LTD,ADROIT,main,master
AT-OBESEMA-1-7MG,OBESEMA 1.7MG INJ,OBESEMA 1.7MG,,Injection,"2,000.00",Semaglutide,semaglutide,Semaglutide,1,,,ALKEM LABORATORIES LTD,ADROIT,main,master
AT-OBESEMA-1MG,OBESEMA 1MG INJ,OBESEMA 1MG,,Injection,"2,500.00",Semaglutide,semaglutide,Semaglutide,1,,,ALKEM LABORATORIES LTD,ADROIT,main,master
AT-OBESEMA-2-4MG,OBESEMA 2.4MG INJ,OBESEMA 2.4MG,,Injection,"3,500.00",Semaglutide,semaglutide,Semaglutide,1,,,ALKEM LABORATORIES LTD,ADROIT,main,master
AT-OBETOHEP-10-10S,OBETOHEP-10 TAB 10'S,OBETOHEP-10,10'S,Tablet,214.69,Obeticholic Acid,obeticholic acid,Obeticholic Acid,1,,,ALKEM LABORAT. LTD,GESTROKEM,main,master
AT-OBETOHEP-5-10S,OBETOHEP-5 TAB 10'S,OBETOHEP-5,10'S,Tablet,448.10,Obeticholic Acid,obeticholic acid,Obeticholic Acid,1,,,ALKEM LABORAT. LTD,GESTROKEM,main,master
AT-OBI-X-60S,OBI-X TAB 60'S,OBI-X,60'S,Tablet,587.40,Leucine 550mg + Pyridoxal -Phosphate 7.5mg,leucine 550mg+pyridoxal -phosphate 7.5mg,Leucine | Pyridoxal -Phosphate,2,Anti-Obesity,,INDOCO REMEDIES LTD,CND,INDOCO,stock file
AT-OBI-X-45GM,OBI-X-SACHET 4.5GM.,OBI-X,4.5 GM,Sachet,44.50,Leucine 2200mg + Pyridoxal -Phosphate 2mg,leucine 2200mg+pyridoxal -phosphate 2mg,Leucine | Pyridoxal -Phosphate,2,Anti-Obesity,,INDOCO REMEDIES LTD,CND,INDOCO,stock file
AT-OBIARA-120-10S,OBIARA-120 TAB 1*10,OBIARA-120,10'S,Tablet,505.31,Orlistat,orlistat,Orlistat,1,,,ARRIENT HEALTHCARE,(ARRIENT)PRIVATE LIM,main,master
AT-OBIARA-60-10S,OBIARA-60 TAB 1*10,OBIARA-60,10'S,Tablet,290.62,Orlistat,orlistat,Orlistat,1,,,ARRIENT HEALTHCARE,(ARRIENT)PRIVATE LIM,main,master
AT-ODIPRIL-2-5MG-10S,ODIPRIL 2.5MG CAPS 10`S,ODIPRIL 2.5MG,10'S,Capsule,38.44,Ramipril,ramipril,Ramipril,1,,,BLUE CROSS LABS,LTD,main,stock file
AT-ODIPRIL-5MG-10S,ODIPRIL 5MG CAPS 10`S,ODIPRIL 5MG,10'S,Capsule,60.94,Ramipril,ramipril,Ramipril,1,,,BLUE CROSS LABS,LTD,main,stock file
AT-ODIPRIL-H-10S,ODIPRIL H CAPS 10`S,ODIPRIL H,10'S,Capsule,46.88,Hydrochlorothiazide + Ramipril,hydrochlorothiazide+ramipril,Hydrochlorothiazide | Ramipril,2,,,BLUE CROSS LABS,LTD,main,stock file
AT-OFLAMED-OZ-10S,OFLAMED OZ TABS 10'S,OFLAMED OZ,10'S,Tablet,105.94,Ofloxacin + Ornidazole,ofloxacin+ornidazole,Ofloxacin | Ornidazole,2,,,AGLOWMED LTD.,,main,stock file
AT-OFLOHIT-OZ-10S,OFLOHIT OZ TAB 10,OFLOHIT OZ,10'S,Tablet,90.93,Ofloxacin 200mg + Ornidazole 500mg,ofloxacin 200mg+ornidazole 500mg,Ofloxacin | Ornidazole,2,,,ROSSWELT BIOSCIENCES,,manual,master
AT-OFLOHIT-MS-60ML,OFLOHIT-MS SUSP.60ML,OFLOHIT-MS,60 ML,Suspension,79.68,,,,,,,ROSSWELT BIOSCIENCES,,,master
AT-OFRAMAX-FORTE-15GM,OFRAMAX FORTE INJ 1.5GM,OFRAMAX FORTE,1.5 GM,Injection,187.50,,,,,,,SUN PHARMA LAB. LTD,PHARMA,,master
AT-OFRAMAX-FORTE-375GM,OFRAMAX FORTE INJ 375GM,OFRAMAX FORTE,375 GM,Injection,49.22,,,,,,,SUN PHARMA LAB. LTD,PHARMA,,stock file
AT-OFRAMAX-1GM,OFRAMAX INJ 1GM,OFRAMAX,1 GM,Injection,55.39,Ceftriaxone 1000mg,ceftriaxone 1000mg,Ceftriaxone,1,ANTI-INFECTIVES,,SUN PHARMA LAB. LTD,PHARMA,sun pharma sheet,stock file
AT-OFRAMAX-INJ-500MG,OFRAMAX INJ 500MG,OFRAMAX INJ 500MG,,Injection,44.41,,,,,,,SUN PHARMA LAB. LTD,PHARMA,,stock file
AT-OFRAMEX-250,OFRAMEX 250 INJ,OFRAMEX 250,,Injection,23.50,,,,,,,SUN PHARMA,LABORATORIES LTD,,stock file
AT-OH-D3-PLUS-DROP,OH D3 PLUS DROP,OH D3 PLUS DROP,,Drops,164.40,,,,,,,INDOCO,REMEDIES LTD,,master
AT-OH-D3-15ML,OH-D3 DROPS 15ML,OH-D3,15 ML,Drops,34.49,,,,,,,INDOCO,REMEDIES LTD,,master
AT-OILATUM-BAR-100GM,OILATUM BAR 100GM,OILATUM BAR,100 GM,,206.90,Emollient Soap,emollient soap,Emollient Soap,1,,,GSK LIMITED,OPTIVE,main,master
AT-OILATUM-BAR-50GM,OILATUM BAR 50GM,OILATUM BAR,50 GM,,117.61,Emollient Soap,emollient soap,Emollient Soap,1,,,GSK LIMITED,OPTIVE,main,master
AT-OILATUM-40GM,OILATUM CREAM 40GM.,OILATUM,40 GM,Cream,131.77,,,,,,,GSK LIMITED,OPTIVE,,stock file
AT-OILATUM-EMOLLIENT-100ML,OILATUM EMOLLIENT 100ML,OILATUM EMOLLIENT,100 ML,,273.70,Light Paraffin,light paraffin,Light Paraffin,1,,,GSK LIMITED,OPTIVE,main,master
AT-OILATUM-KIDS-BAR-50GM,OILATUM KIDS BAR 50GM,OILATUM KIDS BAR,50 GM,,117.61,Emollient Soap,emollient soap,Emollient Soap,1,,,GSK LIMITED,OPTIVE,main,master
AT-OILATUM-100ML,OILATUM LOTION 100ML,OILATUM,100 ML,Lotion,464.20,Paraffin,paraffin,Paraffin,1,,,GSK LIMITED,OPTIVE,main,master
AT-OLEMESSA-100ML-OIL-100ML,OLEMESSA 100ML OIL 100ML,OLEMESSA 100ML OIL,100 ML,,160.20,Aloe Vera + Olive Oil + Tocopheryl Acetate,aloe vera+olive oil+tocopheryl acetate,Aloe Vera | Olive Oil | Tocopheryl Acetate,3,,,A.MENARINI,DERMA,main,master
AT-OLEMESSA-BABY-SOAP-75GM,OLEMESSA BABY SOAP 75GM,OLEMESSA BABY SOAP,75 GM,Soap,39.16,,needs_verification,Needs_verification,1,,,A.MENARINI,DERMA,main,stock file
AT-OLEMESSA-MASEG-200-OIL-200ML,OLEMESSA MASEG 200 OIL 200ML,OLEMESSA MASEG 200 OIL,200 ML,,298.15,Herbal Extracts + Olive Oil,herbal extracts+olive oil,Herbal Extracts | Olive Oil,2,,,A.MENARINI,DERMA,main,master
AT-OLEPTAL-600-10S,OLEPTAL 600 TAB 10S,OLEPTAL 600,10S,Tablet,286.50,Oxcarbazepine 600mg,oxcarbazepine 600mg,Oxcarbazepine,1,,,TORRENT PHARMACEUTICALS,MIND,torrent,master
AT-OLEPTAL-DT-150-10S,OLEPTAL DT 150 TAB 10S,OLEPTAL DT 150,10S,Tablet,140.15,Oxcarbazepine Uncoated,oxcarbazepine uncoated,Oxcarbazepine Uncoated,1,,,TORRENT PHARMACEUTICALS,MIND,torrent,master
AT-OLEPTAL-DT-300-10S,OLEPTAL DT 300 TAB 10S,OLEPTAL DT 300,10S,Tablet,169.95,Oxcarbazepine Uncoated,oxcarbazepine uncoated,Oxcarbazepine Uncoated,1,,,TORRENT PHARMACEUTICALS,MIND,torrent,master
AT-OLEPTAL-DT-450-10S,OLEPTAL DT 450 TABS,OLEPTAL DT 450,10'S,Tablet,271.03,Oxcarbazepine Uncoated,oxcarbazepine uncoated,Oxcarbazepine Uncoated,1,,,TORRENT PHARMACEUTICALS,MIND,torrent,master
AT-OLEPTAL-OD-150-10S,OLEPTAL OD 150 TAB 10S,OLEPTAL OD 150,10S,Tablet,93.89,,,,,,,TORRENT PHARMACEUTICALS,MIND,,stock file
AT-OLEPTAL-OD-300-10S,OLEPTAL OD 300 TAB 10S,OLEPTAL OD 300,10S,Tablet,189.56,Oxcarbazepine,oxcarbazepine,Oxcarbazepine,1,,,TORRENT PHARMACEUTICALS,MIND,torrent,master
AT-OLEPTAL-OD-450-10S,OLEPTAL OD 450 TAB 10 S,OLEPTAL OD 450,10 S,Tablet,297.14,Oxcarbazepine 150mg,oxcarbazepine 150mg,Oxcarbazepine,1,,,TORRENT PHARMACEUTICALS,MIND,torrent,master
AT-OLEPTAL-OD-600,OLEPTAL OD 600 TABS,OLEPTAL OD 600,,Tablet,354.42,Oxcarbazepine 150mg,oxcarbazepine 150mg,Oxcarbazepine,1,,,TORRENT PHARMACEUTICALS,MIND,torrent,master
AT-OLEPTAL-OD-900-10S,OLEPTAL OD 900 TABS,OLEPTAL OD 900,10'S,Tablet,500.60,Oxcarbazepine 150mg,oxcarbazepine 150mg,Oxcarbazepine,1,,,TORRENT PHARMACEUTICALS,MIND,torrent,master
AT-OLESOFT-100GM,OLESOFT CREAM 100GM,OLESOFT,100 GM,Cream,269.53,,needs_verification,Needs_verification,1,,,ALKEM PAHARMA,DARMA CARE,main,stock file
AT-OLESOFT-60GM,OLESOFT CREAM 60GM,OLESOFT,60 GM,Cream,194.85,Glycerine + Maltodextrin + Olive Oil + Shea Butter + Tigard Tt + Triclosan,glycerine+maltodextrin+olive oil+shea butter+tigard tt+triclosan,Glycerine | Maltodextrin | Olive Oil | Shea Butter | Tigard Tt | Triclosan,6,,,ALKEM PAHARMA,DARMA CARE,manual,master
AT-OLESOFT-CREEM-60GM,OLESOFT CREEM 60GM,OLESOFT CREEM,60 GM,,194.85,,needs_verification,Needs_verification,1,,,ALKEM PAHARMA,DARMA CARE,main,stock file
AT-OLESOFT-LITE-75GM,OLESOFT LITE GEL 75G,OLESOFT LITE,75 GM,Gel,749.00,,needs_verification,Needs_verification,1,,,ALKEM PAHARMA,DARMA CARE,main,stock file
AT-OLESOFT-LITE-MOISTUR-50GM,OLESOFT LITE MOISTUR. CREAM 50GM,OLESOFT LITE MOISTUR,50 GM,Cream,575.00,Emollients + Light Paraffin,emollients+light paraffin,Emollients | Light Paraffin,2,,,ALKEM PAHARMA,DARMA CARE,main,master
AT-OLESOFT-200ML,OLESOFT LOTION 200ML,OLESOFT,200 ML,Lotion,506.25,Emollients + Paraffin,emollients+paraffin,Emollients | Paraffin,2,,,ALKEM PAHARMA,DARMA CARE,main,master
AT-OLESOFT-75ML,OLESOFT LOTION 75ML,OLESOFT,75 ML,Lotion,195.90,Emollients + Paraffin,emollients+paraffin,Emollients | Paraffin,2,,,ALKEM PAHARMA,DARMA CARE,main,master
AT-OLESOFT-MAX-300-300GM,OLESOFT MAX 300 CREAM 300GM,OLESOFT MAX 300,300 GM,Cream,759.35,Paraffin + White Soft Paraffin,paraffin+white soft paraffin,Paraffin | White Soft Paraffin,2,,,ALKEM PAHARMA,DARMA CARE,main,master
AT-OLESOFT-MAX-150GM,OLESOFT MAX CREAM 150GM,OLESOFT MAX,150 GM,Cream,492.15,Paraffin + White Soft Paraffin,paraffin+white soft paraffin,Paraffin | White Soft Paraffin,2,,,ALKEM PAHARMA,DARMA CARE,main,master
AT-OLESOFT-MAX-CREAM-150GR-150GM,OLESOFT MAX CREAM 150GR 150GM,OLESOFT MAX CREAM 150GR,150 GM,Cream,541.35,,needs_verification,Needs_verification,1,,,ALKEM PAHARMA,DARMA CARE,main,stock file
AT-OLESOFT-MAX-CREEM-125GM,OLESOFT MAX CREEM 125GM,OLESOFT MAX CREEM,125 GM,,266.25,,needs_verification,Needs_verification,1,,,ALKEM PAHARMA,DARMA CARE,main,stock file
AT-OLESOFT-MAX-LOTION-200ML,OLESOFT MAX LOTION (200ML),OLESOFT MAX LOTION (200ML),,Lotion,608.40,,needs_verification,Needs_verification,1,,,ALKEM PAHARMA,DARMA CARE,main,stock file
AT-OLESOFT-MAX-200ML,OLESOFT MAX LOTION 200ML,OLESOFT MAX,200 ML,Lotion,553.10,Emollients + Paraffin,emollients+paraffin,Emollients | Paraffin,2,,,ALKEM PAHARMA,DARMA CARE,main,master
AT-OLESOFT-PH-5-5-BAR-75GM,OLESOFT PH 5.5 BAR 75GM,OLESOFT PH 5.5 BAR,75 GM,,209.00,Syndet Base,syndet base,Syndet Base,1,,,ALKEM PAHARMA,DARMA CARE,main,master
AT-OLESOFT-PPK-100GM,OLESOFT PPK CREAM 100GM,OLESOFT PPK,100 GM,Cream,700.00,Lactic Acid + Paraffin + Urea,lactic acid+paraffin+urea,Lactic Acid | Paraffin | Urea,3,,,ALKEM PAHARMA,DARMA CARE,main,master
AT-OLESOFT-TRUCERA-150ML,OLESOFT TRUCERA LOTION 150ML,OLESOFT TRUCERA,150 ML,Lotion,649.00,Ceramides + Emollients,ceramides+emollients,Ceramides | Emollients,2,,,ALKEM PAHARMA,DARMA CARE,main,master
AT-OLIGONORM-10S,Oligonorm Tablet 10,Oligonorm,10'S,Tablet,699.00,Betaine Hydrochloride 250mg + D Aspartic Acid 500mg + Ubiquinol 50mg,betaine hydrochloride 250mg+d aspartic acid 500mg+ubiquinol 50mg,Betaine Hydrochloride | D Aspartic Acid | Ubiquinol,3,,,CELEGENEX,,main,master
AT-OLKEM-20-AM-14S,OLKEM 20 AM TAB 14'S,OLKEM 20 AM,14'S,Tablet,249.38,Amlodipine + Olmesartan,amlodipine+olmesartan,Amlodipine | Olmesartan,2,,,ALKEM LABORATRIES LTD,METANEXT,main,master
AT-OLKEM-20-CT,OLKEM 20 CT TAB,OLKEM 20 CT,,Tablet,194.50,Chlorthalidone + Olmesartan,chlorthalidone+olmesartan,Chlorthalidone | Olmesartan,2,,,ALKEM LABORATRIES LTD,METANEXT,main,master
AT-OLKEM-20-H-14S,OLKEM 20 H TAB 14'S,OLKEM 20 H,14'S,Tablet,245.16,Hydrochlorothiazide + Olmesartan,hydrochlorothiazide+olmesartan,Hydrochlorothiazide | Olmesartan,2,,,ALKEM LABORATRIES LTD,METANEXT,main,master
AT-OLKEM-20MG-15S,OLKEM 20MG TAB 15'S,OLKEM 20MG,15'S,Tablet,227.80,Olmesartan,olmesartan,Olmesartan,1,,,ALKEM LABORATRIES LTD,METANEXT,main,stock file
AT-OLKEM-40-AM-14S,OLKEM 40 AM TAB 14'S,OLKEM 40 AM,14'S,Tablet,439.65,Amlodipine + Olmesartan,amlodipine+olmesartan,Amlodipine | Olmesartan,2,,,ALKEM LABORATRIES LTD,METANEXT,main,master
AT-OLKEM-40-CT,OLKEM 40 CT TAB,OLKEM 40 CT,,Tablet,299.05,Chlorthalidone + Olmesartan,chlorthalidone+olmesartan,Chlorthalidone | Olmesartan,2,,,ALKEM LABORATRIES LTD,METANEXT,main,master
AT-OLKEM-40-H-14S,OLKEM 40 H TAB 14'S,OLKEM 40 H,14'S,Tablet,459.84,Hydrochlorothiazide + Olmesartan,hydrochlorothiazide+olmesartan,Hydrochlorothiazide | Olmesartan,2,,,ALKEM LABORATRIES LTD,METANEXT,main,master
AT-OLKEM-40MG-15S,OLKEM 40MG TAB 15'S,OLKEM 40MG,15'S,Tablet,405.45,Olmesartan,olmesartan,Olmesartan,1,,,ALKEM LABORATRIES LTD,METANEXT,main,master
AT-OLKEM-BETA-25-10S,OLKEM BETA 25 TAB 10'S,OLKEM BETA 25,10'S,Tablet,175.75,Metoprolol,metoprolol,Metoprolol,1,,,ALKEM LABORATRIES LTD,METANEXT,main,master
AT-OLKEM-BETA-25-10S-2,OLKEM BETA 25 TAB 10S,OLKEM BETA 25,10S,Tablet,175.75,Metoprolol + Olmesartan,metoprolol+olmesartan,Metoprolol | Olmesartan,2,,,ALKEM LABORATRIES LTD,METANEXT,main,stock file
AT-OLKEM-BETA-50-10S,OLKEM BETA 50 TAB 10S,OLKEM BETA 50,10S,Tablet,209.50,Metoprolol + Olmesartan,metoprolol+olmesartan,Metoprolol | Olmesartan,2,,,ALKEM LABORATRIES LTD,METANEXT,main,stock file
AT-OLKEM-CL-10S,OLKEM CL TAB 10'S,OLKEM CL,10'S,Tablet,84.38,Cilnidipine + Olmesartan,cilnidipine+olmesartan,Cilnidipine | Olmesartan,2,,,ALKEM LABORATRIES LTD,METANEXT,main,stock file
AT-OLKEM-TRIO-12-5MG,OLKEM TRIO 12.5MG TABS,OLKEM TRIO 12.5MG,,Tablet,199.20,Amlodipine + Hydrochlorothiazide + Olmesartan,amlodipine+hydrochlorothiazide+olmesartan,Amlodipine | Hydrochlorothiazide | Olmesartan,3,,,ALKEM LABORATRIES LTD,METANEXT,main,stock file
AT-OLKEM-TRIO-40MG-10S-2,OLKEM TRIO 40MG TAB 10 S,OLKEM TRIO 40MG,10 S,Tablet,289.20,Amlodipine + Hydrochlorothiazide + Olmesartan,amlodipine+hydrochlorothiazide+olmesartan,Amlodipine | Hydrochlorothiazide | Olmesartan,3,,,ALKEM LABORATRIES LTD,METANEXT,main,stock file
AT-OLKEM-TRIO-40MG-10S,OLKEM TRIO 40MG TAB 10'S,OLKEM TRIO 40MG,10'S,Tablet,289.20,Amlodipine + Hydrochlorothiazide + Olmesartan,amlodipine+hydrochlorothiazide+olmesartan,Amlodipine | Hydrochlorothiazide | Olmesartan,3,,,ALKEM LABORATRIES LTD,METANEXT,main,master
AT-OLKEM-TRIO-6-25MG,OLKEM TRIO 6.25MG TABS,OLKEM TRIO 6.25MG,,Tablet,195.90,Amlodipine + Hydrochlorothiazide + Olmesartan,amlodipine+hydrochlorothiazide+olmesartan,Amlodipine | Hydrochlorothiazide | Olmesartan,3,,,ALKEM LABORATRIES LTD,METANEXT,main,master
AT-OLMEBLU-20MG-10S,OLMEBLU-20MG TAB 10'S,OLMEBLU-20MG,10'S,Tablet,65.62,Olmesartan,olmesartan,Olmesartan,1,,,BLUE CROSS LABS,LTD BCL,main,master
AT-OLMEBLU-40MG-10S,OLMEBLU-40MG TAB 10'S,OLMEBLU-40MG,10'S,Tablet,98.43,Olmesartan,olmesartan,Olmesartan,1,,,BLUE CROSS LABS,LTD BCL,main,master
AT-OLMEBLU-AM-15S,OLMEBLU-AM TAB 15'S,OLMEBLU-AM,15'S,Tablet,89.06,Amlodipine + Olmesartan,amlodipine+olmesartan,Amlodipine | Olmesartan,2,,,BLUE CROSS LABS,LTD BCL,main,master
AT-OLMEBLU-H-20-15S,OLMEBLU-H 20 TAB 15'S,OLMEBLU-H 20,15'S,Tablet,89.06,Hydrochlorothiazide + Olmesartan,hydrochlorothiazide+olmesartan,Hydrochlorothiazide | Olmesartan,2,,,BLUE CROSS LABS,LTD BCL,main,master
AT-OLMEBLU-H-40-10S,OLMEBLU-H 40 TAB 10'S,OLMEBLU-H 40,10'S,Tablet,140.62,Hydrochlorothiazide + Olmesartan,hydrochlorothiazide+olmesartan,Hydrochlorothiazide | Olmesartan,2,,,BLUE CROSS LABS,LTD BCL,main,master
AT-OLMETOR-AM-20-10S,OLMETOR AM 20 TAB 10 S,OLMETOR AM 20,10 S,Tablet,0.00,Amlodipine + Olmesartan,amlodipine+olmesartan,Amlodipine | Olmesartan,2,,,TORRENT PHARMACEUTICALS,LTD,torrent,master
AT-OLMETOR-AM-40-10S,OLMETOR AM 40 TAB 10 S,OLMETOR AM 40,10 S,Tablet,256.88,Amlodipine + Olmesartan,amlodipine+olmesartan,Amlodipine | Olmesartan,2,,,TORRENT PHARMA,PSYCAN CND,torrent,master
AT-OLMETOR-CH-20-10S,"OLMETOR CH 20,TAB 10'S",OLMETOR CH 20,10'S,Tablet,97.88,Chlorthalidone + Olmesartan,chlorthalidone+olmesartan,Chlorthalidone | Olmesartan,2,,,TORRENT PHARMA,PSYCAN CND,torrent,stock file
AT-OLMETOR-CH-40-10S,"OLMETOR CH 40,TAB 10'S",OLMETOR CH 40,10'S,Tablet,170.77,Chlorthalidone + Olmesartan,chlorthalidone+olmesartan,Chlorthalidone | Olmesartan,2,,,TORRENT PHARMA,PSYCAN CND,torrent,stock file
AT-OLMETOR-H-40-10S,OLMETOR H 40 TAB 10 S,OLMETOR H 40,10 S,Tablet,270.70,Hydrochlorothiazide 12.5mg + Olmesartan 40mg,hydrochlorothiazide 12.5mg+olmesartan 40mg,Hydrochlorothiazide | Olmesartan,2,,,TORRENT PHARMA,PSYCAN CND,torrent,stock file
AT-OLMETOR-M-25-10S,OLMETOR M 25 TAB 10 S,OLMETOR M 25,10 S,Tablet,100.41,Metoprolol Succinate + Olmesartan,metoprolol succinate+olmesartan,Metoprolol Succinate | Olmesartan,2,,,TORRENT PHARMA,PSYCAN CND,torrent,stock file
AT-OLMETOR-M-50-10S,OLMETOR M 50 TAB 10 S,OLMETOR M 50,10 S,Tablet,101.25,Metoprolol Succinate + Olmesartan,metoprolol succinate+olmesartan,Metoprolol Succinate | Olmesartan,2,,,TORRENT PHARMA,PSYCAN CND,torrent,stock file
AT-OLMETOR-20-10S,OLMETOR-20 TAB 10 S,OLMETOR-20,10 S,Tablet,139.27,,,,,,,TORRENT PHARMA,PSYCAN CND,,stock file
AT-OLMETOR-40-10S,OLMETOR-40 TAB 10 S,OLMETOR-40,10 S,Tablet,211.31,,,,,,,TORRENT PHARMA,PSYCAN CND,,stock file
AT-OLMETOR-H-10S,OLMETOR-H TAB 10 S,OLMETOR-H,10 S,Tablet,138.19,Hydrochlorothiazide 12.5mg + Olmesartan 20mg,hydrochlorothiazide 12.5mg+olmesartan 20mg,Hydrochlorothiazide | Olmesartan,2,,,TORRENT PHARMA,PSYCAN CND,torrent,stock file
AT-OLRAAS-40MG-10S,OLRAAS 40MG TAB 10'S,OLRAAS 40MG,10'S,Tablet,115.31,,,,,,,RPG LIFE SCIENCES,LTD. NEUROPS,,stock file
AT-OLSAR-10-10S,OLSAR 10 TAB 10,OLSAR 10,10'S,Tablet,106.88,Olmesartan,olmesartan,Olmesartan,1,,,TORRENT PHARMA,INTEGRA,torrent,stock file
AT-OLSAR-20-10S,OLSAR 20 TAB 10,OLSAR 20,10'S,Tablet,219.94,Olmesartan,olmesartan,Olmesartan,1,,,TORRENT PHARMA,INTEGRA,torrent,stock file
AT-OLSAR-40-10S,OLSAR 40 TAB 10,OLSAR 40,10'S,Tablet,256.13,Olmesartan,olmesartan,Olmesartan,1,,,TORRENT PHARMA,INTEGRA,torrent,stock file
AT-OLSAR-A-20-10S,OLSAR A 20 TAB 10,OLSAR A 20,10'S,Tablet,141.98,Amlodipine + Olmesartan,amlodipine+olmesartan,Amlodipine | Olmesartan,2,,,TORRENT PHARMA,INTEGRA,torrent,stock file
AT-OLSAR-A-40-10S,OLSAR A 40 TAB 10,OLSAR A 40,10'S,Tablet,228.38,Amlodipine + Olmesartan,amlodipine+olmesartan,Amlodipine | Olmesartan,2,,,TORRENT PHARMA,INTEGRA,torrent,stock file
AT-OLSAR-CH-20-12-5-10S,OLSAR CH 20/12.5 TAB 10,OLSAR CH 20/12.5,10'S,Tablet,127.03,,,,,,,TORRENT PHARMA,INTEGRA,,stock file
AT-OLSAR-CH-20-6-25-10S,OLSAR CH 20/6.25 TAB 10,OLSAR CH 20/6.25,10'S,Tablet,125.16,,,,,,,TORRENT PHARMA,INTEGRA,,stock file
AT-OLSAR-CH-40-12-5-10S,OLSAR CH 40/12.5 TAB 10,OLSAR CH 40/12.5,10'S,Tablet,243.75,,,,,,,TORRENT PHARMA,INTEGRA,,stock file
AT-OLSAR-H-20-10S,OLSAR H 20 TAB 10,OLSAR H 20,10'S,Tablet,250.50,Hydrochlorothiazide + Olmesartan,hydrochlorothiazide+olmesartan,Hydrochlorothiazide | Olmesartan,2,,,TORRENT PHARMA,INTEGRA,torrent,stock file
AT-OLSAR-H-40-15S,OLSAR H 40 TAB 15'S,OLSAR H 40,15'S,Tablet,418.22,Hydrochlorothiazide + Olmesartan,hydrochlorothiazide+olmesartan,Hydrochlorothiazide | Olmesartan,2,,,TORRENT PHARMA,INTEGRA,torrent,master
AT-OLSAR-M-25-10S,OLSAR M 25 TAB 10,OLSAR M 25,10'S,Tablet,163.59,Metoprolol Succinate + Olmesartan,metoprolol succinate+olmesartan,Metoprolol Succinate | Olmesartan,2,,,TORRENT PHARMA,INTEGRA,torrent,stock file
AT-OLSAR-M-50-10S,OLSAR M 50 TAB 10,OLSAR M 50,10'S,Tablet,173.25,Metoprolol Succinate + Olmesartan,metoprolol succinate+olmesartan,Metoprolol Succinate | Olmesartan,2,,,TORRENT PHARMA,INTEGRA,torrent,stock file
AT-OLVAMLO-40MG-10S,OLVAMLO 40MG TAB 10'S,OLVAMLO 40MG,10'S,Tablet,152.81,,,,,,,SUN PHARMA LAB.LTD,C.V.CARE,,stock file
AT-OLVAN-TRIO-20-10S,OLVAN TRIO 20 TAB 10'S,OLVAN TRIO 20,10'S,Tablet,188.44,,,,,,,SUN PHARMA LAB. LTD,CV LIFE,,stock file
AT-OLVAN-TRIO-40MG-10S,OLVAN TRIO 40MG TAB 10'S,OLVAN TRIO 40MG,10'S,Tablet,244.69,,,,,,,SUN PHARMA LAB. LTD,CV LIFE,,stock file
AT-OLVANCE-20MG-10S,OLVANCE 20MG TAB 10'S,OLVANCE 20MG,10'S,Tablet,164.06,Olmesartan 20mg,olmesartan 20mg,Olmesartan,1,CARDIAC,,SUN PHARMA LAB. LTD,CV LIFE,sun pharma sheet,master
AT-OLVANCE-40MG-10S,OLVANCE 40MG TAB 10'S,OLVANCE 40MG,10'S,Tablet,265.31,Olmesartan 40mg,olmesartan 40mg,Olmesartan,1,CARDIAC,,SUN PHARMA LAB. LTD,CV LIFE,sun pharma sheet,master
AT-OLVANCE-AM-20-10S,OLVANCE AM 20 10'S,OLVANCE AM 20,10'S,,178.13,,,,,,,SUN PHARMA LAB. LTD,CV LIFE,,master
AT-OLVANCE-AM-40-10S,OLVANCE AM 40 10'S,OLVANCE AM 40,10'S,,257.81,,,,,,,SUN PHARMA LAB. LTD,CV LIFE,,master
AT-OLVANCE-CT-20-10S,OLVANCE CT 20 TAB 10TAB,OLVANCE CT 20,10'S,Tablet,163.13,,,,,,,SUN PHARMA LAB. LTD,CV LIFE,,master
AT-OLVANCE-CT-40-10S,OLVANCE CT 40 TAB 10TAB,OLVANCE CT 40,10'S,Tablet,242.81,,,,,,,SUN PHARMA LAB. LTD,CV LIFE,,stock file
AT-OLVANCE-H-20MG-10S,OLVANCE H 20MG TAB 10'S,OLVANCE H 20MG,10'S,Tablet,159.38,,,,,,,SUN PHARMA LAB. LTD,CV LIFE,,master
AT-OLVANCE-H-40MG-10S,OLVANCE H 40MG TAB 10'S,OLVANCE H 40MG,10'S,Tablet,281.25,,,,,,,SUN PHARMA LAB. LTD,CV LIFE,,master
AT-OLVANCE-M-25-10S,OLVANCE M 25 10'S,OLVANCE M 25,10'S,,159.38,,,,,,,SUN PHARMA LAB. LTD,CV LIFE,,master
AT-OLVANCE-M-50-10S,OLVANCE M 50 10'S,OLVANCE M 50,10'S,,168.75,,,,,,,SUN PHARMA LAB. LTD,CV LIFE,,stock file
AT-OLYMPRIX-20-15S,OLYMPRIX 20 TAB 15'S,OLYMPRIX 20,15'S,Tablet,177.54,Teneligliptin,teneligliptin,Teneligliptin,1,,,ALKEM LAB,metabolic,main,master
AT-OLYMPRIX-20-15S-2,OLYMPRIX 20 TAB 15S,OLYMPRIX 20,15S,Tablet,177.54,Teneligliptin,teneligliptin,Teneligliptin,1,,,ALKEM LAB,metabolic,main,stock file
AT-OLYMPRIX-M-1000MG-15S,OLYMPRIX-M 1000MG TAB 15'S,OLYMPRIX-M 1000MG,15'S,Tablet,348.28,Metformin 1000mg + Teneligliptin 20mg,metformin 1000mg+teneligliptin 20mg,Metformin | Teneligliptin,2,ANTI-DIABETES,,ALKEM LAB,metabolic,alkem,master
AT-OLYMPRIX-M-1000MG-15S-2,OLYMPRIX-M 1000MG TAB 15S,OLYMPRIX-M 1000MG,15S,Tablet,348.28,Metformin 1000mg + Teneligliptin 20mg,metformin 1000mg+teneligliptin 20mg,Metformin | Teneligliptin,2,ANTI-DIABETES,,ALKEM LAB,metabolic,alkem,stock file
AT-OLYMPRIX-M-500-15S,OLYMPRIX-M 500 TAB 15S,OLYMPRIX-M 500,15S,Tablet,333.75,Metformin 500mg + Teneligliptin 20mg,metformin 500mg+teneligliptin 20mg,Metformin | Teneligliptin,2,ANTI-DIABETES,,ALKEM LAB,metabolic,alkem,stock file
AT-OLYMPRIX-M-500MG-15S,OLYMPRIX-M 500MG TAB 15'S,OLYMPRIX-M 500MG,15'S,Tablet,333.75,Metformin + Teneligliptin,metformin+teneligliptin,Metformin | Teneligliptin,2,,,ALKEM LAB,metabolic,main,master
AT-OME-PPI-20-10S,OME-PPI 20 CAP 10'S,OME-PPI 20,10'S,Capsule,22.69,Omeprazole,omeprazole,Omeprazole,1,,,BLUE CROSS LABS LTD,GOLD CROS,main,stock file
AT-OMEGACHEK-10S,OMEGACHEK CAP.10S,OMEGACHEK,10S,Capsule,179.06,,,,,,,INDOCO,REMEDIES LTD,,stock file
AT-OMEGARED-SOFT-10S,OMEGARED SOFT CAP 10S,OMEGARED SOFT,10S,Capsule,270.00,Omega- Fatty Acids,omega- fatty acids,Omega- Fatty Acids,1,,,ALEMBIC,EYE CARE,main,stock file
AT-ONCOTREX-2-5-10S,ONCOTREX 2.5 TAB 10'S,ONCOTREX 2.5,10'S,Tablet,45.57,,,,,,,SUN PHARMA,LAB.CROSSLAND 1,,stock file
AT-ONCOTREX-5-10S,ONCOTREX-5 TAB 10'S,ONCOTREX-5,10'S,Tablet,100.63,,,,,,,SUN PHARMA,LAB.CROSSLAND 1,,master
AT-ONCOTREX-7-5-10S,ONCOTREX-7.5 TAB 10'S,ONCOTREX-7.5,10'S,Tablet,148.00,,,,,,,SUN PHARMA,LAB.CROSSLAND 1,,master
AT-ONDANBIC-10S,ONDANBIC TAB 10'S,ONDANBIC,10'S,Tablet,39.19,Ondansetron,ondansetron,Ondansetron,1,,,ALEMBIC,MAXIS,main,stock file
AT-ONDEM-2ML,ONDEM 2ML INJ.,ONDEM,2 ML,Injection,12.73,Ondansetron 2mg/ml,ondansetron 2mg/ml,Ondansetron,1,Antiemetic,,ALKEM LABORATRIES LTD,ALTRON,alkem,master
AT-ONDEM-4MG-10S,ONDEM 4MG TAB 10'S,ONDEM 4MG,10'S,Tablet,54.85,Ondansetron 4mg,ondansetron 4mg,Ondansetron,1,Antiemetic,,ALKEM LABORAT. LTD,ASCENDA,alkem,master
AT-ONDEM-4ML,ONDEM 4ML INJ.,ONDEM,4 ML,Injection,25.45,Ondansetron 2mg/ml,ondansetron 2mg/ml,Ondansetron,1,Antiemetic,,ALKEM LABORATRIES LTD,ALTRON,alkem,master
AT-ONDEM-8MG-10S,ONDEM 8MG TABS 10'S,ONDEM 8MG,10'S,Tablet,95.03,Ondansetron 8mg,ondansetron 8mg,Ondansetron,1,Antiemetic,,ALKEM LABORAT. LTD,ASCENDA,alkem,stock file
AT-ONDEM-MD-4MG-10S,ONDEM MD 4MG TAB 10'S,ONDEM MD 4MG,10'S,Tablet,54.85,Ondansetron 4mg,ondansetron 4mg,Ondansetron,1,Antiemetic,,ALKEM LABORAT. LTD,ASCENDA,alkem,master
AT-ONDEM-MD-8MG-10S,ONDEM MD 8MG TAB 10'S,ONDEM MD 8MG,10'S,Tablet,96.81,Ondansetron,ondansetron,Ondansetron,1,,,ALKEM LABORAT. LTD,ASCENDA,main,master
AT-ONDEM-30ML,ONDEM SYRUP 30ML,ONDEM,30 ML,Syrup,40.23,Ondansetron 2mg/5ml,ondansetron 2mg/5ml,Ondansetron,1,Antiemetic,,ALKEM LABORAT. LTD,ASCENDA,alkem,master
AT-ONDEX-MD-4MG,ONDEX MD 4MG TABS,ONDEX MD 4MG,,Tablet,46.88,,,,,,,NEO LIFE SCIENCES,,,master
AT-ONE-CV-625MG-10S,ONE CV 625MG TAB 10'S,ONE CV 625MG,10'S,Tablet,228.75,,,,,,,ONESTEP HEALTHCARE,P. LTD,,master
AT-ONE-UP-GOLD-D,ONE UP GOLD D TABS,ONE UP GOLD D,,Tablet,64.41,Multimineral Dietary Supplement + Multivitamins,multimineral dietary supplement+multivitamins,Multimineral Dietary Supplement | Multivitamins,2,,,TORRENT PHARMA,B-WELL,manual,master
AT-ONECAN-150MG-8S,ONECAN 150MG TABS 8'S,ONECAN 150MG,8'S,Tablet,103.05,Fusidic Acid W/w 2%,fusidic acid w/w 2%,Fusidic Acid W/w,1,Anti-Fungal,Itching,WALLACE PHARMA,RIVELA,wallace,master
AT-ONECAN-200MG-4S,ONECAN 200MG TABS 4'S,ONECAN 200MG,4'S,Tablet,73.28,Fusidic Acid W/w 2%,fusidic acid w/w 2%,Fusidic Acid W/w,1,Anti-Fungal,Itching,WALLACE PHARMA,RIVELA,wallace,master
AT-ONECAN-400-1S,ONECAN 400 TAB 1'S,ONECAN 400,1'S,Tablet,61.57,Fusidic Acid W/w 2%,fusidic acid w/w 2%,Fusidic Acid W/w,1,Anti-Fungal,Itching,WALLACE PHARMA,RIVELA,wallace,stock file
AT-ONECAN-50MG-4S,ONECAN 50MG TABS 4'S,ONECAN 50MG,4'S,Tablet,28.06,Fusidic Acid W/w 2%,fusidic acid w/w 2%,Fusidic Acid W/w,1,Anti-Fungal,Itching,WALLACE PHARMA,RIVELA,wallace,master
AT-ONECAN-C-100GM,ONECAN C POWDER100GM,ONECAN C,100 GM,,98.44,,needs_verification,Needs_verification,1,,,ALEMBIC,PHARMA,main,stock file
AT-ONECAN-DUSTING-75GM,ONECAN DUSTING POWDER 75G,ONECAN DUSTING,75 GM,Powder,192.19,,,,,,,WALLACE PHARMA,RIVELA,,master
AT-ONECEF-O-10S,ONECEF-O TAB 10S,ONECEF-O,10S,Tablet,213.75,,,,,,,ONESTEP HEALTHCARE P. LTD,CARDIAC,,master
AT-ONECITI-4ML,ONECITI 4ML,ONECITI,4 ML,,275.63,,,,,,,ONESTEP HEALTHCARE P. LTD,CARDIAC,,stock file
AT-ONEDOZ-TRIO-10S,ONEDOZ TRIO TAB 10'S,ONEDOZ TRIO,10'S,Tablet,204.38,,,,,,,ONESTEP HEALTHCARE P. LTD,CARDIAC,,master
AT-ONEDOZ-10MG-10S,ONEDOZ-10MG TAB 10'S,ONEDOZ-10MG,10'S,Tablet,125.00,Dapagliflozin 10mg,dapagliflozin 10mg,Dapagliflozin,1,,,ONESTEP HEALTHCARE P. LTD,CARDIAC,main,master
AT-ONEDOZ-5MG-10S,ONEDOZ-5MG TAB 10'S,ONEDOZ-5MG,10'S,Tablet,116.25,,,,,,,ONESTEP HEALTHCARE P. LTD,CARDIAC,,stock file
AT-ONEDOZ-M-10-500MG-10S,ONEDOZ-M 10/500MG TAB 10'S,ONEDOZ-M 10/500MG,10'S,Tablet,157.50,,,,,,,ONESTEP HEALTHCARE P. LTD,CARDIAC,,master
AT-ONEDOZ-M-5-500MG-10S,ONEDOZ-M 5/500MG TAB 10'S,ONEDOZ-M 5/500MG,10'S,Tablet,135.00,,,,,,,ONESTEP HEALTHCARE P. LTD,CARDIAC,,master
AT-ONEDOZ-SG-10-100MG-10S,ONEDOZ-SG 10/100MG TAB 10'S,ONEDOZ-SG 10/100MG,10'S,Tablet,176.25,,,,,,,ONESTEP HEALTHCARE P. LTD,CARDIAC,,master
AT-ONEGO-90GM,ONEGO POWDER 90GM,ONEGO,90 GM,Powder,256.00,,,,,,,ONESTEP HEALTHCARE P. LTD,CARDIAC,,master
AT-ONELIP-15S,ONELIP TAB 15'S,ONELIP,15'S,Tablet,268.00,,,,,,,ONESTEP HEALTHCARE,P. LTD,,stock file
AT-ONEMAX-10S,ONEMAX TAB 10'S,ONEMAX,10'S,Tablet,232.50,,,,,,,ONESTEP HEALTHCARE P. LTD,CARDIAC,,master
AT-ONEMAX-FORTE-10S,ONEMAX-FORTE TAB 10'S,ONEMAX-FORTE,10'S,Tablet,328.00,,,,,,,ONESTEP HEALTHCARE P. LTD,CARDIAC,,master
AT-ONEMORE-SB-15GM,ONEMORE SB INJ.1.5GM,ONEMORE SB,1.5 GM,Injection,"1,537.50",,,,,,,ONESTEP HEALTHCARE P. LTD,CARDIAC,,stock file
AT-ONEPIC-45GM,ONEPIC 4.5GM INJ,ONEPIC,4.5 GM,Injection,462.19,,,,,,,ONESTEP HEALTHCARE P. LTD,CARDIAC,,stock file
AT-ONEROSE-10MG-10S,ONEROSE 10MG TAB 10S,ONEROSE 10MG,10S,Tablet,110.63,,,,,,,ONESTEP HEALTHCARE,P. LTD,,master
AT-ONEROSE-20MG-10S,ONEROSE 20MG TAB 10S,ONEROSE 20MG,10S,Tablet,138.00,,,,,,,ONESTEP HEALTHCARE,P. LTD,,master
AT-ONEROSE-GOLD-20MG-10S,ONEROSE GOLD 20MG CAP 10'S,ONEROSE GOLD 20MG,10'S,Capsule,166.00,,,,,,,ONESTEP HEALTHCARE,P. LTD,,master
AT-ONEROSE-GOLD-10S,ONEROSE GOLD TAB 10'S,ONEROSE GOLD,10'S,Tablet,138.75,,,,,,,ONESTEP HEALTHCARE,P. LTD,,master
AT-ONEROSE-A-10-75MG-10S,ONEROSE-A 10/75MG TAB 10'S,ONEROSE-A 10/75MG,10'S,Tablet,69.38,,,,,,,ONESTEP HEALTHCARE,P. LTD,,master
AT-ONEROSE-F,ONEROSE-F TAB,ONEROSE-F,,Tablet,138.00,,,,,,,ONESTEP HEALTHCARE,P. LTD,,master
AT-ONESAFE-SB-15GM,ONESAFE SB INJ.1.5GM,ONESAFE SB,1.5 GM,Injection,257.81,,,,,,,ONESTEP HEALTHCARE P. LTD,CARDIAC,,stock file
AT-ONETEAM-10S,ONETEAM TAB 10'S,ONETEAM,10'S,Tablet,309.66,,,,,,,ONESTEP HEALTHCARE,P. LTD,,master
AT-ONETRELA-50MG-4S,ONETRELA 50MG TAB 4'S,ONETRELA 50MG,4'S,Tablet,262.50,Eltrombopag,eltrombopag,Eltrombopag,1,,,ALKEM LABORATORIES,LIMITED,main,master
AT-ONEVIN-M-FORTE-10S,ONEVIN-M FORTE TAB 10'S,ONEVIN-M FORTE,10'S,Tablet,110.63,,,,,,,ONESTEP HEALTHCARE,P. LTD,,master
AT-ONEVIN-M-10S,ONEVIN-M TAB 10'S,ONEVIN-M,10'S,Tablet,110.63,,,,,,,ONESTEP HEALTHCARE,P. LTD,,master
AT-ONTOGENY,Ontogeny,Ontogeny,,,,DHA 300mg + Folic Acid 5mg + Niacinamide 50mg + Retinol 1000IU + Riboflavine 1mg + Thiamine 5mg,dha 300mg+folic acid 5mg+niacinamide 50mg+retinol 1000iu+riboflavine 1mg+thiamine 5mg,DHA | Folic Acid | Niacinamide | Retinol | Riboflavine | Thiamine,6,,Preconception and pregnancy nutritional support,APPENA LIFE PVT.LTD,,main,master
AT-OPARA-1000-10S,OPARA 1000 TAB 10'S,OPARA 1000,10'S,Tablet,26.25,,,,,,,WALLACE PHARMA.LTD.LIFESTYLE,,,stock file
AT-OPHTACARE-EYE-10ML,OPHTACARE EYE DROPS 10ML,OPHTACARE EYE,10 ML,Drops,84.38,,,,,,,HIMALAYA DRUG COMPANY,ZEAL,,stock file
AT-ORDOM-15S,ORDOM CAP 15'S,ORDOM,15'S,Capsule,87.13,Domperidone + Omeprazole,domperidone+omeprazole,Domperidone | Omeprazole,2,,,BESTOCHEM FORMULATIONS,,main,stock file
AT-OREGUT-15S,OREGUT TAB 1*15'S,OREGUT,15'S,Tablet,225.57,Probiotic Preparation,probiotic preparation,Probiotic Preparation,1,,,ARRIENT HEALTHCARE,(ORENDA)PRIVATE LIM,main,master
AT-OREPRIDE-25MG-15S,OREPRIDE 25MG TAB 15'S,OREPRIDE 25MG,15'S,Tablet,147.65,Itopride,itopride,Itopride,1,,,ARRIENT HEALTHCARE,(ORENDA)PRIVATE LIM,main,master
AT-ORGACIUM-NF-15S,ORGACIUM NF TAB 15'S,ORGACIUM NF,15'S,Tablet,361.34,Calcium + Cholecalciferol + Multiminerals,calcium+cholecalciferol+multiminerals,Calcium | Cholecalciferol | Multiminerals,3,,,ANDROMEDA PHARMACEUTICALS,P. L,main,master
AT-ORGACIUM-D3-60K-4S,ORGACIUM-D3 60K TAB 4'S,ORGACIUM-D3 60K,4'S,Tablet,95.63,Cholecalciferol,cholecalciferol,Cholecalciferol,1,,,ANDROMEDA PHARMACEUTICALS,P. L,main,master
AT-ORGANIC-ASHVAGANDHA,ORGANIC ASHVAGANDHA TAB,ORGANIC ASHVAGANDHA,,Tablet,450.00,,,,,,,HIMALAYA DRUG COMPANY ZENITH,,,stock file
AT-ORGONIST-120MG-10S,ORGONIST 120MG TAB 10'S,ORGONIST 120MG,10'S,Tablet,"3,121.88",,,,,,,SUN PHARMA LABS LTD,UROCARE,,stock file
AT-ORLICA-120-10S,ORLICA 120 CAP 10S,ORLICA 120,10S,Capsule,521.44,,,,,,,TORRENT PHARMA,AZUCA,,stock file
AT-ORNISAR-O-10S,ORNISAR O TAB 10'S,ORNISAR O,10'S,Tablet,117.19,,,,,,,SALASAR PHARMACEUTICALS,,,master
AT-ORO-T-LIQU-200ML,ORO-T LIQU 200ML 200ML,ORO-T LIQU,200 ML,,140.63,,,,,,,HIMALAYA DRUG COMPNY,H.DENTAL,,stock file
AT-ORO-T-ORAL-RINSE-LIQUID-200ML,ORO-T ORAL RINSE LIQUID 200ML,ORO-T ORAL RINSE LIQUID,200 ML,,164.06,Clove Oil + Peppermint Oil,clove oil+peppermint oil,Clove Oil | Peppermint Oil,2,Aloe vera + Jyotishmati oil,HIMCOLIN GEL,HIMALAYA DRUG COMPANY,ZEAL,main,master
AT-OROHEALTH-TOOTHPASTE-70GM,OROHEALTH TOOTHPASTE 70GMS,OROHEALTH TOOTHPASTE,70 GM,,244.75,,,,,,,SUN PHARMA LABS.LTD,MAXXIM,,master
AT-ORTHOSAR-10S,ORTHOSAR TAB 10'S,ORTHOSAR,10'S,Tablet,150.00,,,,,,,SALASAR PHARMACEUTICALS,,,master
AT-ORTHOSAR-TH,ORTHOSAR TH TAB,ORTHOSAR TH,,Tablet,250.00,,,,,,,SALASAR PHARMACEUTICALS,,,master
AT-ORYZA-ACNE-75GM,ORYZA ACNE CREAM 75GM,ORYZA ACNE,75 GM,Cream,550.00,Benzoyl Peroxide,benzoyl peroxide,Benzoyl Peroxide,1,,,ALEMBIC,DERMA,main,master
AT-ORYZA-AD-10GM,ORYZA AD CREAM 10GM,ORYZA AD,10 GM,Cream,186.56,,needs_verification,Needs_verification,1,,,ALEMBIC,DERMA,main,stock file
AT-ORYZA-AD-30GM,ORYZA AD CREAM 30GM,ORYZA AD,30 GM,Cream,506.25,,needs_verification,Needs_verification,1,,,ALEMBIC,DERMA,main,stock file
AT-ORYZA-CERAMAX-3-1-1-250ML,ORYZA CERAMAX 3.1.1 LOTION 250ML,ORYZA CERAMAX 3.1.1,250 ML,Lotion,825.00,Ceramides + Cholesterol + Fatty Acids,ceramides+cholesterol+fatty acids,Ceramides | Cholesterol | Fatty Acids,3,,,ALEMBIC,DERMA,main,master
AT-ORYZA-50GM,ORYZA CREAM 50GM,ORYZA,50 GM,Cream,895.00,Light Paraffin + White Soft Paraffin,light paraffin+white soft paraffin,Light Paraffin | White Soft Paraffin,2,,,ALEMBIC,DERMA,main,master
AT-ORYZA-100ML,ORYZA LOTION 100ML,ORYZA,100 ML,Lotion,755.00,Aloe Vera + Calamine,aloe vera+calamine,Aloe Vera | Calamine,2,,,ALEMBIC,DERMA,main,master
AT-OSSIMAX-10S,OSSIMAX TABS 10's,OSSIMAX,10'S,Tablet,91.88,,,,,,,DEPSONS PHARMA,,,stock file
AT-OSSIN-PLUS-10S,OSSIN-PLUS TAB 1*10'S,OSSIN-PLUS,10'S,Tablet,249.15,Cissus Quadrangularis Extract 500mg + Moringa Oleifera Leaf Extract 50mg,cissus quadrangularis extract 500mg+moringa oleifera leaf extract 50mg,Cissus Quadrangularis Extract | Moringa Oleifera Leaf Extract,2,,,MCWEL HEALTHCARE,PVT.LTD,main,master
AT-OSSIN-XT-20S,OSSIN-XT TAB 1*20'S,OSSIN-XT,20'S,Tablet,450.00,Cissus Quadrangularis Extract 500mg,cissus quadrangularis extract 500mg,Cissus Quadrangularis Extract,1,,,MCWEL HEALTHCARE,PVT.LTD,main,master
AT-OSTEOCHEK-10S,OSTEOCHEK CAP 10'S,OSTEOCHEK,10'S,Capsule,101.63,,,,,,,INDOCO REMEDIES LTD,ORTHO,,stock file
AT-OSTEOCHEK-D3-4S,OSTEOCHEK D3 TAB 4'S,OSTEOCHEK D3,4'S,Tablet,91.43,,,,,,,INDOCO REMEDIES LTD,ORTHO,,stock file
AT-OSTEOCHEK-K-3S,OSTEOCHEK K TAB 3'S,OSTEOCHEK K,3'S,Tablet,165.00,,,,,,,INDOCO REMEDIES LTD,ORTHO,,stock file
AT-OSTEOFIT-C-PLUS-10S,OSTEOFIT C PLUS CAP 10'S,OSTEOFIT C PLUS,10'S,Capsule,230.44,Calcium + Cholecalciferol + Magnesium + Zinc,calcium+cholecalciferol+magnesium+zinc,Calcium | Cholecalciferol | Magnesium | Zinc,4,,,ALEMBIC,OSTEOFID,main,master
AT-OSTEOFIT-HD-15S,OSTEOFIT HD TAB 15'S,OSTEOFIT HD,15'S,Tablet,442.83,Calcium Carbonate + Cholecalciferol,calcium carbonate+cholecalciferol,Calcium Carbonate | Cholecalciferol,2,,,ALEMBIC,OSTEOFID,main,master
AT-OSTEOFIT-MAX-10,OSTEOFIT MAX 10,OSTEOFIT MAX 10,,,300.56,Calcium + Cholecalciferol + Multiminerals,calcium+cholecalciferol+multiminerals,Calcium | Cholecalciferol | Multiminerals,3,,,ALEMBIC,OSTEOFID,main,stock file
AT-OSTEOFIT-C-10S,OSTEOFIT-C CAP 10S,OSTEOFIT-C,10S,Capsule,180.84,Calcium + Cholecalciferol,calcium+cholecalciferol,Calcium | Cholecalciferol,2,,,ALEMBIC,OSTEOFID,main,stock file
AT-OSTEOFIT-XT-10S,OSTEOFIT-XT CAP 10S,OSTEOFIT-XT,10S,Capsule,235.78,Calcium + Cholecalciferol + Magnesium + Zinc,calcium+cholecalciferol+magnesium+zinc,Calcium | Cholecalciferol | Magnesium | Zinc,4,,,ALEMBIC,OSTEOFID,main,stock file
AT-OSTEOKIT-1S,OSTEOKIT TAB 1'S,OSTEOKIT,1'S,Tablet,708.75,Calcium + Cholecalciferol + Magnesium + Zinc,calcium+cholecalciferol+magnesium+zinc,Calcium | Cholecalciferol | Magnesium | Zinc,4,,,ALEMBIC,OSTEOFID,main,master
AT-OSTOCALCIUM-SUSPENSION-200ML,OSTOCALCIUM SUSPENSION 200ML,OSTOCALCIUM SUSPENSION,200 ML,Suspension,208.04,Calcium + Cholecalciferol,calcium+cholecalciferol,Calcium | Cholecalciferol,2,,,GSK LIMITED,NEUROSCIENCE,main,master
AT-OSTOSHINE-10S,OSTOSHINE TAB,OSTOSHINE,10'S,Tablet,740.00,Collagen + Combinations,collagen+combinations,Collagen | Combinations,2,PAIN / ANALGESICS,,SUN PHARMA LAB.LTD,CROSSLAND-LIFE,sun pharma sheet,stock file
AT-OTOREX-10ML,OTOREX DROPS 10ML,OTOREX,10 ML,Drops,154.59,,,,,,,INDOCO REMEDIES LTD,SPADE,,master
AT-OVASA-Q-10-10S,OVASA-Q-10 CAP 10S,OVASA-Q-10,10S,Capsule,231.40,,,,,,,NEO LIFE SCIENCES,,,stock file
AT-OVICAB-1010S,OVICAB TAB 10 10S,OVICAB,10 10S,Tablet,209.00,,needs_verification,Needs_verification,1,,,ALEMBIC,ALCARE,main,stock file
AT-OVIGYN-D-PLUS-10S,OVIGYN D PLUS TAB 10'S,OVIGYN D PLUS,10'S,Tablet,492.19,Dydrogesterone + Folic Acid,dydrogesterone+folic acid,Dydrogesterone | Folic Acid,2,,,ALEMBIC,ZENOVI,main,stock file
AT-OVIGYN-D3-7S,OVIGYN D3 TAB 7S,OVIGYN D3,7S,Tablet,549.66,Dydrogesterone,dydrogesterone,Dydrogesterone,1,,,ALEMBIC,ZENOVI,main,stock file
AT-OVIGYN-DH-15S,OVIGYN DH CAP 15'S,OVIGYN DH,15'S,Capsule,231.80,DHA + Multiminerals + Multivitamins,dha+multiminerals+multivitamins,DHA | Multiminerals | Multivitamins,3,,,ALEMBIC,ZENOVI,main,master
AT-OVIGYN-DSR-7S,OVIGYN DSR TAB 7'S,OVIGYN DSR,7'S,Tablet,464.44,Dydrogesterone,dydrogesterone,Dydrogesterone,1,,,ALEMBIC,ZENOVI,main,stock file
AT-OVSTORE-SR-10,OVSTORE SR TAB 10',OVSTORE SR,10',Tablet,345.00,,,,,,,ALKEM LAB,BERGEN ZURIEVE,,stock file
AT-OXCQ-200MG-10S,OXCQ 200MG TAB 10'S,OXCQ 200MG,10'S,Tablet,67.83,Hydroxychloroquine 200mg,hydroxychloroquine 200mg,Hydroxychloroquine,1,Disease Modifying Anti Rheumatic Drugs,Lupus,WALLACE PHARMA.LTD.LIFESTYLE,Lifestyle,wallace,master
AT-OXCQ-300-10S,OXCQ 300 TAB 10S,OXCQ 300,10S,Tablet,169.70,Hydroxychloroquine 300mg,hydroxychloroquine 300mg,Hydroxychloroquine,1,Disease Modifying Anti Rheumatic Drugs,Lupus,WALLACE PHARMA.LTD.LIFESTYLE,Lifestyle,wallace,master
AT-OXCQ-400-10S,OXCQ 400 TAB 10'S,OXCQ 400,10'S,Tablet,144.90,Hydroxychloroquine 400mg,hydroxychloroquine 400mg,Hydroxychloroquine,1,Disease Modifying Anti Rheumatic Drugs,Lupus,WALLACE PHARMA.LTD.LIFESTYLE,Lifestyle,wallace,master
AT-OXIPOD-100-DRY-30ML,OXIPOD 100 DRY SYRUP 30ML,OXIPOD 100 DRY,30 ML,Dry Syrup,208.36,,,,,,,INDOCO,REMEDIES LTD,,master
AT-OXIPOD-100-DT-10S,OXIPOD 100 DT 10'S,OXIPOD 100 DT,10'S,,155.48,Cefpodoxime Proxetil,cefpodoxime proxetil,Cefpodoxime Proxetil,1,Anti-Infective,,INDOCO,REMEDIES LTD,manual,master
AT-OXIPOD-200-MG-10S,OXIPOD 200 MG TAB 10'S,OXIPOD 200 MG,10'S,Tablet,196.00,Cefpodoxime Proxetil 200mg,cefpodoxime proxetil 200mg,Cefpodoxime Proxetil,1,Anti-Infective,,INDOCO,REMEDIES LTD,INDOCO,master
AT-OXIPOD-50-DRY-SYRUP-1-30ML,OXIPOD 50 DRY SYRUP 1*30ML,OXIPOD 50 DRY SYRUP 1*,30 ML,Dry Syrup,110.63,,,,,,,INDOCO,REMEDIES LTD,,master
AT-OXIPOD-50-DT-10S,OXIPOD 50 DT TAB 10,OXIPOD 50 DT,10'S,Tablet,101.16,Cefpodoxime Proxetil,cefpodoxime proxetil,Cefpodoxime Proxetil,1,Anti-Infective,,INDOCO,REMEDIES LTD,manual,master
AT-OXIPOD-CV-100-DRY-30ML,OXIPOD CV 100 DRY SYP 30ML,OXIPOD CV 100 DRY,30 ML,Dry Syrup,179.44,,,,,,,INDOCO,REMEDIES LTD,,stock file
AT-OXIPOD-CV-50MG-DRY-SYR-30ML,OXIPOD CV 50MG DRY SYR 30ML,OXIPOD CV 50MG DRY SYR,30 ML,,107.02,,,,,,,INDOCO,REMEDIES LTD,,stock file
AT-OXIPOD-CV-10S,OXIPOD CV TAB 10,OXIPOD CV,10'S,Tablet,346.50,Cefpodoxime 200mg + Clavulanic Acid 125mg,cefpodoxime 200mg+clavulanic acid 125mg,Cefpodoxime | Clavulanic Acid,2,,,INDOCO,REMEDIES LTD,manual,master
AT-OXIPOD-10ML,OXIPOD DROPS 10ML.,OXIPOD,10 ML,Drops,83.25,Cefpodoxime Proxetil 25mg/ml,cefpodoxime proxetil 25mg/ml,Cefpodoxime Proxetil,1,Anti-Infective,,INDOCO,REMEDIES LTD,INDOCO,master
AT-OXITARD-10S,OXITARD CAPS 10S,OXITARD,10S,Capsule,75.00,,,,,,,HIMALAYA DRUG COMPANY,ZEAL,,stock file
AT-OXRING-150MG-10S,OXRING 150MG TAB 10'S,OXRING 150MG,10'S,Tablet,90.45,Oxcarbazepine 150mg,oxcarbazepine 150mg,Oxcarbazepine,1,ANTIEPILEPTIC,,ALKEM LAB. LTD,PENTACARE,alkem,master
AT-OXRING-300MG-10S,OXRING 300MG TAB 10'S,OXRING 300MG,10'S,Tablet,161.85,Oxcarbazepine 300mg,oxcarbazepine 300mg,Oxcarbazepine,1,ANTIEPILEPTIC,,ALKEM LAB. LTD,PENTACARE,alkem,master
AT-OXRING-450MG-10S,OXRING 450MG TAB 10S,OXRING 450MG,10S,Tablet,197.81,Oxcarbazepine 450mg,oxcarbazepine 450mg,Oxcarbazepine,1,ANTIEPILEPTIC,,ALKEM LAB. LTD,PENTACARE,alkem,stock file
AT-OXRING-OD-300MG-10S,OXRING OD 300MG TAB 10'S,OXRING OD 300MG,10'S,Tablet,160.30,Oxcarbazepine 300mg,oxcarbazepine 300mg,Oxcarbazepine,1,ANTIEPILEPTIC,,ALKEM LAB. LTD,PENTACARE,manual,master
AT-OXRING-OD-600MG-10S,OXRING OD 600MG TAB 10'S,OXRING OD 600MG,10'S,Tablet,245.60,Oxcarbazepine 600mg,oxcarbazepine 600mg,Oxcarbazepine,1,ANTIEPILEPTIC,,ALKEM LAB. LTD,PENTACARE,manual,master
AT-OXRING-OD-900MG-10S,OXRING OD 900MG TAB 10'S,OXRING OD 900MG,10'S,Tablet,183.75,Oxcarbazepine 900mg,oxcarbazepine 900mg,Oxcarbazepine,1,ANTIEPILEPTIC,,ALKEM LAB. LTD,PENTACARE,alkem,stock file
AT-OXTIV-AP-15GM,OXTIV-AP GEL 15G,OXTIV-AP,15 GM,Gel,267.26,Adapalene + Benzoyl Peroxide,adapalene+benzoyl peroxide,Adapalene | Benzoyl Peroxide,2,,,ALKEM LAB,LTD DERMAKEM,main,stock file
AT-OXUM-100ML-SPRAY,OXUM 100ML SPRAY,OXUM 100ML SPRAY,,Spray,330.00,Povidone Iodine,povidone iodine,Povidone Iodine,1,,,ALKEM LABORATORIES LTD,BERGEN CRISTA,main,stock file
AT-OXUM-SPRAY-100ML,OXUM SPRAY 100ML,OXUM SPRAY,100 ML,Spray,330.00,Hypochlorous Acid,hypochlorous acid,Hypochlorous Acid,1,,,ALKEM LABORATORIES LTD,BERGEN CRISTA,main,master
AT-OXYONE-10S,OXYONE CAP 10,OXYONE,10'S,Capsule,148.13,,,,,,,ONESTEP HEALTHCARE,P. LTD,,master
AT-OXYONE-200ML,OXYONE SYRUP 200ML,OXYONE,200 ML,Syrup,146.82,,,,,,,ONESTEP HEALTHCARE,P. LTD,,master
AT-P-PPI-40-15S,P-PPI 40 TAB 15'S,P-PPI 40,15'S,Tablet,60.93,Pantoprazole,pantoprazole,Pantoprazole,1,,,BLUE CROSS LABS LTD,GOLD CROS,main,master
AT-P-PPI-10ML,P-PPI INJ 10ML.,P-PPI,10 ML,Injection,46.46,Pantoprazole,pantoprazole,Pantoprazole,1,,,BLUE CROSS LABS LTD,GOLD CROS,main,stock file
AT-P-PPI-L,P-PPI L TAB,P-PPI L,,Tablet,131.25,Levosulpiride + Pantoprazole,levosulpiride+pantoprazole,Levosulpiride | Pantoprazole,2,,,BLUE CROSS LABS LTD,GOLD CROS,main,stock file
AT-P-RD-10S,P-RD CAP 10'S,P-RD,10'S,Capsule,75.00,Domperidone + Pantoprazole,domperidone+pantoprazole,Domperidone | Pantoprazole,2,,,BLUE CROSS LABS LTD,GOLD CROS,main,master
AT-PALIDO-OD-3,PALIDO OD 3 TABS,PALIDO OD 3,,Tablet,97.40,,,,,,,TORRENT PHARMACEUTICAL,AXON,,master
AT-PALIDO-OD-6,PALIDO OD 6 TABS,PALIDO OD 6,,Tablet,202.64,,,,,,,TORRENT PHARMACEUTICAL,AXON,,master
AT-PAN-20-10S,PAN 20 TABS 10'S,PAN 20,10'S,Tablet,129.35,Pantoprazole 20mg,pantoprazole 20mg,Pantoprazole,1,Gastro Intestinal,,ALKEM PHARMA,AURA,alkem,master
AT-PAN-40MG,PAN 40MG INJ.,PAN 40MG,,Injection,51.86,Pantoprazole,pantoprazole,Pantoprazole,1,Gastro Intestinal,,ALKEM PHARMA,AURA,main,stock file
AT-PAN-40MG-10S,PAN 40MG TABS 10'S,PAN 40MG,10'S,Tablet,192.80,Pantoprazole 40mg,pantoprazole 40mg,Pantoprazole,1,Gastro Intestinal,,ALKEM PHARMA,AURA,alkem,master
AT-PAN-80MG-15S,PAN 80MG TAB 15'S,PAN 80MG,15'S,Tablet,316.85,Pantoprazole,pantoprazole,Pantoprazole,1,,,ALKEM PHARMA,AURA,main,master
AT-PAN-ASP-150MG-15S,PAN ASP 150MG CAP 15'S,PAN ASP 150MG,15'S,Capsule,150.00,Aspirin + Pantoprazole,aspirin+pantoprazole,Aspirin | Pantoprazole,2,,,ALKEM LABORATORIES,LIMITED,main,stock file
AT-PAN-ASP-81MG-15S,PAN ASP 81MG CAP 15'S,PAN ASP 81MG,15'S,Capsule,145.31,Aspirin + Pantoprazole,aspirin+pantoprazole,Aspirin | Pantoprazole,2,,,ALKEM LABORATORIES,LIMITED,main,stock file
AT-PAN-D-15S,PAN D CAPS 15'S,PAN D,15'S,Capsule,261.90,Domperidone 30mg + Pantoprazole 40mg,domperidone 30mg+pantoprazole 40mg,Domperidone | Pantoprazole,2,Gastro Intestinal,,ALKEM PHARMA,AURA,alkem,master
AT-PAN-IT-10S,PAN IT CAP 10'S,PAN IT,10'S,Capsule,274.65,Itopride 150mg + Pantoprazole 40mg,itopride 150mg+pantoprazole 40mg,Itopride | Pantoprazole,2,Gastro Intestinal,,ALKEM PHARMA,AURA,alkem,master
AT-PAN-L-10S,PAN L CAP 10'S,PAN L,10'S,Capsule,296.25,Levosulpiride + Pantoprazole,levosulpiride+pantoprazole,Levosulpiride | Pantoprazole,2,,,ALKEM PHARMA,AURA,main,master
AT-PAN-MD-20MG-10S,PAN MD 20MG TABS 10'S,PAN MD 20MG,10'S,Tablet,89.06,Pantoprazole 20mg,pantoprazole 20mg,Pantoprazole,1,Gastro Intestinal,,ALKEM PHARMA,AURA,alkem,master
AT-PAN-MPS-O-ORAL-200ML,PAN MPS O ORAL SUSP. 200ML,PAN MPS O ORAL,200 ML,Suspension,173.44,Aluminium Hydroxide 250mg + Magnesium Hydroxide 250mg + Oxetacaine 10mg/5ml + Simethicone 50mg,aluminium hydroxide 250mg+magnesium hydroxide 250mg+oxetacaine 10mg/5ml+simethicone 50mg,Aluminium Hydroxide | Magnesium Hydroxide | Oxetacaine | Simethicone,4,,,ALKEM PHARMA,AURA,manual,master
AT-PAN-MPS-O-ORAL-SUSPN-200ML,PAN MPS O ORAL SUSPN.200ML,PAN MPS O ORAL SUSPN,200 ML,,173.44,Aluminium Hydroxide + Magnesium Hydroxide + Oxetacaine + Simethicone,aluminium hydroxide+magnesium hydroxide+oxetacaine+simethicone,Aluminium Hydroxide | Magnesium Hydroxide | Oxetacaine | Simethicone,4,,,ALKEM PHARMA,AURA,main,stock file
AT-PAN-MPS-200ML,PAN MPS SYP 200ML,PAN MPS,200 ML,Syrup,117.15,Aluminium Hydroxide 250mg + Magnesium Hydroxide 250mg + Simethicone 50mg/5ml,aluminium hydroxide 250mg+magnesium hydroxide 250mg+simethicone 50mg/5ml,Aluminium Hydroxide | Magnesium Hydroxide | Simethicone,3,Gastro Intestinal,,ALKEM PHARMA,AURA,manual,master
AT-PAN-RFT-ORAL-200ML,PAN RFT ORAL SUSP. 200ML,PAN RFT ORAL,200 ML,Suspension,200.00,Calcium Carbonate + Sodium Alginate + Sodium Bicarbonate,calcium carbonate+sodium alginate+sodium bicarbonate,Calcium Carbonate | Sodium Alginate | Sodium Bicarbonate,3,,,ALKEM PHARMA,AURA,main,master
AT-PANCEF-1GM,PANCEF 1GM,PANCEF,1 GM,Injection,64.54,Ceftriaxone,ceftriaxone,Ceftriaxone,1,,,AGLOWMED LTD.,,main,stock file
AT-PANCEF-250MG-VIAL,PANCEF 250MG INJ.,PANCEF 250MG,VIAL,Injection,28.75,Ceftriaxone,ceftriaxone,Ceftriaxone,1,,,AGLOWMED LTD.,,main,stock file
AT-PANCEF-500MG-VIAL,PANCEF 500MG INJ.,PANCEF 500MG,VIAL,Injection,52.54,Ceftriaxone,ceftriaxone,Ceftriaxone,1,,,AGLOWMED LTD.,,main,stock file
AT-PANCEF-O-100MG-DRY-30ML,PANCEF O 100MG DRY SYP 30ML,PANCEF O 100MG DRY,30 ML,Dry Syrup,76.27,Cefixime,cefixime,Cefixime,1,,,AGLOWMED LTD,Radiance,main,master
AT-PANCEF-O-200MG-10S,PANCEF O 200MG TABS 10'S,PANCEF O 200MG,10'S,Tablet,111.33,Cefixime + Ofloxacin,cefixime+ofloxacin,Cefixime | Ofloxacin,2,,,AGLOWMED LTD,Radiance,main,stock file
AT-PANCEF-O-DRY-50MG-30ML,PANCEF O DRY 50MG SYP. 30ML,PANCEF O DRY 50MG,30 ML,Syrup,51.92,Cefixime,cefixime,Cefixime,1,,,AGLOWMED LTD,Radiance,main,master
AT-PANCEF-O-DT-100MG-10S,PANCEF O DT 100MG TABS 10'S,PANCEF O DT 100MG,10'S,Tablet,119.11,Cefixime,cefixime,Cefixime,1,,,AGLOWMED LTD,Radiance,main,master
AT-PANCEF-OF-10S,PANCEF OF TAB 10,PANCEF OF,10'S,Tablet,164.06,Cefixime + Ofloxacin,cefixime+ofloxacin,Cefixime | Ofloxacin,2,,,AGLOWMED LTD,Radiance,main,stock file
AT-PANCEF-S-1500MG,PANCEF S 1500MG INJ,PANCEF S 1500MG,,Injection,199.08,Cefoperazone + Sulbactam,cefoperazone+sulbactam,Cefoperazone | Sulbactam,2,,,AGLOWMED LTD,Radiance,main,master
AT-PANICALM,PANICALM TABS,PANICALM,,Tablet,49.22,,,,,,,RPG LIFE SCIENCES,LTD. NEUROPS,,stock file
AT-PANIT-10S,PANIT CAP 10S,PANIT,10S,Capsule,171.56,Itopride + Pantoprazole,itopride+pantoprazole,Itopride | Pantoprazole,2,,,ALKEM LABORATRIES LTD,ACE-ALTIS,main,stock file
AT-PANLICE-O-10S,PANLICE-O TAB 10'S,PANLICE-O,10'S,Tablet,65.62,,,,,,,ROSSWELT BIOSCIENCES,,,master
AT-PANONE-D-10S,PANONE-D TAB 10S,PANONE-D,10S,Tablet,91.80,Domperidone 10mg + Pantoprazole 40mg,domperidone 10mg+pantoprazole 40mg,Domperidone | Pantoprazole,2,,,ONESTEP HEALTHCARE,P. LTD,main,master
AT-PANONE-LS-10S,PANONE-LS CAP 10S,PANONE-LS,10S,Capsule,185.63,,,,,,,ONESTEP HEALTHCARE,P. LTD,,master
AT-PANOPAZ-D-10S,PANOPAZ D CAP 10'S,PANOPAZ D,10'S,Capsule,84.84,Domperidone + Pantoprazole,domperidone+pantoprazole,Domperidone | Pantoprazole,2,,,AGLOWMED LTD,Radiance,main,stock file
AT-PANOPAZ-INJ-I-V-40MG-1,PANOPAZ INJ I.V 40MG 1,PANOPAZ INJ I.V 40MG 1,,Injection,42.42,Pantoprazole,pantoprazole,Pantoprazole,1,,,AGLOWMED LTD.,,main,stock file
AT-PANPLUS-20-10,PANPLUS 20 TAB 10'TAB,PANPLUS 20,10',Tablet,25.45,Pantoprazole,pantoprazole,Pantoprazole,1,,,ALEMBIC,PHARMA,main,stock file
AT-PANPLUS-40-10S,PANPLUS 40 TAB 10S,PANPLUS 40,10S,Tablet,67.97,Pantoprazole,pantoprazole,Pantoprazole,1,,,ALEMBIC,PHARMA,main,stock file
AT-PANPLUS-D-20,PANPLUS D 20 TAB,PANPLUS D 20,,Tablet,78.19,Domperidone + Pantoprazole,domperidone+pantoprazole,Domperidone | Pantoprazole,2,,,ALEMBIC,PHARMA,main,stock file
AT-PANPLUS-D-40-10S,PANPLUS D 40 TAB 10S,PANPLUS D 40,10S,Tablet,171.66,Domperidone + Pantoprazole,domperidone+pantoprazole,Domperidone | Pantoprazole,2,,,ALEMBIC,PHARMA,main,stock file
AT-PANPLUS-L,PANPLUS L TAB,PANPLUS L,,Tablet,326.34,Levosulpiride + Pantoprazole,levosulpiride+pantoprazole,Levosulpiride | Pantoprazole,2,,,ALEMBIC,PHARMA,main,stock file
AT-PANSPED-40-10S,PANSPED 40 TAB 10S,PANSPED 40,10S,Tablet,76.88,Pantoprazole,pantoprazole,Pantoprazole,1,,,TORRENT PHARMA,UNO VISTA,torrent,stock file
AT-PANSPED-D-10S,PANSPED D 10S CAP,PANSPED D,10S,Capsule,131.20,Domperidone Prolonged -Release + Pantoprazole Gastro-Resistant,domperidone prolonged -release+pantoprazole gastro-resistant,Domperidone Prolonged -Release | Pantoprazole Gastro-Resistant,2,,,TORRENT PHARMA,UNO VISTA,torrent,stock file
AT-PANTORES-40MG-10S,PANTORES-40MG TAB 10'S,PANTORES-40MG,10'S,Tablet,70.31,,,,,,,NEO LIFE SCIENCES,,,stock file
AT-PAPULEX-CLEANSING-100ML,PAPULEX CLEANSING GEL 100ML,PAPULEX CLEANSING,100 ML,Gel,534.00,,needs_verification,Needs_verification,1,,,A.MENARINI,DERMA,main,stock file
AT-PAPULEX-CREEM-15GM,PAPULEX CREEM 15GM,PAPULEX CREEM,15 GM,,258.10,Niacinamide + Zinc Pca,niacinamide+zinc pca,Niacinamide | Zinc Pca,2,,,A.MENARINI,DERMA,main,stock file
AT-PARAMET-M-10S,PARAMET M TAB 10'S,PARAMET M,10'S,Tablet,35.16,,,,,,,WALLACE PHARMACEUTICALS,LTD,,master
AT-PARAMET-10S,PARAMET TABS 10`S,PARAMET,10'S,Tablet,32.34,Metoclopramide 5mg + Paracetamol 500mg,metoclopramide 5mg+paracetamol 500mg,Metoclopramide | Paracetamol,2,Anti-Emetic,Migraine,WALLACE PHARMACEUTICALS,LTD,wallace,stock file
AT-PARAMET-650MG-15S,PARAMET+650MG TAB 15'S,PARAMET+650MG,15'S,Tablet,32.13,,,,,,,WALLACE PHARMACEUTICALS,LTD,,master
AT-PARKREL-10S,PARKREL CAP 10'S,PARKREL,10'S,Capsule,168.75,,,,,,,TORRENT PHARMACEUTICALS,NURON,,stock file
AT-PARTY-SMART-5S,PARTY SMART CAP 5S,PARTY SMART,5S,Capsule,56.25,,,,,,,HIMALAYA DRUG COMPANY ZEAL,,,stock file
AT-PARVOCOX-2MG-10S,PARVOCOX 2MG TAB 10'S,PARVOCOX 2MG,10'S,Tablet,138.75,,,,,,,JAGSONPAL PHARMA LTD,BONEVA,,master
AT-PARVON-1000MG-SR-10S,PARVON 1000MG SR TAB 10'S,PARVON 1000MG SR,10'S,Tablet,68.48,,,,,,,JAGSONPAL PHARMA LTD,BONEVA,,master
AT-PARVON-FORTE-10S,PARVON FORTE TAB 10`S,PARVON FORTE,10'S,Tablet,143.72,,,,,,,JAGSONPAL PHARMA LTD,BONEVA,,stock file
AT-PARVON-SPAS-10S,PARVON SPAS TAB 10S,PARVON SPAS,10S,Tablet,42.19,,,,,,,JAGSONPAL PHARMA LTD,BONEVA,,master
AT-PASITREX-C-TUBE-15GM,PASITREX C TUBE 15GM,PASITREX C TUBE,15 GM,,495.00,,,,,,,SUN PHARMACEUTICAL,ORTUS,,master
AT-PASITREX-OINTMENT-15GM,PASITREX OINTMENT 15GM,PASITREX OINTMENT,15 GM,Ointment,344.06,,,,,,,SUN PHARMACEUTICAL,ORTUS,,master
AT-PDLAST-30MG-10S,PDLAST 30MG TAB 10S,PDLAST 30MG,10S,Tablet,234.38,,,,,,,SUN PHARMA,RIGEL,,stock file
AT-PEDIATOTAL-CF-200GR,PEDIATOTAL CF 200GR,PEDIATOTAL CF 200GR,,,231.40,DHA + Multiminerals + Multivitamins,dha+multiminerals+multivitamins,DHA | Multiminerals | Multivitamins,3,,,ALKEM LABORATORIES,LTD.ALFA NEXGEN,main,stock file
AT-PEDISMEC-SACH-3-5GR,PEDISMEC SACH.3*5GR,PEDISMEC SACH.3*5GR,,,57.19,,,,,,,"RPG LIFE SCIENCES L..,",SEARLE,,stock file
AT-PEDITRAL-ORS-4-2GM-10SACHETS,PEDITRAL-ORS 4.2GM (10SACHETS),PEDITRAL-ORS 4.2GM (10SACHETS),,,43.60,,,,,,,RPG LIFE SCIENCE LTD,GLODIAN,,master
AT-PEG-TEARS-EYE-10ML,PEG TEARS EYE DROPS 10ML,PEG TEARS EYE,10 ML,Drops,374.06,Polyethylene Glycol + Propylene Glycol,polyethylene glycol+propylene glycol,Polyethylene Glycol | Propylene Glycol,2,,,ALEMBIC,EYE CARE,main,stock file
AT-PEGICOL-13-81G-SACHET-1S,PEGICOL 13.81g SACHET 1S',PEGICOL 13.81g SACHET 1S',,Sachet,77.53,,,,,,,MODI MUNDI,PMD,,master
AT-PEGICOL-LIQUID-200ML,PEGICOL LIQUID 200ML,PEGICOL LIQUID,200 ML,,395.63,,,,,,,MODI MUNDI,PMD,,stock file
AT-PEGIGOL-PEDI-685GM,PEGIGOL PEDI 6.85G SACHET,PEGIGOL PEDI,6.85 GM,Sachet,87.19,,,,,,,MODI MUNDI,PMD,,stock file
AT-PEMGA-25MG-10S,PEMGA-25MG TAB 10'S,PEMGA-25MG,10'S,Tablet,129.00,Pregabalin,pregabalin,Pregabalin,1,,,ARRIENT HEALTHCARE,(MERAKUS)PRIVATE LIM,main,master
AT-PEMGA-M-10S,PEMGA-M TAB 10'S,PEMGA-M,10'S,Tablet,105.00,Methylcobalamin + Pregabalin,methylcobalamin+pregabalin,Methylcobalamin | Pregabalin,2,,,ARRIENT HEALTHCARE,(MERAKUS)PRIVATE LIM,main,stock file
AT-PENTANERV-100MG-10S,PENTANERV 100MG TAB 10'S,PENTANERV 100MG,10'S,Tablet,115.30,Gabapentin 100mg,gabapentin 100mg,Gabapentin,1,Neuropathy Pain,,ALKEM LAB.LTD,PRIZMA,alkem,master
AT-PENTANERV-300MG-10S,PENTANERV 300MG TAB 10'S,PENTANERV 300MG,10'S,Tablet,285.90,Gabapentin 300mg,gabapentin 300mg,Gabapentin,1,Neuropathy Pain,,ALKEM LAB.LTD,PRIZMA,alkem,master
AT-PENTANERV-450-SR-10S,PENTANERV 450 SR TAB 10'S,PENTANERV 450 SR,10'S,Tablet,374.06,Gabapentin 450mg,gabapentin 450mg,Gabapentin,1,Neuropathy Pain,,ALKEM LAB.LTD,PRIZMA,alkem,master
AT-PENTANERV-GRDS-300MG-10S,PENTANERV GRDS-300MG TAB 10'S,PENTANERV GRDS-300MG,10'S,Tablet,280.30,Gabapentin,gabapentin,Gabapentin,1,,,ALKEM LAB.LTD,PRIZMA,main,master
AT-PENTANERV-GRDS-450MG-10S,PENTANERV GRDS-450MG TAB 10'S,PENTANERV GRDS-450MG,10'S,Tablet,410.60,Gabapentin,gabapentin,Gabapentin,1,,,ALKEM LAB.LTD,PRIZMA,main,master
AT-PENTANERV-GRDS-600MG-10S,PENTANERV GRDS-600MG TAB 10'S,PENTANERV GRDS-600MG,10'S,Tablet,438.20,Gabapentin,gabapentin,Gabapentin,1,,,ALKEM LAB.LTD,PRIZMA,main,master
AT-PENTANERV-M-100MG-10S,PENTANERV M 100MG TAB 10'S,PENTANERV M 100MG,10'S,Tablet,176.25,Gabapentin + Methylcobalamin,gabapentin+methylcobalamin,Gabapentin | Methylcobalamin,2,,,ALKEM LAB.LTD,PRIZMA,main,master
AT-PENTANERV-M-10S,PENTANERV M TAB 10'S,PENTANERV M,10'S,Tablet,247.50,Gabapentin 300mg + Methylcobalamin 500mcg,gabapentin 300mg+methylcobalamin 500mcg,Gabapentin | Methylcobalamin,2,Neuropathy Pain,,ALKEM LAB.LTD,PRIZMA,alkem,master
AT-PENTANERV-NT-100MG-15S,PENTANERV NT 100MG TAB 15'S,PENTANERV NT 100MG,15'S,Tablet,194.00,Gabapentin 100mg + Nortriptyline 10mg,gabapentin 100mg+nortriptyline 10mg,Gabapentin | Nortriptyline,2,,,ALKEM LAB.LTD,PRIZMA,manual,master
AT-PENTANERV-NT-300-15S,PENTANERV NT 300 TAB 15'S,PENTANERV NT 300,15'S,Tablet,288.75,Gabapentin + Nortriptyline,gabapentin+nortriptyline,Gabapentin | Nortriptyline,2,,,ALKEM LAB.LTD,PRIZMA,main,stock file
AT-PENTANERV-NT-400-10S,PENTANERV NT 400 TAB 10'S,PENTANERV NT 400,10'S,Tablet,506.30,Gabapentin + Nortriptyline,gabapentin+nortriptyline,Gabapentin | Nortriptyline,2,,,ALKEM LAB.LTD,PRIZMA,main,master
AT-PEPFIZ-ORANGE-POW,PEPFIZ ORANGE POW.,PEPFIZ ORANGE POW,,,5.63,,,,,,,SUN PHARMA LAB,consumer,,stock file
AT-PEPFTZ-ORANGE-2S,PEPFTZ ORANGE TAB 1*2,PEPFTZ ORANGE,2'S,Tablet,12.19,,,,,,,SUN PHARMA LAB,consumer,,stock file
AT-PEPMAX-10S,PEPMAX TAB 10'S,PEPMAX,10'S,Tablet,89.00,Digestive Enzymes,digestive enzymes,Digestive Enzymes,1,,,DEPSONS PHARMA,,main,master
AT-PEPMELT-POWDER-LEMAN,PEPMELT POWDER LEMAN,PEPMELT POWDER LEMAN,,Powder,5.63,,,,,,,SUN PHARMA LAB,consumer,,stock file
AT-PEPTOCOOL-100ML,PEPTOCOOL SYP 100 ML,PEPTOCOOL,100 ML,Syrup,145.31,,,,,,,NEO LIFE SCIENCES,,,master
AT-PERAMPIL-2MG-7S,PERAMPIL 2MG TAB 7'S,PERAMPIL 2MG,7'S,Tablet,176.25,Perampanel,perampanel,Perampanel,1,,,ALKEM LAB. LTD,PENTACARE,main,stock file
AT-PERAMPIL-4MG-15S,PERAMPIL 4MG TAB 15'S,PERAMPIL 4MG,15'S,Tablet,203.44,Perampanel,perampanel,Perampanel,1,,,ALKEM LAB. LTD,PENTACARE,main,master
AT-PERAMPIL-6MG-15S,PERAMPIL 6MG TAB 15'S,PERAMPIL 6MG,15'S,Tablet,340.31,Perampanel,perampanel,Perampanel,1,,,ALKEM LAB. LTD,PENTACARE,main,master
AT-PERIZIN-D-10S,PERIZIN D 10'S,PERIZIN D,10'S,,117.19,,,,,,,SALASAR PHARMACEUTICALS,,,master
AT-PERIZIN-10S,PERIZIN TAB 10,PERIZIN,10'S,Tablet,56.25,,,,,,,SALASAR PHARMACEUTICALS,,,stock file
AT-PERSOL-A-C-2-5-30GM,PERSOL A C 2.5 GEL 30GM,PERSOL A C 2.5,30 GM,Gel,115.91,Benzoyl Peroxide W/w 2.5%,benzoyl peroxide w/w 2.5%,Benzoyl Peroxide W/w,1,,,WALLACE PHARMA,RIVELA,manual,master
AT-PERSOL-A-C-5-30GM,PERSOL A C 5 GEL 30GM.,PERSOL A C 5,30 GM,Gel,225.66,Benzoyl Peroxide W/w 5%,benzoyl peroxide w/w 5%,Benzoyl Peroxide W/w,1,,,WALLACE PHARMA,RIVELA,manual,master
AT-PERSOL-FORTE-CR-30GM,PERSOL FORTE CR 30GM,PERSOL FORTE CR,30 GM,,279.50,Benzoyl Peroxide 10% + Precipitated Sulphur 5%,benzoyl peroxide 10%+precipitated sulphur 5%,Benzoyl Peroxide | Precipitated Sulphur,2,,,WALLACE PHARMA,RIVELA,manual,master
AT-PERSOL-PLUS-15GM,PERSOL PLUS GEL 15GM 15GM,PERSOL PLUS,15 GM,Gel,445.31,Adapalene 0.1% + Benzoyl Peroxide 2.5%,adapalene 0.1%+benzoyl peroxide 2.5%,Adapalene | Benzoyl Peroxide,2,Anti-Acne,Grade II Acne,WALLACE PHARMA,RIVELA,wallace,stock file
AT-PFILEPTOR,PFILEPTOR SYRUP,PFILEPTOR,,Syrup,249.00,Pyridoxal Phosphate 5mg,pyridoxal phosphate 5mg,Pyridoxal Phosphate,1,,,CELAGENEX RESEARCH INDIA PVT LTD,NEURO,main,master
AT-PHENYKEM-100-100S,PHENYKEM 100 TAB 100'S,PHENYKEM 100,100'S,Tablet,185.63,Phenytoin,phenytoin,Phenytoin,1,,,ALKEM LAB. LTD,PENTACARE,main,stock file
AT-PHENYKEM-300-10S,PHENYKEM 300 TAB 10'S,PHENYKEM 300,10'S,Tablet,54.84,Phenytoin,phenytoin,Phenytoin,1,,,ALKEM LAB. LTD,PENTACARE,main,stock file
AT-PHEXIN-250MG,PHEXIN 250MG CAPS,PHEXIN 250MG,,Capsule,121.50,Cefalexin,cefalexin,Cefalexin,1,,,GSK LIMITED,OPTIVE,main,master
AT-PHEXIN-500MG,PHEXIN 500MG CAPS,PHEXIN 500MG,,Capsule,269.63,Cefalexin,cefalexin,Cefalexin,1,,,GSK LIMITED,OPTIVE,main,master
AT-PHEXIN-500MG-10S,PHEXIN 500MG CAPS 10`S,PHEXIN 500MG,10'S,Capsule,269.63,,,,,,,GSK LIMITED,OPTIVE,,stock file
AT-PHEXIN-BD-375MG-10,PHEXIN BD 375MG TABS 10',PHEXIN BD 375MG,10',Tablet,254.34,,,,,,,GSK LIMITED,OPTIVE,,stock file
AT-PHEXIN-BD-750MG-10S,PHEXIN BD 750mg TABS 10'S,PHEXIN BD 750mg,10'S,Tablet,399.09,,,,,,,GSK LIMITED,OPTIVE,,stock file
AT-PHEXIN-DISP-250MG,PHEXIN DISP 250MG TAB,PHEXIN DISP 250MG,,Tablet,241.73,Cefalexin,cefalexin,Cefalexin,1,,,GSK LIMITED,OPTIVE,main,master
AT-PHEXIN-10ML,PHEXIN DROPS 10ML,PHEXIN,10 ML,Drops,96.56,,,,,,,GSK LIMITED,OPTIVE,,stock file
AT-PHEXIN-DRY-30ML,PHEXIN DRY SYP. 30ML,PHEXIN DRY,30 ML,Dry Syrup,143.25,,,,,,,GSK LIMITED,OPTIVE,,stock file
AT-PHEXIN-KID-125,PHEXIN KID 125 TABS,PHEXIN KID 125,,Tablet,125.62,Cefalexin,cefalexin,Cefalexin,1,,,GSK LIMITED,OPTIVE,main,master
AT-PHEXIN-RED-SYP-125MG-60ML,PHEXIN RED SYP 125MG 60ML,PHEXIN RED SYP 125MG,60 ML,Syrup,126.33,Cefalexin,cefalexin,Cefalexin,1,,,GSK LIMITED,OPTIVE,main,master
AT-PHEXIN-RED-SYP-250MG-60ML,PHEXIN RED SYP 250MG 60ML,PHEXIN RED SYP 250MG,60 ML,Syrup,217.55,Cefalexin,cefalexin,Cefalexin,1,,,GSK LIMITED,OPTIVE,main,master
AT-PHLOGAM-250MG,PHLOGAM 250MG TABS,PHLOGAM 250MG,,Tablet,264.84,,,,,,,SUN PHARMA LABS.LTD,MAXXIM,,master
AT-PHLOGAM-FORTE,PHLOGAM FORTE TABS,PHLOGAM FORTE,,Tablet,609.38,,,,,,,SUN PHARMA LABS.LTD,MAXXIM,,master
AT-PHOTOSTABLE-ACNE-CLEAR-M-F-50GM,PHOTOSTABLE ACNE CLEAR M/F 50GM,PHOTOSTABLE ACNE CLEAR M/F,50 GM,,971.00,,,,,,,SUN PHARMACEUTICAL,ORTUS,,master
AT-PHOTOSTABLE-GOLD-MATTE-F-S-G-50GM,PHOTOSTABLE GOLD MATTE F/S GEL SPF55*50GM,PHOTOSTABLE GOLD MATTE F/S GEL SPF55*,50 GM,Gel,945.00,,,,,,,SUN PHARMACEUTICAL,ORTUS,,master
AT-PHOTOSTABLE-PRO-80SPF-HYDRAG-50GM,PHOTOSTABLE PRO+80SPF Hydragel 50GM,PHOTOSTABLE PRO+80SPF Hydragel,50 GM,,974.00,,,,,,,SUN PHARMACEUTICAL,ORTUS,,master
AT-PHOTOSTABLE-SPF-40-SUNSCREEN-75ML,PHOTOSTABLE SPF 40+ SUNSCREEN 75ML,PHOTOSTABLE SPF 40+ SUNSCREEN,75 ML,,614.10,,,,,,,SUN PHARMACEUTICAL,ORTUS,,stock file
AT-PHOTOSTABLE-SUNSCREEN-EMULGE-50GM,PHOTOSTABLE SUNSCREEN EMULGEL 50GM,PHOTOSTABLE SUNSCREEN EMULGEL,50 GM,,868.00,,,,,,,SUN PHARMACEUTICAL,ORTUS,,stock file
AT-PHYLLOCONTIN-350-10S,PHYLLOCONTIN 350 TAB 10'S,PHYLLOCONTIN 350,10'S,Tablet,80.16,,,,,,,MODI MUNDI PHARMA,LTD,,stock file
AT-PHYSIOGEL-A-I-50GM,PHYSIOGEL A.I CREAM 50GM,PHYSIOGEL A.I,50 GM,Cream,725.00,Ceramides + Lipids,ceramides+lipids,Ceramides | Lipids,2,,,GSK LIMITED,DERMA ACE TEAM 2,main,master
AT-PHYSIOGEL-A-I-100ML,PHYSIOGEL A.I LOTION 100ML,PHYSIOGEL A.I,100 ML,Lotion,730.00,Ceramides + Lipids,ceramides+lipids,Ceramides | Lipids,2,,,GSK LIMITED,DERMA ACE TEAM 2,main,master
AT-PHYSIOGEL-A-I-BODY-400ML,PHYSIOGEL A.I.BODY LOTION 400ML,PHYSIOGEL A.I.BODY,400 ML,Lotion,"2,002.50",,,,,,,GSK LIMITED,DERMA ACE TEAM 2,,stock file
AT-PHYSIOGEL-CLEANSER-150ML,PHYSIOGEL CLEANSER 150ML,PHYSIOGEL CLEANSER,150 ML,,551.00,Soap-Free Cleanser,soap-free cleanser,Soap-Free Cleanser,1,,,GSK LIMITED,DERMA ACE TEAM 2,main,master
AT-PHYSIOGEL-DMT-75GM,PHYSIOGEL DMT CREAM 75GM,PHYSIOGEL DMT,75 GM,Cream,740.00,Ceramides + Moisturizers,ceramides+moisturizers,Ceramides | Moisturizers,2,,,GSK LIMITED,DERMA ACE TEAM 2,main,master
AT-PHYSIOGEL-DMT-MOI-100ML,PHYSIOGEL DMT MOI LOTION 100ML,PHYSIOGEL DMT MOI,100 ML,Lotion,660.00,Ceramides + Moisturizers,ceramides+moisturizers,Ceramides | Moisturizers,2,,,GSK LIMITED,DERMA ACE TEAM 2,main,master
AT-PICLIN-10,PICLIN 10 TAB,PICLIN 10,,Tablet,61.88,Sodium Picosulfate,sodium picosulfate,Sodium Picosulfate,1,,,A.MENARINI,,main,stock file
AT-PICLIN-KID-50ML,PICLIN KID SYP 50ML,PICLIN KID,50 ML,Syrup,73.13,Sodium Picosulfate,sodium picosulfate,Sodium Picosulfate,1,,,A.MENARINI,,main,stock file
AT-PICLIN-PLUS-110ML,PICLIN PLUS SYRUP 110ML,PICLIN PLUS,110 ML,Syrup,75.00,Milk Of Magnesia + Paraffin + Sodium Picosulfate,milk of magnesia+paraffin+sodium picosulfate,Milk Of Magnesia | Paraffin | Sodium Picosulfate,3,,,A.MENARINI,,main,stock file
AT-PICLIN-150ML,PICLIN SYP 150ML,PICLIN,150 ML,Syrup,156.56,Milk Of Magnesia + Paraffin + Sodium Picosulfate,milk of magnesia+paraffin+sodium picosulfate,Milk Of Magnesia | Paraffin | Sodium Picosulfate,3,,,A.MENARINI,,main,stock file
AT-PILEX-FORTE-30GM,PILEX FORTE OINT 30G,PILEX FORTE,30 GM,Ointment,150.00,Herbal Extracts + Lajjalu + Nagkesar,herbal extracts+lajjalu+nagkesar,Herbal Extracts | Lajjalu | Nagkesar,3,Capparis spinosa + Cichorium intybus,LIV 52 DROPS,HIMALAYA DRUG COMPANY,ZEAL,main,master
AT-PILEX-FORTE-30S,PILEX FORTE TABS 30S,PILEX FORTE,30S,Tablet,140.63,Lajjalu + Nagkesar + Triphala,lajjalu+nagkesar+triphala,Lajjalu | Nagkesar | Triphala,3,,,HIMALAYA DRUG COMPANY,ZEAL,main,master
AT-PILEX-60S,PILEX TABS 60S,PILEX,60S,Tablet,250.00,Herbal Anti-Hemorrhoidal Formulation,herbal anti-hemorrhoidal formulation,Herbal Anti-Hemorrhoidal Formulation,1,,,HIMALAYA DRUG COMPANY,ZEAL,main,master
AT-PIO-AF-OINTMENT-30GM,PIO AF OINTMENT 30G,PIO AF OINTMENT,30 GM,Ointment,201.09,,needs_verification,Needs_verification,1,,,AGLOWMED LTD.,,main,stock file
AT-PIO-OINTMENT-30GM,PIO OINTMENT 30G,PIO OINTMENT,30 GM,Ointment,304.22,,needs_verification,Needs_verification,1,,,AGLOWMED LTD,Radiance,main,stock file
AT-PIOGLAR-15MG-10S,PIOGLAR 15MG TABS 10'S,PIOGLAR 15MG,10'S,Tablet,74.53,Pioglitazone 15mg,pioglitazone 15mg,Pioglitazone,1,ANTI DIABETIC,,SUN PHARMA LAB. LTD,DIABETE,sun pharma sheet,master
AT-PIOGLAR-30MG-10S,PIOGLAR 30MG TABS 10'S,PIOGLAR 30MG,10'S,Tablet,121.88,,,,,,,SUN PHARMA LAB. LTD,DIABETE,,stock file
AT-PIOGLAR-7-5MG-10S,PIOGLAR 7.5MG TAB 10'S,PIOGLAR 7.5MG,10'S,Tablet,56.72,,,,,,,SUN PHARMA LAB. LTD,DIABETE,,stock file
AT-PIOGLAR-G-15-2MGTABS-10S,PIOGLAR G 15+2MGTABS 10'S,PIOGLAR G 15+2MGTABS,10'S,,128.44,,,,,,,SUN PHARMA LAB. LTD,DIABETE,,stock file
AT-PIOGLAR-MF-15-500MG,PIOGLAR MF 15+500MG TABS,PIOGLAR MF 15+500MG,,Tablet,78.75,,,,,,,SUN PHARMA LAB. LTD,DIABETE,,stock file
AT-PIOGLAR-MF-30-500MG-TABS1,PIOGLAR MF 30+500MG TABS1,PIOGLAR MF 30+500MG TABS1,,,119.53,,,,,,,SUN PHARMA LAB. LTD,DIABETE,,stock file
AT-PIOGLAR-MF-7-5MG-10S,PIOGLAR MF 7.5MG TAB 10'S,PIOGLAR MF 7.5MG,10'S,Tablet,61.41,,,,,,,SUN PHARMA LAB. LTD,DIABETE,,stock file
AT-PIOLAX-200ML,PIOLAX SYRUP 200ML,PIOLAX,200 ML,Syrup,283.59,Lactulose,lactulose,Lactulose,1,,,AGLOWMED LTD.,,main,master
AT-PIOPOD-15-10S,PIOPOD 15 TAB 10 S,PIOPOD 15,10 S,Tablet,42.75,Pioglitazone Hydrochloride,pioglitazone hydrochloride,Pioglitazone Hydrochloride,1,,,TORRENT PHARMA,PSYCAN CND,torrent,stock file
AT-PIOPOD-G1-10S,PIOPOD G1 TAB 10 S,PIOPOD G1,10 S,Tablet,59.06,,,,,,,TORRENT PHARMA,PSYCAN CND,,stock file
AT-PIOPOD-G2-10S,PIOPOD G2 TAB 10 S,PIOPOD G2,10 S,Tablet,93.75,,,,,,,TORRENT PHARMA,PSYCAN CND,,stock file
AT-PIOPOD-GM-2-10S,PIOPOD GM 2 TAB 10 S,PIOPOD GM 2,10 S,Tablet,92.81,Glimepiride + Metformin + Pioglitazone Hydrochloride,glimepiride+metformin+pioglitazone hydrochloride,Glimepiride | Metformin | Pioglitazone Hydrochloride,3,,,TORRENT PHARMA,PSYCAN CND,torrent,stock file
AT-PIORIDE-1MG-10S,PIORIDE 1MG TAB 10'S,PIORIDE 1MG,10'S,Tablet,211.08,Prucalopride 1mg,prucalopride 1mg,Prucalopride,1,,,ALEMBIC,GASTRON,manual,master
AT-PIORIDE-2MG-10S,PIORIDE 2MG TAB 10S,PIORIDE 2MG,10S,Tablet,308.72,Prucalopride,glimepiride+pioglitazone,Glimepiride | Pioglitazone,2,,,ALEMBIC,GASTRON,main,stock file
AT-PIPACIN-XP,PIPACIN-XP INJ,PIPACIN-XP,,Injection,419.35,Piperacillin + Tazobactam,piperacillin+tazobactam,Piperacillin | Tazobactam,2,,,AGLOWMED LTD.,,main,stock file
AT-PIPZO-1-125MG,PIPZO 1.125MG VIAL,PIPZO 1.125MG,,Vial,106.46,Piperacillin 1g + Tazobactam 125mg,piperacillin 1g+tazobactam 125mg,Piperacillin | Tazobactam,2,Anti-infective,,ALKEM LABORATRIES LTD,ALTRON,alkem,master
AT-PIPZO-2-25MG,PIPZO 2.25MG INJ,PIPZO 2.25MG,,Injection,204.61,Piperacillin 2g + Tazobactam 250mg,piperacillin 2g+tazobactam 250mg,Piperacillin | Tazobactam,2,Anti-infective,,ALKEM LABORATRIES LTD,ALTRON,alkem,master
AT-PIPZO-4-5,PIPZO 4.5 INJ.VIAL,PIPZO 4.5,,Injection,326.22,Piperacillin 4g + Tazobactam 500mg,piperacillin 4g+tazobactam 500mg,Piperacillin | Tazobactam,2,Anti-infective,,ALKEM LABORATRIES LTD,ALTRON,alkem,master
AT-PIRITON-CS-100ML,PIRITON CS SYP 100ML,PIRITON CS,100 ML,Syrup,106.41,Chlorpheniramine,chlorpheniramine,Chlorpheniramine,1,,,GSK LIMITED,OPTIVE,main,master
AT-PIRITON-EXPEC-100ML,PIRITON EXPEC. 100ML,PIRITON EXPEC,100 ML,,128.30,,,,,,,GSK LIMITED,OPTIVE,,stock file
AT-PIRITON-EXPECTORANT-100ML,PIRITON EXPECTORANT 100ML,PIRITON EXPECTORANT,100 ML,,128.30,Ammonium Chloride + Diphenhydramine + Sodium Citrate,ammonium chloride+diphenhydramine+sodium citrate,Ammonium Chloride | Diphenhydramine | Sodium Citrate,3,,,GSK LIMITED,OPTIVE,main,master
AT-PLAQSTAT-10MG,PLAQSTAT-10MG TAB,PLAQSTAT-10MG,,Tablet,92.81,Rosuvastatin 40mg,rosuvastatin 40mg,Rosuvastatin,1,,,CELAGENEX RESEARCH INDIA PVT LTD,CCD,main,master
AT-PLAQSTAT-20MG-10S,PLAQSTAT-20MG TAB 1*10'S,PLAQSTAT-20MG,10'S,Tablet,139.69,Rosuvastatin,,,,,,CELAGENEX RESEARCH INDIA PVT LTD,CCD,,stock file
AT-PLAQSTAT-ASP-10-75-10S,PLAQSTAT-ASP 10/75 CAPS 1*10'S,PLAQSTAT-ASP 10/75,10'S,Capsule,92.81,Rosuvastatin,,,,,,CELAGENEX RESEARCH INDIA PVT LTD,CCD,,stock file
AT-PLAQSTAT-ASP-20-75MG-10S,PLAQSTAT-ASP 20/75MG CAPS 1*10'S,PLAQSTAT-ASP 20/75MG,10'S,Capsule,124.69,Rosuvastatin,,,,,,CELAGENEX RESEARCH INDIA PVT LTD,CCD,,stock file
AT-PLAQSTAT-GOLD-10-75MG-10S,PLAQSTAT-GOLD 10/75MG CAPS 1*10'S,PLAQSTAT-GOLD 10/75MG,10'S,Capsule,124.69,Rosuvastatin,,,,,,CELAGENEX RESEARCH INDIA PVT LTD,CCD,,stock file
AT-PLAQSTAT-GOLD-20-75MG-10S,PLAQSTAT-GOLD 20/75MG CAPS 1*10'S,PLAQSTAT-GOLD 20/75MG,10'S,Capsule,186.56,Rosuvastatin,,,,,,CELAGENEX RESEARCH INDIA PVT LTD,CCD,,stock file
AT-PLAT-CHARGE-PLUS-10S,PLAT CHARGE PLUS CAP 10S,PLAT CHARGE PLUS,10S,Capsule,276.56,,,,,,,NEO LIFE SCIENCES,,,stock file
AT-PLATENZA-100ML,PLATENZA 100ML SYP 100ML,PLATENZA,100 ML,Syrup,150.00,,,,,,,HIMALAYA DRUG COMPANY ZENITH,,,stock file
AT-PLATENZA-20S,PLATENZA TAB 20'S,PLATENZA,20'S,Tablet,164.06,Giloy + Papaya Leaf Extract,giloy+papaya leaf extract,Giloy | Papaya Leaf Extract,2,,,HIMALAYA DRUG COMPANY ZANDRA,,main,master
AT-PLECTRA-20GM,PLECTRA GEL 20GM,PLECTRA,20 GM,Gel,124.69,,,,,,,KOYE ORIGYN PHARMACEUTICAL,GY,,stock file
AT-PLUSS-D3-GOLD-20S,PLUSS D3 GOLD TAB 20'S,PLUSS D3 GOLD,20'S,Tablet,163.00,,,,,,,FINECURE PHARMACEUTICALS,LTD,,stock file
AT-PLUSS-D3-1GM,PLUSS D3 SACHET 1GM,PLUSS D3,1 GM,Sachet,21.00,,,,,,,FINECURE PHARMACEUTICALS,LTD,,stock file
AT-PLUSS-D3-4S,PLUSS D3 TAB 4'S,PLUSS D3,4'S,Tablet,83.44,Cholecalciferol,cholecalciferol,Cholecalciferol,1,,,FINECURE PHARMACEUTICALS,LTD,main,master
AT-PODOWART-PAINT-10ML,PODOWART PAINT 10ML,PODOWART PAINT,10 ML,,292.50,Podophyllin Resin,podophyllin resin,Podophyllin Resin,1,,,A.MENARINI,DERMA,main,master
AT-PODOWART-S-PAINT-10ML,PODOWART-S PAINT 10ML,PODOWART-S PAINT,10 ML,,298.13,Podophyllin + Salicylic Acid,podophyllin+salicylic acid,Podophyllin | Salicylic Acid,2,,,A.MENARINI,DERMA,main,master
AT-PODXETIL-100-CV-30ML,PODXETIL 100 CV SUSP 30ML,PODXETIL 100 CV,30 ML,Suspension,131.25,,,,,,,KOYE PHARMACEUTICALS,P.LTD,,stock file
AT-PODXETIL-100-30ML,PODXETIL 100 SUSP 30ML,PODXETIL 100,30 ML,Suspension,131.25,,,,,,,KOYE PHARMACEUTICALS,P.LTD,,stock file
AT-PODXETIL-100-10S,PODXETIL 100 TAB 10S,PODXETIL 100,10S,Tablet,111.56,,,,,,,KOYE PHARMACEUTICALS,P.LTD,,stock file
AT-PODXETIL-200-10S,PODXETIL 200 TAB 10S,PODXETIL 200,10S,Tablet,154.69,,,,,,,KOYE PHARMACEUTICALS,P.LTD,,stock file
AT-PODXETIL-50-CV-30ML,PODXETIL 50 CV SUSP 30ML,PODXETIL 50 CV,30 ML,Suspension,75.00,,,,,,,KOYE PHARMACEUTICALS,P.LTD,,stock file
AT-PODXETIL-50-30ML,PODXETIL 50 SUSP 30ML,PODXETIL 50,30 ML,Suspension,72.19,,,,,,,KOYE PHARMACEUTICALS,P.LTD,,stock file
AT-PODXETIL-50-10S,PODXETIL 50 TAB 10S,PODXETIL 50,10S,Tablet,70.31,,,,,,,KOYE PHARMACEUTICALS,P.LTD,,stock file
AT-PODXETIL-CV-10S,PODXETIL CV TAB 10S,PODXETIL CV,10S,Tablet,300.00,,,,,,,KOYE PHARMACEUTICALS,P.LTD,,stock file
AT-POLFALIX-2MG-10S,POLFALIX 2MG CAP 1*10'S,POLFALIX 2MG,10'S,Capsule,111.56,,,,,,,TORRENT PHARMACEUTICALS,LTD,,master
AT-POLFALIX-P-10S,POLFALIX P TAB 1*10'S,POLFALIX P,10'S,Tablet,158.44,,,,,,,TORRENT PHARMACEUTICALS,LTD,,master
AT-POLMAKEM-2MG-10S,POLMAKEM 2MG CAP 10'S,POLMAKEM 2MG,10'S,Capsule,112.00,Paliperidone,paliperidone,Paliperidone,1,,,ALKEM LABORATORIE LTD,VITA,main,master
AT-POLMAKEM-P-10S,POLMAKEM-P TAB 10'S,POLMAKEM-P,10'S,Tablet,120.90,Paliperidone + Propranolol,paliperidone+propranolol,Paliperidone | Propranolol,2,,,ALKEM LABORATORIE LTD,VITA,main,master
AT-POSMEAL-MD-0-2-10S,POSMEAL MD 0.2 TAB 10,POSMEAL MD 0.2,10'S,Tablet,79.83,,,,,,,TORRENT PHARMA,INTEGRA,,stock file
AT-POSMEAL-MD-0-3,POSMEAL MD 0.3 TAB,POSMEAL MD 0.3,,Tablet,117.80,,,,,,,TORRENT PHARMA,INTEGRA,,master
AT-POSMEAL-MET-0-2-10S,POSMEAL MET 0.2 TAB 10,POSMEAL MET 0.2,10'S,Tablet,93.24,,,,,,,TORRENT PHARMA,INTEGRA,,stock file
AT-POSMEAL-MET-0-3-10S,POSMEAL MET 0.3 TAB 10,POSMEAL MET 0.3,10'S,Tablet,118.23,,,,,,,TORRENT PHARMA,INTEGRA,,stock file
AT-POVIROBES-OINTMENT-15GM,POVIROBES OINTMENT 15GM,POVIROBES OINTMENT,15 GM,Ointment,92.81,Povidone Iodine,povidone iodine,Povidone Iodine,1,Derma,,ALKEM LABORATORIES,LTD.ALFA NEXGEN,main,stock file
AT-POWERVIT-10S,POWERVIT TAB 10'S,POWERVIT,10'S,Tablet,215.00,Multiminerals + Multivitamins,multiminerals+multivitamins,Multiminerals | Multivitamins,2,,,AGLOWMED LTD,Radiance,main,stock file
AT-PPFINE-40-MG-10S,PPFINE 40 MG TAB 10,PPFINE 40 MG,10'S,Tablet,70.31,,,,,,,FINECURE PHARMACEUTICALS,LTD,,stock file
AT-PPFINE-D-10S,PPFINE D TAB 10,PPFINE D,10'S,Tablet,75.00,,,,,,,FINECURE PHARMACEUTICALS,LTD,,stock file
AT-PPFINE-DSR-10S,PPFINE DSR CAP 10'S,PPFINE DSR,10'S,Capsule,89.06,,,,,,,FINECURE PHARMACEUTICALS,LTD,,stock file
AT-PRADAXA-110MG,Pradaxa 110mg Capsule,Pradaxa 110mg,,Capsule,333.75,Dabigatran Etexilate 110mg,dabigatran etexilate 110mg,Dabigatran Etexilate,1,,Prevention of stroke/systemic embolism in atrial fibrillation; treatment/prevention of DVT and PE,BOEHRINGER INGELHEIM,,main,master
AT-PRADAXA-150MG,Pradaxa 150mg Capsule,Pradaxa 150mg,,Capsule,373.00,Dabigatran Etexilate 150mg,dabigatran etexilate 150mg,Dabigatran Etexilate,1,,Prevention of stroke/systemic embolism in atrial fibrillation; treatment/prevention of DVT and PE,BOEHRINGER INGELHEIM,,main,master
AT-PRADAXA-75MG,Pradaxa 75mg Capsule,Pradaxa 75mg,,Capsule,,Dabigatran Etexilate 75mg,dabigatran etexilate 75mg,Dabigatran Etexilate,1,,Prevention of stroke/systemic embolism in atrial fibrillation; treatment/prevention of DVT and PE,BOEHRINGER INGELHEIM,,main,master
AT-PRASITA-10MG-10S,PRASITA 10MG 10'S,PRASITA 10MG,10'S,Tablet,337.50,Prasugrel 10mg,prasugrel 10mg,Prasugrel,1,CARDIAC,,SUN PHARMA LAB. LTD,DIABETE,sun pharma sheet,master
AT-PRASITA-A-10S,PRASITA A CAP 10S,PRASITA A,10S,Capsule,298.13,,,,,,,SUN PHARMA LAB. LTD,DIABETE,,master
AT-PRASMOL-MR-10S,PRASMOL MR TAB 10,PRASMOL MR,10'S,Tablet,107.80,Aceclofenac 100mg + Chlorzoxazone 250mg + Paracetamol 325mg,aceclofenac 100mg+chlorzoxazone 250mg+paracetamol 325mg,Aceclofenac | Chlorzoxazone | Paracetamol,3,,,ROSSWELT BIOSCIENCES,,manual,master
AT-PRASMOL-N-10S,PRASMOL N TAB 10,PRASMOL N,10'S,Tablet,46.87,,,,,,,ROSSWELT BIOSCIENCES,,,master
AT-PRASMOL-SP-10S,PRASMOL SP TAB 10,PRASMOL SP,10'S,Tablet,112.50,,,,,,,ROSSWELT BIOSCIENCES,,,master
AT-PRASMOL-A-10S,PRASMOL-A TAB 10S,PRASMOL-A,10S,Tablet,42.19,Aceclofenac 100mg + Paracetamol 325mg,aceclofenac 100mg+paracetamol 325mg,Aceclofenac | Paracetamol,2,Analgesic / Inflammatory,,ROSSWELT BIOSCIENCES,,rosswelt,master
AT-PRATHAM-100-REDI-15ML,PRATHAM 100 REDI.15ML,PRATHAM 100 REDI,15 ML,,26.95,Cefixime,cefixime,Cefixime,1,,,ALKEM LABORATORIES,LTD.ALFA NEXGEN,main,stock file
AT-PRATHAM-200-REDI-15ML,PRATHAM 200 REDI 15ML,PRATHAM 200 REDI,15 ML,,53.68,Cefixime,cefixime,Cefixime,1,,,ALKEM LABORATORIES,LTD.ALFA NEXGEN,main,master
AT-PRATHAM-200MG-REDIUSE-30ML,PRATHAM 200MG REDIUSE 30ML,PRATHAM 200MG REDIUSE,30 ML,,107.36,Azithromycin 200mg/5ml,azithromycin 200mg/5ml,Azithromycin,1,Anti-infective,,ALKEM LABORATORIES,LTD.ALFA NEXGEN,manual,master
AT-PRATHAM-250-MG-TAB,PRATHAM 250 MG TAB**,PRATHAM 250 MG TAB**,,Tablet,60.36,Cefixime,cefixime,Cefixime,1,,,ALKEM LABORATORIES,LTD.ALFA NEXGEN,main,stock file
AT-PRATHAM-500,PRATHAM 500 TAB,PRATHAM 500,,Tablet,123.72,Azithromycin 500mg,azithromycin 500mg,Azithromycin,1,,,ALKEM LABORATORIES,LTD.ALFA NEXGEN,manual,master
AT-PRAX-10,PRAX 10 TABS,PRAX 10,,Tablet,386.30,Prasugrel Hydrochloride 10mg,prasugrel hydrochloride 10mg,Prasugrel Hydrochloride,1,,,TORRENT PHARMACEUTICALS,PSYCAN,torrent,master
AT-PRAX-5-10S,PRAX 5 TAB 10'S,PRAX 5,10'S,Tablet,117.47,Prasugrel Hydrochloride 5mg,prasugrel hydrochloride 5mg,Prasugrel Hydrochloride,1,,,TORRENT PHARMACEUTICALS,PSYCAN,torrent,stock file
AT-PRAX-A-75-10S,PRAX A 75 TAB 10,PRAX A 75,10'S,Tablet,308.55,Aspirin + Prasugrel Hydrochloride,aspirin+prasugrel hydrochloride,Aspirin | Prasugrel Hydrochloride,2,,,TORRENT PHARMACEUTICALS,PSYCAN,torrent,master
AT-PRAZTAC-D-10S,PRAZTAC D CAP 10S,PRAZTAC D,10S,Capsule,119.11,Domperidone 30mg + Pantoprazole 40mg,domperidone 30mg+pantoprazole 40mg,Domperidone | Pantoprazole,2,Gastro,,INDOCO,REMEDIES LTD. FOCUS,INDOCO,stock file
AT-PRAZTAC-40-10S,PRAZTAC-40 TAB 10S,PRAZTAC-40,10S,Tablet,61.83,,,,,,,INDOCO,REMEDIES LTD. FOCUS,,stock file
AT-PRB-5ML10S,PRB SUSP 5ML 10S 10S,PRB,5ML 10S 10S,Suspension,42.19,Probiotic Blend,probiotic blend,Probiotic Blend,1,,,AGLOWMED LTD.,,main,stock file
AT-PREBANEURO-75MG-15S,PREBANEURO 75MG TAB 1*15'S,PREBANEURO 75MG,15'S,Tablet,124.69,,,,,,,RPG LIFE SCIENCE LTD,GLODIAN,,master
AT-PREBANEURO-D-10S,PREBANEURO-D TAB 1*10'S,PREBANEURO-D,10'S,Tablet,150.00,,,,,,,RPG LIFE SCIENCE LTD,GLODIAN,,master
AT-PREBANEURO-M-15S,PREBANEURO-M TAB 1*15'S,PREBANEURO-M,15'S,Tablet,168.75,,,,,,,RPG LIFE SCIENCE LTD,GLODIAN,,stock file
AT-PREGABA-50MG-10S,PREGABA 50MG CAP 10,PREGABA 50MG,10'S,Capsule,161.71,Pregabalin,pregabalin,Pregabalin,1,,,TORRENT PHARMA,NEUFOREV,torrent,master
AT-PREGABA-75MG-10S,PREGABA 75MG CAP 10,PREGABA 75MG,10'S,Capsule,286.59,Pregabalin,pregabalin,Pregabalin,1,,,TORRENT PHARMA,NEUFOREV,torrent,master
AT-PREGABA-D-50-20MG-CAP-10-10,PREGABA D 50/20MG CAP 10' 10,PREGABA D 50/20MG CAP 10' 10,,Capsule,173.05,,,,,,,TORRENT PHARMA,NEUFOREV,,master
AT-PREGABA-D-75-20MG-10,PREGABA D 75/20MG CAP 10',PREGABA D 75/20MG,10',Capsule,247.50,,,,,,,TORRENT PHARMA,NEUFOREV,,master
AT-PREGABA-FORTE-10S,PREGABA FORTE CAP 10,PREGABA FORTE,10'S,Capsule,152.81,,,,,,,TORRENT PHARMA,NEUFOREV,,stock file
AT-PREGABA-30GM,PREGABA GEL 30GM,PREGABA,30 GM,Gel,398.40,,,,,,,TORRENT PHARMA,NEUFOREV,,master
AT-PREGABA-M-75MG-15S,PREGABA M 75MG TAB 15,PREGABA M 75MG,15'S,Tablet,394.03,,,,,,,TORRENT PHARMA,NEUFOREV,,master
AT-PREGABA-MNT-10S,PREGABA MNT TAB 10,PREGABA MNT,10'S,Tablet,256.50,Methylcobalamin + Nortriptyline + Pregabalin,methylcobalamin+nortriptyline+pregabalin,Methylcobalamin | Nortriptyline | Pregabalin,3,,,TORRENT PHARMA,NEUFOREV,manual,master
AT-PREGABA-NT-50-10MG-10S,PREGABA NT 50/10MG TAB 10'S,PREGABA NT 50/10MG,10'S,Tablet,143.40,,,,,,,TORRENT PHARMACEUTICALS,LTD,,master
AT-PREGABA-NT-10S,PREGABA NT TAB 10S,PREGABA NT,10S,Tablet,282.46,Nortriptylin + Pregabalin,nortriptylin+pregabalin,Nortriptylin | Pregabalin,2,,,TORRENT PHARMA,NEUFOREV,torrent,master
AT-PREGABA-PLUS-10S,PREGABA PLUS CAP 10,PREGABA PLUS,10'S,Capsule,140.63,,,,,,,TORRENT PHARMA,NEUFOREV,,stock file
AT-PREGABA-SR-75-10S,PREGABA SR 75 TAB 10,PREGABA SR 75,10'S,Tablet,210.00,Pregabalin 75mg,pregabalin 75mg,Pregabalin,1,,,TORRENT PHARMA,NEUFOREV,torrent,master
AT-PREGALIN-150MG-10S,PREGALIN 150MG CAP 10'S,PREGALIN 150MG,10'S,Capsule,342.19,,,,,,,TORRENT PHARMA,AZUCA,,master
AT-PREGALIN-25MG-10S,PREGALIN 25MG CAP 10'S,PREGALIN 25MG,10'S,Capsule,70.00,,,,,,,TORRENT PHARMACEUTICAL,AXON,,master
AT-PREGALIN-50-10S,PREGALIN 50 TAB 10,PREGALIN 50,10'S,Tablet,121.88,,,,,,,TORRENT PHARMACEUTICALS,LTD,,master
AT-PREGALIN-75-15S,PREGALIN 75 CAP 15S,PREGALIN 75,15S,Capsule,346.15,,,,,,,TORRENT PHARMACEUTICAL,AXON,,master
AT-PREGALIN-D-50-20,PREGALIN D 50/20 TAB,PREGALIN D 50/20,,Tablet,173.05,,,,,,,TORRENT PHARMACEUTICAL,AXON,,master
AT-PREGALIN-D-75-20MG-10S,PREGALIN D 75/20MG CAP 10'S,PREGALIN D 75/20MG,10'S,Capsule,247.50,,,,,,,TORRENT PHARMACEUTICAL,AXON,,master
AT-PREGALIN-D-75-30MG-10S,PREGALIN D 75/30MG CAP 10'S,PREGALIN D 75/30MG,10'S,Capsule,297.66,,,,,,,TORRENT PHARMACEUTICAL,AXON,,stock file
AT-PREGALIN-DM-75-20MG-10S,PREGALIN DM 75+20MG CAP 10'S,PREGALIN DM 75+20MG,10'S,Capsule,270.90,,,,,,,TORRENT PHARMACEUTICAL,AXON,,master
AT-PREGALIN-DM-75-30MG-10S,PREGALIN DM 75+30MG CAP 10'S,PREGALIN DM 75+30MG,10'S,Capsule,317.81,,,,,,,TORRENT PHARMACEUTICAL,AXON,,master
AT-PREGALIN-FORTE-75-10S,PREGALIN FORTE 75 CAP 10S,PREGALIN FORTE 75,10S,Capsule,128.44,Alpha Lipoic Acid + Folic Acid + Methylcobalamin + Pregabalin + Pyridoxine Hydrochloride,alpha lipoic acid+folic acid+methylcobalamin+pregabalin+pyridoxine hydrochloride,Alpha Lipoic Acid | Folic Acid | Methylcobalamin | Pregabalin | Pyridoxine Hydrochloride,5,,,TORRENT PHARMACEUTICAL,AXON,torrent,stock file
AT-PREGALIN-30GM,PREGALIN GEL 30GM,PREGALIN,30 GM,Gel,398.44,Pregabalin 50mg,pregabalin 50mg,Pregabalin,1,,,TORRENT PHARMACEUTICAL,AXON,torrent,stock file
AT-PREGALIN-M-75-15S,PREGALIN M 75 CAP 15S,PREGALIN M 75,15S,Capsule,358.50,Methylcobalamin + Pregabalin,methylcobalamin+pregabalin,Methylcobalamin | Pregabalin,2,,,TORRENT PHARMACEUTICAL,AXON,manual,master
AT-PREGALIN-M-SR-75-15S,PREGALIN M SR 75 TAB 15,PREGALIN M SR 75,15'S,Tablet,289.69,Methylcobalamin + Pregabalin,methylcobalamin+pregabalin,Methylcobalamin | Pregabalin,2,,,TORRENT PHARMACEUTICAL,AXON,torrent,master
AT-PREGALIN-NT-50-10MG-10S,PREGALIN NT 50/10MG TAB 10'S,PREGALIN NT 50/10MG,10'S,Tablet,143.44,Nortriptyline + Pregabalin,nortriptyline+pregabalin,Nortriptyline | Pregabalin,2,,,TORRENT PHARMACEUTICAL,AXON,torrent,stock file
AT-PREGALIN-NT-10S,PREGALIN NT TAB 10,PREGALIN NT,10'S,Tablet,257.05,Nortriptylin + Pregabalin,nortriptylin+pregabalin,Nortriptylin | Pregabalin,2,,,TORRENT PHARMACEUTICAL,AXON,torrent,master
AT-PREGALIN-SR-75-10S,PREGALIN SR 75 TAB 1*10,PREGALIN SR 75,10'S,Tablet,230.75,Pregabalin 75mg,pregabalin 75mg,Pregabalin,1,,,TORRENT PHARMACEUTICAL,AXON,torrent,stock file
AT-PREGALIN-X-75-10S,PREGALIN X 75 CAP 10S,PREGALIN X 75,10S,Capsule,148.83,Methylcobalamin + Pregabalin,methylcobalamin+pregabalin,Methylcobalamin | Pregabalin,2,,,TORRENT PHARMA,UNO VISTA,torrent,stock file
AT-PREGALIN-X-SR-75-10S,PREGALIN X SR 75TAB 10S,PREGALIN X SR 75,10S,Tablet,347.25,Methylcobalamin 1500mcg + Pregabalin 75mg,methylcobalamin 1500mcg+pregabalin 75mg,Methylcobalamin | Pregabalin,2,,,TORRENT PHARMA,UNO VISTA,manual,master
AT-PREGCERT-LMF-10S,PREGCERT LMF CAP 10,PREGCERT LMF,10'S,Capsule,210.69,,,,,,,KOYE ORIGYN PHARMACEUTICAL,GY,,stock file
AT-PREGCERT-200-10S,PREGCERT-200 CAP 10'S,PREGCERT-200,10'S,Capsule,274.69,,,,,,,KOYE ORIGYN PHARMACEUTICAL,GY,,stock file
AT-PREGCERT-200-SR-10S,PREGCERT-200 SR TAB 10'S,PREGCERT-200 SR,10'S,Tablet,387.75,Progesterone 200mg,progesterone 200mg,Progesterone,1,Pregnancy Management / Infertility,Pregnancy management / Infertility,KOYE ORIGYN PHARMACEUTICAL,GY,koye,stock file
AT-PREGCERT-300-SR-10S,PREGCERT-300 SR TAB 10'S,PREGCERT-300 SR,10'S,Tablet,513.56,Progesterone 300mg,progesterone 300mg,Progesterone,1,Pregnancy Management / Infertility,Pregnancy management / Infertility,KOYE ORIGYN PHARMACEUTICAL,GY,koye,stock file
AT-PREGCERT-400-10S10S,PREGCERT-400 CAP 10'S 10S,PREGCERT-400,10'S 10S,Capsule,547.50,,,,,,,KOYE ORIGYN PHARMACEUTICAL,GY,,stock file
AT-PREGEB-150-10S,PREGEB 150 CAP 10S,PREGEB 150,10S,Capsule,311.25,Pregabalin 75mg/150mg,pregabalin 75mg/150mg,Pregabalin,1,,,TORRENT PHARMA,AZUCA,torrent,stock file
AT-PREGEB-75-10S,PREGEB 75 CAP 10 S,PREGEB 75,10 S,Capsule,191.06,Pregabalin 75mg/150mg,pregabalin 75mg/150mg,Pregabalin,1,,,TORRENT PHARMA,AZUCA,torrent,stock file
AT-PREGEB-D-50-20MG-10S,PREGEB D 50/20MG CAP 1*10,PREGEB D 50/20MG,10'S,Capsule,173.06,,,,,,,TORRENT PHARMACEUTICALS,LTD,,master
AT-PREGEB-D-75-20MG-10S,PREGEB D 75/20MG CAP 1*10,PREGEB D 75/20MG,10'S,Capsule,247.50,,,,,,,TORRENT PHARMA,AZUCA,,master
AT-PREGEB-FORTE-75-10S,PREGEB FORTE 75 CAP 10'S,PREGEB FORTE 75,10'S,Capsule,141.09,Alpha Lipoic Acid + Folic Acid + Methylcobalamin + Pregabalin + Pyridoxine Hydrochloride,alpha lipoic acid+folic acid+methylcobalamin+pregabalin+pyridoxine hydrochloride,Alpha Lipoic Acid | Folic Acid | Methylcobalamin | Pregabalin | Pyridoxine Hydrochloride,5,,,TORRENT PHARMA,AZUCA,torrent,stock file
AT-PREGEB-M-150-10S,PREGEB M 150 CAP 10S,PREGEB M 150,10S,Capsule,335.35,Methylcobalamin 750mcg + Pregabalin 150mg,methylcobalamin 750mcg+pregabalin 150mg,Methylcobalamin | Pregabalin,2,,,TORRENT PHARMA,AZUCA,torrent,master
AT-PREGEB-M-75-10S,PREGEB M 75 CAP 10 S,PREGEB M 75,10 S,Capsule,306.56,,,,,,,TORRENT PHARMA,AZUCA,,master
AT-PREGEB-M-OD-150,PREGEB M OD 150 TAB,PREGEB M OD 150,,Tablet,310.31,Methylcobalamin + Pregabalin,methylcobalamin+pregabalin,Methylcobalamin | Pregabalin,2,,,TORRENT PHARMA,AZUCA,torrent,stock file
AT-PREGEB-M-OD-75-10S,PREGEB M OD 75 TAB 10S,PREGEB M OD 75,10S,Tablet,315.94,Methylcobalamin 1500mcg + Pregabalin 75mg,methylcobalamin 1500mcg+pregabalin 75mg,Methylcobalamin | Pregabalin,2,,,TORRENT PHARMA,AZUCA,manual,master
AT-PREGEB-OD-150-MG-10S,PREGEB OD 150 MG TAB 1*10,PREGEB OD 150 MG,10'S,Tablet,258.89,Pregabalin 150mg,pregabalin 150mg,Pregabalin,1,,,TORRENT PHARMA,AZUCA,torrent,stock file
AT-PREGEB-OD-75,PREGEB OD 75 TAB,PREGEB OD 75,,Tablet,174.05,Pregabalin,pregabalin,Pregabalin,1,,,TORRENT PHARMA,AZUCA,torrent,stock file
AT-PREGNAVIT-CAPS-10-S-F,PREGNAVIT CAPS 10'S (F),PREGNAVIT CAPS 10'S (F),,Capsule,84.88,Cyanocobalamin + Folic Acid + Iron,cyanocobalamin+folic acid+iron,Cyanocobalamin | Folic Acid | Iron,3,,,BESTOCHEM FORMULATIONS,,main,stock file
AT-PREGNAVIT-L-10S,PREGNAVIT-L TAB 10'S,PREGNAVIT-L,10'S,Tablet,10.80,L-Methylfolate + Methylcobalamin + Pyridoxine,l-methylfolate+methylcobalamin+pyridoxine,L-Methylfolate | Methylcobalamin | Pyridoxine,3,,,BESTOCHEM FORMULATIONS,,main,stock file
AT-PRESMOVAC-1MG-10S,PRESMOVAC 1MG TAB 10S,PRESMOVAC 1MG,10S,Tablet,168.84,Prucalopride,prucalopride,Prucalopride,1,,,TORRENT PHARMACEUTICALS,LTD,torrent,stock file
AT-PRESMOVAC-2MG,PRESMOVAC 2MG TAB,PRESMOVAC 2MG,,Tablet,285.28,Prucalopride,prucalopride,Prucalopride,1,,,TORRENT PHARMACEUTICALS,LTD,torrent,stock file
AT-PRICHEK-1-MG-10S,PRICHEK 1 MG 1*10TAB,PRICHEK 1 MG,10'S,Tablet,34.65,Glimepiride 1mg,glimepiride 1mg,Glimepiride,1,Anti-Diabetic,,INDOCO REMEDIES,SYNERGY,INDOCO,stock file
AT-PRICHEK-2MG-10S,PRICHEK 2MG TAB 10'S,PRICHEK 2MG,10'S,Tablet,53.65,Glimepiride 2mg,glimepiride 2mg,Glimepiride,1,Anti-Diabetic,,INDOCO REMEDIES,SYNERGY,INDOCO,stock file
AT-PRICHEK-GMP-1-MG-10S,PRICHEK GMP 1 MG TAB 10'S,PRICHEK GMP 1 MG,10'S,Tablet,141.28,Glimepiride 1mg + Metformin 500mg + Pioglitazone 15mg,glimepiride 1mg+metformin 500mg+pioglitazone 15mg,Glimepiride | Metformin | Pioglitazone,3,Anti-Diabetic,,INDOCO REMEDIES,SYNERGY,INDOCO,stock file
AT-PRICHEK-GMP-2-MG-TAB-10-S-10,PRICHEK GMP 2 MG TAB 10'S 10,PRICHEK GMP 2 MG TAB 10'S 10,,Tablet,187.50,,,,,,,INDOCO REMEDIES,SYNERGY,,stock file
AT-PRICHEK-M1-10S,PRICHEK M1 TAB 10'S,PRICHEK M1,10'S,Tablet,83.44,Glimepiride 1mg + Metformin 500mg,glimepiride 1mg+metformin 500mg,Glimepiride | Metformin,2,Anti-Diabetic,,INDOCO REMEDIES,SYNERGY,INDOCO,stock file
AT-PRICHEK-M2-15S,PRICHEK M2 TAB 15'S,PRICHEK M2,15'S,Tablet,176.16,Glimepiride 2mg + Metformin 500mg,glimepiride 2mg+metformin 500mg,Glimepiride | Metformin,2,Anti-Diabetic,,INDOCO REMEDIES,SYNERGY,INDOCO,stock file
AT-PRICKLYHEAT-BABY-POW-100,PRICKLYHEAT BABY POW.100,PRICKLYHEAT BABY POW.100,,,65.63,,,,,,,HIMALIYA DRUGS BABY CARE,,,stock file
AT-PRICKLYHEAT-BABY-POW-50GM,PRICKLYHEAT BABY POW.50GM,PRICKLYHEAT BABY POW,50 GM,,42.19,,,,,,,HIMALIYA DRUGS BABY CARE,,,stock file
AT-PRIMOGUT-SACHETS-1GM,PRIMOGUT SACHETS 1GM.,PRIMOGUT SACHETS,1 GM,Sachet,26.70,,,,,,,NUTRIMED HEALTHCARE,PVT.LTD,,stock file
AT-PRO-PL-CF-500GM,PRO-PL CF 500GM,PRO-PL CF,500 GM,,619.00,Multiminerals + Multivitamins + Protein Supplement,multiminerals+multivitamins+protein supplement,Multiminerals | Multivitamins | Protein Supplement,3,,,BRITISH BIOLOGICALS LTD.,,main,master
AT-PRO-PL-CF-200GM,PRO-PL CF POWDER 200GM,PRO-PL CF,200 GM,Powder,299.00,Multiminerals + Multivitamins + Protein Supplement,multiminerals+multivitamins+protein supplement,Multiminerals | Multivitamins | Protein Supplement,3,,,BRITISH BIOLOGICALS LTD.,,main,master
AT-PRO-PL-CORDIMOM,PRO-PL CORDIMOM POWDER,PRO-PL CORDIMOM,,Powder,298.15,DHA + Multivitamins + Protein,dha+multivitamins+protein,DHA | Multivitamins | Protein,3,,,BRITISH BIOLOGICALS LTD.,,main,master
AT-PRO-PL-LITE-200GM,PRO-PL LITE 200GM,PRO-PL LITE,200 GM,,427.00,Low-Calorie Protein Supplement,low-calorie protein supplement,Low-Calorie Protein Supplement,1,,,BRITISH BIOLOGICALS LTD.,,main,master
AT-PRO-PL-VF-500GM,PRO-PL VF 500GM,PRO-PL VF,500 GM,,618.55,Protein Supplement,protein supplement,Protein Supplement,1,,,BRITISH BIOLOGICALS LTD.,,main,master
AT-PRO-PL-VF-200GM,PRO-PL VF POWDER 200GM,PRO-PL VF,200 GM,Powder,299.00,Protein Supplement,protein supplement,Protein Supplement,1,,,BRITISH BIOLOGICALS LTD.,,main,master
AT-PROBYTES-DISKETTES-C-F-200GM,PROBYTES DISKETTES C/F 200GM,PROBYTES DISKETTES C/F,200 GM,,468.00,,,,,,,NUTRIMED HEALTHCARE,PVT.LTD,,master
AT-PROBYTES-GRANULES-200GM,PROBYTES GRANULES 200GM,PROBYTES GRANULES,200 GM,Granules,351.00,,,,,,,NUTRIMED HEALTHCARE,PVT.LTD,,stock file
AT-PROFIGRAN-10MG-10S,PROFIGRAN 10MG TAB 10'S,PROFIGRAN 10MG,10'S,Tablet,154.55,Flunarizine,flunarizine,Flunarizine,1,,,ALKEM LAB. LTD,PENTACARE,main,stock file
AT-PROFIGRAN-5-MG-10S,PROFIGRAN 5 MG TAB 10'S,PROFIGRAN 5 MG,10'S,Tablet,48.60,Flunarizine,flunarizine,Flunarizine,1,,,ALKEM LAB. LTD,PENTACARE,main,stock file
AT-PROFLAKES-CORN-FLAKES-250GM,PROFLAKES+CORN FLAKES 250GM,PROFLAKES+CORN FLAKES,250 GM,,216.27,,,,,,,NUTRIMED HEALTHCARE,PVT.LTD,,stock file
AT-PROGLIFT-L-25MG-15S,PROGLIFT L 25MG TAB 15'S,PROGLIFT L 25MG,15'S,Tablet,150.00,Empagliflozin 25mg,empagliflozin 25mg,Empagliflozin,1,,,BLUE CROSS LABS,LTD BCL,manual,master
AT-PROGLIFT-25-MG-10S,PROGLIFT-25 MG TAB 10'S,PROGLIFT-25 MG,10'S,Tablet,120.00,Losartan,losartan,Losartan,1,,,BLUE CROSS LABS,LTD BCL,main,master
AT-PROHANCE-ACTIV-VANILLA-F-POW-400GM,PROHANCE ACTIV VANILLA/F.POW. 400GM,PROHANCE ACTIV VANILLA/F.POW,400 GM,,810.00,,,,,,,SUN PHARMA LAB.LTD,RICHOUT,,stock file
AT-PROHANCE-D-CH-200GR,PROHANCE D CH 200GR,PROHANCE D CH 200GR,,,293.70,,,,,,,SUN PHARMA LAB. LTD,DIABETE,,stock file
AT-PROHANCE-D-CHO-400GM,PROHANCE D CHO.400G,PROHANCE D CHO,400 GM,,808.13,,,,,,,SUN PHARMA LAB. LTD,DIABETE,,master
AT-PROHANCE-D-DISKETTES-JEERA-250GM,PROHANCE D DISKETTES JEERA 250GM,PROHANCE D DISKETTES JEERA,250 GM,,445.31,,,,,,,SUN PHARMA LAB.LTD,RICHOUT,,stock file
AT-PROHANCE-D-DISKETTES-VAN-250GM,PROHANCE D DISKETTES VAN 250GM,PROHANCE D DISKETTES VAN,250 GM,,445.31,,,,,,,SUN PHARMA LAB.LTD,RICHOUT,,stock file
AT-PROHANCE-D-MIX-VEG-SOOP-200-,PROHANCE D MIX VEG SOOP 200 1,PROHANCE D MIX VEG SOOP 200 1,,,360.00,,,,,,,SUN PHARMA LAB. LTD,DIABETE,,stock file
AT-PROHANCE-D-SWEET-CORN-200GR-,PROHANCE D SWEET CORN 200GR 1,PROHANCE D SWEET CORN 200GR 1,,,360.00,,,,,,,SUN PHARMA LAB. LTD,DIABETE,,stock file
AT-PROHANCE-D-VAN-200GR,PROHANCE D VAN.200GR,PROHANCE D VAN.200GR,,,337.50,,,,,,,SUN PHARMA LAB. LTD,DIABETE,,stock file
AT-PROHANCE-D-VANILLA-400GM,PROHANCE D VANILLA 400G,PROHANCE D VANILLA,400 GM,Powder,735.94,Protein Supplements,protein supplements,Protein Supplements,1,VITAMINS / MINERALS / NUTRIENTS,,SUN PHARMA LAB. LTD,DIABETE,sun pharma sheet,stock file
AT-PROHANCE-JUNIAR-CH-200GR-200,PROHANCE JUNIAR CH 200GR 200,PROHANCE JUNIAR CH 200GR 200,,,320.00,,,,,,,SUN PHARMA LAB.LTD,STANLIFE,,stock file
AT-PROHANCE-JUNIAR-CH-400GR-400,PROHANCE JUNIAR CH 400GR 400,PROHANCE JUNIAR CH 400GR 400,,,525.10,,,,,,,SUN PHARMA LAB.LTD,STANLIFE,,stock file
AT-PROHANCE-POW-VANIL-200GM,PROHANCE POW VANIL 200GM,PROHANCE POW VANIL,200 GM,,318.00,Protein Supplements,protein supplements,Protein Supplements,1,,,SUN PHARMA LAB.LTD,RICHOUT,manual,master
AT-PROHANCE-POWDER-CHOCOLAT-200GM,PROHANCE POWDER CHOCOLAT 200GM,PROHANCE POWDER CHOCOLAT,200 GM,Powder,338.00,Protein Supplements,protein supplements,Protein Supplements,1,,,SUN PHARMA LAB.LTD,RICHOUT,manual,master
AT-PROHANCE-POWDER-CHOCOLAT-400GM,PROHANCE POWDER CHOCOLAT 400GM,PROHANCE POWDER CHOCOLAT,400 GM,Powder,610.00,,,,,,,SUN PHARMA LAB.LTD,RICHOUT,,stock file
AT-PROHANCE-VANILLA-400GM,PROHANCE VANILLA 400GM,PROHANCE VANILLA,400 GM,Powder,610.00,Protein Supplements,protein supplements,Protein Supplements,1,VITAMINS / MINERALS / NUTRIENTS,,SUN PHARMA LAB.LTD,RICHOUT,sun pharma sheet,stock file
AT-PROMAX-VF-200GM,PROMAX VF 200GM POWDER,PROMAX VF,200 GM,Powder,347.10,,,,,,,BRITISH BIOLOGICAL CRITICAL CARE,,,stock file
AT-PROMEDA-20,PROMEDA-20,PROMEDA-20,,,84.35,Pantoprazole,pantoprazole,Pantoprazole,1,,,ANDROMEDA PHARMACEUTICALS,P. L,main,master
AT-PROMEDA-20-10S,PROMEDA-20 10S,PROMEDA-20,10S,,84.35,Rabeprazole,rabeprazole,Rabeprazole,1,,,ANDROMEDA PHARMACEUTICALS,P. L,main,stock file
AT-PROMEDA-DSR,PROMEDA-DSR,PROMEDA-DSR,,,121.85,Domperidone + Pantoprazole,domperidone+pantoprazole,Domperidone | Pantoprazole,2,,,ANDROMEDA PHARMACEUTICALS,P. L,main,master
AT-PROMEDA-DSR-10S,PROMEDA-DSR 10S,PROMEDA-DSR,10S,,121.85,Domperidone + Rabeprazole,domperidone+rabeprazole,Domperidone | Rabeprazole,2,,,ANDROMEDA PHARMACEUTICALS,P. L,main,stock file
AT-PROMEDA-LS,PROMEDA-LS CAP,PROMEDA-LS,,Capsule,215.16,Levosulpiride + Pantoprazole,levosulpiride+pantoprazole,Levosulpiride | Pantoprazole,2,,,ANDROMEDA PHARMACEUTICALS,P. L,main,master
AT-PROMEDA-LS-10S,PROMEDA-LS CAP 1*10'S,PROMEDA-LS,10'S,Capsule,215.15,Levosulpiride + Rabeprazole,levosulpiride+rabeprazole,Levosulpiride | Rabeprazole,2,,,ANDROMEDA PHARMACEUTICALS,P. L,main,stock file
AT-PRONOVA-10S,PRONOVA CAP 10S,PRONOVA,10S,Capsule,97.50,,,,,,,WALLACE PHARMA,LIFESTYLE DC,,stock file
AT-PRORETRO-10S,PRORETRO TAB 10'S,PRORETRO,10'S,Tablet,515.16,,,,,,,JAGSONPAL PHARMA,LTD.NARI DIV,,stock file
AT-PROTINULES-BUUTER-200GM,PROTINULES BUUTER 200GM,PROTINULES BUUTER,200 GM,,283.91,Protein Supplement,protein supplement,Protein Supplement,1,,,ALEMBIC,ALCARE,main,stock file
AT-PROTINULES-CHOCLATE-POW-200GM,PROTINULES CHOCLATE POW.200GM,PROTINULES CHOCLATE POW,200 GM,,468.14,Protein Supplement,protein supplement,Protein Supplement,1,,,ALEMBIC,ALCARE,main,stock file
AT-PROTINULES-PL-200GR,PROTINULES PL 200GR,PROTINULES PL 200GR,,,425.42,Protein Supplement,protein supplement,Protein Supplement,1,,,ALEMBIC,ALCARE,main,stock file
AT-PROWEL-10S,PROWEL CAP 10'S,PROWEL,10'S,Capsule,92.50,Bacillus Clausii,bacillus clausii,Bacillus Clausii,1,Gastro Intestinal,,ALKEM LABORATRIES LTD,ACE-ALTIS,main,stock file
AT-PROWEL-DRY-30ML,PROWEL DRY SYP 30ML,PROWEL DRY,30 ML,Dry Syrup,54.21,Bacillus Clausii,bacillus clausii,Bacillus Clausii,1,Gastro Intestinal,,ALKEM LABORATRIES LTD,ACE-ALTIS,main,stock file
AT-PROWEL-1GM,PROWEL POWDER SACHET 1GM,PROWEL,1 GM,Powder,9.25,Bacillus Clausii,bacillus clausii,Bacillus Clausii,1,Gastro Intestinal,,ALKEM LABORATRIES LTD,ACE-ALTIS,main,stock file
AT-PROZUCA-VAINILA-FLAVOUR-4000GM,PROZUCA VAINILA FLAVOUR 4000G,PROZUCA VAINILA FLAVOUR,4000 GM,,745.00,,,,,,,TORRENT PHARMACEUTICALS,FORZA,,master
AT-PROZUCA-VANILA-FLAVOUR-200GM,PROZUCA VANILA FLAVOUR 200G,PROZUCA VANILA FLAVOUR,200 GM,,395.00,,,,,,,TORRENT PHARMACEUTICALS,FORZA,,master
AT-PRUCROS-20MG,PRUCROS 20MG TAB,PRUCROS 20MG,,Tablet,140.63,Bilastine 20mg,bilastine 20mg,Bilastine,1,Antihistamine,,ALKEM LAB,LTD DERMAKEM,manual,master
AT-PRUCROS-20MG-10S,PRUCROS 20MG TAB 10S,PRUCROS 20MG,10S,Tablet,154.65,Prucalopride,prucalopride,Prucalopride,1,Antihistamine,,ALKEM LAB,LTD DERMAKEM,main,stock file
AT-PRUCROS-40MG,PRUCROS 40MG TAB,PRUCROS 40MG,,Tablet,195.90,Bilastine 40mg,bilastine 40mg,Bilastine,1,Antihistamine,,ALKEM LAB,LTD DERMAKEM,manual,master
AT-PRUCROS-40MG-10S,PRUCROS 40MG TAB 10'S,PRUCROS 40MG,10'S,Tablet,215.45,Prucalopride,prucalopride,Prucalopride,1,Antihistamine,,ALKEM LAB,LTD DERMAKEM,main,stock file
AT-PRUCROS-ORAL-SOLUTION,PRUCROS ORAL SOLUTION,PRUCROS ORAL SOLUTION,,Solution,173.90,Prucalopride,prucalopride,Prucalopride,1,,,ALKEM LAB,LTD DERMAKEM,main,master
AT-PRUCROS-ORAL-SOLUTION-2-5MG--60ML,PRUCROS ORAL SOLUTION 2.5MG/ML 60ML,PRUCROS ORAL SOLUTION 2.5MG/ML,60 ML,Solution,173.90,Prucalopride,prucalopride,Prucalopride,1,,,ALKEM LAB,LTD DERMAKEM,main,stock file
AT-PRULASTIN-20-MG-10S,PRULASTIN 20 MG TABS,PRULASTIN 20 MG,10'S,Tablet,124.69,Bilastine 20mg,bilastine 20mg,Bilastine,1,ANTIHISTAMINE,,ALKEM LABS,LTD NEXA,alkem,stock file
AT-PRULASTIN-40-MG,PRULASTIN 40 MG TABS,PRULASTIN 40 MG,,Tablet,195.90,Bilastine 20mg,bilastine 20mg,Bilastine,1,,,ALKEM LABS,LTD NEXA,manual,master
AT-PRULASTIN-M,PRULASTIN M TABS,PRULASTIN M,,Tablet,111.55,Levocetirizine + Montelukast,levocetirizine+montelukast,Levocetirizine | Montelukast,2,,,ALKEM LABORATORIES,LTD.ALFA NEXGEN,main,master
AT-PRULASTIN-M-SUSPENSION-60ML,PRULASTIN-M SUSPENSION 60ML,PRULASTIN-M SUSPENSION,60 ML,Suspension,117.19,Levocetirizine + Montelukast,levocetirizine+montelukast,Levocetirizine | Montelukast,2,,,ALKEM LABS,LTD NEXA,main,stock file
AT-PRUMOTION-1-10,PRUMOTION 1 10,PRUMOTION 1 10,,,139.69,,,,,,,KOYE PHARMACEUTICALS,P.LTD,,stock file
AT-PRUMOTION-2-10S,PRUMOTION 2 10S,PRUMOTION 2,10S,,214.69,,,,,,,KOYE PHARMACEUTICALS,P.LTD,,stock file
AT-PRUSTAT-10S,PRUSTAT TAB 10S,PRUSTAT,10S,Tablet,101.72,Prucalopride,prucalopride,Prucalopride,1,,,ALKEM PAHARMA,DARMA CARE,main,stock file
AT-PRUVICT-1-10S,PRUVICT 1 TAB 10,PRUVICT 1,10'S,Tablet,235.31,Prucalopride / Prucalopride 1mg,prucalopride / prucalopride 1mg,Prucalopride / Prucalopride,1,,,TORRENT PHARMACEUTICALS,LTD,torrent,master
AT-PRUVICT-2-10S,PRUVICT 2 TAB 10,PRUVICT 2,10'S,Tablet,394.65,Prucalopride / Prucalopride 1mg,prucalopride / prucalopride 1mg,Prucalopride / Prucalopride,1,,,TORRENT PHARMACEUTICALS,LTD,torrent,master
AT-PRUVICT-LIQUID-ORAL-SOLUTION-150ML,PRUVICT LIQUID ORAL SOLUTION 150ML,PRUVICT LIQUID ORAL SOLUTION,150 ML,Solution,390.00,,,,,,,TORRENT PHARMACEUTICALS,LTD,,master
AT-PRYNERVE-M-75MG-10S,PRYNERVE M 75MG 10'S,PRYNERVE M 75MG,10'S,,157.03,Methylcobalamin + Pregabalin,methylcobalamin+pregabalin,Methylcobalamin | Pregabalin,2,,,ALKEM LAB.LTD,PRIZMA,main,stock file
AT-PRYNERVE-OD-75MG,PRYNERVE OD 75MG TAB,PRYNERVE OD 75MG,,Tablet,122.34,Pregabalin,pregabalin,Pregabalin,1,,,ALKEM LAB.LTD,PRIZMA,main,stock file
AT-PUC-250-60ML,PUC 250 SUSP.60ML,PUC 250,60 ML,Suspension,35.62,Paracetamol,paracetamol,Paracetamol,1,,,ALKEM LABORATRIES LTD,ACE-ALTIS,main,stock file
AT-PUC-500-10S,PUC 500 TAB 10'S,PUC 500,10'S,Tablet,9.19,Paracetamol 500mg,paracetamol 500mg,Paracetamol,1,"Analgesic, Anti-pyretic",,ALKEM LABORATRIES LTD,ACE-ALTIS,alkem,stock file
AT-PUC-650-10S,PUC 650TAB 1*10,PUC 650,10'S,Tablet,15.88,Paracetamol 650mg,paracetamol 650mg,Paracetamol,1,"Analgesic, Anti-pyretic",,ALKEM LABORATRIES LTD,ACE-ALTIS,alkem,stock file
AT-PUC-DROP-15ML,PUC DROP 15ML.,PUC DROP,15 ML,Drops,28.19,Paracetamol,paracetamol,Paracetamol,1,,,ALKEM LABORATRIES LTD,ACE-ALTIS,main,stock file
AT-PUC-60ML,PUC SYP 60ML.,PUC,60 ML,Syrup,20.57,Paracetamol,paracetamol,Paracetamol,1,,,ALKEM LABORATRIES LTD,ACE-ALTIS,main,stock file
AT-PULMOCARE-200GM,PULMOCARE 200GM,PULMOCARE,200 GM,,280.35,Carbohydrate + Energy + Maltodextrin + Nutritional Supplement British Bio + Protein + Veg. Fat + Whole Milk,carbohydrate+energy+maltodextrin+nutritional supplement british bio+protein+veg. fat+whole milk,Carbohydrate | Energy | Maltodextrin | Nutritional Supplement British Bio | Protein | Veg. Fat | Whole Milk,7,,,BRITISH BIOLOGICAL CRITICAL CARE,,manual,master
AT-PULMOCARE-400GM,PULMOCARE 400GM,PULMOCARE,400 GM,,548.00,High Fat Nutritional Supplement + High Protein,high fat nutritional supplement+high protein,High Fat Nutritional Supplement | High Protein,2,,,BRITISH BIOLOGICAL CRITICAL CARE,,main,master
AT-PULMOPLUS-200GM,PULMOPLUS 200GM,PULMOPLUS,200 GM,,281.00,Pulmonary Nutrition Supplementcolostrum Enriched + Skimmed Milk Powder + Vegetable Fat + Whey Protein Concentrate,pulmonary nutrition supplementcolostrum enriched+skimmed milk powder+vegetable fat+whey protein concentrate,Pulmonary Nutrition Supplementcolostrum Enriched | Skimmed Milk Powder | Vegetable Fat | Whey Protein Concentrate,4,,,BRITISH BIOLOGICAL CRITICAL CARE,,manual,master
AT-PURE-HANDS-ORNG-85ML,PURE HANDS (ORNG) 85ML,PURE HANDS (ORNG),85 ML,,37.38,,,,,,,HIMALAYA DRUG COMPANY ZEAL,,,stock file
AT-PURE-HANDS-100-ML-LEMON,PURE HANDS 100 ML(LEMON),PURE HANDS 100 ML(LEMON),,,44.50,,,,,,,HIMALAYA DRUG COMPANY ZEAL,,,stock file
AT-PURE-HANDS-100ML-BOTT-ORENGE,PURE HANDS 100ML BOTT (ORENGE),PURE HANDS 100ML BOTT (ORENGE),,,44.50,,,,,,,HIMALIYA DRUGS BABY CARE,,,stock file
AT-PURE-HANDS-100ML-TUBE,PURE HANDS 100ML TUBE,PURE HANDS 100ML TUBE,,,44.50,,,,,,,HIMALIYA DRUGS BABY CARE,,,stock file
AT-PURE-HANDS-200ML-LITCHI,PURE HANDS 200ML(LITCHI),PURE HANDS 200ML(LITCHI),,,89.00,,,,,,,HIMALIYA DRUGS BABY CARE,,,stock file
AT-PURE-HANDS-500ML-LEMON,PURE HANDS 500ML(LEMON),PURE HANDS 500ML(LEMON),,,222.50,,,,,,,HIMALAYA DRUG COMPANY ZEAL,,,stock file
AT-PURE-HANDS-ADVANCE-750ML,PURE HANDS ADVANCE 750ML,PURE HANDS ADVANCE,750 ML,,667.50,,,,,,,HIMALAYA DRUG COMPANY ZANDRA,,,stock file
AT-PURE-HANDS-ADVANCE-BLUE-500ML,PURE HANDS ADVANCE BLUE 500ML,PURE HANDS ADVANCE BLUE,500 ML,,222.50,,,,,,,HIMALAYA DRUG COMPANY ZANDRA,,,stock file
AT-PURE-HANDS-ADVANCE-PINK-500ML,PURE HANDS ADVANCE PINK 500ML,PURE HANDS ADVANCE PINK,500 ML,,222.50,,,,,,,HIMALAYA DRUG COMPANY ZENITH,,,stock file
AT-PURE-HANDS-LEMON-5L,PURE HANDS(LEMON)5LTR,PURE HANDS(LEMON),5 L,,"2,225.00",,,,,,,HIMALIYA DRUGS BABY CARE,,,stock file
AT-PURIM-60S,PURIM TABS 60S,PURIM,60S,Tablet,140.63,Manjistha + Neem + Turmeric,manjistha+neem+turmeric,Manjistha | Neem | Turmeric,3,,,HIMALAYA DRUG COMPANY,ZEAL,main,master
AT-PYRICONTIN-F-10S,PYRICONTIN F TAB 10'S,PYRICONTIN F,10'S,Tablet,264.84,Folic Acid + Pyridoxine Hydrochloride,folic acid+pyridoxine hydrochloride,Folic Acid | Pyridoxine Hydrochloride,2,,,MODI MUNDI PHARMA,LTD,modimundi,master
AT-PYRICONTIN-10S,PYRICONTIN TABS 10`S,PYRICONTIN,10'S,Tablet,63.65,Of Pyridoxine Hydrochloride,of pyridoxine hydrochloride,Of Pyridoxine Hydrochloride,1,,,MODI MUNDI PHARMA,LTD,modimundi,master
AT-PYRIDIUM-200-MG-10S,PYRIDIUM 200 MG TAB 10'S,PYRIDIUM 200 MG,10'S,Tablet,106.88,Phenazopyridine,phenazopyridine,Phenazopyridine,1,,,A.MENARINI,,main,stock file
AT-Q-CARE-10S,Q-CARE TAB 1*10TAB,Q-CARE,10'S,Tablet,480.00,Arginine Hydrochloride 250mg + Levocarnitine 250mg + Omega Triglycerides 150mg + Ubidecarenone 100mg + Zinc Sulphate 17mg,arginine hydrochloride 250mg+levocarnitine 250mg+omega triglycerides 150mg+ubidecarenone 100mg+zinc sulphate 17mg,Arginine Hydrochloride | Levocarnitine | Omega Triglycerides | Ubidecarenone | Zinc Sulphate,5,,,NUTRIMED HEALTHCARE,PVT.LTD,main,master
AT-Q-DEE-IMMUNITY-8S,Q-DEE(IMMUNITY)TAB 1*8'S,Q-DEE(IMMUNITY),8'S,Tablet,37.50,,,,,,,HIMALAYA DRUG COMPANY,OTX,,stock file
AT-Q-DMRD-200,Q-DMRD 200 TAB,Q-DMRD 200,,Tablet,59.53,Hydroxychloroquine,hydroxychloroquine,Hydroxychloroquine,1,,,ALEMBIC,OSTEOFID,main,stock file
AT-Q-DMRD-400MG-10S,Q-DMRD 400MG TAB 10S,Q-DMRD 400MG,10S,Tablet,113.77,Hydroxychloroquine,hydroxychloroquine,Hydroxychloroquine,1,,,ALEMBIC,OSTEOFID,main,stock file
AT-Q-MIND-100-10S,"Q-MIND 100,TAB 10'S",Q-MIND 100,10'S,Tablet,60.94,Quetiapine,quetiapine,Quetiapine,1,,,TORRENT PHARMACEUTICALS,MIND,torrent,stock file
AT-Q-MIND-25-10S,"Q-MIND 25,TAB 10'S",Q-MIND 25,10'S,Tablet,34.03,,,,,,,TORRENT PHARMACEUTICALS,MIND,,stock file
AT-Q-MIND-50-10S,"Q-MIND 50,TAB 10'S",Q-MIND 50,10'S,Tablet,57.09,Quetiapine,quetiapine,Quetiapine,1,,,TORRENT PHARMACEUTICALS,MIND,torrent,stock file
AT-Q-MIND-SR-100-10S,"Q-MIND SR 100,TAB 10'S",Q-MIND SR 100,10'S,Tablet,88.59,Quetiapine Prolonged-Release,quetiapine prolonged-release,Quetiapine Prolonged-Release,1,,,TORRENT PHARMACEUTICALS,MIND,torrent,stock file
AT-Q-MIND-SR-200-10S,"Q-MIND SR 200,TAB 10'S",Q-MIND SR 200,10'S,Tablet,129.38,Quetiapine Prolonged-Release,quetiapine prolonged-release,Quetiapine Prolonged-Release,1,,,TORRENT PHARMACEUTICALS,MIND,torrent,stock file
AT-Q-MIND-SR-300-10S,"Q-MIND SR 300,TAB 10'S",Q-MIND SR 300,10'S,Tablet,191.63,Quetiapine Prolonged-Release,quetiapine prolonged-release,Quetiapine Prolonged-Release,1,,,TORRENT PHARMACEUTICALS,MIND,torrent,stock file
AT-Q-MIND-SR-400-10S,"Q-MIND SR 400,TAB 10'S",Q-MIND SR 400,10'S,Tablet,242.34,Quetiapine Prolonged-Release,quetiapine prolonged-release,Quetiapine Prolonged-Release,1,,,TORRENT PHARMACEUTICALS,MIND,torrent,stock file
AT-Q-MIND-SR-50-10S,"Q-MIND SR 50 TAB,10'S",Q-MIND SR 50,10'S,Tablet,57.64,Quetiapine Prolonged-Release,quetiapine prolonged-release,Quetiapine Prolonged-Release,1,,,TORRENT PHARMACEUTICALS,MIND,torrent,stock file
AT-Q-PIN-25,Q-PIN 25 TAB,Q-PIN 25,,Tablet,64.65,Quetiapine 25mg,quetiapine 25mg,Quetiapine,1,Antipsychotic,,ALKEM LAB.LTD,PRIZMA,alkem,master
AT-Q-PIN-50-10S,Q-PIN 50 TAB 10'S,Q-PIN 50,10'S,Tablet,87.66,Quetiapine 50mg,quetiapine 50mg,Quetiapine,1,Antipsychotic,,ALKEM LAB.LTD,PRIZMA,alkem,master
AT-Q-PIN-SR-100MG-10S,Q-PIN SR 100MG TAB 10'S,Q-PIN SR 100MG,10'S,Tablet,132.15,Quetiapine,quetiapine,Quetiapine,1,,,ALKEM LAB.LTD,PRIZMA,main,master
AT-Q-PIN-SR-200MG-10S,Q-PIN SR 200MG TAB 10'S,Q-PIN SR 200MG,10'S,Tablet,241.85,Quetiapine,quetiapine,Quetiapine,1,,,ALKEM LAB.LTD,PRIZMA,main,master
AT-Q-PIN-SR-300MG-10S,Q-PIN SR 300MG TAB 10'S,Q-PIN SR 300MG,10'S,Tablet,280.30,Quetiapine,quetiapine,Quetiapine,1,,,ALKEM LAB.LTD,PRIZMA,main,stock file
AT-Q-PIN-SR-400MG-10S,Q-PIN SR 400MG TAB 10'S,Q-PIN SR 400MG,10'S,Tablet,388.00,Quetiapine,quetiapine,Quetiapine,1,,,ALKEM LAB.LTD,PRIZMA,main,master
AT-Q-PIN-SR-50MG-10S,Q-PIN SR 50MG TAB 10'S,Q-PIN SR 50MG,10'S,Tablet,99.45,Quetiapine,quetiapine,Quetiapine,1,,,ALKEM LAB.LTD,PRIZMA,main,master
AT-QDEE-15S,QDEE CAP 1*15,QDEE,15'S,Capsule,307.05,,,,,,,DD NUTRITIONS,INDIA,,stock file
AT-QUAFOLIN-15S,QUAFOLIN CAP 15S,QUAFOLIN,15S,Capsule,191.35,,,,,,,KOYE ORIGYN PHARMACEUTICAL,GY,,stock file
AT-QUEEZY-ER-10S,QUEEZY ER TAB 10'S,QUEEZY ER,10'S,Tablet,150.00,Doxylamine Succinate + Pyridoxine Hydrochloride,doxylamine succinate+pyridoxine hydrochloride,Doxylamine Succinate | Pyridoxine Hydrochloride,2,,,JAGSONPAL PHARMA LTD,BONEVA,manual,master
AT-QUEEZY-10S,QUEEZY TAB 10'S,QUEEZY,10'S,Tablet,35.16,,,,,,,JAGSONPAL PHARMA LTD,BONEVA,,stock file
AT-QUGYL-OP-20GM,QUGYL OP 20G,QUGYL OP,20 GM,,80.30,,,,,,,"RPG LIFE SCIENCES L..,",SEARLE,,stock file
AT-QUINTOR-100ML,QUINTOR INJ 100ML,QUINTOR,100 ML,Injection,19.43,,,,,,,TORRENT PHARMACEUTICALS,LTD,,stock file
AT-QUISTA-ACTIVE-200G-CF,QUISTA ACTIVE 200G CF,QUISTA ACTIVE 200G CF,,,391.60,,,,,,,HIMALAYA DRUG COMPANY,ZEAL,,stock file
AT-QUISTA-DN-200GM-VANILLA,QUISTA DN 200GM VANILLA,QUISTA DN 200GM VANILLA,,,400.00,,,,,,,HIMALAYA DRUG COMPANY,ZEAL,,stock file
AT-QUISTA-DN-400G-VANILLA-FLAVO,QUISTA DN 400G VANILLA FLAVOUR,QUISTA DN 400G VANILLA FLAVOUR,,,550.00,,,,,,,HIMALAYA DRUG COMPANY,ZEAL,,stock file
AT-QUISTA-KIDZ-200GM-POWDER-C-F,QUISTA KIDZ 200GM POWDER C/F,QUISTA KIDZ 200GM POWDER C/F,,Powder,470.00,,,,,,,HIMALAYA DRUG COMPANY,ZEAL,,stock file
AT-QUISTA-KIDZ-VENILA-F-200GM-P,QUISTA KIDZ VENILA F 200GM POW 200,QUISTA KIDZ VENILA F 200GM POW 200,,,285.00,,,,,,,HIMALAYA DRUG COMPANY,ZEAL,,stock file
AT-QUISTA-PRO-CHOC-1KG,QUISTA PRO CHOC 1KG POWDER 1KG,QUISTA PRO CHOC,1 KG,Powder,"2,225.00",,,,,,,HIMALAYA DRUG COMPANY,ZEAL,,stock file
AT-R-PPI-20-10S,R-PPI 20 TAB 10'S,R-PPI 20,10'S,Tablet,34.69,Rabeprazole,rabeprazole,Rabeprazole,1,,,BLUE CROSS LABS LTD,GOLD CROS,main,stock file
AT-R-PPI-L-15S,R-PPI-L CAP 15'S,R-PPI-L,15'S,Capsule,131.25,Levosulpiride + Rabeprazole,levosulpiride+rabeprazole,Levosulpiride | Rabeprazole,2,,,BLUE CROSS LABS LTD,GOLD CROS,main,master
AT-R-RD-10S,R-RD CAP 10'S,R-RD,10'S,Capsule,75.00,Domperidone + Rabeprazole,domperidone+rabeprazole,Domperidone | Rabeprazole,2,,,BLUE CROSS LABS LTD,GOLD CROS,main,master
AT-RABALKEM-LS-10S,RABALKEM LS TAB 10,RABALKEM LS,10'S,Tablet,46.50,Levosulpiride + Rabeprazole,levosulpiride+rabeprazole,Levosulpiride | Rabeprazole,2,,,ALKEM LAB. LTD,PENTACARE,main,stock file
AT-RABEE-20MG-10S,RABEE 20MG TABS 10'S,RABEE 20MG,10'S,Tablet,122.11,,,,,Gastroenterology,"GERD, peptic ulcer disease, acid-related disorders",RPG LIFE SCIENCE LTD,GLODIAN,,master
AT-RABEE-D-10S,RABEE D CAPS 10`S,RABEE D,10'S,Capsule,113.63,Domperidone Sustained-Release 30mg + Rebeprazole Sodium,domperidone sustained-release 30mg+rebeprazole sodium,Domperidone Sustained-Release | Rebeprazole Sodium,2,Gastroenterology,"GERD, acid reflux with associated dyspeptic symptoms","RPG LIFE SCIENCES L..,",SEARLE,rpg,stock file
AT-RABEE-L-TAB-7,RABEE L TAB 7#,RABEE L TAB 7#,,Tablet,86.44,,,,,Gastroenterology,"GERD, dyspepsia, acid-related disorders","RPG LIFE SCIENCES L..,",SEARLE,,stock file
AT-RABENA,Rabena,Rabena,,,,Domperidone 30mg + Rabeprazole 20mg,domperidone 30mg+rabeprazole 20mg,Domperidone | Rabeprazole,2,,"GERD, acidity and acid-peptic disorders",APPENA LIFE PVT.LTD,,main,master
AT-RABENA-D-10S,RABENA-D CAP 10'S,RABENA-D,10'S,Capsule,131.00,Domperidone + Rabeprazole,domperidone+rabeprazole,Domperidone | Rabeprazole,2,,,APPENA LIFE PVT.LTD,,main,stock file
AT-RABENDA-20MG-10S,RABENDA 20MG TAB 1*10,RABENDA 20MG,10'S,Tablet,103.13,Rabeprazole,rabeprazole,Rabeprazole,1,,,ARRIENT HEALTHCARE,(ORENDA)PRIVATE LIM,main,master
AT-RABENDA-DSR-15S,RABENDA DSR TAB 1*15,RABENDA DSR,15'S,Tablet,229.69,Domperidone + Rabeprazole,domperidone+rabeprazole,Domperidone | Rabeprazole,2,,,ARRIENT HEALTHCARE,(ORENDA)PRIVATE LIM,main,master
AT-RABENDA-PLUS-10S,RABENDA PLUS TAB 1*10,RABENDA PLUS,10'S,Tablet,225.00,Levosulpiride + Rabeprazole,levosulpiride+rabeprazole,Levosulpiride | Rabeprazole,2,,,ARRIENT HEALTHCARE,(ORENDA)PRIVATE LIM,main,master
AT-RABENDA-40MG-DSR-10S,RABENDA-40MG DSR TAB 10'S,RABENDA-40MG DSR,10'S,Tablet,186.56,Domperidone + Rabeprazole,domperidone+rabeprazole,Domperidone | Rabeprazole,2,,,ARRIENT HEALTHCARE,(ORENDA)PRIVATE LIM,main,master
AT-RABENDA-ACE-10S,RABENDA-ACE TAB 10'S,RABENDA-ACE,10'S,Tablet,103.12,Aceclofenac + Rabeprazole,aceclofenac+rabeprazole,Aceclofenac | Rabeprazole,2,,,ARRIENT HEALTHCARE,(ORENDA)PRIVATE LIM,main,master
AT-RABENDA-IT-10S,RABENDA-IT CAP 10'S,RABENDA-IT,10'S,Capsule,257.81,Itopride + Rabeprazole,itopride+rabeprazole,Itopride | Rabeprazole,2,,,ARRIENT HEALTHCARE,(ORENDA)PRIVATE LIM,main,master
AT-RABICLIK-20-10S,RABICLIK 20 TAB 10,RABICLIK 20,10'S,Tablet,60.93,Rabeprazole 20mg,rabeprazole 20mg,Rabeprazole,1,,,ROSSWELT BIOSCIENCES,,manual,master
AT-RABICLIK-DSR-10,RABICLIK DSR 10,RABICLIK DSR 10,,,98.40,,,,,,,ROSSWELT BIOSCIENCES,,,master
AT-RABICLIK-LS-10S,RABICLIK-LS TAB 10S,RABICLIK-LS,10S,Tablet,186.56,Domperidone 10mg + Omeprazole 20mg,domperidone 10mg+omeprazole 20mg,Domperidone | Omeprazole,2,Gastro / Hepato,,ROSSWELT BIOSCIENCES,,rosswelt,master
AT-RABISAR-20,RABISAR 20 TABS,RABISAR 20,,Tablet,60.94,,,,,,,SALASAR PHARMACEUTICALS,,,master
AT-RABISAR-DSR-10S,RABISAR DSR CAP 10,RABISAR DSR,10'S,Capsule,93.75,,,,,,,SALASAR PHARMACEUTICALS,,,master
AT-RABISAR-L-10S,RABISAR L TAB 10'S,RABISAR L,10'S,Tablet,175.00,,,,,,,SALASAR PHARMACEUTICALS,,,master
AT-RABONE-DSR-10S,RABONE-DSR CAP 10S,RABONE-DSR,10S,Capsule,91.88,,,,,,,ONESTEP HEALTHCARE P. LTD,CARDIAC,,master
AT-RABONE-LV-10S,RABONE-LV TAB 10S,RABONE-LV,10S,Tablet,185.63,Levosulpiride 75mg + Rabeprazole 20mg,levosulpiride 75mg+rabeprazole 20mg,Levosulpiride | Rabeprazole,2,,,ONESTEP HEALTHCARE P. LTD,CARDIAC,main,master
AT-RABZER-D-10S,RABZER D CAP 10'S,RABZER D,10'S,Capsule,88.13,,,,,,,WALLACE PHARMA,DELITE,,stock file
AT-RABZER-DSR-15S,RABZER DSR CAP 15S,RABZER DSR,15S,Capsule,206.25,,,,,,,WALLACE PHARMA,DELITE,,stock file
AT-RABZER-GR-10S,RABZER GR TAB 10'S,RABZER GR,10'S,Tablet,140.63,,,,,,,WALLACE PHARMA,DELITE,,stock file
AT-RABZER-L-10S,RABZER L CAP 10'S,RABZER L,10'S,Capsule,215.63,,,,,,,WALLACE PHARMA,DELITE,,stock file
AT-RACE-BASE-J-1GM,RACE BASE-J SACHET 1GM,RACE BASE-J,1 GM,Sachet,31.83,Racecadotril,racecadotril,Racecadotril,1,,,BESTOCHEM FORMULATIONS,,main,stock file
AT-RACINE-PRO-CONDITION-SHAMPOO-175ML,RACINE PRO CONDITION.SHAMPOO 175ML,RACINE PRO CONDITION.SHAMPOO,175 ML,Shampoo,621.95,,needs_verification,Needs_verification,1,,,ALKEM LABORATORIES LTD,ADROIT,main,stock file
AT-RACINE-PRO-CONDITIONER-SHAMP-175ML,RACINE PRO CONDITIONER SHAMPOO 175ML,RACINE PRO CONDITIONER SHAMPOO,175 ML,Shampoo,621.95,Biotin + Keratin,biotin+keratin,Biotin | Keratin,2,,,ALKEM LABORATORIES LTD,ADROIT,main,master
AT-RACINE-PRO-HAIR-SERUM-30ML,RACINE PRO HAIR SERUM 30ML,RACINE PRO HAIR SERUM,30 ML,Serum,823.25,,needs_verification,Needs_verification,1,,,ALKEM LABORATRIES LTD,ALTRON,main,stock file
AT-RACINE-K-3X10,RACINE-K TAB 3*10'S,RACINE-K,3X10,Tablet,427.10,Amino Acids + Biotin + Multiminerals + Multivitamins,amino acids+biotin+multiminerals+multivitamins,Amino Acids | Biotin | Multiminerals | Multivitamins,4,,,ALKEM LABORATORIES LTD,ADROIT,main,stock file
AT-RACINE-K-30S,RACINE-K TAB 30'S,RACINE-K,30'S,Tablet,427.10,Biotin + Multivitamins,biotin+multivitamins,Biotin | Multivitamins,2,,,ALKEM LABORATORIES LTD,ADROIT,main,master
AT-RACIPER-PLUS-10S,RACIPER PLUS TAB 10 S,RACIPER PLUS,10 S,Tablet,261.56,,,,,,,SUN PHARMA LAB. LTD,PHARMA,,master
AT-RACIPER-TAB-20MG-10S,RACIPER TAB 20MG 10'S,RACIPER TAB 20MG,10'S,Tablet,96.09,Esomeprazole 20mg,esomeprazole 20mg,Esomeprazole,1,GASTRO INTESTINAL,,SUN PHARMA,LABORATORIES LTD,sun pharma sheet,stock file
AT-RACIPER-TAB-40MG-15S,RACIPER TAB 40MG 15'S,RACIPER TAB 40MG,15'S,Tablet,156.56,Esomeprazole 40mg,esomeprazole 40mg,Esomeprazole,1,GASTRO INTESTINAL,,SUN PHARMA,LABORATORIES LTD,sun pharma sheet,stock file
AT-RACIPER-D40,RACIPER-D40 TAB,RACIPER-D40,,Tablet,248.44,,,,,,,SUN PHARMA LAB. LTD,PHARMA,,master
AT-RACIRAFT-200ML,RACIRAFT SYRUP 200ML,RACIRAFT,200 ML,Syrup,210.94,,,,,,,SUN PHARMA,LABORATORIES LTD,,master
AT-RAFLE-200-10S,RAFLE 200 TAB 10'S,RAFLE 200,10'S,Tablet,122.01,Rifaximin,rifaximin,Rifaximin,1,,,ALEMBIC,GASTRON,main,stock file
AT-RAFLE-400MG-10S,RAFLE 400MG TAB 10'S,RAFLE 400MG,10'S,Tablet,420.47,Rifamixin,rifamixin,Rifamixin,1,,,ALEMBIC,GASTRON,main,master
AT-RAFLE-550-10S,RAFLE 550 TAB 10'S,RAFLE 550,10'S,Tablet,409.69,Rifaximin,rifaximin,Rifaximin,1,,,ALEMBIC,GASTRON,main,stock file
AT-RAFTKOOL-SUSPENSION-150ML,RAFTKOOL SUSPENSION 150ML,RAFTKOOL SUSPENSION,150 ML,Suspension,173.44,Calcium Carbonate + Sodium Alginate + Sodium Bicarbonate,calcium carbonate+sodium alginate+sodium bicarbonate,Calcium Carbonate | Sodium Alginate | Sodium Bicarbonate,3,,,ANDROMEDA PHARMACEUTICALS,P. L,main,master
AT-RAMM-2-5MG-10S,RAMM 2.5MG TAB 10'S,RAMM 2.5MG,10'S,Tablet,36.56,Ramipril,ramipril,Ramipril,1,,,FINECURE PHARMACEUTICALS,LTD,main,master
AT-RAMM-5MG-10S,RAMM 5MG TAB 10'S,RAMM 5MG,10'S,Tablet,58.13,Ramipril,ramipril,Ramipril,1,,,FINECURE PHARMACEUTICALS,LTD,main,master
AT-RANCI-T-10-10S,RANCI T 10 10S,RANCI T 10,10S,,139.69,,,,,,,SUN PHARMA LAB. LTD,CV LIFE,,master
AT-RANCI-T-20-10S,RANCI T 20 10S,RANCI T 20,10S,,120.00,,,,,,,SUN PHARMA LAB. LTD,CV LIFE,,stock file
AT-RANCI-TRIO-10-10S,RANCI TRIO 10 10S,RANCI TRIO 10,10S,,104.06,,,,,,,SUN PHARMA LAB. LTD,CV LIFE,,stock file
AT-RANCI-TRIO-20-10S,RANCI TRIO 20 TAB 10 S,RANCI TRIO 20,10 S,Tablet,131.25,,,,,,,SUN PHARMA LAB. LTD,CV LIFE,,stock file
AT-RANCIL-10-10S,RANCIL 10 TAB 10'S,RANCIL 10,10'S,Tablet,132.19,Cilnidipine 10mg,cilnidipine 10mg,Cilnidipine,1,CARDIAC,,SUN PHARMA LAB. LTD,CV LIFE,sun pharma sheet,master
AT-RANCIL-20-10S,RANCIL 20 TAB 10 S,RANCIL 20,10 S,Tablet,182.81,Cilnidipine 20mg,cilnidipine 20mg,Cilnidipine,1,CARDIAC,,SUN PHARMA LAB. LTD,CV LIFE,sun pharma sheet,master
AT-RANCIL-5-10S,RANCIL 5 TAB 10'S,RANCIL 5,10'S,Tablet,72.19,Cilnidipine 5mg,cilnidipine 5mg,Cilnidipine,1,CARDIAC,,SUN PHARMA LAB. LTD,CV LIFE,sun pharma sheet,master
AT-RANOLAZ-500-10S,RANOLAZ 500 TAB 10S,RANOLAZ 500,10S,Tablet,296.25,Ranolazine,ranolazine,Ranolazine,1,,,TORRENT PHARMACEUTICALS,PSYCAN,torrent,master
AT-RANOLAZ-OD-10S,RANOLAZ OD TAB 10,RANOLAZ OD,10'S,Tablet,201.33,Ranolazine 1000mg,ranolazine 1000mg,Ranolazine,1,,,TORRENT PHARMACEUTICALS,PSYCAN,torrent,stock file
AT-RANX-500-10S,RANX 500 TAB 10,RANX 500,10'S,Tablet,353.90,,,,,,,TORRENT PHARMA,CD,,master
AT-RAPEED-20-10S,RAPEED 20 TABS 10'S,RAPEED 20,10'S,Tablet,38.44,Rabeprazole 20mg,rabeprazole 20mg,Rabeprazole,1,Gastro Intestinal,,ALKEM PHARMA,ALPHA MAX,alkem,stock file
AT-RAPGROW-15ML,RAPGROW DROPS 15ML.,RAPGROW,15 ML,Drops,160.00,,,,,Infant nutritional supplement,Preterm infant nutritional supplementation,RAPTAKOS BRETT & CO,EIDIKOS,,master
AT-RAYBAN-INJ-1-1VAIL,RAYBAN INJ 1*1VAIL,RAYBAN INJ 1*1VAIL,,Injection,98.44,,,,,,,NEO LIFE SCIENCES,,,stock file
AT-RBFINE-20MG-10S,RBFINE 20MG TAB 10'S,RBFINE 20MG,10'S,Tablet,63.75,,,,,,,FINECURE PHARMACEUTICALS,LTD,,stock file
AT-RBFINE-D-10S,RBFINE D TAB 10'S,RBFINE D,10'S,Tablet,68.44,,,,,,,FINECURE PHARMACEUTICALS,LTD,,stock file
AT-RBFINE-DSR-15S,RBFINE DSR CAP 15'S,RBFINE DSR,15'S,Capsule,140.63,,,,,,,FINECURE PHARMACEUTICALS,LTD,,stock file
AT-REALGAEST-200MG-SR-10S,REALGAEST-200MG SR 10'S,REALGAEST-200MG SR,10'S,,374.06,,,,,,,NEO LIFE SCIENCES,,,master
AT-REALVIT-200ML,REALVIT SYP 200ML,REALVIT,200 ML,Syrup,113.44,,,,,,,NEO LIFE SCIENCES,,,stock file
AT-REBEPRID-D-10S,REBEPRID-D CAP 1*10'S,REBEPRID-D,10'S,Capsule,112.00,,,,,,,MCWEL HEALTHCARE,PVT.LTD,,stock file
AT-REBEPRID-PLUS-10S,REBEPRID-PLUS TAB 1*10'S,REBEPRID-PLUS,10'S,Tablet,126.56,,,,,,,MCWEL HEALTHCARE,PVT.LTD,,stock file
AT-REBLICE-D-10S,REBLICE-D TAB 10'S,REBLICE-D,10'S,Tablet,46.88,,,,,,,ROSSWELT BIOSCIENCES,,,stock file
AT-REBLICE-O-10S,REBLICE-O TAB 10'S,REBLICE-O,10'S,Tablet,83.44,,,,,,,ROSSWELT BIOSCIENCES,,,master
AT-REDNEXT-SYP-1-150ML,REDNEXT SYP 1*150ML,REDNEXT SYP 1*,150 ML,Syrup,88.11,,,,,,,DD NUTRITIONS,INDIA,,stock file
AT-REDULID-FCM-1000MG,REDULID FCM 1000MG INJ INJ,REDULID FCM 1000MG,,Injection,"3,374.06",,,,,,,TORRENT PHARMA,VIVA,,stock file
AT-REDULID-FCM-500MG,REDULID FCM 500MG INJ INJ,REDULID FCM 500MG,,Injection,"1,686.56",,,,,,,TORRENT PHARMA,VIVA,,stock file
AT-REDULID-HB-10S,REDULID HB CAP 10S,REDULID HB,10S,Capsule,287.40,Folic Acid + Glycine + Iron,folic acid+glycine+iron,Folic Acid | Glycine | Iron,3,,,TORRENT PHARMA,VIVA,torrent,master
AT-REFLIN-INJ-250MG-VAIL,REFLIN INJ 250MG VAIL,REFLIN INJ 250MG VAIL,,Injection,19.88,,,,,,,SUN PHARMA,LABORATORIES LTD,,stock file
AT-REFRESHING-BABY-100ML,REFRESHING BABY LOTION 100ML,REFRESHING BABY,100 ML,Lotion,89.00,,,,,,,HIMALAYA DRUG COMPANY ZENITH,,,stock file
AT-REFZIL-O-250MG-10S,REFZIL O 250MG TABS 10'S,REFZIL O 250MG,10'S,Tablet,693.75,Cefprozil 250mg,cefprozil 250mg,Cefprozil,1,ANTI-INFECTIVES,,SUN PHARMA LAB.LTD,STANLIFE,sun pharma sheet,stock file
AT-REFZIL-O-500MG-4S,REFZIL O 500MG TABS 4'S,REFZIL O 500MG,4'S,Tablet,637.50,Cefprozil 500mg,cefprozil 500mg,Cefprozil,1,ANTI-INFECTIVES,,SUN PHARMA LAB.LTD,STANLIFE,sun pharma sheet,master
AT-REFZIL-O-SUS-250M-30ML,REFZIL O SUS 250M 30ML,REFZIL O SUS 250M,30 ML,,328.13,,,,,,,SUN PHARMA LAB.LTD,STANLIFE,,master
AT-REFZIL-O-SUS-125-30ML,REFZIL O SUS.125 30ML,REFZIL O SUS.125,30 ML,,198.75,,,,,,,SUN PHARMA LAB.LTD,STANLIFE,,master
AT-REFZIL-O-ORAL-50MG-DROP-10ML,REFZIL-O-ORAL 50MG DROP 10ML.,REFZIL-O-ORAL 50MG DROP,10 ML,Drops,168.75,,,,,,,SUN PHARMA LAB.LTD,STANLIFE,,master
AT-REGESTRONE-CR-10MG-10S,REGESTRONE CR 10MG 10S,REGESTRONE CR 10MG,10S,,253.75,Norethisterone Acetate,norethisterone acetate,Norethisterone Acetate,1,,,TORRENT PHARMA,VIVA,torrent,master
AT-REGESTRONE-CR-15-MG,REGESTRONE CR 15 MG TABS,REGESTRONE CR 15 MG,,Tablet,93.56,Norethisterone Acetate 15mg,norethisterone acetate 15mg,Norethisterone Acetate,1,,,TORRENT PHARMA,VIVA,torrent,stock file
AT-REGESTRONE-LX-10S,REGESTRONE LX TAB 10,REGESTRONE LX,10'S,Tablet,"2,380.00",Estradiol + Norethindrone Acetate 40mg + Relugolix,estradiol+norethindrone acetate 40mg+relugolix,Estradiol | Norethindrone Acetate | Relugolix,3,,,TORRENT PHARMA,VIVA,torrent,master
AT-REGESTRONE-10S,REGESTRONE TAB 10S,REGESTRONE,10S,Tablet,57.50,Norethindrone Acetate,norethindrone acetate,Norethindrone Acetate,1,,,TORRENT PHARMA,VIVA,torrent,master
AT-REGUSOL-5MG-10S,REGUSOL 5MG TAB 10'S,REGUSOL 5MG,10'S,Tablet,234.05,Solifenacin,solifenacin,Solifenacin,1,,,ALEMBIC,LTD OURON,main,stock file
AT-REGUTOL-30ML,REGUTOL SYRUP 30ML,REGUTOL,30 ML,Syrup,220.00,Lactulose,lactulose,Lactulose,1,,,ALEMBIC,MEGACARE,main,stock file
AT-REJIYANA-10S,REJIYANA CAP 10'S,REJIYANA,10'S,Capsule,245.00,Antioxidants + Multivitamins,antioxidants+multivitamins,Antioxidants | Multivitamins,2,,,CELAGENEX RESEARCH INDIA PVT LTD,NEURO,main,master
AT-REJUVANCE,REJUVANCE TAB,REJUVANCE,,Tablet,225.00,Acetyl L-Carnitine 500mg + Magnesium Acetyl Tourate 5mg + Sodium Benzoate 1mg,acetyl l-carnitine 500mg+magnesium acetyl tourate 5mg+sodium benzoate 1mg,Acetyl L-Carnitine | Magnesium Acetyl Tourate | Sodium Benzoate,3,,,CELAGENEX RESEARCH INDIA PVT LTD,,main,master
AT-REKOOL-10MG-10S,REKOOL 10MG TABS 10'S,REKOOL 10MG,10'S,Tablet,73.83,Rabeprazole,rabeprazole,Rabeprazole,1,,,ALEMBIC,ENTERON,main,stock file
AT-REKOOL-20MG-15S,REKOOL 20MG TAB 15'S,REKOOL 20MG,15'S,Tablet,219.66,Rabeprazole,rabeprazole,Rabeprazole,1,,,ALEMBIC,ENTERON,main,master
AT-REKOOL-40-L,REKOOL 40-L-TABS,REKOOL 40-L,,Tablet,295.13,Levosulpiride + Rabeprazole,levosulpiride+rabeprazole,Levosulpiride | Rabeprazole,2,,,ALEMBIC,ENTERON,main,stock file
AT-REKOOL-40MG-10,REKOOL 40MG TAB 10',REKOOL 40MG,10',Tablet,254.34,Rabeprazole,rabeprazole,Rabeprazole,1,,,ALEMBIC,ENTERON,main,stock file
AT-REKOOL-D-40-10S,REKOOL D 40 TAB 10,REKOOL D 40,10'S,Tablet,169.69,Domperidone + Rabeprazole,domperidone+rabeprazole,Domperidone | Rabeprazole,2,,,ALEMBIC,ENTERON,main,stock file
AT-REKOOL-D-15S,REKOOL D CAP 15'S,REKOOL D,15'S,Capsule,296.16,Domperidone + Rabeprazole,domperidone+rabeprazole,Domperidone | Rabeprazole,2,,,ALEMBIC,ENTERON,main,master
AT-REKOOL-IT-15S,REKOOL IT CAP 15S,REKOOL IT,15S,Capsule,354.38,Itopride + Rabeprazole,itopride+rabeprazole,Itopride | Rabeprazole,2,,,ALEMBIC,ENTERON,main,stock file
AT-REKOOL-L-10S,REKOOL L TAB 10'S,REKOOL L,10'S,Tablet,305.34,Levosulpiride + Rabeprazole,levosulpiride+rabeprazole,Levosulpiride | Rabeprazole,2,,,ALEMBIC,ENTERON,main,master
AT-RELID-SP-10S,RELID-SP TAB 1*10'S,RELID-SP,10'S,Tablet,135.94,,,,,,,NEO LIFE SCIENCES,,,master
AT-RELIGEL-PC-30GM,RELIGEL-PC 30GM,RELIGEL-PC,30 GM,,95.58,,,,,,,RPG LIFE SCIENECES LTD,SERAL,,stock file
AT-RELIZEMA-CREEM-100ML,RELIZEMA CREEM 100ML.,RELIZEMA CREEM,100 ML,,700.00,,needs_verification,Needs_verification,1,,,A.MENARINI,DERMA,main,stock file
AT-REMOULD-30S,REMOULD CAP 1*30,REMOULD,30'S,Capsule,444.00,Cissus Quadrangularis 500mg + Moringa Oleifera 100mg,cissus quadrangularis 500mg+moringa oleifera 100mg,Cissus Quadrangularis | Moringa Oleifera,2,,Bone health and fracture healing,APPENA LIFE PVT.LTD,,main,master
AT-RENALKA-100ML,RENALKA SUSP 100ML,RENALKA,100 ML,Suspension,120.00,Gokshura + Punarnava + Varuna,gokshura+punarnava+varuna,Gokshura | Punarnava | Varuna,3,,,HIMALAYA DRUG COMPANY,ZEAL,main,master
AT-RENALKA-200ML,RENALKA SYRUP 200ML,RENALKA,200 ML,Syrup,126.56,,,,,,,HIMALAYA DRUG COMPANY,ZEAL,,stock file
AT-RENESA-FORT-INJ-40MG,RENESA FORT INJ 40MG,RENESA FORT INJ 40MG,,Injection,103.13,,,,,,,NEO LIFE SCIENCES,,,stock file
AT-RENESA-INJ-1-1VAIL,RENESA INJ 1*1VAIL,RENESA INJ 1*1VAIL,,Injection,90.94,,,,,,,NEO LIFE SCIENCES,,,stock file
AT-RENOCIA-DIVA-CYCLICAL-THERAP,RENOCIA DIVA CYCLICAL THERAPY,RENOCIA DIVA CYCLICAL THERAPY,,,"1,199.00",Amino Acids + Multiminerals + Multivitamins,amino acids+multiminerals+multivitamins,Amino Acids | Multiminerals | Multivitamins,3,,,ALKEM LAB,LTD DERMAKEM,main,master
AT-RENOCIA-DIVA-CYCLICAL-THERAP-32S,RENOCIA DIVA CYCLICAL THERAPY 32'S TAB,RENOCIA DIVA CYCLICAL THERAPY,32'S,Tablet,"1,199.00",,needs_verification,Needs_verification,1,,,ALKEM LAB,LTD DERMAKEM,main,stock file
AT-RENOCIA-HAIR-CONDITIONER,RENOCIA HAIR CONDITIONER,RENOCIA HAIR CONDITIONER,,,876.65,Biotin + Keratin,biotin+keratin,Biotin | Keratin,2,,,ALKEM LAB,LTD DERMAKEM,main,master
AT-RENOCIA-HAIR-SHAMPOO,RENOCIA HAIR SHAMPOO,RENOCIA HAIR SHAMPOO,,Shampoo,961.00,Ketoconazole + Zinc Pyrithione,ketoconazole+zinc pyrithione,Ketoconazole | Zinc Pyrithione,2,,,ALKEM LAB,LTD DERMAKEM,main,master
AT-RENOCIA-HAIR-SHAMPOO-150ML,RENOCIA HAIR SHAMPOO 150ML,RENOCIA HAIR SHAMPOO,150 ML,Shampoo,961.00,,needs_verification,Needs_verification,1,,,ALKEM LAB,LTD DERMAKEM,main,stock file
AT-RENOCIA-HAIR-SOLUTION-60ML,RENOCIA HAIR SOLUTION 60ML,RENOCIA HAIR SOLUTION,60 ML,Solution,"2,950.00",Minoxidil,minoxidil,Minoxidil,1,,,ALKEM LAB,LTD DERMAKEM,main,master
AT-RENOCIA-MEN-CYCLICAL-THERAPY,RENOCIA MEN CYCLICAL THERAPY,RENOCIA MEN CYCLICAL THERAPY,,,"1,199.00",Amino Acids + Multiminerals + Multivitamins,amino acids+multiminerals+multivitamins,Amino Acids | Multiminerals | Multivitamins,3,,,ALKEM LAB,LTD DERMAKEM,main,master
AT-RENOCIA-MEN-CYCLICAL-THERAPY-32S,RENOCIA MEN CYCLICAL THERAPY 32'S TAB,RENOCIA MEN CYCLICAL THERAPY,32'S,Tablet,"1,199.00",,needs_verification,Needs_verification,1,,,ALKEM LAB,LTD DERMAKEM,main,stock file
AT-RENOCIA-STEM-60ML,RENOCIA STEM 60ML,RENOCIA STEM,60 ML,,"2,225.00",Minoxidil,minoxidil,Minoxidil,1,,,ALKEM LAB,LTD DERMAKEM,main,stock file
AT-RENOCIA-10S,RENOCIA TAB 10'S,RENOCIA,10'S,Tablet,286.00,Amino Acid + Biotin + Natural Extract + Vitamin,amino acid+biotin+natural extract+vitamin,Amino Acid | Biotin | Natural Extract | Vitamin,4,Hair Restorer,,ALKEM LAB,LTD DERMAKEM,manual,master
AT-RENOCRIT-10000-PFS,RENOCRIT 10000 PFS INJ.,RENOCRIT 10000 PFS,,Injection,"2,067.38",Erythropoietin,erythropoietin,Erythropoietin,1,,,CADILA PHARMACEUTICALS,LTD,main,master
AT-RENOCRIT-4K-PFS,RENOCRIT 4K PFS,RENOCRIT 4K PFS,,Prefilled Syringe,"1,225.31",Erythropoietin,erythropoietin,Erythropoietin,1,,,CADILA PHARMACEUTICALS,LTD,main,master
AT-RENOLEN-10ML,RENOLEN DROPS 10ML.,RENOLEN,10 ML,Drops,76.88,,,,,,,INDOCO REMEDIES LTD,EXCEL,,stock file
AT-RENOPRO-200GM-HP,RENOPRO 200GM HP POWDER,RENOPRO 200GM HP,,Powder,356.00,,,,,,,BRITISH BIOLOGICALS LTD.,,,stock file
AT-RENOPRO-200GM-VF,RENOPRO 200GM VF POWDER,RENOPRO 200GM VF,,Powder,267.00,,,,,,,BRITISH BIOLOGICALS LTD.,,,stock file
AT-REOSTO-30S,REOSTO TABS 30,REOSTO,30'S,Tablet,112.50,,,,,,,HIMALAYA DRUG COMPANY ZANDRA,,,stock file
AT-RESHED-V-SOLUTION-2ML,RESHED V SOLUTION 2ML,RESHED V SOLUTION,2 ML,Solution,485.63,,,,,,,SUN PHARMA,LABORATORIES LTD,,stock file
AT-REVAS-25MG-10S,REVAS 25MG TAB 10'S,REVAS 25MG,10'S,Tablet,51.23,Losartan,losartan,Losartan,1,,,ALEMBIC,LTD COROZONE,main,master
AT-REVAS-50MG-10S,REVAS 50MG TAB 10S,REVAS 50MG,10S,Tablet,120.52,Losartan,losartan,Losartan,1,,,ALEMBIC,LTD COROZONE,main,stock file
AT-REVAS-AM-5-10S,REVAS AM 5 TAB 10'S,REVAS AM 5,10'S,Tablet,149.53,Amlodipine + Losartan,amlodipine+losartan,Amlodipine | Losartan,2,,,ALEMBIC,LTD COROZONE,main,master
AT-REVAS-H-15S,REVAS H TAB 15'S,REVAS H,15'S,Tablet,263.72,Hydrochlorothiazide + Losartan,hydrochlorothiazide+losartan,Hydrochlorothiazide | Losartan,2,,,ALEMBIC,LTD COROZONE,main,master
AT-REVAS-AT-10S,REVAS-AT TAB 10S,REVAS-AT,10S,Tablet,131.72,Amlodipine + Atenolol + Losartan,amlodipine+atenolol+losartan,Amlodipine | Atenolol | Losartan,3,,,ALEMBIC,LTD COROZONE,main,stock file
AT-REVITAL-H-60S,REVITAL H 60'S,REVITAL H,60'S,,560.59,,,,,,,SUN PHARMA LAB,consumer,,master
AT-REVITAL-H-10S,REVITAL H CAPS 10'S,REVITAL H,10'S,Capsule,106.00,,,,,,,SUN PHARMA LAB,consumer,,master
AT-REVITAL-H-WOMAN-10S,REVITAL H WOMAN 10'S,REVITAL H WOMAN,10'S,,124.00,,,,,,,SUN PHARMA LAB,consumer,,master
AT-REVITAL-H-WOMAN-30S,REVITAL H WOMAN 30'S,REVITAL H WOMAN,30'S,,355.00,,,,,,,SUN PHARMA LAB,consumer,,master
AT-REVITAL-MEN-30S,REVITAL MEN CAPS 30'S,REVITAL MEN,30'S,Capsule,330.00,,,,,,,SUN PHARMA LAB,consumer,,master
AT-REVIVIN-10S,REVIVIN CAP 10'S,REVIVIN,10'S,Capsule,111.25,,,,,,,SALASAR PHARMACEUTICALS,,,master
AT-REVOTAZ-TRIO-VAIL,REVOTAZ TRIO VAIL,REVOTAZ TRIO VAIL,,,578.90,Ceftriaxone + Edta + Sulbactam,ceftriaxone+edta+sulbactam,Ceftriaxone | Edta | Sulbactam,3,,,ALKEM PHARMA,ALPHA MAX,main,stock file
AT-REVULANT-500MG-10S,REVULANT 500MG TAB 10'S,REVULANT 500MG,10'S,Tablet,81.56,,,,,,,SUN PHARMA LAB. LTD,C.V,,stock file
AT-REVYNERV-10S,REVYNERV TAB 10'S,REVYNERV,10'S,Tablet,203.80,Alpha Lipoic Acid + Methylcobalamin,alpha lipoic acid+methylcobalamin,Alpha Lipoic Acid | Methylcobalamin,2,,,ARRIENT HEALTHCARE,(NEUROX)PRIVATE LIM,main,master
AT-REXIDIN-M-FORT-15GM,REXIDIN M FORT GEL 15G,REXIDIN M FORT,15 GM,Gel,92.72,,,,,,,INDOCO REMEDIES LTD,WARREN,,master
AT-REXIDIN-M-WASH-120ML,REXIDIN M.WASH 120ML.,REXIDIN M.WASH,120 ML,,74.53,,,,,,,INDOCO REMEDIES LTD,WARREN,,stock file
AT-REXIDIN-M-WASH-60ML,REXIDIN M.WASH 60ML.,REXIDIN M.WASH,60 ML,,48.75,,,,,,,INDOCO REMEDIES LTD,WARREN,,stock file
AT-REXIDIN-MOUTH-WASH-170ML,REXIDIN MOUTH WASH 170ML.,REXIDIN MOUTH WASH,170 ML,,63.75,,,,,,,INDOCO REMEDIES LTD,WARREN,,stock file
AT-REXIDIN-PLUS-M-WASH-150ML,REXIDIN PLUS M.WASH 150ML,REXIDIN PLUS M.WASH,150 ML,,157.50,,,,,,,INDOCO REMEDIES LTD,WARREN,,stock file
AT-REXIDIN-SRS-M-W-150ML,REXIDIN SRS M/W 150ML,REXIDIN SRS M/W,150 ML,,164.06,,,,,,,INDOCO REMEDIES LTD,WARREN,,master
AT-REXIDIN-SRS-M-W-75ML,REXIDIN SRS M/W 75ML,REXIDIN SRS M/W,75 ML,,84.38,,,,,,,INDOCO REMEDIES LTD,WARREN,,master
AT-RHAMO-G-10MG-SACHETS-10S,RHAMO G 10MG SACHETS 10S,RHAMO G 10MG SACHETS,10S,Sachet,330.00,Lactobacillus Rhamnosus Gg,lactobacillus rhamnosus gg,Lactobacillus Rhamnosus Gg,1,,,ALKEM,AURA MAGNA,main,stock file
AT-RHAMO-G-6B-1GM-SACHETS-10S,RHAMO G 6B 1GM SACHETS 10S,RHAMO G 6B 1GM SACHETS,10S,Sachet,51.15,Lactobacillus Rhamnosus Gg,lactobacillus rhamnosus gg,Lactobacillus Rhamnosus Gg,1,,,ALKEM,AURA MAGNA,main,stock file
AT-RHAMO-G-10S,RHAMO G CAP 10'S,RHAMO G,10'S,Capsule,363.00,Lactobacillus Rhamnosus Gg,lactobacillus rhamnosus gg,Lactobacillus Rhamnosus Gg,1,,,ALKEM,AURA MAGNA,main,stock file
AT-RHD-10S,RHD CAP 10'S,RHD,10'S,Capsule,117.19,Domperidone + Rabeprazole,domperidone+rabeprazole,Domperidone | Rabeprazole,2,,,CAVIN PHARMACEUTICALS,,main,master
AT-RHD-20-10S,RHD-20 CAP 10S,RHD-20,10S,Capsule,45.94,,,,,,,CAVIN PHARMACEUTICALS,,,stock file
AT-RICHAR-CR-100MG-10S,RICHAR CR 100MG TAB 10'S,RICHAR CR 100MG,10'S,Tablet,183.37,Diclofenac Sodium,diclofenac sodium,Diclofenac Sodium,1,,,ALEMBIC,ALCARE,main,master
AT-RICHAR-CR-75MG-10S,RICHAR CR 75MG TAB 10'S,RICHAR CR 75MG,10'S,Tablet,195.00,Diclofenac Sodium,diclofenac sodium,Diclofenac Sodium,1,,,ALEMBIC,ALCARE,main,master
AT-RICHAR-CR-150ML,RICHAR CR SYRUP 150ML,RICHAR CR,150 ML,Syrup,254.48,Ibuprofen + Paracetamol,ibuprofen+paracetamol,Ibuprofen | Paracetamol,2,,,ALEMBIC,ALCARE,main,master
AT-RICHAR-XT-10S,RICHAR XT TAB 10'S,RICHAR XT,10'S,Tablet,78.52,Ferrous Ascorbate + Folic Acid,ferrous ascorbate+folic acid,Ferrous Ascorbate | Folic Acid,2,,,ALEMBIC,ALCARE,main,stock file
AT-RICHAR-XT-150ML,RICHAR-XT SUSP. 150ML,RICHAR-XT,150 ML,Suspension,101.25,Ferrous Ascorbate + Folic Acid,ferrous ascorbate+folic acid,Ferrous Ascorbate | Folic Acid,2,,,ALEMBIC,ALCARE,main,stock file
AT-RICHGLOW-10-SOFTGELS,RICHGLOW 10 SOFTGELS,RICHGLOW 10 SOFTGELS,,Softgel Capsule,73.07,Antioxidants + Biotin + Multiminerals + Multivitamins,antioxidants+biotin+multiminerals+multivitamins,Antioxidants | Biotin | Multiminerals | Multivitamins,4,,,ALEMBIC,ELENA,main,stock file
AT-RICHGLOW-50GM,RICHGLOW GEL 50GM,RICHGLOW,50 GM,Gel,532.00,Adapalene + Benzoyl Peroxide,adapalene+benzoyl peroxide,Adapalene | Benzoyl Peroxide,2,,,ALEMBIC,ELENA,main,master
AT-RICONIA-G-10S,RICONIA G CAP 10'S,RICONIA G,10'S,Capsule,124.50,Ginseng Products,ginseng products,Ginseng Products,1,VITAMINS / MINERALS / NUTRIENTS,,SUN PHARMA LAB. LTD,PHARMA,sun pharma sheet,master
AT-RICONIA-LIQUID-200ML,RICONIA LIQUID 200ML.,RICONIA LIQUID,200 ML,,155.50,,,,,,,SUN PHARMA LAB. LTD,PHARMA,,master
AT-RICONIA-LP-TAB-15-S-BOTTLE,RICONIA LP TAB 15'S(BOTTLE),RICONIA LP TAB 15'S(BOTTLE),,Tablet,82.50,,,,,,,SUN PHARMA LAB. LTD,PHARMA,,master
AT-RICONIA-LP-TAB-30-S-BOTTLE,RICONIA LP TAB 30'S BOTTLE,RICONIA LP TAB 30'S BOTTLE,,Tablet,194.06,,,,,,,SUN PHARMA LAB. LTD,PHARMA,,master
AT-RICONIA-SILVER-LP-15S,RICONIA SILVER LP TAB 15S,RICONIA SILVER LP,15S,Tablet,72.09,Multiminerals + Multivitamins,multiminerals+multivitamins,Multiminerals | Multivitamins,2,VITAMINS / MINERALS / NUTRIENTS,,SUN PHARMA LAB. LTD,PHARMA,sun pharma sheet,master
AT-RIDOFLOX-500-10S,RIDOFLOX 500 10S,RIDOFLOX 500,10S,,79.41,,,,,,,ROSSWELT BIOSCIENCES,,,stock file
AT-RIDOFLOX-OZ-10S,RIDOFLOX OZ TAB 10,RIDOFLOX OZ,10'S,Tablet,79.69,,,,,,,ROSSWELT BIOSCIENCES,,,stock file
AT-RIFAKEM-200MG-10S,RIFAKEM 200MG TAB 10'S,RIFAKEM 200MG,10'S,Tablet,177.19,Rifaximin 200mg,rifaximin 200mg,Rifaximin,1,GI ANTI-INFECTIVE,,ALKEM LABORAT. LTD,GESTROKEM,alkem,master
AT-RIFAKEM-200MG-10S-2,RIFAKEM 200MG TAB 10S,RIFAKEM 200MG,10S,Tablet,177.19,Rifaximin 200mg,rifaximin 200mg,Rifaximin,1,GI ANTI-INFECTIVE,,ALKEM LABORAT. LTD,GESTROKEM,alkem,stock file
AT-RIFAKEM-400MG-10S,RIFAKEM 400MG TAB 10'S,RIFAKEM 400MG,10'S,Tablet,389.05,Rifaximin 400mg,rifaximin 400mg,Rifaximin,1,GI ANTI-INFECTIVE,,ALKEM LABORAT. LTD,GESTROKEM,alkem,master
AT-RIFAKEM-400MG-10S-2,RIFAKEM 400MG TAB 10S,RIFAKEM 400MG,10S,Tablet,389.05,Rifaximin 400mg,rifaximin 400mg,Rifaximin,1,GI ANTI-INFECTIVE,,ALKEM LABORAT. LTD,GESTROKEM,alkem,stock file
AT-RIFAKEM-550MG-10S,RIFAKEM 550MG TAB 10'S,RIFAKEM 550MG,10'S,Tablet,495.90,Rifaximin 550mg,rifaximin 550mg,Rifaximin,1,GI ANTI-INFECTIVE,,ALKEM LABORAT. LTD,GESTROKEM,alkem,master
AT-RIFAKEM-550MG-10S-2,RIFAKEM 550MG TAB 10S,RIFAKEM 550MG,10S,Tablet,495.90,Rifaximin 550mg,rifaximin 550mg,Rifaximin,1,GI ANTI-INFECTIVE,,ALKEM LABORAT. LTD,GESTROKEM,alkem,stock file
AT-RIFAORA-400MG-10S,RIFAORA 400MG TAB 10'S,RIFAORA 400MG,10'S,Tablet,449.00,Rifaximin,rifaximin,Rifaximin,1,,,ARRIENT HEALTHCARE,(ORENDA)PRIVATE LIM,main,master
AT-RIFAORA-550MG-10S,RIFAORA-550MG TAB 10'S,RIFAORA-550MG,10'S,Tablet,611.00,Rifaximin,rifaximin,Rifaximin,1,,,ARRIENT HEALTHCARE,(ORENDA)PRIVATE LIM,main,master
AT-RIFLECT-200-10S,RIFLECT 200 TAB 10S,RIFLECT 200,10S,Tablet,140.63,Rifaximin 200mg,rifaximin 200mg,Rifaximin,1,GASTRO INTESTINAL,,SUN PHARMA LAB.LTD,RICHOUT,sun pharma sheet,stock file
AT-RIFLECT-400-10S,RIFLECT 400 TAB 10S,RIFLECT 400,10S,Tablet,261.56,Rifaximin 400mg,rifaximin 400mg,Rifaximin,1,GASTRO INTESTINAL,,SUN PHARMA LAB.LTD,RICHOUT,sun pharma sheet,stock file
AT-RINOSTAT-PLUS-6S,RINOSTAT PLUS TAB 6'S,RINOSTAT PLUS,6'S,Tablet,58.64,Caffeine 30mg + Diphenhydramine Hcl 25mg + Paracetamol 500mg + Phenylephrine Hcl 5mg,caffeine 30mg+diphenhydramine hcl 25mg+paracetamol 500mg+phenylephrine hcl 5mg,Caffeine | Diphenhydramine Hcl | Paracetamol | Phenylephrine Hcl,4,,,RPG LIFE SCIENCE LTD,GLODIAN,manual,master
AT-RIOCEE-D3-10S,RIOCEE-D3 TAB 10'S,RIOCEE-D3,10'S,Tablet,62.81,,,,,,,ROSSWELT BIOSCIENCES,,,stock file
AT-RIOMET-DUO-1-10S,RIOMET DUO 1 TAB 10'S,RIOMET DUO 1,10'S,Tablet,128.44,,,,,,,SUN PHARMA LAB. LTD,DIABETE,,stock file
AT-RIOMET-DUO-2-10S,RIOMET DUO 2 TAB 10'S,RIOMET DUO 2,10'S,Tablet,158.91,,,,,,,SUN PHARMA LAB. LTD,DIABETE,,stock file
AT-RIOMET-DUO-FORTE-2-10S,RIOMET DUO FORTE 2 10'S,RIOMET DUO FORTE 2,10'S,,89.06,,,,,,,SUN PHARMA LAB. LTD,DIABETE,,stock file
AT-RIOMET-OD-1GM10S,RIOMET OD 1GM TABS 10'S,RIOMET OD,1GM 10'S,Tablet,63.61,Metformin 1000mg,metformin 1000mg,Metformin,1,ANTI DIABETIC,,SUN PHARMA LAB. LTD,DIABETE,sun pharma sheet,stock file
AT-RIOMET-OD-500MGTAB,RIOMET OD 500MGTAB*,RIOMET OD 500MGTAB*,,,32.19,Metformin 500mg,metformin 500mg,Metformin,1,,,SUN PHARMA LAB. LTD,DIABETE,manual,master
AT-RIOMET-OD-850MG-10S,RIOMET OD 850MG TABS 10'S,RIOMET OD 850MG,10'S,Tablet,39.38,Metformin 850mg,metformin 850mg,Metformin,1,ANTI DIABETIC,,SUN PHARMA LAB. LTD,DIABETE,sun pharma sheet,stock file
AT-RIOMET-TRIO-1-10S,RIOMET TRIO 1 TAB 10'S,RIOMET TRIO 1,10'S,Tablet,82.97,,,,,,,SUN PHARMA LAB. LTD,DIABETE,,stock file
AT-RIOMET-TRIO-2-10S,RIOMET TRIO 2 TAB 10'S,RIOMET TRIO 2,10'S,Tablet,110.63,,,,,,,SUN PHARMA LAB. LTD,DIABETE,,stock file
AT-RITENOV-PLUS-ORAL-LIQUID-200ML,RITENOV PLUS ORAL LIQUID 200ML,RITENOV PLUS ORAL LIQUID,200 ML,,241.85,Lysine + Multivitamins,lysine+multivitamins,Lysine | Multivitamins,2,,,ALKEM LABORATORIES,LIMITED,main,master
AT-RIZ-LS-10S,RIZ LS TAB 10'S,RIZ LS,10'S,Tablet,71.25,Risperidone 2mg,risperidone 2mg,Risperidone,1,SCHIZOPHRENIA,,ALKEM LAB. LTD,PENTACARE,manual,master
AT-RIZ-PLUS-10S,RIZ PLUS TAB 10'S,RIZ PLUS,10'S,Tablet,109.65,Naproxen + Rizatriptan,naproxen+rizatriptan,Naproxen | Rizatriptan,2,,,ALKEM LAB. LTD,PENTACARE,main,master
AT-ROCKNET-D3-10S,ROCKNET-D3 TAB 1*10'S,ROCKNET-D3,10'S,Tablet,98.75,,,,,,,ROSSWELT BIOSCIENCES,,,master
AT-ROGNIT-TAB-2-6MG-30S,ROGNIT TAB 2.6MG 30'S,ROGNIT TAB 2.6MG,30'S,Tablet,196.87,Nitroglycerin,nitroglycerin,Nitroglycerin,1,,,ARRIENT HEALTHCARE,(MERAKUS)PRIVATE LIM,main,master
AT-ROLES-20MG-15S,ROLES 20MG TABS 15'S,ROLES 20MG,15'S,Tablet,170.63,Rabeprazole 20mg,rabeprazole 20mg,Rabeprazole,1,GASTRO INTESTINAL,,SUN PHARMA LAB.LTD,CROSSLAND-LIFE,sun pharma sheet,master
AT-ROLES-D-10S,ROLES D CAPS 10S,ROLES D,10S,Capsule,150.00,,,,,,,SUN PHARMA LAB.LTD,CROSSLAND-LIFE,,master
AT-ROLES-L-10S,ROLES L 10'S,ROLES L,10'S,,251.25,,,,,,,SUN PHARMA LAB.LTD,CROSSLAND-LIFE,,stock file
AT-ROLIFLO-OD-2-0-4MG-10S,ROLIFLO OD 2+0.4MG CAP 10,ROLIFLO OD 2+0.4MG,10'S,Capsule,255.00,,,,,,,SUN PHARMA LAB,UROLOGY,,master
AT-ROLIFLO-OD-4-0-4MG-10S,ROLIFLO OD 4+0.4MG CAP 10,ROLIFLO OD 4+0.4MG,10'S,Capsule,367.50,,,,,,,SUN PHARMA LAB,UROLOGY,,master
AT-ROLITEN-1MG-10S,ROLITEN 1MG TABS 10'S,ROLITEN 1MG,10'S,Tablet,111.56,Tolterodine 1mg,tolterodine 1mg,Tolterodine,1,UROLOGY,,SUN PHARMA LAB,UROLOGY,sun pharma sheet,master
AT-ROLITEN-2MG-10S,ROLITEN 2MG TABS 10'S,ROLITEN 2MG,10'S,Tablet,194.06,Tolterodine 2mg,tolterodine 2mg,Tolterodine,1,UROLOGY,,SUN PHARMA LAB,UROLOGY,sun pharma sheet,master
AT-ROLITEN-OD-2MG-10S,ROLITEN OD 2MG CAPS 10'S,ROLITEN OD 2MG,10'S,Capsule,186.56,Tolterodine 2mg,tolterodine 2mg,Tolterodine,1,UROLOGY,,SUN PHARMA LAB,UROLOGY,sun pharma sheet,master
AT-ROLITEN-OD-4MG-10S,ROLITEN OD 4MG CAPS 10'S,ROLITEN OD 4MG,10'S,Capsule,374.06,Tolterodine 4mg,tolterodine 4mg,Tolterodine,1,UROLOGY,,SUN PHARMA LAB,UROLOGY,sun pharma sheet,master
AT-ROMILAST-10MG-15S,ROMILAST 10MG TAB 15'S,ROMILAST 10MG,15'S,Tablet,263.20,Montelukast 4/5/10mg,montelukast 4/5/10mg,Montelukast,1,Respiratory,"Allergic rhinitis, asthma",RPG LIFE SCIENCE LTD,GLODIAN,rpg,master
AT-ROMILAST-4MG-15S,ROMILAST 4MG TAB 15'S,ROMILAST 4MG,15'S,Tablet,157.92,Montelukast 4/5/10mg,montelukast 4/5/10mg,Montelukast,1,Respiratory,"Allergic rhinitis, asthma",RPG LIFE SCIENCE LTD,GLODIAN,rpg,master
AT-ROMILAST-5MG-15S,ROMILAST 5MG TAB 15'S,ROMILAST 5MG,15'S,Tablet,164.58,Montelukast 4/5/10mg,montelukast 4/5/10mg,Montelukast,1,Respiratory,"Allergic rhinitis, asthma",RPG LIFE SCIENCE LTD,GLODIAN,rpg,stock file
AT-ROMILAST-B-10-10S,ROMILAST B-10 TAB 10'S,ROMILAST B-10,10'S,Tablet,352.76,,,,,,,RPG LIFE SCIENCE LTD,GLODIAN,,master
AT-ROMILAST-B-5-10S,ROMILAST B-5 TAB 10'S,ROMILAST B-5,10'S,Tablet,185.63,Bambuterol 10mg + Montelukast 5/10mg,bambuterol 10mg+montelukast 5/10mg,Bambuterol | Montelukast,2,,,RPG LIFE SCIENCE LTD,GLODIAN,manual,master
AT-ROMILAST-FX-10S,ROMILAST FX TABLET 10'S,ROMILAST FX,10'S,Tablet,214.88,Fexofenadine Hcl 120mg + Montelukast 10mg,fexofenadine hcl 120mg+montelukast 10mg,Fexofenadine Hcl | Montelukast,2,Respiratory,Allergic rhinitis,RPG LIFE SCIENCE LTD,GLODIAN,rpg,master
AT-ROMILAST-L-10-10S,ROMILAST L-10 TAB 10'S,ROMILAST L-10,10'S,Tablet,194.39,,,,,,,RPG LIFE SCIENCE LTD,GLODIAN,,master
AT-ROMILAST-L-4-10S,ROMILAST L-4 10S TAB,ROMILAST L-4,10S,Tablet,95.79,,,,,,,RPG LIFE SCIENCE LTD,GLODIAN,,master
AT-ROMILAST-L-5-10S,ROMILAST L-5 TAB 10'S,ROMILAST L-5,10'S,Tablet,155.95,,,,,,,RPG LIFE SCIENCE LTD,GLODIAN,,master
AT-ROMILAST-L4-60ML,ROMILAST L4 SYP 60ml,ROMILAST L4,60 ML,Syrup,110.75,Levocetirizine 5mg + Montelukast 10mg,levocetirizine 5mg+montelukast 10mg,Levocetirizine | Montelukast,2,Respiratory,Allergic rhinitis,RPG LIFE SCIENCE LTD,GLODIAN,rpg,master
AT-ROMILAST-BL-10S,ROMILAST-BL 10S TABS,ROMILAST-BL,10S,Tablet,181.41,Bilastine 20mg + Montelukast 10mg,bilastine 20mg+montelukast 10mg,Bilastine | Montelukast,2,,,RPG LIFE SCIENCE LTD,GLODIAN,manual,master
AT-RONFLOX-200MG-10S,RONFLOX 200MG TAB 10'S,RONFLOX 200MG,10'S,Tablet,38.34,Ofloxacin,ofloxacin,Ofloxacin,1,,,ALKEM PHARMA,ALPHA MAX,main,stock file
AT-RONFLOX-400MG-10S,RONFLOX 400MG TAB 10'S,RONFLOX 400MG,10'S,Tablet,77.81,Ofloxacin,ofloxacin,Ofloxacin,1,,,ALKEM PHARMA,ALPHA MAX,main,stock file
AT-RONFLOX-FORTE-30ML,RONFLOX FORTE SYP 30ML.,RONFLOX FORTE,30 ML,Syrup,39.38,Ofloxacin,ofloxacin,Ofloxacin,1,,,ALKEM PHARMA,ALPHA MAX,main,stock file
AT-RONFLOX-OZ-30ML,RONFLOX OZ SYP 30ML.,RONFLOX OZ,30 ML,Syrup,47.34,Ofloxacin + Ornidazole,ofloxacin+ornidazole,Ofloxacin | Ornidazole,2,,,ALKEM PHARMA,ALPHA MAX,main,stock file
AT-RONFLOX-OZ-10S,RONFLOX OZ TAB 10'S,RONFLOX OZ,10'S,Tablet,99.38,Ofloxacin + Ornidazole,ofloxacin+ornidazole,Ofloxacin | Ornidazole,2,,,ALKEM PHARMA,ALPHA MAX,main,stock file
AT-RONFLOX-60ML,RONFLOX SYP 60ML.,RONFLOX,60 ML,Syrup,35.63,Ofloxacin,ofloxacin,Ofloxacin,1,,,ALKEM PHARMA,ALPHA MAX,main,stock file
AT-ROSAVE-10MG-10S,ROSAVE 10MG TAB 10'S,ROSAVE 10MG,10'S,Tablet,408.56,Rosuvastatin,rosuvastatin,Rosuvastatin,1,,,ALEMBIC,LTD COROZONE,main,master
AT-ROSAVE-20-10,ROSAVE 20 10,ROSAVE 20 10,,,560.91,Rosuvastatin,rosuvastatin,Rosuvastatin,1,,,ALEMBIC,LTD COROZONE,main,stock file
AT-ROSAVE-40-MG-10S,ROSAVE 40 MG TAB 10 S,ROSAVE 40 MG,10 S,Tablet,408.56,Rosuvastatin,rosuvastatin,Rosuvastatin,1,,,ALEMBIC,LTD COROZONE,main,stock file
AT-ROSAVE-5MG-10S,ROSAVE 5MG TAB 10'S,ROSAVE 5MG,10'S,Tablet,360.61,Rosuvastatin,rosuvastatin,Rosuvastatin,1,,,ALEMBIC,LTD COROZONE,main,master
AT-ROSAVE-A-150MG-10S,ROSAVE A 150MG CAP 10S,ROSAVE A 150MG,10S,Capsule,67.50,Aspirin + Rosuvastatin,aspirin+rosuvastatin,Aspirin | Rosuvastatin,2,,,ALEMBIC,LTD COROZONE,main,stock file
AT-ROSAVE-A-75-10S,ROSAVE A 75 CAP 10'S,ROSAVE A 75,10'S,Capsule,115.40,Aspirin + Rosuvastatin,aspirin+rosuvastatin,Aspirin | Rosuvastatin,2,,,ALEMBIC,LTD COROZONE,main,master
AT-ROSAVE-C-10S,ROSAVE C CAP 10'S,ROSAVE C,10'S,Capsule,284.53,Clopidogrel + Rosuvastatin,clopidogrel+rosuvastatin,Clopidogrel | Rosuvastatin,2,,,ALEMBIC,LTD COROZONE,main,master
AT-ROSAVE-CV-20-10S,ROSAVE CV 20 CAP 10S,ROSAVE CV 20,10S,Capsule,246.56,Clopidogrel + Rosuvastatin,clopidogrel+rosuvastatin,Clopidogrel | Rosuvastatin,2,,,ALEMBIC,LTD COROZONE,main,stock file
AT-ROSAVE-D-10-10S,ROSAVE D 10 TAB 10S,ROSAVE D 10,10S,Tablet,290.63,Cholecalciferol + Rosuvastatin,cholecalciferol+rosuvastatin,Cholecalciferol | Rosuvastatin,2,,,ALEMBIC,LTD COROZONE,main,stock file
AT-ROSAVE-D-20MG-10S,ROSAVE D 20MG TAB 10 S,ROSAVE D 20MG,10 S,Tablet,256.64,Cholecalciferol + Rosuvastatin,cholecalciferol+rosuvastatin,Cholecalciferol | Rosuvastatin,2,,,ALEMBIC,LTD COROZONE,main,stock file
AT-ROSAVE-D-5-10S,ROSAVE D 5 TAB 10S,ROSAVE D 5,10S,Tablet,176.91,Cholecalciferol + Rosuvastatin,cholecalciferol+rosuvastatin,Cholecalciferol | Rosuvastatin,2,,,ALEMBIC,LTD COROZONE,main,stock file
AT-ROSAVE-EZ-10-10S,ROSAVE EZ 10 CAP 10'S,ROSAVE EZ 10,10'S,Capsule,218.72,Ezetimibe + Rosuvastatin,ezetimibe+rosuvastatin,Ezetimibe | Rosuvastatin,2,,,ALEMBIC,CARDIGEM,main,master
AT-ROSAVE-EZ-20-10S,ROSAVE EZ 20 CAP 10'S,ROSAVE EZ 20,10'S,Capsule,409.59,Ezetimibe + Rosuvastatin,ezetimibe+rosuvastatin,Ezetimibe | Rosuvastatin,2,,,ALEMBIC,CARDIGEM,main,master
AT-ROSAVE-F-10MG-10S,ROSAVE F 10MG TAB 10'S,ROSAVE F 10MG,10'S,Tablet,327.52,Fenofibrate + Rosuvastatin,fenofibrate+rosuvastatin,Fenofibrate | Rosuvastatin,2,,,ALEMBIC,LTD COROZONE,main,master
AT-ROSAVE-F-20-MG-10TAB,ROSAVE F 20 MG TABS,ROSAVE F 20 MG,10 TAB,Tablet,331.59,Fenofibrate + Rosuvastatin,fenofibrate+rosuvastatin,Fenofibrate | Rosuvastatin,2,,,ALEMBIC,LTD COROZONE,main,stock file
AT-ROSAVE-F-5-10S,ROSAVE F 5 1*10TAB,ROSAVE F 5,10'S,Tablet,327.52,Fenofibrate + Rosuvastatin,fenofibrate+rosuvastatin,Fenofibrate | Rosuvastatin,2,,,ALEMBIC,LTD COROZONE,main,stock file
AT-ROSAVE-F-5MG-10S,ROSAVE F 5MG TAB 10'S,ROSAVE F 5MG,10'S,Tablet,482.06,Fenofibrate + Rosuvastatin,fenofibrate+rosuvastatin,Fenofibrate | Rosuvastatin,2,,,ALEMBIC,LTD COROZONE,main,master
AT-ROSAVE-GOLD-10-10S,ROSAVE GOLD 10 CAP 10'S,ROSAVE GOLD 10,10'S,Capsule,226.22,Aspirin + Clopidogrel + Rosuvastatin,aspirin+clopidogrel+rosuvastatin,Aspirin | Clopidogrel | Rosuvastatin,3,,,ALEMBIC,CARDIGEM,main,master
AT-ROSAVE-GOLD-20-10S,ROSAVE GOLD 20 CAP 10'S,ROSAVE GOLD 20,10'S,Capsule,336.19,Aspirin + Clopidogrel + Rosuvastatin,aspirin+clopidogrel+rosuvastatin,Aspirin | Clopidogrel | Rosuvastatin,3,,,ALEMBIC,CARDIGEM,main,master
AT-ROSAVE-TRIO-10-10S,ROSAVE TRIO 10 CAP 10S,ROSAVE TRIO 10,10S,Capsule,131.25,Aspirin + Clopidogrel + Rosuvastatin,aspirin+clopidogrel+rosuvastatin,Aspirin | Clopidogrel | Rosuvastatin,3,,,ALEMBIC,LTD COROZONE,main,stock file
AT-ROSAVE-TRIO-20-10S,ROSAVE TRIO 20 CAP 10S,ROSAVE TRIO 20,10S,Capsule,178.13,Aspirin + Clopidogrel + Rosuvastatin,aspirin+clopidogrel+rosuvastatin,Aspirin | Clopidogrel | Rosuvastatin,3,,,ALEMBIC,LTD COROZONE,main,stock file
AT-ROSBIL-M-10S,ROSBIL-M TAB 10'S,ROSBIL-M,10'S,Tablet,136.78,,,,,,,ROSSWELT BIOSCIENCES,,,master
AT-ROSEVAST-10MG-10S,ROSEVAST 10MG TAB 10'S,ROSEVAST 10MG,10'S,Tablet,70.31,,,,,,,FINECURE PHARMACEUTICALS,LTD,,stock file
AT-ROSEVAST-A-10-75MG-10S,ROSEVAST A 10/75MG CAP 10'S,ROSEVAST A 10/75MG,10'S,Capsule,91.41,Aspirin + Rosuvastatin,aspirin+rosuvastatin,Aspirin | Rosuvastatin,2,,,FINECURE PHARMACEUTICALS,LTD,main,master
AT-ROSEVAST-A-20-150MG-10S,ROSEVAST A 20/150MG CAP 10'S,ROSEVAST A 20/150MG,10'S,Capsule,90.94,,,,,,,FINECURE PHARMACEUTICALS,LTD,,stock file
AT-ROSEVAST-CV-CAP-10-75MG-10S,ROSEVAST CV CAP 10/75MG 10'S,ROSEVAST CV CAP 10/75MG,10'S,Capsule,107.81,Clopidogrel + Rosuvastatin,clopidogrel+rosuvastatin,Clopidogrel | Rosuvastatin,2,,,FINECURE PHARMACEUTICALS,LTD,main,master
AT-ROSEVAST-F-10S,ROSEVAST F TAB 10'S,ROSEVAST F,10'S,Tablet,113.44,,,,,,,FINECURE PHARMACEUTICALS,LTD,,stock file
AT-ROSEVAST-GOLD-10MG-10S,ROSEVAST GOLD 10MG CAP 10'S,ROSEVAST GOLD 10MG,10'S,Capsule,189.84,Aspirin + Clopidogrel + Rosuvastatin,aspirin+clopidogrel+rosuvastatin,Aspirin | Clopidogrel | Rosuvastatin,3,,,FINECURE PHARMACEUTICALS,LTD,main,master
AT-ROSEVAST-GOLD-20MG-10S,ROSEVAST GOLD 20MG CAP 10'S,ROSEVAST GOLD 20MG,10'S,Capsule,173.44,Aspirin + Clopidogrel + Rosuvastatin,aspirin+clopidogrel+rosuvastatin,Aspirin | Clopidogrel | Rosuvastatin,3,,,FINECURE PHARMACEUTICALS,LTD,main,master
AT-ROSEVAST-40MG-15S,ROSEVAST-40MG TAB 15'S,ROSEVAST-40MG,15'S,Tablet,315.94,,,,,,,FINECURE PHARMACEUTICALS,LTD,,stock file
AT-ROSEVAST-5MG-10S,ROSEVAST-5MG TAB 10'S,ROSEVAST-5MG,10'S,Tablet,51.56,,,,,,,FINECURE PHARMACEUTICALS,LTD,,stock file
AT-ROSHIST-16MG-10S,ROSHIST-16MG TAB 10S,ROSHIST-16MG,10S,Tablet,103.13,Betahistine Dihydrochloride,betahistine dihydrochloride,Betahistine Dihydrochloride,1,Analgesic / Inflammatory,,ROSSWELT BIOSCIENCES,,rosswelt,master
AT-ROSHIST-24-10S,ROSHIST-24 TAB 10S,ROSHIST-24,10S,Tablet,121.87,,,,,,,ROSSWELT BIOSCIENCES,,,master
AT-ROSIFIX-100-10S,ROSIFIX 100 TAB 10S,ROSIFIX 100,10S,Tablet,81.28,,,,,,,ROSSWELT BIOSCIENCES,,,stock file
AT-ROSIFIX-OX-10S,ROSIFIX OX TAB 10,ROSIFIX OX,10'S,Tablet,182.80,Cefixime 200mg + Ofloxacin 200mg,cefixime 200mg+ofloxacin 200mg,Cefixime | Ofloxacin,2,,,ROSSWELT BIOSCIENCES,,manual,master
AT-ROSIFIX-OZ-10S,ROSIFIX OZ TAB 10S,ROSIFIX OZ,10S,Tablet,168.75,,,,,,,ROSSWELT BIOSCIENCES,,,stock file
AT-ROSIFIX-LB-10S,ROSIFIX-LB-TAB 10S,ROSIFIX-LB,10S,Tablet,167.81,Cefixime 200mg + Lactobacillus,cefixime 200mg+lactobacillus,Cefixime | Lactobacillus,2,Anti-Biotic / Anti-Fungal / Anti-Infective,,ROSSWELT BIOSCIENCES,,rosswelt,master
AT-ROSIPRIDE-4MG-10S,ROSIPRIDE-4MG TAB 10S,ROSIPRIDE-4MG,10S,Tablet,63.75,Methylprednisolone 4mg,methylprednisolone 4mg,Methylprednisolone,1,,,ROSSWELT BIOSCIENCES,,manual,master
AT-ROSIPRIME-MR-10S,ROSIPRIME-MR TAB 1*10'S,ROSIPRIME-MR,10'S,Tablet,210.00,Etoricoxib 60mg + Thiocolchicoside 4mg,etoricoxib 60mg+thiocolchicoside 4mg,Etoricoxib | Thiocolchicoside,2,Analgesic / Inflammatory,,ROSSWELT BIOSCIENCES,,rosswelt,master
AT-ROSIPRIME-P-10S,ROSIPRIME-P TAB 10'S,ROSIPRIME-P,10'S,Tablet,121.88,,,,,,,ROSSWELT BIOSCIENCES,,,master
AT-ROSNANO-10MG-10S,ROSNANO 10MG TAB 10'S,ROSNANO 10MG,10'S,Tablet,140.63,Rosuvastatin,rosuvastatin,Rosuvastatin,1,,,BIOGENOMICS LIMITED,,main,master
AT-ROSPENAM-200MG-10S,ROSPENAM-200MG TAB 10'S,ROSPENAM-200MG,10'S,Tablet,517.50,,,,,,,ROSSWELT BIOSCIENCES,,,master
AT-ROSPENAM-300MG-ER-10S,ROSPENAM-300MG ER TAB 10'S,ROSPENAM-300MG ER,10'S,Tablet,663.75,,,,,,,ROSSWELT BIOSCIENCES,,,master
AT-ROSS-D3-4S,ROSS D3 CAP 4'S,ROSS D3,4'S,Capsule,131.25,,,,,,,ROSSWELT BIOSCIENCES,,,master
AT-ROSS-D3,ROSS-D3 SACHET,ROSS-D3,,Sachet,32.81,,,,,,,ROSSWELT BIOSCIENCES,,,master
AT-ROSS-VEE-C-CHEWABLE,ROSS-VEE-C CHEWABLE TAB,ROSS-VEE-C CHEWABLE,,Tablet,62.30,,,,,,,ROSSWELT BIOSCIENCES,,,stock file
AT-ROSSMET-GSR-1MG-10S,ROSSMET GSR 1MG TAB 10'S,ROSSMET GSR 1MG,10'S,Tablet,60.93,,,,,,,ROSSWELT BIOSCIENCES,,,master
AT-ROSSMET-GSR-2MG-10S,ROSSMET GSR 2MG TAB 10'S,ROSSMET GSR 2MG,10'S,Tablet,73.12,,,,,,,ROSSWELT BIOSCIENCES,,,master
AT-ROSTIN-12,ROSTIN-12 TAB,ROSTIN-12,,Tablet,328.13,,,,,,,ROSSWELT BIOSCIENCES,,,stock file
AT-ROSTOLIN-10S,ROSTOLIN TAB 10S,ROSTOLIN,10S,Tablet,185.62,Bromelain 90mg + Rutoside Trihydrate 100mg + Trypsin 48mg,bromelain 90mg+rutoside trihydrate 100mg+trypsin 48mg,Bromelain | Rutoside Trihydrate | Trypsin,3,Analgesic / Inflammatory,,ROSSWELT BIOSCIENCES,,rosswelt,master
AT-ROSTOLIN-D-10S,ROSTOLIN-D TAB 10'S,ROSTOLIN-D,10'S,Tablet,210.90,Bromelain 90mg + Diclofenac 50mg + Rutoside Trihydrate 100mg + Trypsin 48mg,bromelain 90mg+diclofenac 50mg+rutoside trihydrate 100mg+trypsin 48mg,Bromelain | Diclofenac | Rutoside Trihydrate | Trypsin,4,Analgesic / Inflammatory,,ROSSWELT BIOSCIENCES,,rosswelt,master
AT-ROSUCHEK-10-MG-10S,ROSUCHEK 10 MG TAB 1*10,ROSUCHEK 10 MG,10'S,Tablet,107.25,Rosuvastatin 10mg,rosuvastatin 10mg,Rosuvastatin,1,Lipid Lowering Agent,,INDOCO REMEDIES LTD,CND,INDOCO,stock file
AT-ROSUCHEK-5-10S,ROSUCHEK 5 TAB 10S,ROSUCHEK 5,10S,Tablet,57.19,Rosuvastatin 5mg,rosuvastatin 5mg,Rosuvastatin,1,Lipid Lowering Agent,,INDOCO REMEDIES LTD,CND,INDOCO,stock file
AT-ROSUCHEK-D-10S,ROSUCHEK D TAB 1*10,ROSUCHEK D,10'S,Tablet,137.81,Cholecalciferol 1000IU + Rosuvastatin 10mg,cholecalciferol 1000iu+rosuvastatin 10mg,Cholecalciferol | Rosuvastatin,2,Lipid Lowering Agent,,INDOCO REMEDIES LTD,CND,INDOCO,stock file
AT-ROSUCHEK-GOLD-10MG-10S,ROSUCHEK GOLD 10MG CAP 10'S,ROSUCHEK GOLD 10MG,10'S,Capsule,127.97,,,,,,,INDOCO REMEDIES LTD,CND,,stock file
AT-ROSUCHEK-GOOLD-20MG-10S,ROSUCHEK-GOOLD 20MG 10'S,ROSUCHEK-GOOLD 20MG,10'S,,154.69,,,,,,,INDOCO REMEDIES LTD,CND,,stock file
AT-ROSUKAST-L-60ML,ROSUKAST L SYRUP 60ML,ROSUKAST L,60 ML,Syrup,89.06,,,,,,,ROSSWELT BIOSCIENCES,,,stock file
AT-ROSUKAST-L-10S,ROSUKAST L TAB 10S,ROSUKAST L,10S,Tablet,107.80,,,,,,,ROSSWELT BIOSCIENCES,,,master
AT-ROSUKAST-F-10S,ROSUKAST-F TAB 10'S,ROSUKAST-F,10'S,Tablet,154.60,Fexofenadine 120mg + Montelukast 10mg,fexofenadine 120mg+montelukast 10mg,Fexofenadine | Montelukast,2,Analgesic / Inflammatory,,ROSSWELT BIOSCIENCES,,rosswelt,master
AT-ROSUKEM-10MG-15S,ROSUKEM 10MG TAB 15'S,ROSUKEM 10MG,15'S,Tablet,233.40,Rosuvastatin Calcium Salt 10mg,rosuvastatin calcium salt 10mg,Rosuvastatin Calcium Salt,1,Lipid reducing agents,,ALKEM LABORATORIES,LTD DIABTALOGY,manual,master
AT-ROSUKEM-20MG-10S,ROSUKEM 20MG TAB 10'S,ROSUKEM 20MG,10'S,Tablet,357.19,Rosuvastatin,rosuvastatin,Rosuvastatin,1,,,ALKEM LABORATORIES,LTD DIABTALOGY,main,stock file
AT-ROSUKEM-5MG-10S,ROSUKEM 5MG TAB 10'S,ROSUKEM 5MG,10'S,Tablet,103.13,Rosuvastatin,rosuvastatin,Rosuvastatin,1,Lipid reducing agents,,ALKEM LABORATORIES,LTD DIABTALOGY,main,stock file
AT-ROSUKEM-A-150MG,ROSUKEM A 150MG TAB,ROSUKEM A 150MG,,Tablet,104.65,Aspirin + Rosuvastatin,aspirin+rosuvastatin,Aspirin | Rosuvastatin,2,,,ALKEM LABORATORIES,LTD DIABTALOGY,main,master
AT-ROSUKEM-CV-10-10S,ROSUKEM CV 10 CAP 10'S,ROSUKEM CV 10,10'S,Capsule,218.40,Clopidogrel Bisulfate 75mg + Rosuvastatin Calcium Salt 10mg,clopidogrel bisulfate 75mg+rosuvastatin calcium salt 10mg,Clopidogrel Bisulfate | Rosuvastatin Calcium Salt,2,Lipid reducing agents,,ALKEM LABORATORIES,LTD DIABTALOGY,manual,master
AT-ROSUKEM-CV-10-10S-2,ROSUKEM CV 10 CAP 10S,ROSUKEM CV 10,10S,Capsule,218.40,Clopidogrel + Rosuvastatin,clopidogrel+rosuvastatin,Clopidogrel | Rosuvastatin,2,,,ALKEM LABORATORIES,LTD DIABTALOGY,main,stock file
AT-ROSUKEM-EZ-10MG-10S,ROSUKEM EZ 10MG TAB 10'S,ROSUKEM EZ 10MG,10'S,Tablet,261.55,Ezetimibe + Rosuvastatin,ezetimibe+rosuvastatin,Ezetimibe | Rosuvastatin,2,,,ALKEM LABORATORIES,LTD DIABTALOGY,main,master
AT-ROSUKEM-EZ-20MG-10S,ROSUKEM EZ 20MG TAB 10'S,ROSUKEM EZ 20MG,10'S,Tablet,336.05,Ezetimibe + Rosuvastatin,ezetimibe+rosuvastatin,Ezetimibe | Rosuvastatin,2,,,ALKEM LABORATORIES,LTD DIABTALOGY,main,master
AT-ROSUKEM-F-10S,ROSUKEM F TAB 10'S,ROSUKEM F,10'S,Tablet,191.25,Fenofibrate + Rosuvastatin,fenofibrate+rosuvastatin,Fenofibrate | Rosuvastatin,2,,,ALKEM LABORATORIES,LTD DIABTALOGY,main,stock file
AT-ROSUKEM-GOLD-10-10S,ROSUKEM GOLD 10 CAP 10'S,ROSUKEM GOLD 10,10'S,Capsule,217.50,Acetylsalicylic Acid 75mg + Clopidogrel Bisulfate 75mg + Rosuvastatin Calcium Salt 10mg,acetylsalicylic acid 75mg+clopidogrel bisulfate 75mg+rosuvastatin calcium salt 10mg,Acetylsalicylic Acid | Clopidogrel Bisulfate | Rosuvastatin Calcium Salt,3,Lipid reducing agents,,ALKEM LABORATORIES,LTD DIABTALOGY,manual,master
AT-ROSUKEM-GOLD-10-10S-2,ROSUKEM GOLD 10 CAP 10S,ROSUKEM GOLD 10,10S,Capsule,217.50,Aspirin + Clopidogrel + Rosuvastatin,aspirin+clopidogrel+rosuvastatin,Aspirin | Clopidogrel | Rosuvastatin,3,,,ALKEM LABORATORIES,LTD DIABTALOGY,main,stock file
AT-ROSUKEM-40-10S,ROSUKEM-40 TAB 10S,ROSUKEM-40,10S,Tablet,260.63,Rosuvastatin,rosuvastatin,Rosuvastatin,1,,,ALKEM LABORATORIES,LTD DIABTALOGY,main,stock file
AT-ROSUKEM-A-10S,ROSUKEM-A CAP 10'S,ROSUKEM-A,10'S,Capsule,86.72,Aspirin + Rosuvastatin,aspirin+rosuvastatin,Aspirin | Rosuvastatin,2,Lipid reducing agents,,ALKEM LABORATORIES,LTD DIABTALOGY,main,stock file
AT-ROSUPACK-10-10S,ROSUPACK 10 TAB 10S,ROSUPACK 10,10S,Tablet,103.13,Rosuvastatin 10mg,rosuvastatin 10mg,Rosuvastatin,1,Lipid Lowering Agents,Not specified,KOYE PHARMACEUTICALS,CARDIC,koye,stock file
AT-ROSUPACK-20-10S,ROSUPACK 20 TAB 10S,ROSUPACK 20,10S,Tablet,150.00,Rosuvastatin 20mg,rosuvastatin 20mg,Rosuvastatin,1,Lipid Lowering Agents,Not specified,KOYE PHARMACEUTICALS,CARDIC,koye,stock file
AT-ROSUPACK-A-10S,ROSUPACK A TAB 10S,ROSUPACK A,10S,Tablet,51.56,Aspirin 75mg + Excipients Q.s + Rosuvastatin 10mg,aspirin 75mg+excipients q.s+rosuvastatin 10mg,Aspirin | Excipients Q.s | Rosuvastatin,3,Lipid Lowering Agents,Not specified,KOYE PHARMACEUTICALS,CARDIC,koye,stock file
AT-ROSUTEC-10-10S,ROSUTEC 10 TAB 10'S,ROSUTEC 10,10'S,Tablet,106.60,,,,,,,GSK LIMITED,TEAM 8,,stock file
AT-ROSUTEC-5-10S,ROSUTEC 5 TAB 10'S,ROSUTEC 5,10'S,Tablet,60.66,,,,,,,GSK LIMITED,TEAM 8,,stock file
AT-ROSUVA-GOLD-10-10S,ROSUVA GOLD 10 CAP 10S,ROSUVA GOLD 10,10S,Capsule,215.63,,,,,,,SUN PHARMA LAB. LTD,CV LIFE,,master
AT-ROSUVA-GOLD-20-10S,ROSUVA GOLD 20 CAP 10S,ROSUVA GOLD 20,10S,Capsule,346.88,,,,,,,SUN PHARMA LAB. LTD,CV LIFE,,master
AT-ROSUVAS-10MG-15S,ROSUVAS 10MG TAB 15'S,ROSUVAS 10MG,15'S,Tablet,345.94,Rosuvastatin 10mg,rosuvastatin 10mg,Rosuvastatin,1,CARDIAC,,SUN PHARMA LAB. LTD,CV LIFE,sun pharma sheet,master
AT-ROSUVAS-10MG-15S-2,ROSUVAS 10MG TABS 15'S,ROSUVAS 10MG,15'S,Tablet,345.94,Rosuvastatin 10mg,rosuvastatin 10mg,Rosuvastatin,1,CARDIAC,,SUN PHARMA LAB. LTD,CV LIFE,sun pharma sheet,master
AT-ROSUVAS-20MG-10S,ROSUVAS 20MG.TABS 10'S,ROSUVAS 20MG,10'S,Tablet,439.69,Rosuvastatin 20mg,rosuvastatin 20mg,Rosuvastatin,1,CARDIAC,,SUN PHARMA LAB. LTD,CV LIFE,sun pharma sheet,master
AT-ROSUVAS-40MG-10S,ROSUVAS 40MG TAB 10'S,ROSUVAS 40MG,10'S,Tablet,553.13,Rosuvastatin 40mg,rosuvastatin 40mg,Rosuvastatin,1,CARDIAC,,SUN PHARMA LAB. LTD,CV LIFE,sun pharma sheet,master
AT-ROSUVAS-5MG-15S,ROSUVAS 5MG TABS 15'S,ROSUVAS 5MG,15'S,Tablet,196.88,Rosuvastatin 5mg,rosuvastatin 5mg,Rosuvastatin,1,CARDIAC,,SUN PHARMA LAB. LTD,CV LIFE,sun pharma sheet,master
AT-ROSUVAS-CP-10-30S,ROSUVAS CP 10 30S,ROSUVAS CP 10,30S,,320.16,,,,,,,SUN PHARMA LAB. LTD,CV LIFE,,stock file
AT-ROSUVAS-CV-10MG-10S,ROSUVAS CV 10MG TAB 10'S,ROSUVAS CV 10MG,10'S,Tablet,205.31,,,,,,,SUN PHARMA LAB. LTD,CV LIFE,,master
AT-ROSUVAS-CV-20MG-10S,ROSUVAS CV 20MG TAB 10S,ROSUVAS CV 20MG,10S,Tablet,231.56,,,,,,,SUN PHARMA LAB. LTD,CV LIFE,,master
AT-ROSUVAS-D-10-10S,ROSUVAS D 10 TAB 10'S,ROSUVAS D 10,10'S,Tablet,281.25,,,,,,,SUN PHARMA LAB. LTD,CV LIFE,,stock file
AT-ROSUVAS-D-20MG-10S,ROSUVAS D 20MG TAB 10'S,ROSUVAS D 20MG,10'S,Tablet,253.13,,,,,,,SUN PHARMA LAB. LTD,CV LIFE,,stock file
AT-ROSUVAS-D-5MG-15S,ROSUVAS D 5MG TAB 15'S,ROSUVAS D 5MG,15'S,Tablet,116.25,,,,,,,SUN PHARMA LAB. LTD,CV LIFE,,stock file
AT-ROSUVAS-F-10-10S,ROSUVAS F 10 10'S,ROSUVAS F 10,10'S,,419.06,,,,,,,SUN PHARMA LAB. LTD,CV LIFE,,master
AT-ROSUVAS-F-20-10S,ROSUVAS F 20 TAB 10'S,ROSUVAS F 20,10'S,Tablet,448.13,,,,,,,SUN PHARMA LAB. LTD,CV LIFE,,master
AT-ROSUVAS-F-5-10S,ROSUVAS F 5 10'S,ROSUVAS F 5,10'S,,270.00,,,,,,,SUN PHARMA LAB. LTD,CV LIFE,,stock file
AT-ROSUZYME-SYRUP-18-GST-200ML,ROSUZYME SYRUP 18% GST 200ML,ROSUZYME SYRUP 18% GST,200 ML,Syrup,93.45,,,,,,,ROSSWELT BIOSCIENCES,,,master
AT-ROSUZYME-SYRUP-5-GST-200ML,ROSUZYME SYRUP 5% GST 200ML,ROSUZYME SYRUP 5% GST,200 ML,Syrup,93.43,,,,,,,ROSSWELT BIOSCIENCES,,,master
AT-ROSVENT-10S,ROSVENT CAP 10'S,ROSVENT,10'S,Capsule,79.69,Acebrophylline 100mg,acebrophylline 100mg,Acebrophylline,1,Analgesic / Inflammatory,,ROSSWELT BIOSCIENCES,,rosswelt,stock file
AT-ROSVENT-N-10S,ROSVENT-N TAB 10'S,ROSVENT-N,10'S,Tablet,186.50,Acebrophylline 100mg + N-Acetylcysteine 60mg,acebrophylline 100mg+n-acetylcysteine 60mg,Acebrophylline | N-Acetylcysteine,2,Analgesic / Inflammatory,,ROSSWELT BIOSCIENCES,,rosswelt,master
AT-ROVASTAT-10-15TAB,ROVASTAT 10 TAB,ROVASTAT 10,15 TAB,Tablet,42.18,Rosuvastatin,rosuvastatin,Rosuvastatin,1,,,BLUE CROSS LABS,LTD BCL,main,master
AT-ROVASTAT-20MG,ROVASTAT 20MG TAB,ROVASTAT 20MG,,Tablet,79.69,Rosuvastatin,rosuvastatin,Rosuvastatin,1,,,BLUE CROSS LABS,LTD BCL,main,stock file
AT-ROVASTAT-5-15TAB,ROVASTAT 5 TAB,ROVASTAT 5,15 TAB,Tablet,28.12,Rosuvastatin,rosuvastatin,Rosuvastatin,1,,,BLUE CROSS LABS,LTD BCL,main,master
AT-ROVOR-10MG-10,ROVOR 10MG TAB 10',ROVOR 10MG,10',Tablet,180.28,Rivaroxaban,rivaroxaban,Rivaroxaban,1,,,TORRENT PHARMACEUTICALS,LTD,torrent,master
AT-ROVOR-15MG-TAB-10S,ROVOR 15MG TAB 10S',ROVOR 15MG TAB 10S',,Tablet,210.94,,,,,,,TORRENT PHARMACEUTICALS,LTD,,stock file
AT-ROVOR-2-5MG-10S,ROVOR 2.5MG TAB 10'S,ROVOR 2.5MG,10'S,Tablet,143.02,Rivaroxaban,rivaroxaban,Rivaroxaban,1,,,TORRENT PHARMACEUTICALS,LTD,torrent,master
AT-ROVOR-20MG-10S,ROVOR 20MG TAB 10'S,ROVOR 20MG,10'S,Tablet,257.81,Rivaroxaban,rivaroxaban,Rivaroxaban,1,,,TORRENT PHARMACEUTICALS,LTD,torrent,stock file
AT-ROWEZY-250MG-10S,ROWEZY 250MG TAB 1*10'S,ROWEZY 250MG,10'S,Tablet,117.95,,,,,,,JAGSONPAL PHARMACEUTICALS,LTD,,master
AT-ROXID-150MG-10S,ROXID 150MG TAB 10'S,ROXID 150MG,10'S,Tablet,247.50,Roxithromycin,roxithromycin,Roxithromycin,1,,,ALEMBIC,PHARMA,main,master
AT-ROXID-300MG-10S,ROXID 300MG TAB 10'S,ROXID 300MG,10'S,Tablet,237.66,Roxithromycin,roxithromycin,Roxithromycin,1,,,ALEMBIC,PHARMA,main,master
AT-ROXID-75-MG,ROXID 75 MG TABS,ROXID 75 MG,,Tablet,72.94,Roxithromycin,roxithromycin,Roxithromycin,1,,,ALEMBIC,PHARMA,main,stock file
AT-ROXID-10ML,ROXID DROPS 10ML,ROXID,10 ML,Drops,76.88,Roxithromycin,roxithromycin,Roxithromycin,1,,,ALEMBIC,PHARMA,main,master
AT-ROXID-KID-10S,ROXID KID TAB 10'S,ROXID KID,10'S,Tablet,117.09,Roxithromycin,roxithromycin,Roxithromycin,1,,,ALEMBIC,PHARMA,main,master
AT-ROXID-LIQUID-60ML,ROXID LIQUID 60ML,ROXID LIQUID,60 ML,,89.81,Roxithromycin,roxithromycin,Roxithromycin,1,,,ALEMBIC,PHARMA,main,master
AT-ROXID-M-10S,ROXID M TAB 10'S,ROXID M,10'S,Tablet,222.10,Montelukast + Roxithromycin,montelukast+roxithromycin,Montelukast | Roxithromycin,2,,,ALEMBIC,PHARMA,main,master
AT-ROXID-M-10S-2,ROXID M TABS 10S,ROXID M,10S,Tablet,247.50,Roxithromycin,roxithromycin,Roxithromycin,1,,,ALEMBIC,PHARMA,main,stock file
AT-ROXID-SYUP-30ML,ROXID SYUP. 30ML,ROXID SYUP,30 ML,,77.25,Roxithromycin,roxithromycin,Roxithromycin,1,,,ALEMBIC,PHARMA,main,stock file
AT-ROXID-TABS-150MG-10S,ROXID TABS 150MG 10S,ROXID TABS 150MG,10S,Tablet,237.66,Roxithromycin,roxithromycin,Roxithromycin,1,,,ALEMBIC,PHARMA,main,stock file
AT-ROXID-TABS-300MG-10S,ROXID TABS 300MG 10S,ROXID TABS 300MG,10S,Tablet,415.12,Roxithromycin,roxithromycin,Roxithromycin,1,,,ALEMBIC,PHARMA,main,stock file
AT-ROXID-100-30ML,ROXID-100 SYRUP 30ML,ROXID-100,30 ML,Syrup,415.12,Roxithromycin,roxithromycin,Roxithromycin,1,,,ALEMBIC,PHARMA,main,master
AT-ROXIENT-PLUS-12-5MG-10S,ROXIENT PLUS-12.5MG TAB 10'S,ROXIENT PLUS-12.5MG,10'S,Tablet,96.56,Hydrochlorothiazide + Losartan,hydrochlorothiazide+losartan,Hydrochlorothiazide | Losartan,2,,,ARRIENT HEALTHCARE,(NEUROX)PRIVATE LIM,main,master
AT-ROXIENT-PLUS-25MG,ROXIENT PLUS-25MG TAB,ROXIENT PLUS-25MG,,Tablet,154.68,Clonazepam + Venlafaxine,clonazepam+venlafaxine,Clonazepam | Venlafaxine,2,,,ARRIENT HEALTHCARE,(NEUROX)PRIVATE LIM,main,stock file
AT-ROXIENT-12-5MG-10S,ROXIENT-12.5MG TAB 10'S,ROXIENT-12.5MG,10'S,Tablet,168.75,Hydrochlorothiazide,hydrochlorothiazide,Hydrochlorothiazide,1,,,ARRIENT HEALTHCARE,(NEUROX)PRIVATE LIM,main,master
AT-ROXIENT-25MG-10S,ROXIENT-25MG TAB 10'S,ROXIENT-25MG,10'S,Tablet,234.38,Hydrochlorothiazide,hydrochlorothiazide,Hydrochlorothiazide,1,,,ARRIENT HEALTHCARE,(NEUROX)PRIVATE LIM,main,master
AT-ROXIENT-37-5MG-10S,ROXIENT-37.5MG TAB 10'S,ROXIENT-37.5MG,10'S,Tablet,314.06,Venlafaxine,venlafaxine,Venlafaxine,1,,,ARRIENT HEALTHCARE,(NEUROX)PRIVATE LIM,main,stock file
AT-ROZITAZ-10MG-10S-10,ROZITAZ 10MG 10S 10,ROZITAZ 10MG 10S 10,,,60.94,,,,,,,RPG LIFE SCIENCE LTD,GLODIAN,,master
AT-ROZITAZ-20MG-10S,ROZITAZ 20MG 10S,ROZITAZ 20MG,10S,,79.69,,,,,,,RPG LIFE SCIENCE LTD,GLODIAN,,stock file
AT-ROZITAZ-ASP-10S,ROZITAZ ASP TAB 10'S,ROZITAZ ASP,10'S,Tablet,75.00,,,,,,,RPG LIFE SCIENCE LTD,GLODIAN,,master
AT-ROZITAZ-CV-10S-10,ROZITAZ CV 10S 10,ROZITAZ CV 10S 10,,,93.75,,,,,,,RPG LIFE SCIENCE LTD,GLODIAN,,stock file
AT-ROZITAZ-GOLD-10MG-10S-10,ROZITAZ GOLD 10MG 10S 10,ROZITAZ GOLD 10MG 10S 10,,,112.50,,,,,,,RPG LIFE SCIENCE LTD,GLODIAN,,stock file
AT-ROZITAZ-GOLD-20MG-10S,ROZITAZ GOLD 20MG 10S,ROZITAZ GOLD 20MG,10S,,121.88,,,,,,,RPG LIFE SCIENCE LTD,GLODIAN,,master
AT-ROZON-10D-10S,ROZON 10D TABS 10S,ROZON 10D,10S,Tablet,82.08,,,,,,,WALLACE PHARMA,LIFESTYLE DC,,stock file
AT-ROZON-10MG-10S,ROZON 10MG TABS 10S,ROZON 10MG,10S,Tablet,98.44,Rosuvastatin 10mg,rosuvastatin 10mg,Rosuvastatin,1,Dyslipidemia Management,Dyslipidemia,WALLACE PHARMA,LIFESTYLE DC,wallace,stock file
AT-ROZON-5MG-10S,ROZON 5MG 10S,ROZON 5MG,10S,,64.88,Rosuvastatin 5mg,rosuvastatin 5mg,Rosuvastatin,1,Dyslipidemia Management,Dyslipidemia,WALLACE PHARMA,LIFESTYLE DC,wallace,stock file
AT-ROZPURE-10MG-15S,ROZPURE 10MG TAB 1*15,ROZPURE 10MG,15'S,Tablet,247.50,Rosuvastatin,rosuvastatin,Rosuvastatin,1,,,ARRIENT HEALTHCARE,(MERAKUS)PRIVATE LIM,main,master
AT-ROZPURE-20MG-10S,ROZPURE 20MG TAB 1*10,ROZPURE 20MG,10'S,Tablet,182.81,Rosuvastatin,rosuvastatin,Rosuvastatin,1,,,ARRIENT HEALTHCARE,(MERAKUS)PRIVATE LIM,main,master
AT-ROZPURE-5MG-10S,ROZPURE 5MG TAB 1*10,ROZPURE 5MG,10'S,Tablet,101.25,Rosuvastatin,rosuvastatin,Rosuvastatin,1,,,ARRIENT HEALTHCARE,(MERAKUS)PRIVATE LIM,main,master
AT-ROZPURE-F-10S,ROZPURE F TAB 1*10,ROZPURE F,10'S,Tablet,196.87,Fenofibrate + Rosuvastatin,fenofibrate+rosuvastatin,Fenofibrate | Rosuvastatin,2,,,ARRIENT HEALTHCARE,(MERAKUS)PRIVATE LIM,main,master
AT-ROZPURE-GOLD-10-10S,ROZPURE GOLD 10 TAB 1*10,ROZPURE GOLD 10,10'S,Tablet,201.00,Aspirin + Clopidogrel + Rosuvastatin,aspirin+clopidogrel+rosuvastatin,Aspirin | Clopidogrel | Rosuvastatin,3,,,ARRIENT HEALTHCARE,(MERAKUS)PRIVATE LIM,main,master
AT-ROZPURE-GOLD-20MG-10S,ROZPURE GOLD 20MG TAB 1*10,ROZPURE GOLD 20MG,10'S,Tablet,257.81,Aspirin + Clopidogrel + Rosuvastatin,aspirin+clopidogrel+rosuvastatin,Aspirin | Clopidogrel | Rosuvastatin,3,,,ARRIENT HEALTHCARE,(MERAKUS)PRIVATE LIM,main,master
AT-ROZPURE-40MG-10S,ROZPURE-40MG TAB 1*10'S,ROZPURE-40MG,10'S,Tablet,234.38,Rosuvastatin,rosuvastatin,Rosuvastatin,1,,,ARRIENT HEALTHCARE,(MERAKUS)PRIVATE LIM,main,stock file
AT-ROZPURE-CV-10S,ROZPURE-CV CAP 10'S,ROZPURE-CV,10'S,Capsule,158.43,Clopidogrel + Rosuvastatin,clopidogrel+rosuvastatin,Clopidogrel | Rosuvastatin,2,,,ARRIENT HEALTHCARE,(MERAKUS)PRIVATE LIM,main,master
AT-ROZUCOR-40MG,ROZUCOR 40MG TABS,ROZUCOR 40MG,,Tablet,683.40,Rosuvastatin,rosuvastatin,Rosuvastatin,1,,,TORRENT PHARMACEUTICALS,DELTA,torrent,master
AT-ROZUCOR-ASP-10-10S,ROZUCOR ASP 10 CAP 10S,ROZUCOR ASP 10,10S,Capsule,122.60,Aspirin + Rosuvastatin,aspirin+rosuvastatin,Aspirin | Rosuvastatin,2,,,TORRENT PHARMACEUTICALS,DELTA,torrent,master
AT-ROZUCOR-ASP-20-10S,ROZUCOR ASP 20 CAP 10S,ROZUCOR ASP 20,10S,Capsule,165.90,Aspirin + Rosuvastatin,aspirin+rosuvastatin,Aspirin | Rosuvastatin,2,,,TORRENT PHARMACEUTICALS,DELTA,torrent,master
AT-ROZUCOR-ASP-10-FORTE-10S,ROZUCOR ASP-10 FORTE 10'S,ROZUCOR ASP-10 FORTE,10'S,,70.31,,,,,,,TORRENT PHARMACEUTICALS,DELTA,,stock file
AT-ROZUCOR-D-10-10S,"ROZUCOR D 10,TAB 10'S",ROZUCOR D 10,10'S,Tablet,169.78,,,,,,,TORRENT PHARMACEUTICALS,DELTA,,stock file
AT-ROZUCOR-EZ-20MG-10S,ROZUCOR EZ 20MG TAB 10'S,ROZUCOR EZ 20MG,10'S,Tablet,406.45,,,,,,,TORRENT PHARMACEUTICALS,FORZA,,master
AT-ROZUCOR-EZ-40MG-10S,ROZUCOR EZ 40MG TAB 10'S,ROZUCOR EZ 40MG,10'S,Tablet,641.25,,,,,,,TORRENT PHARMACEUTICALS,FORZA,,stock file
AT-ROZUCOR-EZ-10S,ROZUCOR EZ TAB 10,ROZUCOR EZ,10'S,Tablet,225.09,Ezetimibe + Rosuvastatin,ezetimibe+rosuvastatin,Ezetimibe | Rosuvastatin,2,,,TORRENT PHARMACEUTICALS,LTD,torrent,stock file
AT-ROZUCOR-F-10-10S,ROZUCOR F 10 TAB 10S,ROZUCOR F 10,10S,Tablet,149.02,,,,,,,TORRENT PHARMACEUTICALS,DELTA,,stock file
AT-ROZUCOR-F-20-MG-10S,ROZUCOR F 20 MG TAB 1*10,ROZUCOR F 20 MG,10'S,Tablet,367.97,,,,,,,TORRENT PHARMACEUTICALS,DELTA,,stock file
AT-ROZUCOR-F-5-10S,ROZUCOR F 5 TAB 10S,ROZUCOR F 5,10S,Tablet,114.33,,,,,,,TORRENT PHARMACEUTICALS,DELTA,,stock file
AT-ROZUCOR-GOLD-10,ROZUCOR GOLD 10 CAPS,ROZUCOR GOLD 10,,Capsule,216.05,,,,,,,TORRENT PHARMACEUTICALS,DELTA,,master
AT-ROZUCOR-GOLD-20MG,ROZUCOR GOLD 20MG CAPS,ROZUCOR GOLD 20MG,,Capsule,331.88,,,,,,,TORRENT PHARMA,VISTA,,master
AT-ROZUCOR-10-10S,ROZUCOR-10 TAB 10S,ROZUCOR-10,10S,Tablet,356.25,,,,,,,TORRENT PHARMACEUTICALS,DELTA,,master
AT-ROZUCOR-20-10S,ROZUCOR-20 TAB 10S,ROZUCOR-20,10S,Tablet,347.81,,,,,,,TORRENT PHARMACEUTICALS,DELTA,,stock file
AT-ROZUCOR-5-TAB-15S-1,ROZUCOR-5 TAB 15S 1,ROZUCOR-5 TAB 15S 1,,Tablet,192.56,,,,,,,TORRENT PHARMACEUTICALS,DELTA,,stock file
AT-ROZUPLATT-10S,ROZUPLATT CAP 10S,ROZUPLATT,10S,Capsule,176.53,,,,,,,TORRENT PHARMA,UNO VISTA,,stock file
AT-RPHYLO-PFS-6ML,RPHYLO PFS 6ML,RPHYLO PFS,6 ML,Prefilled Syringe,"17,500.00",,,,,,,RPG LIFE SCIENECES LTD,SERAL,,master
AT-RPO-10000-IU-1ML,RPO 10000 IU INJ. 1ML.,RPO 10000 IU,1 ML,Injection,"2,067.52",Recombinant Human Erythropoietin,recombinant human erythropoietin,Recombinant Human Erythropoietin,1,Nephrology,Anemia associated with chronic kidney disease,RPG LIFE SCIENCES,LTD. NEUROPS,rpg,master
AT-RPTEL-40MG-10S,RPTEL 40MG TAB 10'S,RPTEL 40MG,10'S,Tablet,42.92,Telmisartan 40mg,telmisartan 40mg,Telmisartan,1,Nephrology,"Hypertension, cardiovascular risk reduction",RPG LIFE SCIENCE LTD,GLODIAN,rpg,master
AT-RPTEL-AM-10S,RPTEL AM TAB 10,RPTEL AM,10'S,Tablet,67.02,,,,,,,RPG LIFE SCIENCE LTD,GLODIAN,,master
AT-RPTEL-M-25MG-10S,RPTEL M 25MG TAB 1*10'S,RPTEL M 25MG,10'S,Tablet,75.00,,,,,,,RPG LIFE SCIENCE LTD,GLODIAN,,stock file
AT-RPTEL-M-50MG-10S,RPTEL M 50MG TAB 1*10'S,RPTEL M 50MG,10'S,Tablet,84.38,,,,,,,RPG LIFE SCIENCE LTD,GLODIAN,,stock file
AT-RR-SENSOFORM-DEN-80GM,RR SENSOFORM DEN.GEL 80GM,RR SENSOFORM DEN,80 GM,Gel,208.62,,,,,,,INDOCO REMEDIES LTD,WARREN,,stock file
AT-RULIZO-600MG-5S,RULIZO 600MG TAB 5'S,RULIZO 600MG,5'S,Tablet,277.50,,,,,,,SUN PHARMA LABS LTD,UROCARE,,stock file
AT-RUMALAYA-FORTE-30S,RUMALAYA FORTE TABS 30,RUMALAYA FORTE,30'S,Tablet,131.25,,,,,,,HIMALAYA DRUG COMPANY,OTX,,stock file
AT-RUMALAYA-30GM,RUMALAYA GEL 30G,RUMALAYA,30 GM,Gel,112.50,,,,,,,HIMALAYA DRUG COMPANY,OTX,,stock file
AT-RUMALIYA-LINIMENT,RUMALIYA LINIMENT,RUMALIYA LINIMENT,,,168.00,Camphor + Eucalyptus Oil + Herbal Oils,camphor+eucalyptus oil+herbal oils,Camphor | Eucalyptus Oil | Herbal Oils,3,,,HIMALAYA DRUG COMPANY,OTX,main,master
AT-RUMALIYA-60S,RUMALIYA TAB 60S,RUMALIYA,60S,Tablet,112.50,,,,,,,HIMALAYA DRUG COMPANY,OTX,,stock file
AT-RUMIGEST-10S,RUMIGEST CAP 10S,RUMIGEST,10S,Capsule,533.81,Progesterone,progesterone,Progesterone,1,,,ALEMBIC,ALCARE,main,stock file
AT-RUTOSHINE-10S10S,RUTOSHINE TAB 10'S 10S,RUTOSHINE,10'S 10S,Tablet,265.00,,,,,,,NEO LIFE SCIENCES,,,master
AT-RUTOSURE,Rutosure,Rutosure,,,,Bromelain 90mg + Rutoside Trihydrate 100mg + Trypsin 48mg,bromelain 90mg+rutoside trihydrate 100mg+trypsin 48mg,Bromelain | Rutoside Trihydrate | Trypsin,3,,"Trauma, fractures, burns, sprain/strain and postoperative swelling",APPENA LIFE PVT.LTD,,main,master
AT-RUTOSURE-10S,RUTOSURE TAB 10'S,RUTOSURE,10'S,Tablet,182.00,Bromelain + Rutoside + Trypsin,bromelain+rutoside+trypsin,Bromelain | Rutoside | Trypsin,3,,,APPENA LIFE PVT.LTD,,main,stock file
AT-RUTOSURE-D,Rutosure-D,Rutosure-D,,,,Bromelain 90mg + Diclofenac Potassium 50mg + Rutoside Trihydrate 100mg + Trypsin 48mg,bromelain 90mg+diclofenac potassium 50mg+rutoside trihydrate 100mg+trypsin 48mg,Bromelain | Diclofenac Potassium | Rutoside Trihydrate | Trypsin,4,,"Trauma, fractures, burns, sprain/strain, postoperative wounds and inflammatory conditions",APPENA LIFE PVT.LTD,,main,master
AT-RUTRIXA-B-10S,RUTRIXA B TAB 10'S,RUTRIXA B,10'S,Tablet,240.00,,,,,,,JAGSONPAL PHARMACEUTICALS,LTD,,master
AT-S-CLEAR-10GM,S-CLEAR CREAM 10GM,S-CLEAR,10 GM,Cream,254.05,Permethrin,permethrin,Permethrin,1,Topical antibiotic,,ALKEM LAB,LTD DERMAKEM,main,master
AT-S-CLEAR-5GM,S-CLEAR CREAM 5GM,S-CLEAR,5 GM,Cream,126.56,Hydroquinone + Mometasone + Tretinoin,hydroquinone+mometasone+tretinoin,Hydroquinone | Mometasone | Tretinoin,3,Topical antibiotic,,ALKEM LAB,LTD DERMAKEM,main,stock file
AT-S-CLEAR-10ML,S-CLEAR LOTION 10ML,S-CLEAR,10 ML,Lotion,330.00,Permethrin,permethrin,Permethrin,1,Topical antibiotic,,ALKEM LAB,LTD DERMAKEM,main,master
AT-S-PPI-40-10S,S-PPI 40 TAB 10'S,S-PPI 40,10'S,Tablet,60.94,Pantoprazole,pantoprazole,Pantoprazole,1,,,BLUE CROSS LABS,LTD BCL,main,stock file
AT-S-PPI-L-10S,S-PPI L CAP 10'S,S-PPI L,10'S,Capsule,131.25,Levosulpiride + Pantoprazole,levosulpiride+pantoprazole,Levosulpiride | Pantoprazole,2,,,BLUE CROSS LABS,LTD BCL,main,stock file
AT-S-RD-10S,S-RD CAP 10'S,S-RD,10'S,Capsule,70.31,Domperidone + Rabeprazole,domperidone+rabeprazole,Domperidone | Rabeprazole,2,,,BLUE CROSS LABS,LTD BCL,main,stock file
AT-SACUNEW-100MG-14S,SACUNEW 100MG TAB 14'S,SACUNEW 100MG,14'S,Tablet,367.50,,,,,,,RPG LIFE SCIENCE LTD,GLODIAN,,stock file
AT-SACUNEW-200MG-7S,SACUNEW 200MG TAB 7'S,SACUNEW 200MG,7'S,Tablet,262.50,,,,,,,RPG LIFE SCIENCE LTD,GLODIAN,,stock file
AT-SACUNEW-50MG-14S,SACUNEW 50MG TAB 14'S,SACUNEW 50MG,14'S,Tablet,183.75,,,,,,,RPG LIFE SCIENCE LTD,GLODIAN,,stock file
AT-SACURISE-100MG-14S,SACURISE 100MG TAB 14'S,SACURISE 100MG,14'S,Tablet,360.00,,,,,,,SUN PHARMA,LABORATORIES LTD,,master
AT-SACURISE-50MG-14S,SACURISE 50MG TAB 14'S,SACURISE 50MG,14'S,Tablet,237.19,,,,,,,SUN PHARMA,LABORATORIES LTD,,master
AT-SACUVAL-100MG-10S,SACUVAL 100MG TAB 10'S,SACUVAL 100MG,10'S,Tablet,386.25,Sacubitril + Valsartan,sacubitril+valsartan,Sacubitril | Valsartan,2,Anti-diabetic,,ALKEM LABORATRIES LTD,METANEXT,main,master
AT-SACUVAL-200MG-10S,SACUVAL 200MG TAB 10'S,SACUVAL 200MG,10'S,Tablet,501.56,Sacubitril + Valsartan,sacubitril+valsartan,Sacubitril | Valsartan,2,Anti-diabetic,,ALKEM LABORATRIES LTD,METANEXT,main,master
AT-SACUVAL-50MG-10S,SACUVAL 50MG TAB 10'S,SACUVAL 50MG,10'S,Tablet,213.25,Sacubitril + Valsartan,sacubitril+valsartan,Sacubitril | Valsartan,2,Tinea Infection,,ALKEM LABORATRIES LTD,METANEXT,main,master
AT-SAFRENO-10S,SAFRENO TAB 1*10'S,SAFRENO,10'S,Tablet,163.00,Safinamide,safinamide,Safinamide,1,,,ARRIENT HEALTHCARE,(ARRIENT)PRIVATE LIM,main,master
AT-SAFRENO-KETO-10S,SAFRENO-KETO TAB 10'S,SAFRENO-KETO,10'S,Tablet,349.00,Alpha Lipoic Acid + Folic Acid + Methylcobalamin + Pyridoxine,alpha lipoic acid+folic acid+methylcobalamin+pyridoxine,Alpha Lipoic Acid | Folic Acid | Methylcobalamin | Pyridoxine,4,,,ARRIENT HEALTHCARE,(MERAKUS)PRIVATE LIM,main,stock file
AT-SAFTOIN-10S,SAFTOIN TAB 10,SAFTOIN,10'S,Tablet,75.68,Nitrofurantoin 100mg,nitrofurantoin 100mg,Nitrofurantoin,1,Gynaec.,,ALKEM PHARMA,AURA,manual,master
AT-SALCOLD-10S,SALCOLD TAB 10'S,SALCOLD,10'S,Tablet,75.00,,,,,,,SALASAR PHARMACEUTICALS,,,master
AT-SALEX-L-SOLUT-10ML,SALEX-L SOLUT 10ML,SALEX-L SOLUT,10 ML,,165.00,Lactic Acid + Salicylic Acid,lactic acid+salicylic acid,Lactic Acid | Salicylic Acid,2,,,A.MENARINI,DERMA,main,stock file
AT-SALYTAR-OINTMENT-15GM,SALYTAR OINTMENT 15GM,SALYTAR OINTMENT,15 GM,Ointment,69.38,Coal Tar + Salicylic Acid + Sulphur,coal tar+salicylic acid+sulphur,Coal Tar | Salicylic Acid | Sulphur,3,,,A.MENARINI,DERMA,main,stock file
AT-SALYTAR-SOLUTION-100ML,SALYTAR SOLUTION 100ML,SALYTAR SOLUTION,100 ML,Solution,171.56,Coal Tar + Salicylic Acid,coal tar+salicylic acid,Coal Tar | Salicylic Acid,2,,,A.MENARINI,DERMA,main,master
AT-SALYTAR-T-SOAP-100GM,SALYTAR-T SOAP 100G,SALYTAR-T SOAP,100 GM,Soap,81.86,Coal Tar + Salicylic Acid,coal tar+salicylic acid,Coal Tar | Salicylic Acid,2,,,A.MENARINI,DERMA,main,master
AT-SARNA-60GM,SARNA LOTION 60GM,SARNA,60 GM,Lotion,107.69,,,,,,,GSK LIMITED,TEAM 2 ETT,,stock file
AT-SASH-FACE-WASH-100ML,SASH FACE WASH 100ML,SASH FACE WASH,100 ML,Face Wash,270.00,,,,,,,NUTRIMED HEALTHCARE,PVT.LTD,,master
AT-SASH-HARBAL-SHAMPOO-200ML,SASH HARBAL SHAMPOO 200ML,SASH HARBAL SHAMPOO,200 ML,Shampoo,370.00,,,,,,,NUTRIMED HEALTHCARE,PVT.LTD,,master
AT-SASH-PRO-CONDITIONER-100ML,SASH PRO CONDITIONER 100ML,SASH PRO CONDITIONER,100 ML,,310.00,,,,,,,NUTRIMED HEALTHCARE,PVT.LTD,,master
AT-SASH-PRO-SHAMPOO-150ML,SASH PRO SHAMPOO 150ML,SASH PRO SHAMPOO,150 ML,Shampoo,470.00,,,,,,,NUTRIMED HEALTHCARE,PVT.LTD,,master
AT-SATROGYL-300MG-10S,SATROGYL 300MG TAB 10'S,SATROGYL 300MG,10'S,Tablet,180.90,Satranidazole 300mg,satranidazole 300mg,Satranidazole,1,Anti-Parasitic,,ALKEM LABORAT. LTD,ASCENDA,alkem,master
AT-SATROGYL-O-DRY-30ML,SATROGYL O DRY SYP 30ML,SATROGYL O DRY,30 ML,Dry Syrup,66.56,Ofloxacin 50mg/5ml + Satranidazole 75mg,ofloxacin 50mg/5ml+satranidazole 75mg,Ofloxacin | Satranidazole,2,Anti-Parasitic,,ALKEM LABORAT. LTD,ASCENDA,alkem,stock file
AT-SATROGYL-O-10S,SATROGYL O TAB 10'S,SATROGYL O,10'S,Tablet,203.40,Satranidazole 300mg,satranidazole 300mg,Satranidazole,1,,,ALKEM LABORAT. LTD,ASCENDA,manual,master
AT-SATROGYL-O-DRY-60ML,SATROGYL-O DRY SYRUP 60ML,SATROGYL-O DRY,60 ML,Dry Syrup,128.40,Ofloxacin 50mg/5ml + Satranidazole 75mg,ofloxacin 50mg/5ml+satranidazole 75mg,Ofloxacin | Satranidazole,2,,,ALKEM LABORAT. LTD,ASCENDA,manual,master
AT-SAVE-JOINT,SAVE JOINT SACHET,SAVE JOINT,,Sachet,25.31,Chondroitin + Collagen + Glucosamine,chondroitin+collagen+glucosamine,Chondroitin | Collagen | Glucosamine,3,,,DD NUTRITIONS,INDIA,main,stock file
AT-SAZO-1000MG-15S,SAZO 1000MG TAB,SAZO 1000MG,15'S,Tablet,285.00,Sulfasalazine 1000mg,sulfasalazine 1000mg,Sulfasalazine,1,Disease Modifying Anti Rheumatic Drugs,Ankylosing Spondylitis,WALLACE PHARMA.LTD.LIFESTYLE,Lifestyle,wallace,master
AT-SAZO-500-10S,SAZO 500 TABS 10'S,SAZO 500,10'S,Tablet,75.60,Sulfasalazine 500mg,sulfasalazine 500mg,Sulfasalazine,1,Disease Modifying Anti Rheumatic Drugs,Ankylosing Spondylitis,WALLACE PHARMA.LTD.LIFESTYLE,Lifestyle,wallace,master
AT-SCABEX-L-LOT-50ML,SCABEX L LOT. 50ML,SCABEX L LOT,50 ML,,85.75,,,,,,,INDOCO REMEDIES LTD,ORTHO,,master
AT-SCABEX-100ML,SCABEX LOTION 100ML,SCABEX,100 ML,Lotion,125.50,,,,,,,INDOCO REMEDIES LTD,ORTHO,,master
AT-SCABEX-S-CR-20GM,SCABEX S CR. 20 GM,SCABEX S CR,20 GM,,33.61,,,,,,,INDOCO REMEDIES LTD,ORTHO,,stock file
AT-SCABPER-30ML,SCABPER LOTION 30ML,SCABPER,30 ML,Lotion,60.66,Permethrin,permethrin,Permethrin,1,,,A.MENARINI,DERMA,main,stock file
AT-SCABPER-SOAP-75GM,SCABPER SOAP 75GM,SCABPER SOAP,75 GM,Soap,60.52,Permethrin,permethrin,Permethrin,1,,,A.MENARINI,DERMA,main,stock file
AT-SCREE-ON-50ML,SCREE ON GEL 50ML,SCREE ON,50 ML,Gel,452.00,,,,,,,NUTRIMED HEALTHCARE,PVT.LTD,,master
AT-SEBIFIN-PLUS-CREEM-15GM,SEBIFIN PLUS CREEM 15G,SEBIFIN PLUS CREEM,15 GM,,285.94,,,,,,,SUN PHARMA LAB.LTD,CROSSLAND-LIFE,,master
AT-SEBIFIN-TAB-250MG-15S,SEBIFIN TAB 250MG 15'S,SEBIFIN TAB 250MG,15'S,Tablet,529.69,Terbinafine 250mg,terbinafine 250mg,Terbinafine,1,ANTI-INFECTIVES,,SUN PHARMACEUTICAL,ORTUS,sun pharma sheet,master
AT-SECTOCEF-LB-200MG-10S,SECTOCEF LB 200MG TAB 10'S,SECTOCEF LB 200MG,10'S,Tablet,147.19,,,,,,,NEO LIFE SCIENCES,,,master
AT-SEFDIN-DRY-30ML,SEFDIN DRY SYP 30ML,SEFDIN DRY,30 ML,Dry Syrup,104.06,,,,,,,TORRENT PHARMA,CV LIFE,,stock file
AT-SEMALIX-14MG-10S,SEMALIX 14MG TAB 10'S,SEMALIX 14MG,10'S,Tablet,"2,540.00",Prefilled Pen 8mg/3ml + Semaglutide 2mg/3ml,prefilled pen 8mg/3ml+semaglutide 2mg/3ml,Prefilled Pen | Semaglutide,2,,,TORRENT PHARMACEUTICALS,FORZA,torrent,master
AT-SEMBOLIC-14-10S,SEMBOLIC 14 TAB 10S,SEMBOLIC 14,10S,Tablet,"2,540.00",Semaglutide 15mg/3ml,semaglutide 15mg/3ml,Semaglutide,1,,,TORRENT PHARMACEUTICALS,LTD,torrent,master
AT-SEMBOLIC-7-10S,SEMBOLIC 7 TAB 10,SEMBOLIC 7,10'S,Tablet,"1,650.00",Semaglutide 15mg/3ml,semaglutide 15mg/3ml,Semaglutide,1,,,TORRENT PHARMACEUTICALS,LTD,torrent,master
AT-SENOLIN-100GM,SENOLIN 100GM.,SENOLIN,100 GM,,157.50,,,,,,,INDOCO REMEDIES LTD,WARREN,,master
AT-SENOLIN-50GM,SENOLIN 50GM.,SENOLIN,50 GM,,151.30,,,,,,,INDOCO REMEDIES LTD,WARREN,,stock file
AT-SENOLIN-SF-50GM,SENOLIN SF 50GM.,SENOLIN SF,50 GM,,176.22,,,,,,,INDOCO REMEDIES,WARREN ACE,,master
AT-SENSIVAL-10S,SENSIVAL TABS 10`S,SENSIVAL,10'S,Tablet,60.00,Nortriptyline 25mg,nortriptyline 25mg,Nortriptyline,1,Anti Depressant,,WALLACE PHARMA.LTD.LIFESTYLE,Lifestyle,wallace,master
AT-SENSIVAL-P-10S,SENSIVAL-P TAB 10'S,SENSIVAL-P,10'S,Tablet,262.50,Nortriptyline 10mg + Pregabalin 75mg,nortriptyline 10mg+pregabalin 75mg,Nortriptyline | Pregabalin,2,,,WALLACE PHARMA.LTD.LIFESTYLE,,manual,master
AT-SENSODENT-K-120GM,SENSODENT K 120GM.,SENSODENT K,120 GM,,133.13,,,,,,,INDOCO REMEDIES,WARREN ACE,,stock file
AT-SENSODENT-K-60GM,SENSODENT K 60GM.,SENSODENT K,60 GM,,86.25,,,,,,,INDOCO REMEDIES,WARREN ACE,,stock file
AT-SENSODENT-K-FAST-RELIEF-125GM,SENSODENT K FAST RELIEF 125GM,SENSODENT K FAST RELIEF,125 GM,,155.00,,,,,,,INDOCO REMEDIES,WARREN ACE,,master
AT-SENSODENT-K-FAST-RELIEF-75GM,SENSODENT K FAST RELIEF 75GM,SENSODENT K FAST RELIEF,75 GM,,120.15,,,,,,,INDOCO REMEDIES,WARREN ACE,,master
AT-SENSODENT-K-MOUTHWASH-150ML,SENSODENT K MOUTHWASH 150ML,SENSODENT K MOUTHWASH,150 ML,Mouthwash,106.88,,,,,,,INDOCO,REMEDIES LTD,,stock file
AT-SENSODENT-KF-125GM,SENSODENT KF 125GM,SENSODENT KF,125 GM,,164.65,,,,,,,INDOCO REMEDIES,WARREN ACE,,master
AT-SENSODENT-KF-75GM,SENSODENT KF 75GM.,SENSODENT KF,75 GM,,121.49,,,,,,,INDOCO REMEDIES,WARREN ACE,,master
AT-SENSODENT-KF-XPRO-125GM,SENSODENT KF XPRO 125GM,SENSODENT KF XPRO,125 GM,,155.75,,,,,,,INDOCO REMEDIES LTD,WARREN,,stock file
AT-SENSODENT-R-100GM,SENSODENT R 100GM,SENSODENT R,100 GM,,120.94,,,,,,,INDOCO REMEDIES LTD,WARREN,,stock file
AT-SENSODENT-K-PLUS-100GM,SENSODENT-K PLUS 100GM,SENSODENT-K PLUS,100 GM,,203.81,,,,,,,INDOCO REMEDIES,WARREN ACE,,master
AT-SENSODENT-K-PLUS-50GM,SENSODENT-K PLUS 50G,SENSODENT-K PLUS,50 GM,,132.61,,,,,,,INDOCO REMEDIES,WARREN ACE,,master
AT-SENSOFORM-100GM,SENSOFORM 100GM.,SENSOFORM,100 GM,,120.00,,,,,,,INDOCO REMEDIES LTD,WARREN,,master
AT-SENSOFORM-120GM,SENSOFORM 120GM,SENSOFORM,120 GM,,158.44,,,,,,,INDOCO REMEDIES,WARREN ACE,,master
AT-SENSOFORM-60GM,SENSOFORM 60GM.,SENSOFORM,60 GM,,97.03,,,,,,,INDOCO REMEDIES,WARREN ACE,,master
AT-SENSOFORM-PAINT-20ML,SENSOFORM PAINT 20ML.,SENSOFORM PAINT,20 ML,,121.41,,,,,,,INDOCO REMEDIES,WARREN ACE,,master
AT-SENSOFORM-SENS-TOOTH-BRUS,SENSOFORM SENS.TOOTH BRUS,SENSOFORM SENS.TOOTH BRUS,,,40.94,,,,,,,INDOCO REMEDIES LTD,WARREN,,stock file
AT-SEPTILIN-DROP-60ML,SEPTILIN DROP 60ML,SEPTILIN DROP,60 ML,Drops,56.25,,,,,,,HIMALAYA DRUG COMPANY ZENITH,,,stock file
AT-SEPTILIN-SYPP-200ML,SEPTILIN SYPP 200ML,SEPTILIN SYPP,200 ML,,225.00,Amla + Guduchi + Licorice,amla+guduchi+licorice,Amla | Guduchi | Licorice,3,,,HIMALAYA DRUG COMPANY ZENITH,,main,master
AT-SEPTILIN-60S,SEPTILIN TABS 60S,SEPTILIN,60S,Tablet,275.00,Guduchi + Licorice,guduchi+licorice,Guduchi | Licorice,2,,,HIMALAYA DRUG COMPANY ZENITH,,main,master
AT-SEPTRAN-DS-10S,SEPTRAN DS TAB 10'S,SEPTRAN DS,10'S,Tablet,24.57,,,,,,,R V LIFE SCIENCE,P LTD,,master
AT-SEPTRAN-PAED-ORAL-SUSPEN-50ML,SEPTRAN PAED ORAL SUSPEN. 50ML,SEPTRAN PAED ORAL SUSPEN,50 ML,,18.90,,,,,,,R V LIFE SCIENCE,P LTD,,master
AT-SEPTRAN-PAEDIATRIC-100ML,SEPTRAN PAEDIATRIC SUSP. 100ML,SEPTRAN PAEDIATRIC,100 ML,Suspension,37.80,,,,,,,R V LIFE SCIENCE,P LTD,,master
AT-SEPTRAN-SS-PED-10S,SEPTRAN SS(PED.)TABS 10'S,SEPTRAN SS(PED.),10'S,Tablet,9.03,,,,,,,R V LIFE SCIENCE,P LTD,,stock file
AT-SEPTRAN-10S,SEPTRAN TABS 10'S,SEPTRAN,10'S,Tablet,9.03,,,,,,,R V LIFE SCIENCE,P LTD,,stock file
AT-SERENACE-0-25-20S,SERENACE 0.25 TABS 20`s.,SERENACE 0.25,20'S,Tablet,47.46,Haloperidol 0.5/1.5/2.5/5/10mg,haloperidol 0.5/1.5/2.5/5/10mg,Haloperidol,1,Neurology,"Schizophrenia, psychotic disorders, For brighter management of Anxiety",RPG LIFE SCIENCE LTD,GLODIAN,rpg,master
AT-SERENACE-0-5MG-20S,SERENACE 0.5MG TAB 20'S,SERENACE 0.5MG,20'S,Tablet,82.64,Haloperidol 0.5/1.5/2.5/5/10mg,haloperidol 0.5/1.5/2.5/5/10mg,Haloperidol,1,Neurology,"Schizophrenia, psychotic disorders, For brighter management of Anxiety",RPG LIFE SCIENCE LTD,GLODIAN,rpg,master
AT-SERENACE-1-5MG-20S,SERENACE 1.5MG TABS 20'S,SERENACE 1.5MG,20'S,Tablet,33.71,Haloperidol 0.5/1.5/2.5/5/10mg,haloperidol 0.5/1.5/2.5/5/10mg,Haloperidol,1,Neurology,"Schizophrenia, psychotic disorders, For brighter management of Anxiety",RPG LIFE SCIENCE LTD,GLODIAN,rpg,master
AT-SERENACE-10MG-20S,SERENACE 10MG TABS 20`S,SERENACE 10MG,20'S,Tablet,101.86,Haloperidol 0.5/1.5/2.5/5/10mg,haloperidol 0.5/1.5/2.5/5/10mg,Haloperidol,1,Neurology,"Schizophrenia, psychotic disorders, For brighter management of Anxiety",RPG LIFE SCIENCE LTD,GLODIAN,rpg,master
AT-SERENACE-5MG-20S20S,SERENACE 5MG TABS 20'S 20S,SERENACE 5MG,20'S 20S,Tablet,76.01,Haloperidol 0.5/1.5/2.5/5/10mg,haloperidol 0.5/1.5/2.5/5/10mg,Haloperidol,1,Neurology,"Schizophrenia, psychotic disorders, For brighter management of Anxiety",RPG LIFE SCIENCE LTD,GLODIAN,rpg,master
AT-SERENACE-INJ-5X-1ML,SERENACE INJ. 5X1ML,SERENACE INJ. 5X,1 ML,Injection,34.65,,,,,,,RPG LIFE SCIENCE LTD,GLODIAN,,master
AT-SERENACE-LIQ-15ML,SERENACE LIQ. 15ML,SERENACE LIQ,15 ML,,35.86,,,,,,,RPG LIFE SCIENCE LTD,GLODIAN,,master
AT-SERETIDE-250-EVOHALER-1S,SERETIDE 250 EVOHALER 1'S,SERETIDE 250 EVOHALER,1'S,,551.81,,,,,,,GSK LIMITED,TEAM 8,,stock file
AT-SERETIDE-ACCU-100MG,SERETIDE ACCU.100MG,SERETIDE ACCU.100MG,,,509.48,,,,,,,GSK LIMITED,TEAM 8,,stock file
AT-SERETIDE-ACCUHALER-50-250MCG,SERETIDE ACCUHALER 50/250MCG,SERETIDE ACCUHALER 50/250MCG,,,813.28,Fluticasone Propionate + Salmeterol,fluticasone propionate+salmeterol,Fluticasone Propionate | Salmeterol,2,,,GSK LIMITED,TEAM 8,main,master
AT-SERETIDE-ACCUHALER-50-500MCG,SERETIDE ACCUHALER 50/500MCG,SERETIDE ACCUHALER 50/500MCG,,,932.81,Fluticasone Propionate + Salmeterol,fluticasone propionate+salmeterol,Fluticasone Propionate | Salmeterol,2,,,GSK LIMITED,TEAM 8,main,master
AT-SERIVA-2-LOSA-30ML,SERIVA 2% LOSA 30ML,SERIVA 2% LOSA,30 ML,,215.63,,,,,,,TORRENT PHARMA LTD,SPERSH,,stock file
AT-SERIVA-30-GR,SERIVA 30 GR CREAM,SERIVA 30 GR,,Cream,283.08,,,,,,,TORRENT PHARMA LTD,SPERSH,,stock file
AT-SERIVA-10GM,SERIVA.CREAM 10GM,SERIVA,10 GM,Cream,129.89,Sertaconazole Nitrate W/w 2%,sertaconazole nitrate w/w 2%,Sertaconazole Nitrate W/w,1,,,TORRENT PHARMA LTD,SPERSH,torrent,stock file
AT-SERPINA-TAB-100S-100,SERPINA TAB 100S 100,SERPINA TAB 100S 100,,Tablet,154.69,,,,,,,HIMALAYA DRUG COMPANY ZANDRA,,,stock file
AT-SERTA-100MG-10S,SERTA-100MG TAB 10,SERTA-100MG,10'S,Tablet,378.05,,,,,,,TORRENT PHARMACEUTICALS,NURON,,master
AT-SERTA-25-MG-10S,SERTA-25 MG TAB 10,SERTA-25 MG,10'S,Tablet,120.55,,,,,,,TORRENT PHARMACEUTICALS,NURON,,master
AT-SERTA-50-MG-15S,SERTA-50 MG TAB 15S,SERTA-50 MG,15S,Tablet,245.10,,,,,,,TORRENT PHARMACEUTICALS,NURON,,master
AT-SEVENDOR-10S,SEVENDOR TAB 10'S,SEVENDOR,10'S,Tablet,249.00,Betaine 750mg + Choline Bitartrate 125mg + L-Methylfolate Calcium 1000mcg,betaine 750mg+choline bitartrate 125mg+l-methylfolate calcium 1000mcg,Betaine | Choline Bitartrate | L-Methylfolate Calcium,3,,,CELAGENEX RESEARCH INDIA PVT LTD,,main,master
AT-SEVISTA-30,SEVISTA 30 TABS,SEVISTA 30,,Tablet,118.59,Ormeloxifene Hydrochloride 30mg,ormeloxifene hydrochloride 30mg,Ormeloxifene Hydrochloride,1,,,TORRENT PHARMA,VIVA,torrent,stock file
AT-SEVISTA-60MG,SEVISTA 60MG TAB,SEVISTA 60MG,,Tablet,442.50,,,,,,,TORRENT PHARMA,VIVA,,master
AT-SHALLAKI-60S,SHALLAKI CAPS 60S,SHALLAKI,60S,Capsule,165.00,,,,,,,HIMALAYA DRUG COMPANY,ZEAL,,stock file
AT-SHARKOFERRAL-MALT-450GM,SHARKOFERRAL MALT.450GM,SHARKOFERRAL MALT,450 GM,,468.80,Multiminerals + Multivitamins + Protein Hydrolysate,multiminerals+multivitamins+protein hydrolysate,Multiminerals | Multivitamins | Protein Hydrolysate,3,,,ALEMBIC,PHARMA,main,stock file
AT-SHARKOFERROL-200GM,SHARKOFERROL 200GM,SHARKOFERROL,200 GM,,468.80,Ferric Ammonium Citrate,ferric ammonium citrate,Ferric Ammonium Citrate,1,,,ALEMBIC,PHARMA,main,master
AT-SHARKOFERROL-D3-300-GR,SHARKOFERROL D3 300 GR,SHARKOFERROL D3 300 GR,,,186.56,Cholecalciferol + Multiminerals + Multivitamins + Protein Hydrolysate,cholecalciferol+multiminerals+multivitamins+protein hydrolysate,Cholecalciferol | Multiminerals | Multivitamins | Protein Hydrolysate,4,,,ALEMBIC,PHARMA,main,stock file
AT-SHARKOFERROL-MALT-450GM,SHARKOFERROL MALT 450GM,SHARKOFERROL MALT,450 GM,,183.00,Cyanocobalamin + Ferric Ammonium Citrate + Folic Acid,cyanocobalamin+ferric ammonium citrate+folic acid,Cyanocobalamin | Ferric Ammonium Citrate | Folic Acid,3,,,ALEMBIC,PHARMA,main,master
AT-SHATAVARI-60S,SHATAVARI TAB 60'S,SHATAVARI,60'S,Tablet,275.00,Asparagus Racemosus,asparagus racemosus,Asparagus Racemosus,1,,,HIMALAYA DRUG COMPANY ZANDRA,,main,master
AT-SHELCAL-250-MG-30S,SHELCAL -250 MG TAB 1*30,SHELCAL -250 MG,30'S,Tablet,148.75,Calcium + Cholecalciferol,calcium+cholecalciferol,Calcium | Cholecalciferol,2,,,TORRENT PHARMA,B-WELL,torrent,master
AT-SHELCAL-500MG-15S,SHELCAL 500MG TAB 15'S,SHELCAL 500MG,15'S,Tablet,163.45,Calcium + Cholecalciferol,calcium+cholecalciferol,Calcium | Cholecalciferol,2,,,TORRENT PHARMA,B-WELL,torrent,master
AT-SHELCAL-CM-15S,SHELCAL CM TAB 15'S,SHELCAL CM,15'S,Tablet,180.00,Calcium Carbonate + Cholecalciferol + Multiminerals,calcium carbonate+cholecalciferol+multiminerals,Calcium Carbonate | Cholecalciferol | Multiminerals,3,,,TORRENT PHARMA,VIVA,manual,master
AT-SHELCAL-CT-15S,SHELCAL CT 15'S,SHELCAL CT,15'S,,379.22,Calcitriol + Calcium,calcitriol+calcium,Calcitriol | Calcium,2,,,TORRENT PHARMA,B-WELL,torrent,master
AT-SHELCAL-CT-MAX,SHELCAL CT MAX,SHELCAL CT MAX,,,365.95,Calcium Carbonate + Cholecalciferol + Cyanocobalamin + Docosahexaenoic Acid + Folic Acid + Pyridoxal '-Phosphate,calcium carbonate+cholecalciferol+cyanocobalamin+docosahexaenoic acid+folic acid+pyridoxal '-phosphate,Calcium Carbonate | Cholecalciferol | Cyanocobalamin | Docosahexaenoic Acid | Folic Acid | Pyridoxal '-Phosphate,6,,,TORRENT PHARMA,B-WELL,torrent,stock file
AT-SHELCAL-HD-12-15S,SHELCAL HD 12 TAB 1*15,SHELCAL HD 12,15'S,Tablet,175.88,Calcium + Cholecalciferol + Cyanocobalamin,calcium+cholecalciferol+cyanocobalamin,Calcium | Cholecalciferol | Cyanocobalamin,3,,,TORRENT PHARMA,VIVA,torrent,stock file
AT-SHELCAL-HD-15S,SHELCAL HD TAB 15,SHELCAL HD,15'S,Tablet,155.50,Calcium + Cholecalciferol,calcium+cholecalciferol,Calcium | Cholecalciferol,2,,,TORRENT PHARMA,VIVA,torrent,master
AT-SHELCAL-ISO-15S,SHELCAL ISO CAP 15S,SHELCAL ISO,15S,Capsule,474.14,Calcitriol + Calcium Carbonate + Soya Isoflavones 40%,calcitriol+calcium carbonate+soya isoflavones 40%,Calcitriol | Calcium Carbonate | Soya Isoflavones,3,,,TORRENT PHARMA,B-WELL,torrent,master
AT-SHELCAL-JOINTS-CAP-10S-10,SHELCAL JOINTS CAP 10S 10,SHELCAL JOINTS CAP 10S 10,,Capsule,874.00,,,,,,,TORRENT PHARMA,B-WELL,,master
AT-SHELCAL-K,SHELCAL K TABS,SHELCAL K,,Tablet,433.59,Calcitriol + Calcium Carbonate + Vitamin K2,calcitriol+calcium carbonate+vitamin k2,Calcitriol | Calcium Carbonate | Vitamin K2,3,,,TORRENT PHARMA,B-WELL,torrent,stock file
AT-SHELCAL-M-200ML,SHELCAL M SYRUP 200ML,SHELCAL M,200 ML,Syrup,75.94,Calcium Carbonate + Cholecalciferol + Multiminerals,calcium carbonate+cholecalciferol+multiminerals,Calcium Carbonate | Cholecalciferol | Multiminerals,3,,,TORRENT PHARMA LTD,SPERSH,torrent,stock file
AT-SHELCAL-MOM-15S,SHELCAL MOM TAB 15'S,SHELCAL MOM,15'S,Tablet,209.00,,,,,,,TORRENT PHARMA,B-WELL,,stock file
AT-SHELCAL-NEU-15S,SHELCAL NEU TAB 15'S,SHELCAL NEU,15'S,Tablet,402.15,Calcium + Cholecalciferol + L-Methylfolate Calcium + Methylcobalamin + Pyridoxal- -Phosphate,calcium+cholecalciferol+l-methylfolate calcium+methylcobalamin+pyridoxal- -phosphate,Calcium | Cholecalciferol | L-Methylfolate Calcium | Methylcobalamin | Pyridoxal- -Phosphate,5,,,TORRENT PHARMACEUTICALS,MIND,torrent,master
AT-SHELCAL-OS-500MG-15S,SHELCAL OS 500MG 15'S,SHELCAL OS 500MG,15'S,,219.89,Alfacalcidol + Calcium,alfacalcidol+calcium,Alfacalcidol | Calcium,2,,,TORRENT PHARMA,B-WELL,torrent,stock file
AT-SHELCAL-PRO-30-GUMMIES,SHELCAL PRO 30 GUMMIES,SHELCAL PRO 30 GUMMIES,,,489.40,,,,,,,TORRENT PHARMA,B-WELL,,master
AT-SHELCAL-PRO-KIDS-30-GUMMIES,SHELCAL PRO KIDS 30 GUMMIES,SHELCAL PRO KIDS 30 GUMMIES,,,399.50,,,,,,,TORRENT PHARMA,B-WELL,,stock file
AT-SHELCAL-200ML,SHELCAL SYRUP 200ML,SHELCAL,200 ML,Syrup,155.05,Calcium + Cholecalciferol,calcium+cholecalciferol,Calcium | Cholecalciferol,2,,,TORRENT PHARMA LTD,SONORA WIRRIORS,torrent,master
AT-SHELCAL-TOTAL-CHOCKLET-400GM,SHELCAL TOTAL CHOCKLET POWDER 400GM,SHELCAL TOTAL CHOCKLET,400 GM,Powder,820.00,,,,,,,TORRENT PHARMA,B-WELL,,master
AT-SHELCAL-TOTAL-VANILLA-400GM,SHELCAL TOTAL VANILLA POWDER 400GM,SHELCAL TOTAL VANILLA,400 GM,Powder,676.25,,,,,,,TORRENT PHARMA,B-WELL,,master
AT-SHELCAL-XT-15S,SHELCAL XT TAB 15'S,SHELCAL XT,15'S,Tablet,402.15,Calcium + Cholecalciferol + L-Methylfolate Calcium + Methylcobalamin + Pyridoxal- -Phosphate,calcium+cholecalciferol+l-methylfolate calcium+methylcobalamin+pyridoxal- -phosphate,Calcium | Cholecalciferol | L-Methylfolate Calcium | Methylcobalamin | Pyridoxal- -Phosphate,5,,,TORRENT PHARMA,VIVA,manual,master
AT-SHELCAL-M-15,SHELCAL-M TAB 15',SHELCAL-M,15',Tablet,177.60,,,,,,,TORRENT PHARMA,B-WELL,,master
AT-SHIELD-15GM,SHIELD OINT. 15GM,SHIELD,15 GM,Ointment,87.60,,,,,,,GSK LIMITED,TEAM 8,,stock file
AT-SHIGRU-60S,SHIGRU CAPS 60S,SHIGRU,60S,Capsule,140.63,,,,,,,HIMALAYA DRUG COMPANY ZENITH,,,stock file
AT-SHILAJIT-GOLD-CAP-20S-20,SHILAJIT GOLD CAP 20S 20,SHILAJIT GOLD CAP 20S 20,,Capsule,515.00,,,,,,,HIMALAYA DRUG COMPANY ZENITH,,,stock file
AT-SILDURA-4MG-10S,SILDURA 4MG TAB 1*10,SILDURA 4MG,10'S,Tablet,161.72,Dutasteride 0.5mg + Silodosin 8mg,dutasteride 0.5mg+silodosin 8mg,Dutasteride | Silodosin,2,,,RPG LIFE SCIENCE LTD,GLODIAN,rpg,stock file
AT-SILDURA-8-0-5MG-10S,SILDURA 8/0.5MG TAB 10'S,SILDURA 8/0.5MG,10'S,Tablet,459.38,,,,,,,RPG LIFE SCIENCE LTD,GLODIAN,,stock file
AT-SILODAL-4-MG-10S,SILODAL 4 MG CAP 10'S,SILODAL 4 MG,10'S,Capsule,197.81,Silodosin 4mg,silodosin 4mg,Silodosin,1,UROLOGY,,SUN PHARMA LAB,UROLOGY,sun pharma sheet,master
AT-SILODAL-8MG-10S,SILODAL 8MG CAP 1*10,SILODAL 8MG,10'S,Capsule,299.06,Silodosin 8mg,silodosin 8mg,Silodosin,1,UROLOGY,,SUN PHARMA LAB,UROLOGY,sun pharma sheet,master
AT-SILODAL-D-4MG-20S20S,SILODAL D 4MG KIT 20s CAP 20S,SILODAL D 4MG,20S 20S,Capsule,271.88,,,,,,,SUN PHARMA LAB,UROLOGY,,master
AT-SILODAL-D-8MG-10S,SILODAL D 8MG CAP 10'S,SILODAL D 8MG,10'S,Capsule,440.63,,,,,,,SUN PHARMA LAB,UROLOGY,,master
AT-SILODAL-M-25MG-10S,SILODAL M 25MG TAB 10'S,SILODAL M 25MG,10'S,Tablet,440.63,,,,,,,SUN PHARMA LAB,UROLOGY,,master
AT-SILODAL-M-50-10S,SILODAL M 50 CAP 10,SILODAL M 50,10'S,Capsule,534.38,,,,,,,SUN PHARMA LAB,UROLOGY,,master
AT-SILODAL-T-10S,SILODAL T CAP 10'S,SILODAL T,10'S,Capsule,446.25,,,,,,,SUN PHARMA LAB,UROLOGY,,master
AT-SILOSMART-4MG-10S,SILOSMART 4MG TAB10S,SILOSMART 4MG,10S,,138.98,Silodosin 4/8mg,silodosin 4/8mg,Silodosin,1,Urology,Benign prostatic hyperplasia,RPG LIFE SCIENCE,LTD. UROLOGY,rpg,stock file
AT-SILOSMART-8MG-10S,SILOSMART 8MG TAB 10S,SILOSMART 8MG,10S,Tablet,242.39,Silodosin 4/8mg,silodosin 4/8mg,Silodosin,1,Urology,Benign prostatic hyperplasia,RPG LIFE SCIENCE,LTD. UROLOGY,rpg,stock file
AT-SILOSTA-100MG-10S,SILOSTA-100MG TAB 10'S,SILOSTA-100MG,10'S,Tablet,135.94,Cilostazol,cilostazol,Cilostazol,1,,,FINECURE PHARMACEUTICALS,LTD,main,master
AT-SILOSTA-50MG-10S,SILOSTA-50MG TAB 10'S,SILOSTA-50MG,10'S,Tablet,73.13,Cilostazol,cilostazol,Cilostazol,1,,,FINECURE PHARMACEUTICALS,LTD,main,master
AT-SILOXIO-8-MG-10S,SILOXIO 8 MG TAB 10,SILOXIO 8 MG,10'S,Tablet,187.50,Silodosin 4mg,silodosin 4mg,Silodosin,1,,,TORRENT PHARMA,CV LIFE,torrent,master
AT-SILOXIO-D8-MG,SILOXIO D8 MG TAB,SILOXIO D8 MG,,Tablet,281.00,Dutasteride 8mg + Silodosin,dutasteride 8mg+silodosin,Dutasteride | Silodosin,2,,,TORRENT PHARMA,CV LIFE,torrent,master
AT-SILVEREX-HEAL-15GM,SILVEREX HEAL 15G,SILVEREX HEAL,15 GM,Cream,151.88,Chlorhexidine + Sulfadiazine,chlorhexidine+sulfadiazine,Chlorhexidine | Sulfadiazine,2,DERMA,,SUN PHARMA LAB.LTD,RICHOUT,sun pharma sheet,master
AT-SILVEREX-HEAL-50GM,SILVEREX HEAL 50G,SILVEREX HEAL,50 GM,Cream,356.25,Chlorhexidine + Sulfadiazine,chlorhexidine+sulfadiazine,Chlorhexidine | Sulfadiazine,2,DERMA,,SUN PHARMA LAB.LTD,RICHOUT,sun pharma sheet,master
AT-SILVEREX-IONIC-100GM,SILVEREX IONIC 100GM,SILVEREX IONIC,100 GM,,225.00,,,,,,,SUN PHARMA LAB.LTD,RICHOUT,,stock file
AT-SILVEREX-IONIC-JAR-240GM,SILVEREX IONIC JAR 240GM,SILVEREX IONIC JAR,240 GM,,627.19,,,,,,,SUN PHARMA LAB.LTD,RICHOUT,,master
AT-SILVEREX-IONIC-OINT-10GR,SILVEREX IONIC OINT.10GR,SILVEREX IONIC OINT.10GR,,Ointment,115.31,,,,,,,SUN PHARMA LAB.LTD,RICHOUT,,master
AT-SILVEREX-IONIC-ONIT-20GM,SILVEREX IONIC ONIT 20GM,SILVEREX IONIC ONIT,20 GM,,169.69,,,,,,,SUN PHARMA LAB.LTD,RICHOUT,,master
AT-SILVEREX-SSD-10GM,SILVEREX SSD CREAM 10GM,SILVEREX SSD,10 GM,Cream,131.25,,,,,,,SUN PHARMA LAB.LTD,RICHOUT,,master
AT-SIMVOTIN-10MG-10S,SIMVOTIN 10MG TABS 10S,SIMVOTIN 10MG,10S,Tablet,193.13,Simvastatin 10mg,simvastatin 10mg,Simvastatin,1,CARDIAC,,SUN PHARMA LAB. LTD,CV LIFE,sun pharma sheet,master
AT-SIMVOTIN-20MG-10S,SIMVOTIN 20MG TABS 10'S,SIMVOTIN 20MG,10'S,Tablet,291.56,Simvastatin 20mg,simvastatin 20mg,Simvastatin,1,CARDIAC,,SUN PHARMA LAB. LTD,CV LIFE,sun pharma sheet,stock file
AT-SIMVOTIN-5MG-10S,SIMVOTIN 5MG TABS 10'S,SIMVOTIN 5MG,10'S,Tablet,73.13,,,,,,,SUN PHARMA LAB. LTD,CV LIFE,,stock file
AT-SINGULAIR-4MG,SINGULAIR 4MG TABS,SINGULAIR 4MG,,Tablet,93.98,Montelukast,montelukast,Montelukast,1,,,A.MENARINI,,main,stock file
AT-SINGULAIR-5MG,SINGULAIR 5MG TABS,SINGULAIR 5MG,,Tablet,93.98,Montelukast,montelukast,Montelukast,1,,,A.MENARINI,,main,stock file
AT-SIRUS-300-300GM,SIRUS 300 300GMS,SIRUS 300,300 GM,,595.00,,,,,,,BRITISH BIOLOGICALS LTD.,,,stock file
AT-SISTAL-AP-10S,SISTAL AP TAB 10'S,SISTAL AP,10'S,Tablet,89.06,Aceclofenac + Paracetamol,aceclofenac+paracetamol,Aceclofenac | Paracetamol,2,,,BESTOCHEM FORMULATIONS,,main,stock file
AT-SISTAL-FORTE-10S,SISTAL FORTE TABS 10'S,SISTAL FORTE,10'S,Tablet,193.27,Paracetamol,paracetamol,Paracetamol,1,,,BESTOCHEM FORMULATIONS,,main,stock file
AT-SISTAL-PLUS-10S,SISTAL PLUS CAPS 10'S,SISTAL PLUS,10'S,Capsule,103.03,Chlorzoxazone + Diclofenac + Paracetamol,chlorzoxazone+diclofenac+paracetamol,Chlorzoxazone | Diclofenac | Paracetamol,3,,,BESTOCHEM FORMULATIONS,,main,stock file
AT-SITALEMBIC-50MG-15S,SITALEMBIC 50MG TAB 15'S,SITALEMBIC 50MG,15'S,Tablet,148.31,Sitagliptin,sitagliptin,Sitagliptin,1,,,ALEMBIC,SPECIA,main,master
AT-SITALEMBIC-M-100-500-SR-10S,SITALEMBIC M 100/500 SR TAB 10'S,SITALEMBIC M 100/500 SR,10'S,Tablet,214.55,Metformin + Sitagliptin,metformin+sitagliptin,Metformin | Sitagliptin,2,,,ALEMBIC,SPECIA,main,master
AT-SITALEMBIC-M-1000MG-15S,SITALEMBIC M 1000MG TAB 15'S,SITALEMBIC M 1000MG,15'S,Tablet,177.84,Metformin + Sitagliptin,metformin+sitagliptin,Metformin | Sitagliptin,2,,,ALEMBIC,SPECIA,main,master
AT-SITALEMBIC-M-500MG-15S,SITALEMBIC M 500MG TAB 15'S,SITALEMBIC M 500MG,15'S,Tablet,180.42,Metformin + Sitagliptin,metformin+sitagliptin,Metformin | Sitagliptin,2,,,ALEMBIC,SPECIA,main,master
AT-SITALEMBIC-MD-1000MG-15S,SITALEMBIC MD 1000MG TAB 15'S,SITALEMBIC MD 1000MG,15'S,Tablet,354.09,Metformin + Sitagliptin,metformin+sitagliptin,Metformin | Sitagliptin,2,,,ALEMBIC,SPECIA,main,master
AT-SITALEMBIC-MD-500MG-15S,SITALEMBIC MD 500MG TAB 15'S,SITALEMBIC MD 500MG,15'S,Tablet,352.10,Metformin + Sitagliptin,metformin+sitagliptin,Metformin | Sitagliptin,2,,,ALEMBIC,SPECIA,main,master
AT-SITALEMBIC-D-10-100-15S,SITALEMBIC-D 10/100 TAB 15'S,SITALEMBIC-D 10/100,15'S,Tablet,258.47,Dapagliflozin + Sitagliptin,dapagliflozin+sitagliptin,Dapagliflozin | Sitagliptin,2,,,ALEMBIC,SPECIA,main,master
AT-SITAMAY-M-15S,SITAMAY M TAB 1*15'S,SITAMAY M,15'S,Tablet,193.12,Metformin + Sitagliptin,metformin+sitagliptin,Metformin | Sitagliptin,2,,,ARRIENT HEALTHCARE,(ARRIENT)PRIVATE LIM,main,master
AT-SITAMAY-7S,SITAMAY TAB 1*7,SITAMAY,7'S,Tablet,172.50,Sitagliptin,sitagliptin,Sitagliptin,1,,,ARRIENT HEALTHCARE,(ARRIENT)PRIVATE LIM,main,master
AT-SITARED-M-50MG-1000MG-15S,SITARED M 50MG/1000MG TAB 15'S,SITARED M 50MG/1000MG,15'S,Tablet,178.13,,,,,,,SUN PHARMA,LABORATORIES LTD,,master
AT-SITARED-M-50MG-500MG-15S,SITARED M 50MG/500MG TAB 1*15'S,SITARED M 50MG/500MG,15'S,Tablet,176.25,,,,,,,SUN PHARMA,LABORATORIES LTD,,master
AT-SITARED-MXR-100MG-500MG-15S,SITARED MXR 100MG/500MG TAB 15S,SITARED MXR 100MG/500MG,15S,Tablet,222.00,,,,,,,SUN PHARMA,LABORATORIES LTD,,stock file
AT-SITAXA-100MG-15S,SITAXA 100MG TAB 15'S,SITAXA 100MG,15'S,Tablet,224.00,Sitagliptin,sitagliptin,Sitagliptin,1,,,TORRENT PHARMACEUTICALS,LTD,torrent,master
AT-SITAXA-50MG-15S,SITAXA 50MG TAB 15'S,SITAXA 50MG,15'S,Tablet,193.08,Sitagliptin,sitagliptin,Sitagliptin,1,,,TORRENT PHARMACEUTICALS,LTD,torrent,master
AT-SITAXA-D-10-100MG-TAB-10-S-1,SITAXA D(10+100MG) TAB 10'S 10,SITAXA D(10+100MG) TAB 10'S 10,,Tablet,229.54,,,,,,,TORRENT PHARMACEUTICALS,LTD,,master
AT-SITAXA-D-5-50MG-10S,SITAXA D(5+50MG)TAB 10'S,SITAXA D(5+50MG),10'S,Tablet,163.97,,,,,,,TORRENT PHARMACEUTICALS,LTD,,stock file
AT-SITAXA-DM-10-100-1000MG-10S,SITAXA DM(10/100/1000MG) TAB 1*10,SITAXA DM(10/100/1000MG),10'S,Tablet,218.60,Dapagliflozin + Metformin + Sitagliptin,dapagliflozin+metformin+sitagliptin,Dapagliflozin | Metformin | Sitagliptin,3,,,TORRENT PHARMACEUTICALS,LTD,manual,master
AT-SITAXA-DM-10-100-500MG-10S,SITAXA DM(10/100/500MG) TAB 10,SITAXA DM(10/100/500MG),10'S,Tablet,229.54,,,,,,,TORRENT PHARMACEUTICALS,LTD,,master
AT-SITAXA-EM-25-100-1000MG-10S,SITAXA EM 25/100/1000MG TAB 10'S,SITAXA EM 25/100/1000MG,10'S,Tablet,214.65,,,,,,,TORRENT PHARMACEUTICALS,LTD,,master
AT-SITAXA-GM-IR-50-1-1000MG-10S,SITAXA GM IR 50/1/1000MG TAB 10'S,SITAXA GM IR 50/1/1000MG,10'S,Tablet,131.25,,,,,,,TORRENT PHARMACEUTICALS,LTD,,stock file
AT-SITAXA-GM-IR-50-2-1000MG-10S,SITAXA GM IR 50/2/1000MG TAB 10'S,SITAXA GM IR 50/2/1000MG,10'S,Tablet,151.40,,,,,,,TORRENT PHARMACEUTICALS,LTD,,master
AT-SITAXA-M-50-1000MG-TAB-15-S-,SITAXA M 50+1000MG TAB 15'S 10,SITAXA M 50+1000MG TAB 15'S 10,,Tablet,219.35,,,,,,,TORRENT PHARMACEUTICALS,LTD,,master
AT-SITAXA-M-50-500MG-15S,SITAXA M 50+500MG TAB 15'S,SITAXA M 50+500MG,15'S,Tablet,224.60,,,,,,,TORRENT PHARMACEUTICALS,LTD,,master
AT-SITAXA-M-XR-100-1000MG-10S,SITAXA M XR 100+1000MG TAB 10S,SITAXA M XR 100+1000MG,10S,Tablet,183.09,,,,,,,TORRENT PHARMACEUTICALS,LTD,,stock file
AT-SITAXA-M-XR-100-500MG-10S,SITAXA M XR 100+500MG TAB 10'S,SITAXA M XR 100+500MG,10'S,Tablet,172.50,,,,,,,TORRENT PHARMACEUTICALS,LTD,,master
AT-SITAXA-M-XR-50-500MG-10S,SITAXA M XR 50+500MG TAB 10S,SITAXA M XR 50+500MG,10S,Tablet,120.94,,,,,,,TORRENT PHARMACEUTICALS,LTD,,stock file
AT-SITAXA-M-50-850MG-10S,SITAXA M(50+850MG) TAB 10'S,SITAXA M(50+850MG),10'S,Tablet,214.78,Metformin + Sitagliptin,metformin+sitagliptin,Metformin | Sitagliptin,2,,,TORRENT PHARMACEUTICALS,LTD,torrent,stock file
AT-SITGLYPT-100MG-15S,SITGLYPT 100MG TAB 15'S,SITGLYPT 100MG,15'S,Tablet,125.16,Sitagliptin,sitagliptin,Sitagliptin,1,,,FINECURE PHARMACEUTICALS,LTD,main,master
AT-SITGLYPT-D-10-100MG-10S,SITGLYPT D 10/100MG TAB 10'S,SITGLYPT D 10/100MG,10'S,Tablet,147.19,Dapagliflozin + Sitagliptin,dapagliflozin+sitagliptin,Dapagliflozin | Sitagliptin,2,,,FINECURE PHARMACEUTICALS,LTD,main,master
AT-SITGLYPT-DM-500MG-10S,SITGLYPT DM 500MG TAB 10'S,SITGLYPT DM 500MG,10'S,Tablet,154.69,Metformin + Sitagliptin,metformin+sitagliptin,Metformin | Sitagliptin,2,,,FINECURE PHARMACEUTICALS,LTD,main,master
AT-SITGLYPT-M-50-1000MG-10S,SITGLYPT M 50/1000MG TAB 10'S,SITGLYPT M 50/1000MG,10'S,Tablet,89.06,,,,,,,FINECURE PHARMACEUTICALS,LTD,,stock file
AT-SITGLYPT-M-50-500-MG-15S,SITGLYPT M 50/500 MG TAB 15'S,SITGLYPT M 50/500 MG,15'S,Tablet,106.88,,,,,,,FINECURE PHARMACEUTICALS,LTD,,stock file
AT-SIYACAL-10S,SIYACAL TAB 10S,SIYACAL,10S,Tablet,60.94,,,,,,,SALASAR PHARMACEUTICALS,,,stock file
AT-SIZLAC-100MG-10S,SIZLAC 100MG TAB 10'S,SIZLAC 100MG,10'S,Tablet,289.65,Lacosamide,lacosamide,Lacosamide,1,,,ALKEM LAB. LTD,PENTACARE,main,master
AT-SIZLAC-200MG-10S,SIZLAC 200MG TAB 10'S,SIZLAC 200MG,10'S,Tablet,105.00,Lacosamide 200mg,lacosamide 200mg,Lacosamide,1,ANTIEPILEPTIC,,ALKEM LAB. LTD,PENTACARE,alkem,master
AT-SIZLAC-50MG-10S,SIZLAC 50MG TAB 10'S,SIZLAC 50MG,10'S,Tablet,201.55,Lacosamide 50mg,lacosamide 50mg,Lacosamide,1,ANTIEPILEPTIC,,ALKEM LAB. LTD,PENTACARE,alkem,master
AT-SKEWBENZ-10S,SKEWBENZ TAB 10,SKEWBENZ,10'S,Tablet,230.00,,,,,,,MCWEL HEALTHCARE,PVT.LTD,,stock file
AT-SKINFAY-BODY-WASH-175ML,SKINFAY BODY WASH 175ML,SKINFAY BODY WASH,175 ML,,649.00,Aloe Vera + Moisturizing Base,aloe vera+moisturizing base,Aloe Vera | Moisturizing Base,2,,,ALKEM LABORATORIES LTD,ADROIT,main,master
AT-SKINFAY-3X10,SKINFAY CAP 3*10'S,SKINFAY,3X10,Capsule,560.55,Antioxidants + Multivitamins,antioxidants+multivitamins,Antioxidants | Multivitamins,2,,,ALKEM LABORATORIES LTD,ADROIT,main,master
AT-SKINFAY-30S,SKINFAY CAP 30'S,SKINFAY,30'S,Capsule,213.55,Antioxidants + Multivitamins,antioxidants+multivitamins,Antioxidants | Multivitamins,2,,,ALKEM LABORATORIES LTD,ADROIT,main,master
AT-SKINFAY-MOIST-BATHING-BAR-75GM,SKINFAY MOIST./BATHING BAR 75GM,SKINFAY MOIST./BATHING BAR,75 GM,,164.65,,needs_verification,Needs_verification,1,,,ALKEM LABORATORIES LTD,ADROIT,main,stock file
AT-SKINFAY-100ML,SKINFAY SYRUP 100ML,SKINFAY,100 ML,Syrup,284.70,Cyproheptadine + Multivitamins,cyproheptadine+multivitamins,Cyproheptadine | Multivitamins,2,,,ALKEM LABORATORIES LTD,ADROIT,main,stock file
AT-SKINFAY-A-3X10,SKINFAY-A CAP 3*10'S,SKINFAY-A,3X10,Capsule,560.55,Amino Acids + Biotin + Multiminerals + Multivitamins,amino acids+biotin+multiminerals+multivitamins,Amino Acids | Biotin | Multiminerals | Multivitamins,4,,,ALKEM LABORATORIES LTD,ADROIT,main,stock file
AT-SKINFAY-CB-MOISTURIZING-50GM,SKINFAY-CB MOISTURIZING CREAM 50GM,SKINFAY-CB MOISTURIZING,50 GM,Cream,845.50,,needs_verification,Needs_verification,1,,,ALKEM LABORATORIES LTD,ADROIT,main,stock file
AT-SM-FIBRO-20S,SM FIBRO CAP 20'S,SM FIBRO,20'S,Capsule,333.75,,,,,,,INDOCO REMEDIES LTD,WARREN,,master
AT-SMYLE-MOUTH-ULCER-10GM,SMYLE MOUTH ULCER GEL 10G,SMYLE MOUTH ULCER,10 GM,Gel,92.81,,,,,,,R V LIFE SCIENCE,P LTD,,master
AT-SNOWDENT-100GM,SNOWDENT 100GM,SNOWDENT,100 GM,,186.00,,,,,,,INDOCO REMEDIES,WARREN ACE,,master
AT-SNOWDENT-BRUSH,SNOWDENT BRUSH,SNOWDENT BRUSH,,,40.05,,,,,,,INDOCO REMEDIES LTD,WARREN,,stock file
AT-SOBIARA-10S,SOBIARA TAB 10'S,SOBIARA,10'S,Tablet,54.00,Orlistat,orlistat,Orlistat,1,,,ARRIENT HEALTHCARE,(ARRIENT)PRIVATE LIM,main,master
AT-SODOX-15S,SODOX CAP 15'S,SODOX,15'S,Capsule,799.00,Other Nutrients,other nutrients,Other Nutrients,1,VITAMINS / MINERALS / NUTRIENTS,,SUN PHARMA,LABORATORIES LTD,sun pharma sheet,stock file
AT-SOFOR-CASEIN-200GM,SOFOR CASEIN 200GM POWDER,SOFOR CASEIN,200 GM,Powder,288.00,,,,,,,NUTRIMED HEALTHCARE,PVT.LTD,,master
AT-SOFOR-CASEIN-400GM,SOFOR CASEIN 400GM POWDER,SOFOR CASEIN,400 GM,Powder,537.00,,,,,,,NUTRIMED HEALTHCARE,PVT.LTD,,master
AT-SOLIFIRST-5MG-10S,SOLIFIRST 5MG TAB 10'S,SOLIFIRST 5MG,10'S,Tablet,283.57,,,,,,,RPG LIFE SCIENCE LTD,GLODIAN,,master
AT-SOLIKEM-10-10S,SOLIKEM 10 TAB 10,SOLIKEM 10,10'S,Tablet,448.13,Solifenacin 10mg,solifenacin 10mg,Solifenacin,1,Over Active Bladder (OAB),,ALKEM LABORAT. LTD,UROCARE,alkem,stock file
AT-SOLIKEM-5-10S,SOLIKEM 5 TAB 10'S,SOLIKEM 5,10'S,Tablet,328.13,Solifenacin 5mg,solifenacin 5mg,Solifenacin,1,Over Active Bladder (OAB),,ALKEM LABORAT. LTD,UROCARE,alkem,master
AT-SOLITAIR-10S,SOLITAIR TAB 10'S,SOLITAIR,10'S,Tablet,81.56,Montelukast,montelukast,Montelukast,1,,,BLUE CROSS LABS,LTD,main,master
AT-SOLITEN-10MG-10S,SOLITEN 10MG TABS 10`S,SOLITEN 10MG,10'S,Tablet,480.00,Solifenacin 10mg,solifenacin 10mg,Solifenacin,1,UROLOGY,,SUN PHARMA LAB,UROLOGY,sun pharma sheet,stock file
AT-SOLITEN-5MG-10S,SOLITEN 5MG TAB 10'S,SOLITEN 5MG,10'S,Tablet,391.88,Solifenacin 5mg,solifenacin 5mg,Solifenacin,1,UROLOGY,,SUN PHARMA LAB,UROLOGY,sun pharma sheet,master
AT-SOLITEN-ORAL-SOLUTION-60ML,SOLITEN ORAL SOLUTION 60ML,SOLITEN ORAL SOLUTION,60 ML,Solution,375.00,,,,,,,SUN PHARMA,LABORATORIES LTD,,stock file
AT-SOLITRAL-CAP-10-5MG-10S,SOLITRAL CAP 10+5MG 10'S,SOLITRAL CAP 10+5MG,10'S,Capsule,421.88,Alfuzosin 10mg + Solifenacin 5mg,alfuzosin 10mg+solifenacin 5mg,Alfuzosin | Solifenacin,2,UROLOGY,,SUN PHARMA LABS LTD,UROCARE,sun pharma sheet,master
AT-SOLOCARE-DX-100ML,SOLOCARE-DX SYP 100ML,SOLOCARE-DX,100 ML,Syrup,91.88,,,,,,,NEO LIFE SCIENCES,,,stock file
AT-SOLPURE-60K-NANO-1-5ML,SOLPURE 60K NANO 1*5ML,SOLPURE 60K NANO 1*,5 ML,,65.62,Cholecalciferol,cholecalciferol,Cholecalciferol,1,,,ARRIENT HEALTHCARE,(MERAKUS)PRIVATE LIM,main,master
AT-SOLPURE-60K-4S,SOLPURE 60K TAB 1*4,SOLPURE 60K,4'S,Tablet,93.75,Cholecalciferol,cholecalciferol,Cholecalciferol,1,,,ARRIENT HEALTHCARE,(MERAKUS)PRIVATE LIM,main,master
AT-SOLPURE-C-10S,SOLPURE C TAB 1*10,SOLPURE C,10'S,Tablet,156.60,Calcium + Cholecalciferol,calcium+cholecalciferol,Calcium | Cholecalciferol,2,,,ARRIENT HEALTHCARE,(ARRIENT)PRIVATE LIM,main,master
AT-SOLPURE-15S,SOLPURE TAB 1*15'S,SOLPURE,15'S,Tablet,112.50,Solifenacin,solifenacin,Solifenacin,1,,,ARRIENT HEALTHCARE,(ARRIENT)PRIVATE LIM,main,stock file
AT-SOLPURE-XT-15S,SOLPURE XT TAB 1*15,SOLPURE XT,15'S,Tablet,280.30,Calcium + Cholecalciferol + Multiminerals,calcium+cholecalciferol+multiminerals,Calcium | Cholecalciferol | Multiminerals,3,,,ARRIENT HEALTHCARE,(ORENDA)PRIVATE LIM,main,master
AT-SONADERM-NM-CR-15GM,SONADERM NM CR. 15GM,SONADERM NM CR,15 GM,,91.88,Mometasone + Neomycin,mometasone+neomycin,Mometasone | Neomycin,2,,,BLUE CROSS LABS LTD,GOLD CROS,main,master
AT-SONADERM-NM-20GM,SONADERM NM CREAM 20GM,SONADERM NM,20 GM,Cream,91.87,Clobetasol Propion,clobetasol propion,Clobetasol Propion,1,,,BLUE CROSS LABS LTD,GOLD CROS,manual,master
AT-SORBACID-LIQ-200ML,SORBACID LIQ.200ML,SORBACID LIQ,200 ML,,91.41,Aluminium Hydroxide + Magnesium Hydroxide + Simethicone,aluminium hydroxide+magnesium hydroxide+simethicone,Aluminium Hydroxide | Magnesium Hydroxide | Simethicone,3,,,ALKEM LABS,LTD NEXA,main,stock file
AT-SOTRET-20-MG-10S,SOTRET 20 MG TAB,SOTRET 20 MG,10'S,Tablet,330.94,Isotretinoin 20mg,isotretinoin 20mg,Isotretinoin,1,DERMA,,SUN PHARMA,LTD PRIMA LAND,sun pharma sheet,master
AT-SOTRET-30MG-10S,SOTRET 30MG CAP 10S,SOTRET 30MG,10S,Capsule,323.44,Isotretinoin 30mg,isotretinoin 30mg,Isotretinoin,1,DERMA,,SUN PHARMA,LTD PRIMA LAND,sun pharma sheet,stock file
AT-SOTRET-5-30GM,SOTRET 5% GEL 30G,SOTRET 5%,30 GM,Gel,223.13,,,,,,,SUN PHARMA,LTD PRIMA LAND,,stock file
AT-SOTRET-CAP-10MG-10S,SOTRET CAP 10MG 10'S,SOTRET CAP 10MG,10'S,Capsule,226.88,Isotretinoin 10mg,isotretinoin 10mg,Isotretinoin,1,DERMA,,SUN PHARMA,LTD PRIMA LAND,sun pharma sheet,master
AT-SOTRET-NF-16-MG-10S10S,SOTRET NF-16 MG TAB 10S 10S,SOTRET NF-16 MG,10S 10S,Tablet,351.56,Isotretinoin 16mg,isotretinoin 16mg,Isotretinoin,1,,,SUN PHARMA,LTD PRIMA LAND,manual,master
AT-SOTRET-NF-24-MG-TAB-10S-10,SOTRET NF-24 MG TAB 10S 10,SOTRET NF-24 MG TAB 10S 10,,Tablet,370.31,,,,,,,SUN PHARMA,LTD PRIMA LAND,,master
AT-SOTRET-NF-8-MG-TAB-10S-10,SOTRET NF-8 MG TAB 10S 10,SOTRET NF-8 MG TAB 10S 10,,Tablet,239.06,,,,,,,SUN PHARMA,LTD PRIMA LAND,,master
AT-SOTRET-SOAP,SOTRET SOAP,SOTRET SOAP,,Soap,140.63,,,,,,,SUN PHARMA,LTD PRIMA LAND,,stock file
AT-SOYGROWTH-POWDER-1-200GG,SOYGROWTH POWDER 1*200Gg,SOYGROWTH POWDER 1*200Gg,,Powder,661.00,,,,,,,MODI MUNDI PHARMA,LTD,,master
AT-SPEAR-OINTMENT-30GM,SPEAR OINTMENT 30GM,SPEAR OINTMENT,30 GM,Ointment,285.94,,,,,,,INDOCO REMEDIES LTD,ORTHO,,master
AT-SPECTRABAN-SENSITIVE-30GM,SPECTRABAN SENSITIVE 30GM,SPECTRABAN SENSITIVE,30 GM,,241.19,,,,,,,GSK LIMITED,TEAM 2 ETT,,stock file
AT-SPEMAN-60S,SPEMAN TABS 60S,SPEMAN,60S,Tablet,248.00,Gokshura + Kapikacchu,gokshura+kapikacchu,Gokshura | Kapikacchu,2,,,HIMALAYA DRUG COMPANY ZANDRA,,main,master
AT-SPERAFLOX-5S,SPERAFLOX TAB 5'S,SPERAFLOX,5'S,Tablet,45.00,,,,,,,INDOCO REMEDIES LTD,ORTHO,,stock file
AT-SPIRODIN-INJ-1-1-AMP,SPIRODIN INJ 1*1 AMP,SPIRODIN INJ 1*1 AMP,,Injection,557.81,,,,,,,KOYE PHARMACEUTICALS,P.LTD,,stock file
AT-SPIRODIN-M-10S,SPIRODIN M TAB 10S,SPIRODIN M,10S,Tablet,138.75,,,,,,,KOYE PHARMACEUTICALS,P.LTD,,stock file
AT-SPIRODIN-650MG-10S,SPIRODIN-650MG TAB 10S,SPIRODIN-650MG,10S,Tablet,171.56,,,,,,,KOYE PHARMACEUTICALS,P.LTD,,master
AT-SPIRODIN-AB-10S,SPIRODIN-AB TAB 10S,SPIRODIN-AB,10S,Tablet,138.75,,,,,,,KOYE PHARMACEUTICALS,P.LTD,,stock file
AT-SPIRODIN-AX-TAB-10S-10,SPIRODIN-AX TAB 10S 10,SPIRODIN-AX TAB 10S 10,,Tablet,89.06,,,,,,,KOYE PHARMACEUTICALS,P.LTD,,stock file
AT-SPIROFLUT-A-NASAL-SPRAY,SPIROFLUT A NASAL SPRAY,SPIROFLUT A NASAL SPRAY,,Nasal Spray,435.00,,,,,,,KOYE PHARMACEUTICALS,P.LTD,,stock file
AT-SPIROFLUT-NASAL-SPRAY,SPIROFLUT NASAL SPRAY,SPIROFLUT NASAL SPRAY,,Nasal Spray,362.81,,,,,,,KOYE PHARMACEUTICALS,P.LTD,,stock file
AT-SPIROFORM-B-1MG-7S,SPIROFORM B 1MG 7S,SPIROFORM B 1MG,7S,,374.06,,,,,,,KOYE PHARMACEUTICAL,CAIR,,stock file
AT-SPIROFORM-B-5-MG-7S,SPIROFORM B.5 MG 7S,SPIROFORM B.5 MG,7S,,301.88,,,,,,,KOYE PHARMACEUTICAL,CAIR,,stock file
AT-SPIROMIDE-10S,SPIROMIDE TABS 10`S,SPIROMIDE,10'S,Tablet,92.08,,,,,,,RPG LIFE SCIENCE LTD,GLODIAN,,master
AT-SPIROMONT-B-10S,SPIROMONT B TAB 10'S,SPIROMONT B,10'S,Tablet,111.09,,,,,,,KOYE PHARMACEUTICALS,P.LTD,,stock file
AT-SPIROMONT-F-KID-60ML,SPIROMONT F KID SYRUP 60ML,SPIROMONT F KID,60 ML,Syrup,98.44,,,,,,,KOYE PHARMACEUTICAL,CAIR,,stock file
AT-SPIROMONT-FA-COMBI-20S,SPIROMONT FA COMBI KIT TAB 20S,SPIROMONT FA COMBI,20S,Tablet,210.94,,,,,,,KOYE PHARMACEUTICAL,CAIR,,stock file
AT-SPIROMONT-FA-10S,SPIROMONT FA TAB 1*10,SPIROMONT FA,10'S,Tablet,172.50,,,,,,,KOYE PHARMACEUTICAL,CAIR,,stock file
AT-SPIROMONT-L-KID-60ML,SPIROMONT L KID SYRUP 60ML,SPIROMONT L KID,60 ML,Syrup,70.31,,,,,,,KOYE PHARMACEUTICAL,CAIR,,stock file
AT-SPIROMONT-F-180MG-10S,SPIROMONT-F 180MG TAB 10S,SPIROMONT-F 180MG,10S,Tablet,222.19,,,,,,,KOYE PHARMACEUTICALS,P.LTD,,stock file
AT-SPIROMONT-F-15S,SPIROMONT-F TAB 15'S,SPIROMONT-F,15'S,Tablet,252.19,Fexofenadine Hydrochloride 120mg + Montelukast 10mg,fexofenadine hydrochloride 120mg+montelukast 10mg,Fexofenadine Hydrochloride | Montelukast,2,Respiratory,Not specified,KOYE PHARMACEUTICALS,P.LTD,koye,stock file
AT-SPIROPIRF-10S,SPIROPIRF TAB 10S,SPIROPIRF,10S,Tablet,190.78,,,,,,,KOYE PHARMACEUTICAL,CAIR,,stock file
AT-SPIROVENT-I-10S,SPIROVENT I TAB 10,SPIROVENT I,10'S,Tablet,70.31,,,,,,,KOYE PHARMACEUTICAL,CAIR,,stock file
AT-SPIROVENT-PLUS-100ML,SPIROVENT PLUS 100ML,SPIROVENT PLUS,100 ML,,82.50,,,,,,,KOYE PHARMACEUTICAL,CAIR,,stock file
AT-SPIROVENT-PLUS-KID-60ML,SPIROVENT PLUS KID SYRUP 60ML,SPIROVENT PLUS KID,60 ML,Syrup,65.63,,,,,,,KOYE PHARMACEUTICAL,CAIR,,stock file
AT-SPORAFIX-100-4S,SPORAFIX-100 CAP 1*4,SPORAFIX-100,4'S,Capsule,56.25,,,,,,,CAVIN PHARMACEUTICALS,,,stock file
AT-SPORAFIX-200-4S,SPORAFIX-200CAP 4S,SPORAFIX-200,4S,Capsule,101.25,,,,,,,CAVIN PHARMACEUTICALS,,,stock file
AT-SPORIDEX-250-RED-60-60ML,SPORIDEX 250 RED 60SYP 60ML,SPORIDEX 250 RED 60,60 ML,Syrup,111.56,,,,,,,SUN PHARMA LAB.LTD,STANLIFE,,stock file
AT-SPORIDEX-250MG-10S,SPORIDEX 250MG CAPS 10`S,SPORIDEX 250MG,10'S,Capsule,67.97,Cefalexin 250mg,cefalexin 250mg,Cefalexin,1,ANTI-INFECTIVES,,SUN PHARMA LAB.LTD,RICHOUT,sun pharma sheet,stock file
AT-SPORIDEX-500MG-CAPS-10S,SPORIDEX 500MG CAPS*,SPORIDEX 500MG CAPS*,10'S,Capsule,256.88,Cefalexin 500mg,cefalexin 500mg,Cefalexin,1,ANTI-INFECTIVES,,SUN PHARMA LAB.LTD,RICHOUT,sun pharma sheet,master
AT-SPORIDEX-AF-375MG-T-10S,SPORIDEX AF 375MG T.10'S,SPORIDEX AF 375MG T,10'S,,248.44,Cefalexin 375mg,cefalexin 375mg,Cefalexin,1,,,SUN PHARMA LAB.LTD,RICHOUT,manual,master
AT-SPORIDEX-AF-750MG-T-10S,SPORIDEX AF 750MG T 10'S,SPORIDEX AF 750MG T,10'S,,423.75,Cefalexin 750mg,cefalexin 750mg,Cefalexin,1,,,SUN PHARMA LAB.LTD,RICHOUT,manual,master
AT-SPORIDEX-CV-375-125MG-TAB-10,SPORIDEX CV 375+125MG TAB 10S 10,SPORIDEX CV 375+125MG TAB 10S 10,,Tablet,243.75,,,,,,,SUN PHARMA LAB.LTD,RICHOUT,,master
AT-SPORIDEX-CV-750-125MG-10S,SPORIDEX CV 750+125MG TAB 10S,SPORIDEX CV 750+125MG,10S,Tablet,421.88,Other Cefalexin Combinations 750/125mg,other cefalexin combinations 750/125mg,Other Cefalexin Combinations,1,ANTI-INFECTIVES,,SUN PHARMA LAB.LTD,RICHOUT,sun pharma sheet,master
AT-SPORIDEX-DIS-125MG-10S,SPORIDEX DIS 125MG 10`S,SPORIDEX DIS 125MG,10'S,,70.31,,,,,,,SUN PHARMA LAB.LTD,RICHOUT,,stock file
AT-SPORIDEX-DIS-250MG-1S,SPORIDEX DIS 250MG TABS 1,SPORIDEX DIS 250MG,1'S,Tablet,195.00,Cefalexin 250mg,cefalexin 250mg,Cefalexin,1,,,SUN PHARMA LAB.LTD,RICHOUT,manual,master
AT-SPORIDEX-DROPS-100MG-10ML,SPORIDEX DROPS 100MG 10ML,SPORIDEX DROPS 100MG,10 ML,Drops,99.38,Cefalexin 100mg,cefalexin 100mg,Cefalexin,1,ANTI-INFECTIVES,,SUN PHARMA LAB.LTD,RICHOUT,sun pharma sheet,master
AT-SPORIDEX-RED-250MG-30ML,SPORIDEX RED 250MG.30ML,SPORIDEX RED 250MG,30 ML,,130.31,,,,,,,SUN PHARMA LAB.LTD,RICHOUT,,master
AT-SPORIDEX-RED-125MG-30ML,SPORIDEX RED.125MG 30ML,SPORIDEX RED.125MG,30 ML,,60.00,Cefalexin 125mg,cefalexin 125mg,Cefalexin,1,,,SUN PHARMA LAB.LTD,RICHOUT,manual,master
AT-SPORIDEX-RED-DROPS-100MG-10ML,SPORIDEX RED.DROPS 100MG 10ML,SPORIDEX RED.DROPS 100MG,10 ML,Drops,117.19,,,,,,,SUN PHARMA LAB.LTD,RICHOUT,,master
AT-SPORIDEX-REDIMIX-250MG-30ML,SPORIDEX REDIMIX 250MG/5ML 30ML,SPORIDEX REDIMIX 250MG/,30 ML,,142.50,Cefalexin 250mg,cefalexin 250mg,Cefalexin,1,,,SUN PHARMA,LABORATORIES LTD,manual,master
AT-SPORIT-GG-10GM,SPORIT GG SACHET 10GM,SPORIT GG,10 GM,Sachet,49.50,,,,,,,SUN PHARMA LAB.LTD,STAN CARE,,stock file
AT-STALIX-100-10,STALIX 100 10,STALIX 100 10,,,235.30,Sitagliptin,sitagliptin,Sitagliptin,1,,,TORRENT PHARMACEUTICALS,FORZA,torrent,master
AT-STALIX-D-10-100MG-10S,STALIX D (10+100MG) TAB 10'S,STALIX D (10+100MG),10'S,Tablet,218.63,,,,,,,TORRENT PHARMACEUTICALS,FORZA,,master
AT-STALIX-D-10-50-10S,STALIX D(10+50) TAB 10'S,STALIX D(10+50),10'S,Tablet,173.44,,,,,,,TORRENT PHARMACEUTICALS,FORZA,,master
AT-STALIX-DM-10-100-1000-10S,STALIX DM(10/100/1000)TAB 10'S,STALIX DM(10/100/1000),10'S,Tablet,218.60,Dapagliflozin + Metformin + Sitagliptin,dapagliflozin+metformin+sitagliptin,Dapagliflozin | Metformin | Sitagliptin,3,,,TORRENT PHARMACEUTICALS,FORZA,torrent,master
AT-STALIX-DM-10-100-500-10S,STALIX DM(10/100/500) TAB 10'S,STALIX DM(10/100/500),10'S,Tablet,218.60,Dapagliflozin + Metformin + Sitagliptin,dapagliflozin+metformin+sitagliptin,Dapagliflozin | Metformin | Sitagliptin,3,,,TORRENT PHARMACEUTICALS,FORZA,torrent,master
AT-STALIX-M-50-1000-10S,STALIX M 50/1000 TAB 10,STALIX M 50/1000,10'S,Tablet,219.35,,,,,,,TORRENT PHARMACEUTICALS,FORZA,,master
AT-STALIX-M-50-500-10S,STALIX M 50/500 TAB 10,STALIX M 50/500,10'S,Tablet,194.06,,,,,,,TORRENT PHARMACEUTICALS,FORZA,,stock file
AT-STALIX-M-XR-100-500MG-10S,STALIX M XR 100+500MG TAB 1*10'S,STALIX M XR 100+500MG,10'S,Tablet,172.50,,,,,,,TORRENT PHARMACEUTICALS,FORZA,,master
AT-STANLIP-145MG-10S,STANLIP 145MG TABS 10`S,STANLIP 145MG,10'S,Tablet,208.13,Fenofibrate 145mg,fenofibrate 145mg,Fenofibrate,1,CARDIAC,,SUN PHARMA LAB. LTD,DIABETE,sun pharma sheet,master
AT-STANLIP-PLUS-135MG-DR,STANLIP PLUS 135MG DR,STANLIP PLUS 135MG DR,,,133.13,,,,,,,SUN PHARMA LAB.LTD,C.V.CARE,,stock file
AT-STARIZO-200-MG-10,STARIZO 200 MG 10,STARIZO 200 MG 10,,,928.13,,,,,,,SUN PHARMA LABS.LTD,MAXXIM,,master
AT-STEVICAL-100S,STEVICAL TAB 100S,STEVICAL,100S,Tablet,131.25,,,,,,,DD NUTRITIONS,INDIA,,stock file
AT-STIC-MF-10S,STIC MF TAB 10S,STIC MF,10S,Tablet,168.75,,,,,,,DEPSONS PHARMA,,,stock file
AT-STIC-T-10S,STIC T TAB 10S,STIC T,10S,Tablet,150.00,Tranexamix Acid 500mg,tranexamix acid 500mg,Tranexamix Acid,1,,,DEPSONS PHARMA,,DEPSONS,stock file
AT-STIC-10S,STIC TABS 10'S,STIC,10'S,Tablet,53.44,Adrenochrome Monosemi Carbazone 1mg + Ascorbic Acid 50mg + Calcium Dibasic Phospate 150mg + Cholecalciferol 300IU + Menadion Sodium + Phite 20mg + Rutin 100mg,adrenochrome monosemi carbazone 1mg+ascorbic acid 50mg+calcium dibasic phospate 150mg+cholecalciferol 300iu+menadion sodium+phite 20mg+rutin 100mg,Adrenochrome Monosemi Carbazone | Ascorbic Acid | Calcium Dibasic Phospate | Cholecalciferol | Menadion Sodium | Phite | Rutin,7,,,DEPSONS PHARMA,,manual,master
AT-STIEPROX-LIQ,STIEPROX LIQ.,STIEPROX LIQ,,,226.50,,,,,,,GSK LIMITED,DERMA ACE TEAM 2,,stock file
AT-STONEPAC-200ML,STONEPAC SYRUP 200ML,STONEPAC,200 ML,Syrup,295.00,Citric Acid + Potassium Magnesium Citrate,citric acid+potassium magnesium citrate,Citric Acid | Potassium Magnesium Citrate,2,,,ALKEM LABORAT. LTD,UROCARE,main,stock file
AT-STORFIB-10S,STORFIB TABS 10`S,STORFIB,10'S,Tablet,172.50,,,,,,,SUN PHARMA LAB. LTD,DIABETE,,stock file
AT-STORVA-GOLD-10-1,STORVA GOLD 10 1,STORVA GOLD 10 1,,,63.75,,,,,,,SUN PHARMA LAB. LTD,PHARMA,,master
AT-STORVA-GOLD-20-10,STORVA GOLD 20 10,STORVA GOLD 20 10,,,95.63,,,,,,,SUN PHARMA LAB. LTD,PHARMA,,master
AT-STORVA-TRIO-10-10S,STORVA TRIO 10 10S,STORVA TRIO 10,10S,,53.44,,,,,,,SUN PHARMA LAB. LTD,DIABETE,,stock file
AT-STORVA-TRIO-20-10S,STORVA TRIO 20 10S,STORVA TRIO 20,10S,,72.66,,,,,,,SUN PHARMA LAB. LTD,DIABETE,,stock file
AT-STORVAS-10MG-15S,STORVAS 10MG TABS 15'S,STORVAS 10MG,15'S,Tablet,79.63,Atorvastatin 10mg,atorvastatin 10mg,Atorvastatin,1,CARDIAC,,SUN PHARMA LAB. LTD,DIABETE,sun pharma sheet,master
AT-STORVAS-20MG-15S,STORVAS 20MG TABS 15'S,STORVAS 20MG,15'S,Tablet,201.09,Atorvastatin 20mg,atorvastatin 20mg,Atorvastatin,1,CARDIAC,,SUN PHARMA LAB. LTD,DIABETE,sun pharma sheet,master
AT-STORVAS-40MG-10S,STORVAS 40MG TABS 10'S,STORVAS 40MG,10'S,Tablet,206.05,Atorvastatin 40mg,atorvastatin 40mg,Atorvastatin,1,CARDIAC,,SUN PHARMA LAB. LTD,DIABETE,sun pharma sheet,master
AT-STORVAS-5MG-10S,STORVAS 5MG TABS 10'S,STORVAS 5MG,10'S,Tablet,129.84,Atorvastatin 5mg,atorvastatin 5mg,Atorvastatin,1,CARDIAC,,SUN PHARMA LAB. LTD,DIABETE,sun pharma sheet,master
AT-STORVAS-80MG-10S,STORVAS 80MG TAB 10'S,STORVAS 80MG,10'S,Tablet,433.39,Atorvastatin 80mg,atorvastatin 80mg,Atorvastatin,1,CARDIAC,,SUN PHARMA LAB. LTD,DIABETE,sun pharma sheet,master
AT-STORVAS-CP-10-30S,STORVAS CP 10 TAB 30s,STORVAS CP 10,30S,Tablet,156.78,,,,,,,SUN PHARMA LAB. LTD,DIABETE,,stock file
AT-STORVAS-CP-20-TAB-30,STORVAS CP 20 TAB'30,STORVAS CP 20 TAB'30,,Tablet,364.42,,,,,,,SUN PHARMA LAB. LTD,DIABETE,,stock file
AT-STORVAS-CV-10-10S,STORVAS CV 10 TAB 1*10,STORVAS CV 10,10'S,Tablet,210.00,,,,,,,SUN PHARMA LAB. LTD,DIABETE,,master
AT-STORVAS-CV-20-10S,STORVAS CV 20 TAB 10'S,STORVAS CV 20,10'S,Tablet,277.50,,,,,,,SUN PHARMA LAB. LTD,DIABETE,,master
AT-STORVAS-CV-40-10S,STORVAS CV 40 TAB 10'S,STORVAS CV 40,10'S,Tablet,349.00,,,,,,,SUN PHARMA LAB. LTD,DIABETE,,master
AT-STORVAS-D10-10S,STORVAS D10 TAB 10'S,STORVAS D10,10'S,Tablet,84.38,,,,,,,SUN PHARMA LAB. LTD,DIABETE,,stock file
AT-STORVAS-D20-10S,STORVAS D20 TAB 10'S,STORVAS D20,10'S,Tablet,168.75,,,,,,,SUN PHARMA LAB. LTD,DIABETE,,stock file
AT-STORVAS-EZ-10MG-10S,STORVAS EZ 10mg TABS 10'S,STORVAS EZ 10mg,10'S,Tablet,280.31,,,,,,,SUN PHARMA LAB. LTD,DIABETE,,master
AT-STORVAS-EZ-20-10S,STORVAS EZ 20 TABS 10'S,STORVAS EZ 20,10'S,Tablet,287.49,,,,,,,SUN PHARMA LAB. LTD,DIABETE,,master
AT-STORVAS-EZ-40-10S,STORVAS EZ 40 TABS 10'S,STORVAS EZ 40,10'S,Tablet,363.83,,,,,,,SUN PHARMA LAB. LTD,DIABETE,,master
AT-STRETCH-RID-50-TUB-50GM,STRETCH RID 50 TUB 50GM,STRETCH RID 50 TUB,50 GM,,"1,182.50",,,,,,,TORRENT PHARMA LTD,SPERSH,,master
AT-STYPLON-30S,STYPLON TABS 30S,STYPLON,30S,Tablet,154.69,,,,,,,HIMALAYA DRUG COMPANY ZANDRA,,,stock file
AT-STYPTOVIT-TX-10S,STYPTOVIT TX TAB 10'S,STYPTOVIT TX,10'S,Tablet,164.06,,,,,,,TORRENT PHARMACEUTICALS,LTD,,stock file
AT-STYPTOVIT-E-250MG-10S,STYPTOVIT-E 250MG TAB 10'S,STYPTOVIT-E 250MG,10'S,Tablet,55.31,,,,,,,TORRENT PHARMACEUTICALS,LTD,,stock file
AT-SUBITRAL-50MG-10S,SUBITRAL 50MG CAP.10'S,SUBITRAL 50MG,10'S,Capsule,84.38,,,,,,,INDOCO REMEDIES LTD,SPADE,,stock file
AT-SUBITRAL-DS-100MG-10S,SUBITRAL DS 100MG CAP.10'S,SUBITRAL DS 100MG,10'S,Capsule,157.60,,,,,,,INDOCO REMEDIES LTD,SPADE,,master
AT-SUBSYDE-CR-10S,SUBSYDE CR CAPS 10`S,SUBSYDE CR,10'S,Capsule,114.80,Diclofenac Sodium 100mg,diclofenac sodium 100mg,Diclofenac Sodium,1,NSAID / Pain management,"Rheumatoid arthritis, osteoarthritis, ankylosing spondylitis, low back pain, non-articular rheumatic conditions & soft-tissue injuries",RAPTAKOS BRETT & CO.LIMITED,,raptakos,master
AT-SUCRAMAL-O-150ML,SUCRAMAL O SUSP 150ML,SUCRAMAL O,150 ML,Suspension,105.94,Oxetacaine + Sucralfate,oxetacaine+sucralfate,Oxetacaine | Sucralfate,2,,,A.MENARINI,,main,stock file
AT-SUCRAMAL-200ML,SUCRAMAL SUSP 200ML,SUCRAMAL,200 ML,Suspension,112.50,Sucralfate,sucralfate,Sucralfate,1,,,A.MENARINI,,main,stock file
AT-SUDHINOL-10S,SUDHINOL TABS 10'S,SUDHINOL,10'S,Tablet,10.81,,,,,,,SUN PHARMA,LABORATORIES LTD,,stock file
AT-SUMO-ACE-15S,SUMO ACE TABS 15'S,SUMO ACE,15'S,Tablet,108.28,Aceclofenac + Paracetamol,aceclofenac+paracetamol,Aceclofenac | Paracetamol,2,,,ALKEM PHARMA,ALPHA MAX,main,master
AT-SUMO-COLD-AF-60ML,SUMO COLD AF SYP 60ML,SUMO COLD AF,60 ML,Syrup,82.50,Chlorpheniramine + Paracetamol + Phenylephrine,chlorpheniramine+paracetamol+phenylephrine,Chlorpheniramine | Paracetamol | Phenylephrine,3,,,ALKEM PHARMA,ALPHA MAX,main,stock file
AT-SUMO-COLD-PCF-DROP-10ML,SUMO COLD PCF DROP 10ML,SUMO COLD PCF DROP,10 ML,Drops,75.47,Chlorpheniramine + Paracetamol + Phenylephrine,chlorpheniramine+paracetamol+phenylephrine,Chlorpheniramine | Paracetamol | Phenylephrine,3,Respiratory,,ALKEM PHARMA,ALPHA MAX,main,master
AT-SUMO-COLD-PCF-60ML,SUMO COLD PCF SYP 60ML.,SUMO COLD PCF,60 ML,Syrup,62.81,Chlorpheniramine + Paracetamol + Phenylephrine,chlorpheniramine+paracetamol+phenylephrine,Chlorpheniramine | Paracetamol | Phenylephrine,3,Respiratory,,ALKEM PHARMA,ALPHA MAX,main,stock file
AT-SUMO-COLD-10S,SUMO COLD TAB 10S,SUMO COLD,10S,Tablet,50.60,Diphenhydramine Caffeine 25mg + Paracetamol 500mg + Phenylephrine 5mg,diphenhydramine caffeine 25mg+paracetamol 500mg+phenylephrine 5mg,Diphenhydramine Caffeine | Paracetamol | Phenylephrine,3,,,ALKEM PHARMA,ALPHA MAX,manual,master
AT-SUMO-30GM,SUMO GEL 30GM,SUMO,30 GM,Gel,74.53,Diclofenac + Linseed Oil + Menthol + Methyl Salicylate,diclofenac+linseed oil+menthol+methyl salicylate,Diclofenac | Linseed Oil | Menthol | Methyl Salicylate,4,,,ALKEM PHARMA,ALPHA MAX,main,stock file
AT-SUMO-L-100MG-DROP-15ML,SUMO L 100MG DROP 15ML,SUMO L 100MG DROP,15 ML,Drops,33.75,Paracetamol 100mg/ml,paracetamol 100mg/ml,Paracetamol,1,Pain / Analgesics,,ALKEM LABORATORIES,LTD.ALFA NEXGEN,alkem,master
AT-SUMO-L-120-60ML,SUMO L 120 SYP 60ML,SUMO L 120,60 ML,Syrup,38.79,Paracetamol,paracetamol,Paracetamol,1,,,ALKEM LABORATORIES,LTD.ALFA NEXGEN,main,master
AT-SUMO-L-250-DS-60ML,SUMO L 250 DS SYP 60ML,SUMO L 250 DS,60 ML,Syrup,42.84,Paracetamol 250mg/5ml,paracetamol 250mg/5ml,Paracetamol,1,Pain / Analgesics,,ALKEM LABORATORIES,LTD.ALFA NEXGEN,alkem,master
AT-SUMO-L-500MG-15S,SUMO L 500MG TAB 15'S,SUMO L 500MG,15'S,Tablet,14.12,Paracetamol,paracetamol,Paracetamol,1,,,ALKEM LABORATORIES,LTD.ALFA NEXGEN,main,master
AT-SUMO-L-FAST-650MG-15S,SUMO L FAST 650MG TAB 15'S,SUMO L FAST 650MG,15'S,Tablet,32.13,Paracetamol,paracetamol,Paracetamol,1,,,ALKEM LABORATORIES,LTD.ALFA NEXGEN,main,master
AT-SUMO-L-IV-100ML,SUMO L IV 100ML,SUMO L IV,100 ML,,284.05,Paracetamol Infusion 1000mg/100ml,paracetamol infusion 1000mg/100ml,Paracetamol Infusion,1,,,ALKEM LABORATORIES,LTD.ALFA NEXGEN,manual,master
AT-SUMO-L-PLUS-60ML,SUMO L PLUS SYP 60ML,SUMO L PLUS,60 ML,Syrup,72.19,Mefenamic Acid 50mg/5ml + Paracetamol 125mg,mefenamic acid 50mg/5ml+paracetamol 125mg,Mefenamic Acid | Paracetamol,2,,,ALKEM LABORATORIES,LTD.ALFA NEXGEN,manual,master
AT-SUMO-SPAS-10S,SUMO SPAS TABS 10'S,SUMO SPAS,10'S,Tablet,28.13,Dicyclomine + Mefenamic Acid,dicyclomine+mefenamic acid,Dicyclomine | Mefenamic Acid,2,,,ALKEM LABORATORIES,LTD.ALFA NEXGEN,main,stock file
AT-SUMO-SPRAY-50GM,SUMO SPRAY 50GMS,SUMO SPRAY,50 GM,Spray,128.91,Diclofenac + Linseed Oil + Menthol + Methyl Salicylate,diclofenac+linseed oil+menthol+methyl salicylate,Diclofenac | Linseed Oil | Menthol | Methyl Salicylate,4,,,ALKEM PHARMA,ALPHA MAX,main,stock file
AT-SUMO-15S,SUMO TABS 15'S,SUMO,15'S,Tablet,167.80,Nimesulide 100mg + Paracetamol 500mg,nimesulide 100mg+paracetamol 500mg,Nimesulide | Paracetamol,2,Pain / Analgesics,,ALKEM PHARMA,ALPHA MAX,manual,master
AT-SUMO-JOY-10S,SUMO-JOY TAB 10S,SUMO-JOY,10S,Tablet,30.94,Aceclofenac + Paracetamol,aceclofenac+paracetamol,Aceclofenac | Paracetamol,2,,,ALKEM LABORATORIES,LTD.ALFA NEXGEN,main,stock file
AT-SUMO-L-PLUS-DS-100ML,SUMO-L PLUS DS SUSP.100ML,SUMO-L PLUS DS,100 ML,Suspension,89.53,Chlorpheniramine + Paracetamol + Phenylephrine,chlorpheniramine+paracetamol+phenylephrine,Chlorpheniramine | Paracetamol | Phenylephrine,3,,,ALKEM LABORATORIES,LTD.ALFA NEXGEN,main,master
AT-SUMO-L-SPAS-10S,SUMO-L SPAS TAB 10'S,SUMO-L SPAS,10'S,Tablet,28.13,Dicyclomine + Mefenamic Acid + Paracetamol,dicyclomine+mefenamic acid+paracetamol,Dicyclomine | Mefenamic Acid | Paracetamol,3,Pain / Analgesics,,ALKEM LABORATORIES,LTD.ALFA NEXGEN,main,stock file
AT-SUMOFLAM-10S,SUMOFLAM TAB 10'S,SUMOFLAM,10'S,Tablet,209.06,Nimesulide 100mg + Paracetamol 500mg + Serratiopeptidase 15mg,nimesulide 100mg+paracetamol 500mg+serratiopeptidase 15mg,Nimesulide | Paracetamol | Serratiopeptidase,3,Pain / Analgesics,,ALKEM PHARMA,ALPHA MAX,manual,master
AT-SUN-PROTECT-PREMIA-SPF26-100ML,SUN PROTECT PREMIA SPF26 100ML,SUN PROTECT PREMIA SPF26,100 ML,,533.11,,,,,,,TORRENT PHARMA LTD,SPERSH,,stock file
AT-SUN-PROTECTE-SPF-506ML,SUN PROTECTE SPF 50.60ML,SUN PROTECTE SPF,50.6 ML,,285.57,,,,,,,TORRENT PHARMA LTD,SPERSH,,stock file
AT-SUNCROS-NEW-SOFT-50GM,SUNCROS (NEW) SOFT GEL 50G.,SUNCROS (NEW) SOFT,50 GM,Gel,830.00,,,,,,,SUN PHARMA,RIGEL,,master
AT-SUNCROS-50-AQUA-60ML,SUNCROS 50 AQUA LOTION 60ML.,SUNCROS 50 AQUA,60 ML,Lotion,515.63,,,,,,,SUN PHARMA,RIGEL,,master
AT-SUNCROS-AQUA-100GM,SUNCROS AQUA GEL 100GM,SUNCROS AQUA,100 GM,Gel,525.00,,,,,,,SUN PHARMA,RIGEL,,master
AT-SUNCROS-LOTION-26-SPF-100ML,SUNCROS LOTION 26 SPF 100ML,SUNCROS LOTION 26 SPF,100 ML,Lotion,431.25,Avobenzone + Octinoxate + Oxybenzone + Zinc Oxide 7.5%,avobenzone+octinoxate+oxybenzone+zinc oxide 7.5%,Avobenzone | Octinoxate | Oxybenzone | Zinc Oxide,4,DERMA,,SUN PHARMA,RIGEL,sun pharma sheet,stock file
AT-SUNCROS-NEO-SUNSCREEN-50GM,SUNCROS NEO SUNSCREEN GEL 50G,SUNCROS NEO SUNSCREEN,50 GM,Gel,850.00,,,,,,,SUN PHARMA,RIGEL,,master
AT-SUNCROS-SOFT-20GM,SUNCROS SOFT CREAM 20GM,SUNCROS SOFT,20 GM,Cream,543.79,,,,,,,SUN PHARMA,RIGEL,,stock file
AT-SUNCROS-SOFT-MATTE-FINI50M,SUNCROS SOFT MATTE FINI50M GEL,SUNCROS SOFT MATTE FINI50M,,Gel,738.70,,,,,,,SUN PHARMA,RIGEL,,stock file
AT-SUNCROS-SOFT-MATTE-FINI60M-L,SUNCROS SOFT MATTE FINI60M LOS,SUNCROS SOFT MATTE FINI60M LOS,,,698.65,,,,,,,SUN PHARMA,RIGEL,,stock file
AT-SUNCROS-SOFT25-50GM,SUNCROS SOFT25% CREAM 50G,SUNCROS SOFT25%,50 GM,Cream,511.75,,,,,,,SUN PHARMA,RIGEL,,stock file
AT-SUNCROS-TINT,SUNCROS TINT GEL,SUNCROS TINT,,Gel,800.11,,,,,,,SUN PHARMA,RIGEL,,stock file
AT-SUNCROS-TINT-LOST-100,SUNCROS TINT LOST 100,SUNCROS TINT LOST 100,,,844.61,,,,,,,SUN PHARMA,RIGEL,,stock file
AT-SUNHEAL-HYDRA-30GM,SUNHEAL HYDRA LOTION 30GM,SUNHEAL HYDRA,30 GM,Lotion,523.00,,needs_verification,Needs_verification,1,,,ALKEM LAB,LTD DERMAKEM,main,stock file
AT-SUNHEAL-PURE-30GM,SUNHEAL PURE CREAM 30GM,SUNHEAL PURE,30 GM,Cream,648.81,Copper Tripeptides + Oligopeptide + Pa + Pentapeptide + Spf + Zinc Oxide 15%,copper tripeptides+oligopeptide+pa+pentapeptide+spf+zinc oxide 15%,Copper Tripeptides | Oligopeptide | Pa | Pentapeptide | Spf | Zinc Oxide,6,Sunscreen,,ALKEM LAB,LTD DERMAKEM,manual,master
AT-SUNHEAL-ULTRA-50GM,SUNHEAL ULTRA GEL 50GM,SUNHEAL ULTRA,50 GM,Gel,915.00,Avobenzone + Octocrylene + Oxybenzone,avobenzone+octocrylene+oxybenzone,Avobenzone | Octocrylene | Oxybenzone,3,,,ALKEM LAB,LTD DERMAKEM,main,master
AT-SUPACEF-15GM,SUPACEF INJ 1.5GM,SUPACEF,1.5 GM,Injection,361.87,Cefoperazone + Sulbactam,cefoperazone+sulbactam,Cefoperazone | Sulbactam,2,,,GSK LIMITED TEAM,ALTUS,main,master
AT-SUPACEF-INJ-750MG,SUPACEF INJ 750MG,SUPACEF INJ 750MG,,Injection,244.00,Cefoperazone + Sulbactam,cefoperazone+sulbactam,Cefoperazone | Sulbactam,2,,,GSK LIMITED TEAM,ALTUS,main,master
AT-SUPACEF-INJ-250MG,SUPACEF INJ.250MG VIAL,SUPACEF INJ.250MG,,Injection,59.53,,,,,,,GSK LIMITED TEAM,ALTUS,,stock file
AT-SUPATRET-0-04-AQUE-20GM,SUPATRET 0.04 AQUE.GEL 20GM.,SUPATRET 0.04 AQUE,20 GM,Gel,315.00,,,,,,,SUN PHARMA,LAB.CROSSLAND 1,,stock file
AT-SUPATRET-0-1-20S,SUPATRET 0.1 GEL 20,SUPATRET 0.1,20'S,Gel,215.00,,,,,,,SUN PHARMA,LAB.CROSSLAND 1,,stock file
AT-SUPATRET-C-15GM,SUPATRET C 15GM,SUPATRET C,15 GM,,399.00,,,,,,,SUN PHARMA,LAB.CROSSLAND 1,,master
AT-SUPERFOS-4GM,SUPERFOS INJ.4GM,SUPERFOS,4 GM,Injection,"3,937.50",,,,,,,MODI MUNDI PHARMA,LTD,,stock file
AT-SUPRABENZ-0-25MG,SUPRABENZ 0.25MG TAB,SUPRABENZ 0.25MG,,Tablet,62.30,Clonazepam,clonazepam,Clonazepam,1,,,ALKEM LAB.LTD,PRIZMA,main,master
AT-SUPRABENZ-0-50MG,SUPRABENZ 0.50MG TAB,SUPRABENZ 0.50MG,,Tablet,93.75,Clonazepam,clonazepam,Clonazepam,1,,,ALKEM LAB.LTD,PRIZMA,main,master
AT-SUPRABENZ-O-25MG,SUPRABENZ O.25MG TABS,SUPRABENZ O.25MG,,Tablet,62.30,Clonazepam,clonazepam,Clonazepam,1,,,ALKEM LAB.LTD,PRIZMA,main,stock file
AT-SUPRABENZ-PLUS-10MG-10S,SUPRABENZ PLUS 10MG TAB 10'S,SUPRABENZ PLUS 10MG,10'S,Tablet,151.88,Clonazepam + Escitalopram,clonazepam+escitalopram,Clonazepam | Escitalopram,2,,,ALKEM LAB.LTD,PRIZMA,main,master
AT-SUPRABENZ-PLUS-5MG,SUPRABENZ PLUS 5MG,SUPRABENZ PLUS 5MG,,,108.75,Clonazepam + Escitalopram,clonazepam+escitalopram,Clonazepam | Escitalopram,2,,,ALKEM LAB.LTD,PRIZMA,main,stock file
AT-SWEET-FREE-JAR,SWEET FREE JAR,SWEET FREE JAR,,,151.30,,,,,,,CAVIN PHARMACEUTICALS,,,stock file
AT-SWICH-100MG-DRY-30ML,SWICH 100MG DRY SYRUP 30ML,SWICH 100MG DRY,30 ML,Dry Syrup,226.85,Cefixime,cefixime,Cefixime,1,Anti-infective,,ALKEM PHARMA,ALPHA MAX,main,master
AT-SWICH-100MG-DT-10S,SWICH 100MG DT TABS 10'S,SWICH 100MG DT,10'S,Tablet,186.55,Cefpodoxime 100mg,cefpodoxime 100mg,Cefpodoxime,1,Anti-infective,,ALKEM PHARMA,ALPHA MAX,manual,master
AT-SWICH-200MG-6S,SWICH 200MG TABS 6'S,SWICH 200MG,6'S,Tablet,206.25,Cefpodoxime 200mg,cefpodoxime 200mg,Cefpodoxime,1,,,ALKEM PHARMA,ALPHA MAX,manual,master
AT-SWICH-50MG-DT-10S,SWICH 50MG DT TABS 10'S,SWICH 50MG DT,10'S,Tablet,128.40,Cefpodoxime 50mg,cefpodoxime 50mg,Cefpodoxime,1,Anti-infective,,ALKEM PHARMA,ALPHA MAX,manual,master
AT-SWICH-50MG-30ML,SWICH 50MG SYP 30ML,SWICH 50MG,30 ML,Syrup,129.35,Cefixime,cefixime,Cefixime,1,,,ALKEM PHARMA,ALPHA MAX,main,master
AT-SWICH-CV-100MG-30ML,SWICH CV 100MG SYP 30ML.,SWICH CV 100MG,30 ML,Syrup,138.75,Cefixime + Clavulanic Acid,cefixime+clavulanic acid,Cefixime | Clavulanic Acid,2,,,ALKEM PHARMA,ALPHA MAX,main,stock file
AT-SWICH-CV-325-10S,SWICH CV 325 TAB 10'S,SWICH CV 325,10'S,Tablet,381.56,Cefixime + Clavulanic Acid,cefixime+clavulanic acid,Cefixime | Clavulanic Acid,2,,,ALKEM PHARMA,ALPHA MAX,main,master
AT-SWICH-CV-50MG-SRY-30ML,SWICH CV 50MG SRY SYP30ML,SWICH CV 50MG SRY,30 ML,,99.84,Cefixime + Clavulanic Acid,cefixime+clavulanic acid,Cefixime | Clavulanic Acid,2,,,ALKEM PHARMA,ALPHA MAX,main,stock file
AT-SWICH-DROPS-25MG-10ML,SWICH DROPS 25MG 10ML,SWICH DROPS 25MG,10 ML,Drops,99.35,Cefixime,cefixime,Cefixime,1,,,ALKEM PHARMA,ALPHA MAX,main,master
AT-SWICH-O-10S,SWICH O TAB 10'S,SWICH O,10'S,Tablet,240.00,Cefixime + Ofloxacin,cefixime+ofloxacin,Cefixime | Ofloxacin,2,Anti-infective,,ALKEM PHARMA,ALPHA MAX,main,stock file
AT-SWICH-SR-200MG-5S,SWICH SR 200MG TAB 5'S,SWICH SR 200MG,5'S,Tablet,112.50,Cefixime,cefixime,Cefixime,1,,,ALKEM PHARMA,ALPHA MAX,main,stock file
AT-SWICH-SR-400MG-5S,SWICH SR 400MG TAB 5'S,SWICH SR 400MG,5'S,Tablet,195.94,Cefixime,cefixime,Cefixime,1,,,ALKEM PHARMA,ALPHA MAX,main,stock file
AT-SWICH-XP-1000MG-VAIL,SWICH XP 1000MG VAIL,SWICH XP 1000MG VAIL,,,216.56,Ceftriaxone + Sulbactam,ceftriaxone+sulbactam,Ceftriaxone | Sulbactam,2,,,ALKEM PHARMA,ALPHA MAX,main,stock file
AT-SWICH-XP-1000MG,SWICH XP 1000MG VIAL,SWICH XP 1000MG,,Vial,216.56,Ceftriaxone 1g + Tazobactam 125mg,ceftriaxone 1g+tazobactam 125mg,Ceftriaxone | Tazobactam,2,,,ALKEM PHARMA,ALPHA MAX,manual,master
AT-SWICH-XP-125MG-VAIL,SWICH XP 125MG.VAIL,SWICH XP 125MG.VAIL,,,45.89,Ceftriaxone + Sulbactam,ceftriaxone+sulbactam,Ceftriaxone | Sulbactam,2,,,ALKEM PHARMA,ALPHA MAX,main,stock file
AT-SWICH-XP-250MG-VAIL,SWICH XP 250MG VAIL,SWICH XP 250MG VAIL,,,83.91,Ceftriaxone + Sulbactam,ceftriaxone+sulbactam,Ceftriaxone | Sulbactam,2,,,ALKEM PHARMA,ALPHA MAX,main,stock file
AT-SWICH-XP-250MG,SWICH XP 250MG VIAL,SWICH XP 250MG,,Vial,83.91,Ceftriaxone 250mg + Tazobactam 31.25mg,ceftriaxone 250mg+tazobactam 31.25mg,Ceftriaxone | Tazobactam,2,,,ALKEM PHARMA,ALPHA MAX,manual,master
AT-SWICH-XP-500MG-VAIL,SWICH XP 500MG VAIL,SWICH XP 500MG VAIL,,,124.69,Ceftriaxone + Sulbactam,ceftriaxone+sulbactam,Ceftriaxone | Sulbactam,2,,,ALKEM PHARMA,ALPHA MAX,main,stock file
AT-SWICH-XP-500MG,SWICH XP 500MG VIAL,SWICH XP 500MG,,Vial,124.69,Ceftriaxone 500mg + Tazobactam 62.5mg,ceftriaxone 500mg+tazobactam 62.5mg,Ceftriaxone | Tazobactam,2,,,ALKEM PHARMA,ALPHA MAX,manual,master
AT-SYM-1S,SYM-KIT TAB 1S,SYM,1S,Tablet,124.69,,,,,,,NEO LIFE SCIENCES,,,stock file
AT-SYMBAL-20-10S,SYMBAL 20 TAB 10 S,SYMBAL 20,10 S,Tablet,157.60,,,,,,,TORRENT PHARMACEUTICALS,NURON,,master
AT-SYMBAL-30-10S,SYMBAL 30 TAB 10 S,SYMBAL 30,10 S,Tablet,219.35,,,,,,,TORRENT PHARMACEUTICALS,NURON,,master
AT-SYMBAL-40-10S,SYMBAL 40 TAB 10 S,SYMBAL 40,10 S,Tablet,276.84,,,,,,,TORRENT PHARMACEUTICALS,NURON,,master
AT-SYMBAL-60-10S,SYMBAL 60 TAB 10 S,SYMBAL 60,10 S,Tablet,345.25,,,,,,,TORRENT PHARMACEUTICALS,NURON,,master
AT-SYMBOCIN-200-10S,SYMBOCIN 200 TAB 10,SYMBOCIN 200,10'S,Tablet,75.00,,,,,,,NEO LIFE SCIENCES,,,stock file
AT-SYMLAX-PLUS-200ML,SYMLAX PLUS SYRUP 200ML,SYMLAX PLUS,200 ML,Syrup,150.00,,,,,,,NEO LIFE SCIENCES,,,master
AT-SYNRIAM-150-750MG-3S,SYNRIAM 150+750MG TAB 3'S,SYNRIAM 150+750MG,3'S,Tablet,263.44,,,,,,,SUN PHARMA LAB. LTD,PHARMA,,master
AT-SYNRIAM-DT-3S,SYNRIAM DT 3S,SYNRIAM DT,3S,,70.31,,,,,,,SUN PHARMA LAB. LTD,PHARMA,,stock file
AT-SYNX-500MG-10S,SYNX 500MG TAB 10S,SYNX 500MG,10S,Tablet,189.19,Tranexamic Acid,tranexamic acid,Tranexamic Acid,1,,,ALEMBIC,CARDIGEM,main,stock file
AT-SYSCAN-150-1S,SYSCAN 150 CAP 1'S,SYSCAN 150,1'S,Capsule,19.31,Fluconazole 150mg,fluconazole 150mg,Fluconazole,1,,,TORRENT PHARMA LTD,SPERSH,torrent,stock file
AT-SYSVIT-C-10S,SYSVIT-C TAB 1*10,SYSVIT-C,10'S,Tablet,80.10,,,,,,,ROSSWELT BIOSCIENCES,,,stock file
AT-T-JAKI-11-XR-10S,T JAKI 11 XR TABS 10S,T JAKI 11 XR,10S,Tablet,"1,021.88",,,,,,,RPG LIFE SCIENCE LTD,GLODIAN,,master
AT-T-TOP-FORTE-OINT-0-1-10GM,T TOP FORTE OINT 0.1% 10G,T TOP FORTE OINT 0.1%,10 GM,Ointment,487.50,,,,,,,WALLACE PHARMA,RIVELA,,stock file
AT-T-TOP-OINT-0-03-10GM,T TOP OINT 0.03% 10GM,T TOP OINT 0.03%,10 GM,Ointment,172.78,,,,,,,WALLACE PHARMA,RIVELA,,stock file
AT-T-BACT-10GM,T-BACT 10GM CREAM,T-BACT,10 GM,Cream,216.72,Mupirocin,mupirocin,Mupirocin,1,,,GSK LIMITED,TEAM 2 ETT,main,master
AT-T-BACT-5GM,T-BACT OINT 5GM,T-BACT,5 GM,Ointment,108.36,Mupirocin,mupirocin,Mupirocin,1,,,GSK LIMITED,DERMA ACE TEAM 2,main,master
AT-T-BACT-OINTMENT-15GM,T-BACT OINTMENT 15GM,T-BACT OINTMENT,15 GM,Ointment,325.08,Mupirocin,mupirocin,Mupirocin,1,,,GSK LIMITED,DERMA ACE TEAM 2,main,master
AT-T-FLOX-30ML,T-FLOX SYP. 30ML,T-FLOX,30 ML,Syrup,33.75,Ofloxacin,ofloxacin,Ofloxacin,1,,,BESTOCHEM FORMULATIONS,,main,stock file
AT-T-HEAL-10S,T-HEAL CAP 10'S,T-HEAL,10'S,Capsule,436.90,Collagen Type I Vitamin C 40mg + Muco-Polysaccharides 220mg,collagen type i vitamin c 40mg+muco-polysaccharides 220mg,Collagen Type I Vitamin C | Muco-Polysaccharides,2,Combination to Restore Tendon Health in Tendinopathy,,ALKEM LABORATORIE LTD,VITA,manual,master
AT-T-HEAL-CAP-10N,T-HEAL CAP 10N,T-HEAL CAP 10N,,Capsule,436.90,,needs_verification,Needs_verification,1,,,ALKEM LABORATORIE LTD,VITA,main,stock file
AT-T-JAKI-11-XR-10S-2,T-JAKI 11 XR TAB 10'S,T-JAKI 11 XR,10'S,Tablet,"1,021.88",,,,,,,RPG LIFE SCIENCES,LTD. NEUROPS,,master
AT-T-JAKI-5-MG-1S,T-JAKI 5 MG TAB 1,T-JAKI 5 MG,1'S,Tablet,0.00,,,,,,,RPG LIFE SCIENCES,LTD. NEUROPS,,master
AT-T-JAKI-10S,T-JAKI TAB 10'S,T-JAKI,10'S,Tablet,487.50,Tofacitinib 5mg,tofacitinib 5mg,Tofacitinib,1,Rheumatology,Rheumatoid arthritis and other autoimmune disorders,RPG LIFE SCIENCES,LTD. NEUROPS,rpg,master
AT-T-LAC-10S,T-LAC TAB 10'S,T-LAC,10'S,Tablet,86.25,Ketorolac Tromethamine 10mg,ketorolac tromethamine 10mg,Ketorolac Tromethamine,1,Analgesic,,INDOCO REMEDIES,WARREN ACE,INDOCO,master
AT-T-MART-R-10S,T-MART R TAB 10'S,T-MART R,10'S,Tablet,107.81,,,,,,,WALLACE PHARMA,LIFESTYLE DC,,stock file
AT-TAAVI-LCQ-10S,TAAVI LCQ TAB 10,TAAVI LCQ,10'S,Tablet,390.00,,,,,,,CAVIN PHARMACEUTICALS,,,stock file
AT-TAAVI-200ML,TAAVI SYRUP 200ML,TAAVI,200 ML,Syrup,169.00,Multiminerals + Multivitamins,multiminerals+multivitamins,Multiminerals | Multivitamins,2,,,CAVIN PHARMACEUTICALS,,main,master
AT-TAAVI-10S,TAAVI TAB 10'S,TAAVI,10'S,Tablet,169.00,Multiminerals + Multivitamins,multiminerals+multivitamins,Multiminerals | Multivitamins,2,,,CAVIN PHARMACEUTICALS,,main,master
AT-TACKEL-90MG-14S,TACKEL 90MG TAB 14'S,TACKEL 90MG,14'S,Tablet,314.72,Ticagrelor 90mg,ticagrelor 90mg,Ticagrelor,1,,,ALEMBIC,CARDIGEM,manual,master
AT-TACORYZA-10ML,TACORYZA 10GM 10ML,TACORYZA,10 ML,,790.45,Tacrolimus,tacrolimus,Tacrolimus,1,,,ALEMBIC,DERMA,main,stock file
AT-TACROVERA-FORTE-OINMENT-15GM,TACROVERA FORTE OINMENT 15GM,TACROVERA FORTE OINMENT,15 GM,,701.25,Tacrolimus,tacrolimus,Tacrolimus,1,,,ALKEM PAHARMA,DARMA CARE,main,stock file
AT-TACROVERA-FORTE-OINMENT-50GM,TACROVERA FORTE OINMENT 50GM,TACROVERA FORTE OINMENT,50 GM,,907.50,Tacrolimus,tacrolimus,Tacrolimus,1,,,ALKEM PAHARMA,DARMA CARE,main,stock file
AT-TACROVERA-FORTE-OINTMENT-15GM,TACROVERA FORTE OINTMENT 15GM,TACROVERA FORTE OINTMENT,15 GM,Ointment,637.50,Tacrolimus,tacrolimus,Tacrolimus,1,,,ALKEM PAHARMA,DARMA CARE,main,master
AT-TACROVERA-FORTE-OINTMENT-50GM,TACROVERA FORTE OINTMENT 50GM,TACROVERA FORTE OINTMENT,50 GM,Ointment,907.50,Tacrolimus,tacrolimus,Tacrolimus,1,,,ALKEM PAHARMA,DARMA CARE,main,master
AT-TACROVERA-15ML,TACROVERA LOTION 15ML,TACROVERA,15 ML,Lotion,656.25,Tacrolimus,tacrolimus,Tacrolimus,1,,,ALKEM PAHARMA,DARMA CARE,main,stock file
AT-TACROVERA-15GM,TACROVERA OINT. 15GM,TACROVERA,15 GM,Ointment,260.63,Tacrolimus,tacrolimus,Tacrolimus,1,,,ALKEM PAHARMA,DARMA CARE,main,stock file
AT-TADGO-10MG-4S,TADGO 10MG TAB 4S,TADGO 10MG,4S,Tablet,120.00,,,,,,,RPG LIFE SCIENCE LTD,GLODIAN,,stock file
AT-TADGO-20MG-4S,TADGO 20MG TAB 4S,TADGO 20MG,4S,Tablet,168.75,,,,,,,RPG LIFE SCIENCE LTD,GLODIAN,,stock file
AT-TADGO-5MG-10S,TADGO 5MG TAB 10'S,TADGO 5MG,10'S,Tablet,170.02,,,,,Urology,"Erectile dysfunction, BPH",RPG LIFE SCIENCE LTD,GLODIAN,,stock file
AT-TAIYU-50ML-SPF,TAIYU 50ML.SPF LOTION,TAIYU 50ML.SPF,,Lotion,293.70,,,,,,,WALLACE PHARMA,RIVELA,,stock file
AT-TAIYU-CLARITY-FACE-SERUM-20ML,TAIYU CLARITY FACE SERUM 20ML,TAIYU CLARITY FACE SERUM,20 ML,Serum,525.00,,,,,,,WALLACE PHARMACEUTICALS,LTD,,master
AT-TAIYU-FRESH-CLEANSING-100ML,TAIYU FRESH CLEANSING LOTION 100ML,TAIYU FRESH CLEANSING,100 ML,Lotion,350.00,,,,,,,WALLACE PHARMA,RIVELA,,stock file
AT-TAIYU-SILK-MOIS-CR-150GM,TAIYU SILK MOIS.CR.150G,TAIYU SILK MOIS.CR,150 GM,,290.14,,,,,,,WALLACE PHARMA,RIVELA,,stock file
AT-TAIYU-SLIK-MOIST-50GM,TAIYU SLIK MOIST.CREAM 50GM,TAIYU SLIK MOIST,50 GM,Cream,421.00,,,,,,,WALLACE PHARMA,RIVELA,,master
AT-TAIYU-SUNSCREEN-AQUA-60GM,TAIYU SUNSCREEN AQUA GEL 60GM,TAIYU SUNSCREEN AQUA,60 GM,Gel,945.00,,,,,,,WALLACE PHARMA,RIVELA,,stock file
AT-TALEKT-60S,TALEKT CAPS 60S,TALEKT,60S,Capsule,140.63,,,,,,,HIMALAYA DRUG COMPANY,ZEAL,,stock file
AT-TALEKT-120ML,TALEKT SYP 120ML,TALEKT,120 ML,Syrup,56.25,,,,,,,HIMALAYA DRUG COMPANY,ZEAL,,stock file
AT-TALOROX-10MG-10S,TALOROX 10MG TAB 10'S,TALOROX 10MG,10'S,Tablet,96.00,Atorvastatin,atorvastatin,Atorvastatin,1,,,ARRIENT HEALTHCARE,(NEUROX)PRIVATE LIM,main,master
AT-TALOROX-20MG-10S,TALOROX 20MG TAB 10'S,TALOROX 20MG,10'S,Tablet,141.56,Escitalopram,escitalopram,Escitalopram,1,,,ARRIENT HEALTHCARE,(NEUROX)PRIVATE LIM,main,stock file
AT-TALOROX-5MG-10S,TALOROX 5MG TAB 10'S,TALOROX 5MG,10'S,Tablet,53.50,Atorvastatin,atorvastatin,Atorvastatin,1,,,ARRIENT HEALTHCARE,(NEUROX)PRIVATE LIM,main,master
AT-TALOROX-PLUS-10-10S,TALOROX PLUS 10 TAB 10'S,TALOROX PLUS 10,10'S,Tablet,76.88,Atorvastatin + Clopidogrel,atorvastatin+clopidogrel,Atorvastatin | Clopidogrel,2,,,ARRIENT HEALTHCARE,(NEUROX)PRIVATE LIM,main,master
AT-TALOROX-PLUS-20-10S,TALOROX PLUS 20 TAB 10,TALOROX PLUS 20,10'S,Tablet,146.25,Clonazepam + Escitalopram,clonazepam+escitalopram,Clonazepam | Escitalopram,2,,,ARRIENT HEALTHCARE,(NEUROX)PRIVATE LIM,main,stock file
AT-TALOROX-PLUS-5,TALOROX PLUS 5 TAB,TALOROX PLUS 5,,Tablet,60.00,Clonazepam + Escitalopram,clonazepam+escitalopram,Clonazepam | Escitalopram,2,,,ARRIENT HEALTHCARE,(NEUROX)PRIVATE LIM,main,stock file
AT-TALZIUM-40MG-10S,TALZIUM 40MG TAB 10'S,TALZIUM 40MG,10'S,Tablet,46.87,,,,,,,ROSSWELT BIOSCIENCES,,,master
AT-TALZIUM-A-10S,TALZIUM A TAB 10'S,TALZIUM A,10'S,Tablet,60.00,,,,,,,ROSSWELT BIOSCIENCES,,,master
AT-TALZIUM-H-40MG-10S,TALZIUM H-40MG TAB 10'S,TALZIUM H-40MG,10'S,Tablet,85.00,,,,,,,ROSSWELT BIOSCIENCES,,,master
AT-TAMANDRO-0-4MG-10S,TAMANDRO 0.4MG TAB 10'S,TAMANDRO 0.4MG,10'S,Tablet,112.50,Tamsulosin 0.4mg,tamsulosin 0.4mg,Tamsulosin,1,,Long-term and sustained relief from LUTS in BPH patients,ANDROMEDA PHARMACEUTICALS,P. L,andromeda,master
AT-TAMANDRO-D-10S,TAMANDRO D TAB 10'S,TAMANDRO D,10'S,Tablet,187.50,Dutasteride Bilayered 0.5mg + Tamsulosin 0.4mg,dutasteride bilayered 0.5mg+tamsulosin 0.4mg,Dutasteride Bilayered | Tamsulosin,2,,Long-term and sustained relief from LUTS in BPH patients,ANDROMEDA PHARMACEUTICALS,P. L,manual,master
AT-TAMANDRO-D-10S-2,TAMANDRO D TAB 10S,TAMANDRO D,10S,Tablet,187.50,Hydrochlorothiazide + Telmisartan,hydrochlorothiazide+telmisartan,Hydrochlorothiazide | Telmisartan,2,,Long-term and sustained relief from LUTS in BPH patients,ANDROMEDA PHARMACEUTICALS,P. L,main,stock file
AT-TAMCONTIN-0-2-MG-10,TAMCONTIN 0.2 MG TABS 10`,TAMCONTIN 0.2 MG,10',Tablet,100.50,,,,,,,MODI MUNDI PHARMA,LTD,,stock file
AT-TAMCONTIN-0-4-MG-10,TAMCONTIN 0.4 MG TABS 10`,TAMCONTIN 0.4 MG,10',Tablet,304.68,Of Tamsulosin Hydrochloride,of tamsulosin hydrochloride,Of Tamsulosin Hydrochloride,1,,,MODI MUNDI PHARMA,LTD,modimundi,master
AT-TAMCONTIN-D-10S,TAMCONTIN D TAB 10'S,TAMCONTIN D,10'S,Tablet,375.00,Dutasteride + Tamsulosin,dutasteride+tamsulosin,Dutasteride | Tamsulosin,2,,,MODI MUNDI PHARMA,LTD,modimundi,stock file
AT-TAMDURA-10S,TAMDURA TAB 1*10,TAMDURA,10'S,Tablet,370.31,,,,,,,SUN PHARMA LABS LTD,UROCARE,,master
AT-TAMFLO-0-4MG-10S,TAMFLO 0.4MG TAB 1*10,TAMFLO 0.4MG,10'S,Tablet,164.67,Prolonged-Release + Tamsulosin 0.4mg,prolonged-release+tamsulosin 0.4mg,Prolonged-Release | Tamsulosin,2,Urology,"Benign prostatic hyperplasia (BPH), lower urinary tract symptoms",RPG LIFE SCIENCE LTD,GLODIAN,rpg,master
AT-TAMFLO-D-10S,TAMFLO D CAP 10'S,TAMFLO D,10'S,Capsule,316.27,Dutasteride 0.5mg + Tamsulosin 0.4mg,dutasteride 0.5mg+tamsulosin 0.4mg,Dutasteride | Tamsulosin,2,Urology,Benign prostatic hyperplasia,RPG LIFE SCIENCE LTD,GLODIAN,rpg,master
AT-TAMFLO-DFZ-10S,TAMFLO DFZ TAB 10S,TAMFLO DFZ,10S,Tablet,642.89,Deflazacort 30mg + Tamsulosin 0.4mg,deflazacort 30mg+tamsulosin 0.4mg,Deflazacort | Tamsulosin,2,Urology,Lower urinary tract symptoms associated with BPH,RPG LIFE SCIENCE LTD,GLODIAN,rpg,master
AT-TAMICA-20MG-15S,TAMICA 20MG TAB 15S,TAMICA 20MG,15S,Tablet,57.46,Telmisartan 20mg,telmisartan 20mg,Telmisartan,1,Cardiac,,ALKEM PHARMA,AURA,alkem,stock file
AT-TAMICA-40MG-15S,TAMICA 40MG TAB 15S,TAMICA 40MG,15S,Tablet,106.47,Telmisartan 40mg,telmisartan 40mg,Telmisartan,1,Cardiac,,ALKEM PHARMA,AURA,alkem,stock file
AT-TAMICA-80MG-10S,TAMICA 80MG TAB 10S,TAMICA 80MG,10S,Tablet,99.02,Telmisartan 80mg,telmisartan 80mg,Telmisartan,1,Cardiac,,ALKEM PHARMA,AURA,alkem,stock file
AT-TAMICA-AM-40MG-15S,TAMICA-AM 40MG TAB 15S,TAMICA-AM 40MG,15S,Tablet,170.63,Amlodipine + Telmisartan,amlodipine+telmisartan,Amlodipine | Telmisartan,2,,,ALKEM PHARMA,AURA,main,stock file
AT-TAMICA-H-40MG-10S,TAMICA-H 40MG TAB 10'S,TAMICA-H 40MG,10'S,Tablet,154.69,Hydrochlorothiazide 12.5mg + Telmisartan 40mg,hydrochlorothiazide 12.5mg+telmisartan 40mg,Hydrochlorothiazide | Telmisartan,2,Cardiac,,ALKEM PHARMA,AURA,alkem,stock file
AT-TAMSUKEM-0-4-15S,TAMSUKEM 0.4 TAB 15'S,TAMSUKEM 0.4,15'S,Tablet,293.85,Tamsulosin 0.4mg,tamsulosin 0.4mg,Tamsulosin,1,Benign Prostate Hyperplasia (BPH),,ALKEM LABORAT. LTD,UROCARE,alkem,master
AT-TAMSUKEM-D-10S,TAMSUKEM D TAB 10'S,TAMSUKEM D,10'S,Tablet,506.25,Dutasteride 0.5mg + Tamsulosin 0.4mg,dutasteride 0.5mg+tamsulosin 0.4mg,Dutasteride | Tamsulosin,2,Benign Prostate Hyperplasia (BPH),,ALKEM LABORAT. LTD,UROCARE,alkem,master
AT-TAMSUKEM-PLUS-10S,TAMSUKEM PLUS TAB 10'S,TAMSUKEM PLUS,10'S,Tablet,717.15,Deflazacort 30mg + Tamsulosin 0.4mg,deflazacort 30mg+tamsulosin 0.4mg,Deflazacort | Tamsulosin,2,Medical Expulsion Therapy,,ALKEM LABORATORIES LTD,UROCARE,manual,master
AT-TANCODEP-2-TAB-10-S-10,TANCODEP 2 TAB 10 S 10,TANCODEP 2 TAB 10 S 10,,Tablet,28.78,,,,,,,TORRENT PHARMACEUTICALS,NURON,,master
AT-TANCODEP-10S,TANCODEP TAB 10 S,TANCODEP,10 S,Tablet,26.16,,,,,,,TORRENT PHARMACEUTICALS,NURON,,master
AT-TAPRISE-NS-225MG-NASAL-SPRAY,TAPRISE NS 225MG NASAL SPRAY,TAPRISE NS 225MG NASAL SPRAY,,Nasal Spray,749.05,,,,,,,TORRENT PHARMACEUTICALS,MIND,,master
AT-TASTIFER-GUMMIES-30S,TASTIFER GUMMIES TAB 30S,TASTIFER GUMMIES,30S,Tablet,360.00,,,,,,,NUTRIMED HEALTHCARE,PVT.LTD,,stock file
AT-TAVAREN-EYE-DROP-3ML,TAVAREN EYE DROP 3ML,TAVAREN EYE DROP,3 ML,Drops,585.94,,,,,,,INDOCO REMEDIES LTD,EXCEL,,stock file
AT-TAXCLAV-DRY-30ML,TAXCLAV DRY SYP 30ML.,TAXCLAV DRY,30 ML,Dry Syrup,83.44,Cefixime 50mg + Clavulanic Acid 31.25mg/5ml,cefixime 50mg+clavulanic acid 31.25mg/5ml,Cefixime | Clavulanic Acid,2,Anti-infective,,ALKEM LABORATRIES LTD,ACE-ALTIS,alkem,stock file
AT-TAXIM-AZ-200MG-10S,TAXIM AZ 200MG TAB 10'S,TAXIM AZ 200MG,10'S,Tablet,283.59,Azithromycin + Cefixime,azithromycin+cefixime,Azithromycin | Cefixime,2,,,ALKEM PHARMA,ALPHA MAX,main,stock file
AT-TAXIM-INJ-125MG,TAXIM INJ. 125MG VIAL,TAXIM INJ. 125MG,,Injection,19.20,Cefotaxime,cefotaxime,Cefotaxime,1,,,ALKEM LABORATRIES LTD,ALTRON,main,master
AT-TAXIM-1GM,TAXIM INJ. 1GM VIAL,TAXIM,1 GM,Injection,42.67,Cefotaxime,cefotaxime,Cefotaxime,1,,,ALKEM LABORATRIES LTD,ALTRON,main,master
AT-TAXIM-INJ-250MG,TAXIM INJ. 250MG VIAL,TAXIM INJ. 250MG,,Injection,18.91,Cefotaxime,cefotaxime,Cefotaxime,1,,,ALKEM LABORATRIES LTD,ALTRON,main,master
AT-TAXIM-2GM,TAXIM INJ. 2GM VIAL,TAXIM,2 GM,Injection,72.15,Cefotaxime,cefotaxime,Cefotaxime,1,,,ALKEM LABORATRIES LTD,ALTRON,main,master
AT-TAXIM-INJ-500MG,TAXIM INJ. 500MG VIAL,TAXIM INJ. 500MG,,Injection,26.03,Cefotaxime,cefotaxime,Cefotaxime,1,,,ALKEM LABORATRIES LTD,ALTRON,main,master
AT-TAXIM-INJ-250MG-VAIL,TAXIM INJ.250MG VAIL,TAXIM INJ.250MG VAIL,,Injection,18.91,Cefotaxime,cefotaxime,Cefotaxime,1,,,ALKEM LABORATRIES LTD,ALTRON,main,stock file
AT-TAXIM-INJ-500MG-VAIL,TAXIM INJ.500MG VAIL,TAXIM INJ.500MG VAIL,,Injection,26.03,Cefotaxime,cefotaxime,Cefotaxime,1,,,ALKEM LABORATRIES LTD,ALTRON,main,stock file
AT-TAXIM-O-200MG-10S,TAXIM O 200MG TABS 10'S,TAXIM O 200MG,10'S,Tablet,104.43,Cefixime,cefixime,Cefixime,1,,,ALKEM LABORATORIES,LTD.ALFA NEXGEN,main,master
AT-TAXIM-O-400-MG-10S,TAXIM O 400 MG TAB 10'S,TAXIM O 400 MG,10'S,Tablet,232.04,Cefixime,cefixime,Cefixime,1,,,ALKEM LABORATORIES,LTD.ALFA NEXGEN,main,stock file
AT-TAXIM-O-CV-200MG,TAXIM O CV 200MG **,TAXIM O CV 200MG **,,,271.88,Cefixime + Clavulanic Acid,cefixime+clavulanic acid,Cefixime | Clavulanic Acid,2,,,ALKEM LABORATORIES,LTD.ALFA NEXGEN,main,stock file
AT-TAXIM-O-CV-DRY-30ML,TAXIM O CV DRY SYP 30ML.,TAXIM O CV DRY,30 ML,Dry Syrup,63.23,Cefixime + Clavulanic Acid,cefixime+clavulanic acid,Cefixime | Clavulanic Acid,2,,,ALKEM LABORATORIES,LTD.ALFA NEXGEN,main,stock file
AT-TAXIM-O-DRY-60ML,TAXIM O DRY SYRUP 60ML,TAXIM O DRY,60 ML,Dry Syrup,101.20,Cefixime,cefixime,Cefixime,1,,,ALKEM LABORATORIES,LTD.ALFA NEXGEN,main,master
AT-TAXIM-O-DT-100MG-10S,TAXIM O DT 100MG TABS 10'S,TAXIM O DT 100MG,10'S,Tablet,101.25,Cefixime,cefixime,Cefixime,1,,,ALKEM LABORATORIES,LTD.ALFA NEXGEN,main,master
AT-TAXIM-O-FORTE-DRY-30ML,TAXIM O FORTE DRY SYP 30ML,TAXIM O FORTE DRY,30 ML,Dry Syrup,76.53,Cefixime 100mg/5ml,cefixime 100mg/5ml,Cefixime,1,,,ALKEM LABORATORIES,LTD.ALFA NEXGEN,manual,master
AT-TAXIM-O-FORTE-DRY-60ML,TAXIM O FORTE DRY SYP 60ML,TAXIM O FORTE DRY,60 ML,Dry Syrup,148.85,Cefixime,cefixime,Cefixime,1,,,ALKEM LABORATORIES,LTD.ALFA NEXGEN,main,master
AT-TAXIM-O-PEAD-DROP-10ML,TAXIM O PEAD. DROP 10ML,TAXIM O PEAD. DROP,10 ML,Drops,82.50,Cefixime,cefixime,Cefixime,1,,,ALKEM LABORATORIES,LTD.ALFA NEXGEN,main,master
AT-TAXIM-OFZ-10S,TAXIM OFZ TAB 10'S,TAXIM OFZ,10'S,Tablet,147.19,Cefixime + Ofloxacin,cefixime+ofloxacin,Cefixime | Ofloxacin,2,,,ALKEM LABORATORIES,LTD.ALFA NEXGEN,main,master
AT-TAXIM-O-200-DRY-SYRUP-12G-30ML,TAXIM-O 200 DRY SYRUP 12G/30ML,TAXIM-O 200 DRY SYRUP 12G/,30 ML,Dry Syrup,139.65,Cefixime,cefixime,Cefixime,1,,,ALKEM LABORATORIES,LTD.ALFA NEXGEN,main,master
AT-TAXIM-O-200-DS-60ML,TAXIM-O 200 DS SYRUP 60ML,TAXIM-O 200 DS,60 ML,Syrup,273.75,Cefixime,cefixime,Cefixime,1,,,ALKEM LABORATORIES,LTD.ALFA NEXGEN,main,master
AT-TAXIM-O-DRY-30ML,TAXIM-O DRY SYP. 30ML,TAXIM-O DRY,30 ML,Dry Syrup,52.09,Cefixime 50mg + Clavulanic Acid 31.25mg/5ml,cefixime 50mg+clavulanic acid 31.25mg/5ml,Cefixime | Clavulanic Acid,2,Anti-infective,,ALKEM LABORATORIES,LTD.ALFA NEXGEN,manual,master
AT-TAXIM-OF-100DT-10S,TAXIM-OF 100DT TAB 10'S,TAXIM-OF 100DT,10'S,Tablet,117.15,Cefixime + Ofloxacin,cefixime+ofloxacin,Cefixime | Ofloxacin,2,,,ALKEM LABORATORIES,LTD.ALFA NEXGEN,main,master
AT-TAXIM-OF-200MG-10S,TAXIM-OF 200MG TAB 10'S,TAXIM-OF 200MG,10'S,Tablet,180.00,Cefixime 200mg,cefixime 200mg,Cefixime,1,Anti-infective,,ALKEM LABORATORIES,LTD.ALFA NEXGEN,manual,master
AT-TAXIMAX-1500MG,TAXIMAX 1500MG INJ.,TAXIMAX 1500MG,,Injection,105.00,Cefotaxim 1g + Sulbactam 500mg,cefotaxim 1g+sulbactam 500mg,Cefotaxim | Sulbactam,2,,,ALKEM LABORATRIES LTD,ALTRON,manual,master
AT-TAXIMAX-375-VAIL,TAXIMAX 375 VAIL,TAXIMAX 375 VAIL,,,41.25,Cefotaxime + Sulbactam,cefotaxime+sulbactam,Cefotaxime | Sulbactam,2,,,ALKEM LABORATRIES LTD,ALTRON,main,stock file
AT-TAXIMAX-375,TAXIMAX 375 VIAL,TAXIMAX 375,,Vial,41.25,Cefotaxim 200mg + Sulbactam 125mg,cefotaxim 200mg+sulbactam 125mg,Cefotaxim | Sulbactam,2,,,ALKEM LABORATRIES LTD,ALTRON,manual,master
AT-TAXIMAX-750MG,TAXIMAX 750MG INJ.,TAXIMAX 750MG,,Injection,58.59,Cefotaxim 500mg + Sulbactam 250mg,cefotaxim 500mg+sulbactam 250mg,Cefotaxim | Sulbactam,2,Anti-infective,,ALKEM LABORATRIES LTD,ALTRON,manual,master
AT-TAYO-7K-10S,TAYO-7K TAB 10S,TAYO-7K,10S,Tablet,161.69,,,,,,,NEO LIFE SCIENCES,,,stock file
AT-TAZID-1GM,TAZID INJ. 1GM,TAZID,1 GM,Injection,242.52,Ceftazidime,ceftazidime,Ceftazidime,1,,,ALKEM LABORATRIES LTD,ALTRON,main,master
AT-TAZID-INJ-250MG,TAZID INJ. 250MG,TAZID INJ. 250MG,,Injection,84.46,Ceftazidime,ceftazidime,Ceftazidime,1,,,ALKEM LABORATRIES LTD,ALTRON,main,master
AT-TAZID-INJ-125MG,TAZID INJ.125MG,TAZID INJ.125MG,,Injection,57.19,Ceftazidime,ceftazidime,Ceftazidime,1,,,ALKEM LABORATRIES LTD,ALTRON,main,stock file
AT-TAZIDO-6S,TAZIDO TAB 6'S,TAZIDO,6'S,Tablet,600.00,Tizanidine,tizanidine,Tizanidine,1,,,ALKEM LABORATORIE LTD,VITA,main,master
AT-TAZPURE-40MG-15S,TAZPURE 40MG TAB 1*15,TAZPURE 40MG,15'S,Tablet,105.93,Telmisartan,telmisartan,Telmisartan,1,,,ARRIENT HEALTHCARE,(ARRIENT)PRIVATE LIM,main,master
AT-TAZPURE-80MG-15S,TAZPURE 80MG TAB 1*15,TAZPURE 80MG,15'S,Tablet,163.12,Telmisartan,telmisartan,Telmisartan,1,,,ARRIENT HEALTHCARE,(ARRIENT)PRIVATE LIM,main,master
AT-TAZPURE-BETA-25-15S,TAZPURE BETA 25 TAB 1*15,TAZPURE BETA 25,15'S,Tablet,226.87,Metoprolol + Telmisartan,metoprolol+telmisartan,Metoprolol | Telmisartan,2,,,ARRIENT HEALTHCARE,(ARRIENT)PRIVATE LIM,main,master
AT-TAZPURE-BETA-50-15S,TAZPURE BETA 50 TAB 1*15,TAZPURE BETA 50,15'S,Tablet,276.56,Metoprolol + Telmisartan,metoprolol+telmisartan,Metoprolol | Telmisartan,2,,,ARRIENT HEALTHCARE,(ARRIENT)PRIVATE LIM,main,master
AT-TAZPURE-CH-40MG-15S,TAZPURE CH 40MG TAB 1*15,TAZPURE CH 40MG,15'S,Tablet,215.53,Chlorthalidone + Telmisartan,chlorthalidone+telmisartan,Chlorthalidone | Telmisartan,2,,,ARRIENT HEALTHCARE,(ARRIENT)PRIVATE LIM,main,master
AT-TAZPURE-CH-80MG-10S,TAZPURE CH 80MG TAB 1*10,TAZPURE CH 80MG,10'S,Tablet,165.00,Chlorthalidone + Telmisartan,chlorthalidone+telmisartan,Chlorthalidone | Telmisartan,2,,,ARRIENT HEALTHCARE,(ARRIENT)PRIVATE LIM,main,master
AT-TAZPURE-LN-40MG-15S,TAZPURE LN 40MG TAB 1*15,TAZPURE LN 40MG,15'S,Tablet,204.18,Cilnidipine + Telmisartan,cilnidipine+telmisartan,Cilnidipine | Telmisartan,2,,,ARRIENT HEALTHCARE,(ARRIENT)PRIVATE LIM,main,master
AT-TAZPURE-LN-80MG-10S,TAZPURE LN 80MG TAB 1*10,TAZPURE LN 80MG,10'S,Tablet,196.87,Cilnidipine + Telmisartan,cilnidipine+telmisartan,Cilnidipine | Telmisartan,2,,,ARRIENT HEALTHCARE,(ARRIENT)PRIVATE LIM,main,master
AT-TAZPURE-TRIO-15S,TAZPURE TRIO TAB 1*15,TAZPURE TRIO,15'S,Tablet,258.00,Amlodipine + Hydrochlorothiazide + Telmisartan,amlodipine+hydrochlorothiazide+telmisartan,Amlodipine | Hydrochlorothiazide | Telmisartan,3,,,ARRIENT HEALTHCARE,(ARRIENT)PRIVATE LIM,main,master
AT-TAZPURE-AM-10S,TAZPURE-AM TAB 1*10,TAZPURE-AM,10'S,Tablet,149.50,Amlodipine + Telmisartan,amlodipine+telmisartan,Amlodipine | Telmisartan,2,,,ARRIENT HEALTHCARE,(ARRIENT)PRIVATE LIM,main,master
AT-TECZINE-10MG-15S,TECZINE 10MG TAB,TECZINE 10MG,15'S,Tablet,246.56,Levocetirizine 10mg,levocetirizine 10mg,Levocetirizine,1,RESPIRATORY,,SUN PHARMA,LAB.CROSSLAND 1,sun pharma sheet,master
AT-TECZINE-5MG-10S,TECZINE 5MG 10'S,TECZINE 5MG,10'S,Tablet,90.94,Levocetirizine 5mg,levocetirizine 5mg,Levocetirizine,1,RESPIRATORY,,SUN PHARMA,LAB.CROSSLAND 1,sun pharma sheet,master
AT-TECZINE-M-60ML,TECZINE M SYRUP 60ML,TECZINE M,60 ML,Syrup,93.75,,,,,,,SUN PHARMA,LAB.CROSSLAND 1,,stock file
AT-TECZINE-M-TAB-10-S,"TECZINE M TAB 10,S","TECZINE M TAB 10,S",,Tablet,172.50,,,,,,,SUN PHARMA,LAB.CROSSLAND 1,,master
AT-TECZINE-60ML,TECZINE SYRUP 60ML,TECZINE,60 ML,Syrup,126.56,Levocetirizine 2.5mg,levocetirizine 2.5mg,Levocetirizine,1,RESPIRATORY,,SUN PHARMA,LAB.CROSSLAND 1,sun pharma sheet,master
AT-TEENSPRO-COOKIES-CREAM-FLAV-400GM,TEENSPRO.COOKIES & CREAM FLAV. 400GM,TEENSPRO.COOKIES & CREAM FLAV,400 GM,Cream,666.61,,,,,,,BRITISH BIOLOGICAL CRITICAL CARE,,,stock file
AT-TEENSPRO-DUTCH-CHOCOLATE-FLA-400GM,TEENSPRO.DUTCH CHOCOLATE FLAV. 400GM,TEENSPRO.DUTCH CHOCOLATE FLAV,400 GM,,666.61,,,,,,,BRITISH BIOLOGICAL CRITICAL CARE,,,stock file
AT-TEGLIPT-15S,TEGLIPT TAB 15S,TEGLIPT,15S,Tablet,152.58,Teneligliptin,teneligliptin,Teneligliptin,1,Anti Diabetic,,ALKEM PHARMA,AURA,main,stock file
AT-TEGLIPT-M-500MG-15S,TEGLIPT-M 500MG TAB 15S,TEGLIPT-M 500MG,15S,Tablet,180.70,Metformin 500mg + Teneligliptin 20mg,metformin 500mg+teneligliptin 20mg,Metformin | Teneligliptin,2,Anti Diabetic,,ALKEM PHARMA,AURA,alkem,stock file
AT-TEGLIPTIN-20MG-15S,TEGLIPTIN 20MG TAB 15S,TEGLIPTIN 20MG,15S,Tablet,152.58,Teneligliptin 20mg,teneligliptin 20mg,Teneligliptin,1,Anti Diabetic,,ALKEM PHARMA,AURA,alkem,stock file
AT-TEGLIPTIN-M-1000MG-15S,TEGLIPTIN-M 1000MG TAB 15S,TEGLIPTIN-M 1000MG,15S,Tablet,207.19,Metformin 1000mg + Teneligliptin 20mg,metformin 1000mg+teneligliptin 20mg,Metformin | Teneligliptin,2,Anti Diabetic,,ALKEM PHARMA,AURA,alkem,stock file
AT-TEGLIPTIN-M-500MG-15S,TEGLIPTIN-M 500MG TAB 15S,TEGLIPTIN-M 500MG,15S,Tablet,198.75,Metformin 500mg + Teneligliptin 20mg,metformin 500mg+teneligliptin 20mg,Metformin | Teneligliptin,2,Anti Diabetic,,ALKEM PHARMA,AURA,alkem,master
AT-TEGNECT-20MG-10S,TEGNECT 20MG TAB 1*10,TEGNECT 20MG,10'S,Tablet,112.50,Teneligliptin,teneligliptin,Teneligliptin,1,,,ARRIENT HEALTHCARE,(ARRIENT)PRIVATE LIM,main,stock file
AT-TEGNECT-M-10S,TEGNECT-M TAB 1*10,TEGNECT-M,10'S,Tablet,140.63,Metformin + Teneligliptin,metformin+teneligliptin,Metformin | Teneligliptin,2,,,ARRIENT HEALTHCARE,(ARRIENT)PRIVATE LIM,main,stock file
AT-TELDAY-20-10S,TELDAY 20 TAB 10S,TELDAY 20,10S,Tablet,63.52,Telmisartan,telmisartan,Telmisartan,1,,,TORRENT PHARMA,AZUCA,torrent,stock file
AT-TELDAY-40-10S,TELDAY 40 TAB 10S,TELDAY 40,10S,Tablet,108.30,Telmisartan,telmisartan,Telmisartan,1,,,TORRENT PHARMA,AZUCA,torrent,master
AT-TELDAY-80-AM-10S,TELDAY 80 AM TAB 10S,TELDAY 80 AM,10S,Tablet,166.88,,,,,,,TORRENT PHARMA,AZUCA,,stock file
AT-TELDAY-80-10S,TELDAY 80 TAB 10S,TELDAY 80,10S,Tablet,105.09,Telmisartan,telmisartan,Telmisartan,1,,,TORRENT PHARMA,AZUCA,torrent,stock file
AT-TELDAY-80H-10S,TELDAY 80H TABS 10S,TELDAY 80H,10S,Tablet,210.09,,,,,,,TORRENT PHARMA,AZUCA,,stock file
AT-TELDAY-AM-40-MG-5-MG-10S,TELDAY AM (40 MG 5 MG)TAB,TELDAY AM (40 MG 5 MG),10'S,Tablet,118.50,Amlodipine + Telmisartan,amlodipine+telmisartan,Amlodipine | Telmisartan,2,,,TORRENT PHARMA,AZUCA,torrent,stock file
AT-TELDAY-H-10S,TELDAY H TAB 10S,TELDAY H,10S,Tablet,201.14,,,,,,,TORRENT PHARMA,AZUCA,,stock file
AT-TELEACT-20MG-10,TELEACT 20MG 10TAB,TELEACT 20MG 10,,Tablet,40.63,,,,,,,SUN PHARMA LAB. LTD,DIABETE,,stock file
AT-TELEACT-40MG-10,TELEACT 40MG 10TAB,TELEACT 40MG 10,,Tablet,72.21,,,,,,,SUN PHARMA LAB. LTD,DIABETE,,master
AT-TELEACT-80MG-10S,TELEACT 80MG TAB 10'S,TELEACT 80MG,10'S,Tablet,99.05,,,,,,,SUN PHARMA LAB. LTD,DIABETE,,stock file
AT-TELEACT-AM-10S,TELEACT AM TAB 10'S,TELEACT AM,10'S,Tablet,131.25,,,,,,,SUN PHARMA LAB. LTD,DIABETE,,stock file
AT-TELEACT-BETA-25MG-10S,TELEACT BETA 25MG 10'S,TELEACT BETA 25MG,10'S,,135.00,,,,,,,SUN PHARMA LAB. LTD,DIABETE,,stock file
AT-TELEACT-BETA-50-10S,TELEACT BETA 50 10'S,TELEACT BETA 50,10'S,,130.31,,,,,,,SUN PHARMA LAB. LTD,DIABETE,,stock file
AT-TELEACT-CT-40MG-12-5MG-10S,TELEACT CT 40MG +12.5MG 10'S,TELEACT CT 40MG +12.5MG,10'S,,114.38,,,,,,,SUN PHARMA LAB. LTD,DIABETE,,stock file
AT-TELEACT-D-10,TELEACT D 10TAB,TELEACT D 10,,Tablet,148.13,,,,,,,SUN PHARMA LAB. LTD,DIABETE,,stock file
AT-TELEACT-D-80MG-10S,TELEACT D 80MG 10'S,TELEACT D 80MG,10'S,,168.28,,,,,,,SUN PHARMA LAB. LTD,DIABETE,,stock file
AT-TELEACT-TRIO-10S,TELEACT TRIO TAB 10'S,TELEACT TRIO,10'S,Tablet,130.31,,,,,,,SUN PHARMA LAB. LTD,DIABETE,,stock file
AT-TELITEN-M-500MG-10S,TELITEN M 500MG TAB 10'S,TELITEN M 500MG,10'S,Tablet,82.50,,,,,,,FINECURE PHARMACEUTICALS,LTD,,stock file
AT-TELLZY-20MG-10S,TELLZY 20MG TAB 10'S,TELLZY 20MG,10'S,Tablet,62.17,Telmisartan,telmisartan,Telmisartan,1,,,ALEMBIC,ltd summit,main,master
AT-TELLZY-40,TELLZY 40 TAB,TELLZY 40,,Tablet,108.31,Telmisartan,telmisartan,Telmisartan,1,,,ALEMBIC,ltd summit,main,stock file
AT-TELLZY-40MG-15TAB,TELLZY 40MG TAB,TELLZY 40MG,15 TAB,Tablet,108.31,Telmisartan,telmisartan,Telmisartan,1,,,ALEMBIC,ltd summit,main,master
AT-TELLZY-80-AM-10S-2,TELLZY 80 AM TAB 10S,TELLZY 80 AM,10S,Tablet,437.16,Amlodipine + Telmisartan,amlodipine+telmisartan,Amlodipine | Telmisartan,2,,,ALEMBIC,ltd summit,main,stock file
AT-TELLZY-80-H-15S,TELLZY 80 H TAB 15S,TELLZY 80 H,15S,Tablet,535.31,Hydrochlorothiazide + Telmisartan,hydrochlorothiazide+telmisartan,Hydrochlorothiazide | Telmisartan,2,,,ALEMBIC,CARDIGEM,main,stock file
AT-TELLZY-80MG-TAB-15-S-10,TELLZY 80MG TAB 15'S 10,TELLZY 80MG TAB 15'S 10,,Tablet,166.63,Telmisartan,telmisartan,Telmisartan,1,,,ALEMBIC,ltd summit,main,stock file
AT-TELLZY-AM-15S,TELLZY AM TAB 15'S,TELLZY AM,15'S,Tablet,304.83,Amlodipine + Telmisartan,amlodipine+telmisartan,Amlodipine | Telmisartan,2,,,ALEMBIC,CARDIGEM,main,master
AT-TELLZY-CH-40-10S,TELLZY CH 40 TAB 10'S,TELLZY CH 40,10'S,Tablet,310.69,Chlorthalidone + Telmisartan,chlorthalidone+telmisartan,Chlorthalidone | Telmisartan,2,,,ALEMBIC,ltd summit,main,master
AT-TELLZY-CH-80-10S,TELLZY CH 80 TAB 10 S,TELLZY CH 80,10 S,Tablet,381.84,Chlorthalidone + Telmisartan,chlorthalidone+telmisartan,Chlorthalidone | Telmisartan,2,,,ALEMBIC,ltd summit,main,stock file
AT-TELLZY-LN-40MG-15S,TELLZY LN 40MG TAB 15'S,TELLZY LN 40MG,15'S,Tablet,229.64,Cilnidipine + Telmisartan,cilnidipine+telmisartan,Cilnidipine | Telmisartan,2,,,ALEMBIC,ltd summit,main,master
AT-TELLZY-LN-80MG-10S,TELLZY LN 80MG TAB 10'S,TELLZY LN 80MG,10'S,Tablet,185.91,Cilnidipine + Telmisartan,cilnidipine+telmisartan,Cilnidipine | Telmisartan,2,,,ALEMBIC,ltd summit,main,master
AT-TELLZY-MT-25MG,TELLZY MT 25MG TAB,TELLZY MT 25MG,,Tablet,329.06,Metoprolol + Telmisartan,metoprolol+telmisartan,Metoprolol | Telmisartan,2,,,ALEMBIC,ltd summit,main,master
AT-TELLZY-MT-50-15S,TELLZY MT 50 TAB 15S,TELLZY MT 50,15S,Tablet,400.22,Metoprolol Succinate + Telmisartan,metoprolol succinate+telmisartan,Metoprolol Succinate | Telmisartan,2,,,ALEMBIC,ltd summit,main,stock file
AT-TELLZY-RS-15S,TELLZY RS TAB 15'S,TELLZY RS,15'S,Tablet,457.64,Rosuvastatin + Telmisartan,rosuvastatin+telmisartan,Rosuvastatin | Telmisartan,2,,,ALEMBIC,ltd summit,main,master
AT-TELLZY-ACH-40-5-12-5,TELLZY-ACH 40/5/12.5 TAB,TELLZY-ACH 40/5/12.5,,Tablet,140.25,Amlodipine + Hydrochlorothiazide + Telmisartan,amlodipine+hydrochlorothiazide+telmisartan,Amlodipine | Hydrochlorothiazide | Telmisartan,3,,,ALEMBIC,ltd summit,main,master
AT-TELLZY-ACH-40-5-12-50-10S,TELLZY-ACH 40/5/12.50 TAB 10'S,TELLZY-ACH 40/5/12.50,10'S,Tablet,174.56,Amlodipine + Chlorthalidone + Telmisartan,amlodipine+chlorthalidone+telmisartan,Amlodipine | Chlorthalidone | Telmisartan,3,,,ALEMBIC,ltd summit,main,stock file
AT-TELLZY-ACH-40-5-6-25-10S,TELLZY-ACH 40/5/6.25 TAB 10'S,TELLZY-ACH 40/5/6.25,10'S,Tablet,140.25,Amlodipine + Chlorthalidone + Telmisartan,amlodipine+chlorthalidone+telmisartan,Amlodipine | Chlorthalidone | Telmisartan,3,,,ALEMBIC,ltd summit,main,stock file
AT-TELLZY-ACH-80-5-12-50-TAB-10,TELLZY-ACH 80/5/12.50 TAB 10'S 15,TELLZY-ACH 80/5/12.50 TAB 10'S 15,,Tablet,217.73,Amlodipine + Chlorthalidone + Telmisartan,amlodipine+chlorthalidone+telmisartan,Amlodipine | Chlorthalidone | Telmisartan,3,,,ALEMBIC,ltd summit,main,stock file
AT-TELLZY-ACH-80-5-6-25-10S,TELLZY-ACH 80/5/6.25 TAB 10'S,TELLZY-ACH 80/5/6.25,10'S,Tablet,154.64,Amlodipine + Chlorthalidone + Telmisartan,amlodipine+chlorthalidone+telmisartan,Amlodipine | Chlorthalidone | Telmisartan,3,,,ALEMBIC,ltd summit,main,stock file
AT-TELLZY-AH-15S,TELLZY-AH TAB 15'S,TELLZY-AH,15'S,Tablet,317.53,Amlodipine + Hydrochlorothiazide + Telmisartan,amlodipine+hydrochlorothiazide+telmisartan,Amlodipine | Hydrochlorothiazide | Telmisartan,3,,,ALEMBIC,CARDIGEM,main,master
AT-TELLZY-H-15S,TELLZY-H TAB 1*15'S,TELLZY-H,15'S,Tablet,333.00,Hydrochlorothiazide + Telmisartan,hydrochlorothiazide+telmisartan,Hydrochlorothiazide | Telmisartan,2,,,ALEMBIC,CARDIGEM,main,stock file
AT-TELMERIO-AMH-10S,TELMERIO-AMH TAB 1*10'S,TELMERIO-AMH,10'S,Tablet,89.06,,,,,,,ROSSWELT BIOSCIENCES,,,stock file
AT-TELMICHEK-40-10S,TELMICHEK 40 TAB 10'S,TELMICHEK 40,10'S,Tablet,106.47,,,,,,,INDOCO REMEDIES,SYNERGY,,stock file
AT-TELMICHEK-A-10S,TELMICHEK A TAB 10'S,TELMICHEK A,10'S,Tablet,105.47,,,,,,,INDOCO REMEDIES,SYNERGY,,stock file
AT-TELMICHEK-AH-TAB-10-10,TELMICHEK AH TAB 10' 10,TELMICHEK AH TAB 10' 10,,Tablet,117.19,,,,,,,INDOCO REMEDIES,SYNERGY,,stock file
AT-TELMICHEK-CT-10S,TELMICHEK CT TAB 10S,TELMICHEK CT,10S,Tablet,92.62,,,,,,,INDOCO REMEDIES,SYNERGY,,stock file
AT-TELMICHEK-H-10S,TELMICHEK H TAB 10'S,TELMICHEK H,10'S,Tablet,113.72,,,,,,,INDOCO REMEDIES,SYNERGY,,stock file
AT-TELMICHEK-M50-TAB-10-10,TELMICHEK M50 TAB 10' 10,TELMICHEK M50 TAB 10' 10,,Tablet,130.97,,,,,,,INDOCO REMEDIES,SYNERGY,,stock file
AT-TELMICHEK-CT-6-25-40MG-10S,TELMICHEK-CT 6.25/40MG TAB 1*10,TELMICHEK-CT 6.25/40MG,10'S,Tablet,84.42,,,,,,,INDOCO REMEDIES,SYNERGY,,stock file
AT-TELMIPAC-40-10S,TELMIPAC 40 TAB 10,TELMIPAC 40,10'S,Tablet,62.79,,,,,,,KOYE PHARMACEUTICALS,CARDIC,,stock file
AT-TELMIPACK-CL-10S,TELMIPACK CL TAB 10S,TELMIPACK CL,10S,Tablet,81.56,,,,,,,KOYE PHARMACEUTICALS,CARDIC,,stock file
AT-TELMIPACK-CT-10S,TELMIPACK CT TAB 10S,TELMIPACK CT,10S,Tablet,89.06,,,,,,,KOYE PHARMACEUTICALS,CARDIC,,stock file
AT-TELMIPACK-TRIO-12-5-10S,TELMIPACK TRIO 12.5 TAB 10S,TELMIPACK TRIO 12.5,10S,Tablet,122.81,,,,,,,KOYE PHARMACEUTICALS,CARDIC,,stock file
AT-TELMIPACK-TRIO-6-25-STRIPO,TELMIPACK TRIO 6.25 TAB,TELMIPACK TRIO 6.25,STRIP OF 10 TABLETS; MASTER: 3X10 TABLETS IN MONOCARTON,Tablet,101.25,Chlorthalidone 6.25mg + Cilnidipine 10mg + Excipients Q.s + Telmisartan 40mg,chlorthalidone 6.25mg+cilnidipine 10mg+excipients q.s+telmisartan 40mg,Chlorthalidone | Cilnidipine | Excipients Q.s | Telmisartan,4,Anti-hypertensive / ARB,Not specified,KOYE PHARMACEUTICALS,CARDIC,koye,stock file
AT-TELONE-20-10S,TELONE 20 TAB 10,TELONE 20,10'S,Tablet,41.42,,,,,,,ONESTEP HEALTHCARE P. LTD,CARDIAC,,master
AT-TELONE-3D-15S,TELONE 3D TAB 15'S,TELONE 3D,15'S,Tablet,195.00,,,,,,,ONESTEP HEALTHCARE,P. LTD,,stock file
AT-TELONE-80MG-10S,TELONE 80MG TAB 10S,TELONE 80MG,10S,Tablet,106.88,,,,,,,ONESTEP HEALTHCARE P. LTD,CARDIAC,,stock file
AT-TELONE-BETA-25MG-10S,TELONE BETA 25MG TAB 10'S,TELONE BETA 25MG,10'S,Tablet,110.63,Metoprolol Succinate 25mg + Telmisartan 40mg,metoprolol succinate 25mg+telmisartan 40mg,Metoprolol Succinate | Telmisartan,2,,,ONESTEP HEALTHCARE P. LTD,CARDIAC,main,master
AT-TELONE-BETA-50MG-10S,TELONE BETA 50MG TAB 10'S,TELONE BETA 50MG,10'S,Tablet,116.25,,,,,,,ONESTEP HEALTHCARE P. LTD,CARDIAC,,master
AT-TELONE-CH-40MG-10S,TELONE CH 40MG TAB 10S,TELONE CH 40MG,10S,Tablet,88.00,,,,,,,ONESTEP HEALTHCARE P. LTD,CARDIAC,,master
AT-TELONE-40MG-10S,TELONE-40MG TAB 10S,TELONE-40MG,10S,Tablet,63.00,Telmisartan 40mg,telmisartan 40mg,Telmisartan,1,,,ONESTEP HEALTHCARE P. LTD,CARDIAC,main,master
AT-TELONE-AM-10S,TELONE-AM TAB 10S,TELONE-AM,10S,Tablet,98.00,Amlodipine 5mg + Telmisartan 40mg,amlodipine 5mg+telmisartan 40mg,Amlodipine | Telmisartan,2,,,ONESTEP HEALTHCARE P. LTD,CARDIAC,main,master
AT-TELONE-H-10S,TELONE-H TAB 10S,TELONE-H,10S,Tablet,88.13,,,,,,,ONESTEP HEALTHCARE P. LTD,CARDIAC,,master
AT-TELONE-TRIO-6-25MG-10S,TELONE-TRIO 6.25MG TAB 10'S,TELONE-TRIO 6.25MG,10'S,Tablet,120.00,,,,,,,ONESTEP HEALTHCARE P. LTD,CARDIAC,,master
AT-TELSAR-20MG-15S,TELSAR 20MG TAB 15,TELSAR 20MG,15'S,Tablet,57.42,,,,,,,TORRENT PHARMA,CD,,stock file
AT-TELSAR-40-10S,TELSAR 40 TAB 10,TELSAR 40,10'S,Tablet,108.30,,,,,,,TORRENT PHARMA,CD,,master
AT-TELSAR-80MG-10S,TELSAR 80MG TAB 10,TELSAR 80MG,10'S,Tablet,109.20,,,,,,,TORRENT PHARMA,CD,,stock file
AT-TELSAR-A-10S,TELSAR A TAB 10,TELSAR A,10'S,Tablet,238.88,,,,,,,TORRENT PHARMA,CD,,stock file
AT-TELSAR-BETA-25-10S,TELSAR BETA 25 TAB 10,TELSAR BETA 25,10'S,Tablet,292.50,Metoprolol + Telmisartan,metoprolol+telmisartan,Metoprolol | Telmisartan,2,,,TORRENT PHARMA,CD,torrent,master
AT-TELSAR-BETA-50-10S,TELSAR BETA 50 TAB 10,TELSAR BETA 50,10'S,Tablet,364.22,Metoprolol + Telmisartan,metoprolol+telmisartan,Metoprolol | Telmisartan,2,,,TORRENT PHARMA,CD,torrent,master
AT-TELSAR-BISO-2-5MG-10S,TELSAR BISO 2.5MG TAB 10'S,TELSAR BISO 2.5MG,10'S,Tablet,135.47,,,,,,,TORRENT PHARMA,CD,,master
AT-TELSAR-BISO-5MG-10S,TELSAR BISO 5MG TAB 10'S,TELSAR BISO 5MG,10'S,Tablet,132.66,,,,,,,TORRENT PHARMA,CD,,stock file
AT-TELSAR-CMH-50MG-10S,TELSAR CMH 50MG TAB 10'S,TELSAR CMH 50MG,10'S,Tablet,148.78,,,,,,,TORRENT PHARMA,CD,,stock file
AT-TELSAR-H-15S,TELSAR H TAB 15,TELSAR H,15'S,Tablet,333.80,,,,,,,TORRENT PHARMA,CD,,master
AT-TELSART-20MG-10S,TELSART 20MG TAB 10'S,TELSART 20MG,10'S,Tablet,32.81,,,,,,,FINECURE PHARMACEUTICALS,LTD,,stock file
AT-TELSART-40MG-10S,TELSART 40MG TAB 10'S,TELSART 40MG,10'S,Tablet,61.00,,,,,,,FINECURE PHARMACEUTICALS,LTD,,stock file
AT-TELSART-AM-5MG-10S,TELSART AM 5MG TAB 10'S,TELSART AM 5MG,10'S,Tablet,81.56,Amlodipine + Telmisartan,amlodipine+telmisartan,Amlodipine | Telmisartan,2,,,FINECURE PHARMACEUTICALS,LTD,main,master
AT-TELSART-AM-5MG-TAB-10-S-10,TELSART AM 5MG TAB 10'S 10,TELSART AM 5MG TAB 10'S 10,,Tablet,81.56,,,,,,,FINECURE PHARMACEUTICALS,LTD,,stock file
AT-TELSART-AMH-10S,TELSART AMH TAB 10'S,TELSART AMH,10'S,Tablet,73.13,Amlodipine + Hydrochlorothiazide + Telmisartan,amlodipine+hydrochlorothiazide+telmisartan,Amlodipine | Hydrochlorothiazide | Telmisartan,3,,,FINECURE PHARMACEUTICALS,LTD,main,master
AT-TELSART-CH-40-12-5MG-10S,TELSART-CH 40/12.5MG TAB 10'S,TELSART-CH 40/12.5MG,10'S,Tablet,84.38,Chlorthalidone + Telmisartan,chlorthalidone+telmisartan,Chlorthalidone | Telmisartan,2,,,FINECURE PHARMACEUTICALS,LTD,main,master
AT-TELSART-CH-10S,TELSART-CH TAB 10'S,TELSART-CH,10'S,Tablet,72.19,,,,,,,FINECURE PHARMACEUTICALS,LTD,,stock file
AT-TELSART-H-10S,TELSART-H TAB 10'S,TELSART-H,10'S,Tablet,76.88,Hydrochlorothiazide + Telmisartan,hydrochlorothiazide+telmisartan,Hydrochlorothiazide | Telmisartan,2,,,FINECURE PHARMACEUTICALS,LTD,main,master
AT-TELSART-M-25MG-10S,TELSART-M 25MG TAB 10'S,TELSART-M 25MG,10'S,Tablet,107.81,,,,,,,FINECURE PHARMACEUTICALS,LTD,,stock file
AT-TELSART-M-50MG-10S,TELSART-M 50MG TAB 10'S,TELSART-M 50MG,10'S,Tablet,140.63,,,,,,,FINECURE PHARMACEUTICALS,LTD,,stock file
AT-TENDORITE-10S,TENDORITE TAB 1*10'S,TENDORITE,10'S,Tablet,300.00,,,,,,,MCWEL HEALTHCARE,PVT.LTD,,master
AT-TENE-PLUS-M-1S,TENE PLUS M TAB 1,TENE PLUS M,1'S,Tablet,111.56,,,,,,,CAVIN PHARMACEUTICALS,,,stock file
AT-TENE-PLUS-3S,TENE PLUS TAB 3S,TENE PLUS,3S,Tablet,74.06,,,,,,,CAVIN PHARMACEUTICALS,,,stock file
AT-TENEBLU-M-FORTE,TENEBLU M FORTE TABS,TENEBLU M FORTE,,Tablet,107.81,Metformin + Teneligliptin,metformin+teneligliptin,Metformin | Teneligliptin,2,,,BLUE CROSS LABS,LTD,main,master
AT-TENEBLU-M-15S,TENEBLU M TAB 15'S,TENEBLU M,15'S,Tablet,66.56,Metformin + Teneligliptin,metformin+teneligliptin,Metformin | Teneligliptin,2,,,BLUE CROSS LABS,LTD,main,master
AT-TENEBLU-15S,TENEBLU TAB 15'S,TENEBLU,15'S,Tablet,150.00,Teneligliptin,teneligliptin,Teneligliptin,1,,,BLUE CROSS LABS,LTD,main,master
AT-TENEBLU-M-15S-2,TENEBLU-M TAB 15'S,TENEBLU-M,15'S,Tablet,107.81,Metformin + Teneligliptin,metformin+teneligliptin,Metformin | Teneligliptin,2,,,BLUE CROSS LABS,LTD,main,stock file
AT-TENELIN-20MG,TENELIN-20MG,TENELIN-20MG,,,129.38,,,,,,,ROSSWELT BIOSCIENCES,,,stock file
AT-TENEPURE-M-1000-10S,TENEPURE M 1000 TAB 10,TENEPURE M 1000,10'S,Tablet,275.44,,,,,,,TORRENT PHARMA,CV LIFE,,stock file
AT-TENEPURE-M-500-10S,TENEPURE M 500 TAB 10,TENEPURE M 500,10'S,Tablet,289.69,,,,,,,TORRENT PHARMA,CV LIFE,,stock file
AT-TENEPURE-10S,TENEPURE TAB 10,TENEPURE,10'S,Tablet,349.29,Teneligliptin,teneligliptin,Teneligliptin,1,,,TORRENT PHARMA,CV LIFE,torrent,stock file
AT-TENEZA-20MG-15S,TENEZA 20MG TAB 15'S,TENEZA 20MG,15'S,Tablet,222.94,Teneligliptin,teneligliptin,Teneligliptin,1,,,TORRENT PHARMA,CD,torrent,master
AT-TENEZA-M-1000-10S,TENEZA M 1000 TAB 10,TENEZA M 1000,10'S,Tablet,250.64,,,,,,,TORRENT PHARMA,CD,,stock file
AT-TENEZA-M-500-15S,TENEZA M 500 TAB 15,TENEZA M 500,15'S,Tablet,263.44,,,,,,,TORRENT PHARMA,CD,,stock file
AT-TENIPACK-10S,TENIPACK CAP 10S,TENIPACK,10S,Capsule,92.81,Excipients Q.s + Teneligliptin Hydrobromide Hydrate 20mg,excipients q.s+teneligliptin hydrobromide hydrate 20mg,Excipients Q.s | Teneligliptin Hydrobromide Hydrate,2,Oral Anti-diabetics,Not specified,KOYE PHARMACEUTICALS,CARDIC,koye,stock file
AT-TENOVATE-GN-20GM,TENOVATE GN CREAM 20GM,TENOVATE GN,20 GM,Cream,94.22,Clobetasol + Gentamicin + Neomycin,clobetasol+gentamicin+neomycin,Clobetasol | Gentamicin | Neomycin,3,,,GSK LIMITED,DERMA ACE TEAM 2,main,master
AT-TENOVATE-M-SKIN-15GM,TENOVATE M SKIN CREAM 15GM,TENOVATE M SKIN,15 GM,Cream,136.97,Clobetasol + Miconazole,clobetasol+miconazole,Clobetasol | Miconazole,2,,,GSK LIMITED,DERMA ACE TEAM 2,main,master
AT-TENOVATE-15GM,TENOVATE OINT 15GM,TENOVATE,15 GM,Ointment,112.69,Clobetasol,clobetasol,Clobetasol,1,,,GSK LIMITED,DERMA ACE TEAM 2,main,master
AT-TENOVATE-SKIN-30GM,TENOVATE SKIN CREAM 30GM,TENOVATE SKIN,30 GM,Cream,160.92,Clobetasol,clobetasol,Clobetasol,1,,,GSK LIMITED,DERMA ACE TEAM 2,main,master
AT-TENTEX-FORTE-10S,TENTEX FORTE 10S,TENTEX FORTE,10S,,131.25,Ashwagandha + Kapikacchu + Shilajit,ashwagandha+kapikacchu+shilajit,Ashwagandha | Kapikacchu | Shilajit,3,Lajjalu + Nagkesar + Triphala,PILEX FORTE TABS,HIMALAYA DRUG COMPANY,ZEAL,main,master
AT-TENTEX-ROYAL-10S,TENTEX ROYAL CAPS 10S,TENTEX ROYAL,10S,Capsule,234.38,,,,,,,HIMALAYA DRUG COMPANY,OTX,,stock file
AT-TENZULIX-M-1000MG-10S,TENZULIX M 1000MG TAB 10S,TENZULIX M 1000MG,10S,Tablet,138.33,,,,,,,TORRENT PHARMACEUTICALS,DELTA,,stock file
AT-TENZULIX-M-500MG-10S,TENZULIX M 500MG TAB 10S,TENZULIX M 500MG,10S,Tablet,198.56,,,,,,,TORRENT PHARMACEUTICALS,DELTA,,stock file
AT-TENZULIX-10S,TENZULIX TAB 10S,TENZULIX,10S,Tablet,111.98,,,,,,,TORRENT PHARMACEUTICALS,DELTA,,stock file
AT-TERBIKEM-250MG-7S,TERBIKEM 250MG TAB 7S,TERBIKEM 250MG,7S,Tablet,163.59,Terbinafine,terbinafine,Terbinafine,1,,,ALKEM PAHARMA,DARMA CARE,main,stock file
AT-TERBIKEM-10GM,TERBIKEM CREAM 10GM,TERBIKEM,10 GM,Cream,75.00,Terbinafine,terbinafine,Terbinafine,1,,,ALKEM PAHARMA,DARMA CARE,main,stock file
AT-TERISTRONG-PFS,TERISTRONG PFS VIAL,TERISTRONG PFS,,Vial,"7,217.06",,,,,,,RPG LIFE SCIENCE LTD,GLODIAN,,master
AT-TERLIFORCE,TERLIFORCE INJ,TERLIFORCE,,Injection,"1,920.09",Terlipressin,terlipressin,Terlipressin,1,,,ALEMBIC,GASTRON,main,stock file
AT-TETAN-20-10S,TETAN 20 TAB 10'S,TETAN 20,10'S,Tablet,222.19,Telmisartan,telmisartan,Telmisartan,1,,,ALEMBIC,PHARMA,main,master
AT-TETAN-40-10S-2,TETAN 40 TABS 10S,TETAN 40,10S,Tablet,108.31,Telmisartan,telmisartan,Telmisartan,1,,,ALEMBIC,PHARMA,main,stock file
AT-TETAN-80-15S,TETAN 80 TAB 15,TETAN 80,15'S,Tablet,148.52,Telmisartan,telmisartan,Telmisartan,1,,,ALEMBIC,PHARMA,main,stock file
AT-TETAN-AM-15S,TETAN AM TAB 15'S,TETAN AM,15'S,Tablet,108.31,Amlodipine + Telmisartan,amlodipine+telmisartan,Amlodipine | Telmisartan,2,,,ALEMBIC,PHARMA,main,master
AT-TETAN-BETA-25-10S,TETAN BETA 25 TAB 10'S,TETAN BETA 25,10'S,Tablet,292.87,Metoprolol + Telmisartan,metoprolol+telmisartan,Metoprolol | Telmisartan,2,,,ALEMBIC,PHARMA,main,master
AT-TETAN-BETA-50-10S,TETAN BETA 50 TAB 10'S,TETAN BETA 50,10'S,Tablet,306.09,Metoprolol + Telmisartan,metoprolol+telmisartan,Metoprolol | Telmisartan,2,,,ALEMBIC,PHARMA,main,master
AT-TETAN-CT-12-5-10S,TETAN CT 12.5 TAB 10'S,TETAN CT 12.5,10'S,Tablet,295.64,Chlorthalidone + Telmisartan,chlorthalidone+telmisartan,Chlorthalidone | Telmisartan,2,,,ALEMBIC,PHARMA,main,master
AT-TETAN-CT-6-25-10S,TETAN CT 6.25 TAB 10'S,TETAN CT 6.25,10'S,Tablet,384.56,Chlorthalidone + Telmisartan,chlorthalidone+telmisartan,Chlorthalidone | Telmisartan,2,,,ALEMBIC,PHARMA,main,master
AT-TETAN-H-15S,TETAN H TAB 15'S,TETAN H,15'S,Tablet,275.16,Hydrochlorothiazide + Telmisartan,hydrochlorothiazide+telmisartan,Hydrochlorothiazide | Telmisartan,2,,,ALEMBIC,PHARMA,main,master
AT-TETAN-TRIO-10S,TETAN TRIO TAB 10S,TETAN TRIO,10S,Tablet,193.92,Chlorthalidone + Cilnidipine + Telmisartan,chlorthalidone+cilnidipine+telmisartan,Chlorthalidone | Cilnidipine | Telmisartan,3,,,ALEMBIC,PHARMA,main,stock file
AT-TG-TOR-EZ-10S,TG TOR EZ TAB 10S,TG TOR EZ,10S,Tablet,187.69,Atorvastatin + Ezetimibe,atorvastatin+ezetimibe,Atorvastatin | Ezetimibe,2,,,TORRENT PHARMA,CV LIFE,torrent,stock file
AT-TG-TOR-10MG-10S,TG-TOR 10MG TAB 10S,TG-TOR 10MG,10S,Tablet,85.97,,,,,,,TORRENT PHARMA,CV LIFE,,stock file
AT-TG-TOR-20MG-10S,TG-TOR 20MG TAB 10S,TG-TOR 20MG,10S,Tablet,208.50,,,,,,,TORRENT PHARMA,CV LIFE,,stock file
AT-TG-TOR-40MG-10S,TG-TOR 40MG TAB 10S,TG-TOR 40MG,10S,Tablet,198.19,,,,,,,TORRENT PHARMA,CV LIFE,,stock file
AT-THEOROM-40S,THEOROM CAPS 40S,THEOROM,40S,Capsule,356.00,,,,,,,INDOCO REMEDIES LTD,ORTHO,,stock file
AT-THETA-AC-10S,THETA-AC TAB 10S,THETA-AC,10S,Tablet,140.63,,,,,,,NEO LIFE SCIENCES,,,stock file
AT-THIOHIT-AP-10S,THIOHIT-AP TAB 10S,THIOHIT-AP,10S,Tablet,274.00,Aceclofenac 100mg + Paracetamol 325mg + Thiocolchicoside 4mg,aceclofenac 100mg+paracetamol 325mg+thiocolchicoside 4mg,Aceclofenac | Paracetamol | Thiocolchicoside,3,Analgesic / Inflammatory,,ROSSWELT BIOSCIENCES,,rosswelt,master
AT-THIORIL-10-MG-10S,THIORIL 10 MG TAB 1*10,THIORIL 10 MG,10'S,Tablet,14.06,Thioridazine 10mg,thioridazine 10mg,Thioridazine,1,,,TORRENT PHARMACEUTICALS,NURON,torrent,stock file
AT-THIORIL-50-10S,THIORIL 50 TAB 10 S,THIORIL 50,10 S,Tablet,48.75,Thioridazine 50mg,thioridazine 50mg,Thioridazine,1,,,TORRENT PHARMACEUTICALS,NURON,torrent,stock file
AT-THIOX-30GM,THIOX GEL 30GM,THIOX,30 GM,Gel,249.38,Contains: Thiocolchicoside 30g + Diclofenac + Linseed Oil + Menthol + Methyl Salicylate,contains: thiocolchicoside 30g+diclofenac+linseed oil+menthol+methyl salicylate,Contains: Thiocolchicoside | Diclofenac | Linseed Oil | Menthol | Methyl Salicylate,5,NSAID Gel,Back Pain,WALLACE PHARMA.LTD.LIFESTYLE,Lifestyle,wallace,master
AT-THIOX-OD-8MG-5S,THIOX OD 8MG CAP 5'S,THIOX OD 8MG,5'S,Capsule,196.88,Aceclofenac 200mg + Thiocolchicoside 8mg,aceclofenac 200mg+thiocolchicoside 8mg,Aceclofenac | Thiocolchicoside,2,Pain Killer,Back Pain,WALLACE PHARMA.LTD.LIFESTYLE,Lifestyle,wallace,stock file
AT-THREPTIN-DISK-VANILLA-REG-275GM,THREPTIN DISK VANILLA REG 275GM,THREPTIN DISK VANILLA REG,275 GM,,453.50,,,,,,,RAPTAKOS BRETT & CO.LIMITED,,,master
AT-THREPTIN-DISKETTES-CHO-275GM,THREPTIN DISKETTES CHO.275GM,THREPTIN DISKETTES CHO,275 GM,,453.50,B Vitamins + Carbohydrates + Fats + L-Arginine 1.14g + Protein Mainly Casein 30g,b vitamins+carbohydrates+fats+l-arginine 1.14g+protein mainly casein 30g,B Vitamins | Carbohydrates | Fats | L-Arginine | Protein Mainly Casein,5,,,RAPTAKOS BRETT & CO.LIMITED,,manual,master
AT-THREPTIN-DISKETTES-FYSTIKI-S-275GM,THREPTIN DISKETTES FYSTIKI SAFFARO 275G,THREPTIN DISKETTES FYSTIKI SAFFARO,275 GM,,450.00,,,,,,,RAPTAKOS BRETT & CO.LIMITED,,,stock file
AT-THREPTIN-DISKETTES-JUNIOR-RE-250GM,THREPTIN DISKETTES JUNIOR REG 250GM,THREPTIN DISKETTES JUNIOR REG,250 GM,,444.00,,,,,,,RAPTAKOS BRETT & CO.LIMITED,,,master
AT-THREPTIN-DISKETTES-VANILLA-1GM,THREPTIN DISKETTES(VANILLA)1GM,THREPTIN DISKETTES(VANILLA),1 GM,,"1,617.50",,,,,,,RAPTAKOS BRETT & CO.LIMITED,,,master
AT-THREPTIN-LITE-275GM,THREPTIN LITE 275GM,THREPTIN LITE,275 GM,,510.00,,,,,,,RAPTAKOS BRETT & CO.LIMITED,,,master
AT-THREPTIN-MICROMIX-CF-200GM,THREPTIN MICROMIX CF 200GM 200GM,THREPTIN MICROMIX CF,200 GM,,432.00,,,,,,,RAPTAKOS BRETT & CO.LIMITED,,,stock file
AT-THREPTIN-POWDER-CHOCOLATE-F-200GM,THREPTIN POWDER CHOCOLATE/F 200GM,THREPTIN POWDER CHOCOLATE/F,200 GM,Powder,417.00,,,,,,,RAPTAKOS BRETT & CO.LIMITED,,,master
AT-THREPTIN-POWDER-VANILLA-200GM,THREPTIN POWDER VANILLA 200G.,THREPTIN POWDER VANILLA,200 GM,Powder,417.00,,,,,,,RAPTAKOS BRETT & CO.LIMITED,,,master
AT-TICAVIC-60MG-10,TICAVIC 60MG TAB 10',TICAVIC 60MG,10',Tablet,204.80,Ticagrelor,ticagrelor,Ticagrelor,1,,,ALKEM LABORATORIES LTD,IMPERIA,main,stock file
AT-TICAVIC-60MG-10S,TICAVIC 60MG TAB 10'S,TICAVIC 60MG,10'S,Tablet,204.80,Ticagrelor,ticagrelor,Ticagrelor,1,,,ALKEM LABORATORIES LTD,IMPERIA,main,master
AT-TICAVIC-90MG-10S,TICAVIC 90MG TAB 10'S,TICAVIC 90MG,10'S,Tablet,255.00,Ticagrelor,ticagrelor,Ticagrelor,1,,,ALKEM LABORATORIES LTD,IMPERIA,main,master
AT-TICOLEX-200ML,TICOLEX SYP 200ML,TICOLEX,200 ML,Syrup,178.13,,,,,,,NEO LIFE SCIENCES,,,master
AT-TIDE-PLUS-10-10S,TIDE PLUS 10 TAB 10S,TIDE PLUS 10,10S,Tablet,50.15,Spironolactone + Torsemide,spironolactone+torsemide,Spironolactone | Torsemide,2,,,TORRENT PHARMACEUTICALS,FORZA,torrent,master
AT-TIDE-10-10S,TIDE-10 TAB 10S,TIDE-10,10S,Tablet,71.53,,,,,,,TORRENT PHARMACEUTICALS,FORZA,,master
AT-TIDE-100-10S,TIDE-100 TAB 10'S,TIDE-100,10'S,Tablet,288.66,,,,,,,TORRENT PHARMACEUTICALS,FORZA,,stock file
AT-TIDE-20-10S,TIDE-20 TAB 10S,TIDE-20,10S,Tablet,76.97,,,,,,,TORRENT PHARMACEUTICALS,FORZA,,stock file
AT-TIDE-5-10S,TIDE-5 TAB 10'S,TIDE-5,10'S,Tablet,28.50,,,,,,,TORRENT PHARMACEUTICALS,FORZA,,stock file
AT-TIDOMET-FORTE-DE-10S,TIDOMET FORTE (DE)TAB 10S,TIDOMET FORTE (DE),10S,Tablet,34.06,Carbidopa Evodopa 25mg/l,carbidopa evodopa 25mg/l,Carbidopa Evodopa,1,,,TORRENT PHARMACEUTICALS,NURON,torrent,stock file
AT-TIDOMET-LS-10S,TIDOMET LS TAB 10 S,TIDOMET LS,10 S,Tablet,27.70,Carbidopa 10mg + Combination Of Levodopa 100mg,carbidopa 10mg+combination of levodopa 100mg,Carbidopa | Combination Of Levodopa,2,,,TORRENT PHARMACEUTICALS,NURON,torrent,master
AT-TIDOMET-PLUS-10S,TIDOMET PLUS TAB 10 S,TIDOMET PLUS,10 S,Tablet,24.15,Carbidopa Evodopa 25mg/l,carbidopa evodopa 25mg/l,Carbidopa Evodopa,1,,,TORRENT PHARMACEUTICALS,NURON,torrent,stock file
AT-TOBAREN-DM-EYE-DROPS-1-10ML,TOBAREN -DM EYE DROPS 1*10ML,TOBAREN -DM EYE DROPS 1*,10 ML,Drops,84.00,,,,,,,INDOCO REMEDIES LTD,EXCEL,,stock file
AT-TOBAREN-DROP-5ML,TOBAREN DROP 5ML,TOBAREN DROP,5 ML,Drops,86.00,,,,,,,INDOCO REMEDIES LTD,WARREN,,stock file
AT-TOCAMIDE-15S,TOCAMIDE TAB 15S,TOCAMIDE,15S,Tablet,305.34,Tolvaptan,tolvaptan,Tolvaptan,1,,,ALEMBIC,ENTERON,main,stock file
AT-TOCEF-100-10S,TOCEF 100 TAB 1*10,TOCEF 100,10'S,Tablet,112.50,,,,,,,SYNCHEM PHARMACEUTICALS,PVT.LMT,,stock file
AT-TOCEF-200-10S,TOCEF 200 TAB 1*10,TOCEF 200,10'S,Tablet,182.81,,,,,,,SYNCHEM PHARMACEUTICALS,PVT.LMT,,master
AT-TOCEF-50-SYP-1-30ML,TOCEF 50 SYP 1*30ML,TOCEF 50 SYP 1*,30 ML,Syrup,92.81,,,,,,,SYNCHEM PHARMACEUTICALS,PVT.LMT,,stock file
AT-TOCEF-50,TOCEF 50 TABS,TOCEF 50,,Tablet,92.81,,,,,,,SYNCHEM PHARMACEUTICALS,PVT.LMT,,master
AT-TOCEF-CV-100DT-6S,TOCEF CV 100DT TAB 6S,TOCEF CV 100DT,6S,Tablet,102.09,,,,,,,SYNCHEM PHARMACEUTICALS,PVT.LMT,,stock file
AT-TOCEF-CV-200-6S,TOCEF CV 200 TAB 1*6,TOCEF CV 200,6'S,Tablet,271.88,Cefpodoxime Proxetil 200mg + Clavulanic Acid 125mg,cefpodoxime proxetil 200mg+clavulanic acid 125mg,Cefpodoxime Proxetil | Clavulanic Acid,2,Anti-infective - Cephalosporin + β-lactamase inhibitor,"Respiratory tract, ENT, urinary tract, skin and other bacterial infections",SYNCHEM PHARMACEUTICALS,PVT.LMT,synchem,stock file
AT-TOCEF-CV-50-DRY-SYP-1-30ML,TOCEF CV 50 DRY SYP 1*30ML,TOCEF CV 50 DRY SYP 1*,30 ML,Dry Syrup,107.81,,,,,,,SYNCHEM PHARMACEUTICALS,PVT.LMT,,stock file
AT-TOCEF-CV-50DT-6S,TOCEF CV 50DT TAB 6S,TOCEF CV 50DT,6S,Tablet,68.06,,,,,,,SYNCHEM PHARMACEUTICALS,PVT.LMT,,stock file
AT-TOCEF-CV-DROP-1-10ML,TOCEF CV DROP 1*10ML,TOCEF CV DROP 1*,10 ML,Drops,164.06,,,,,,,SYNCHEM PHARMACEUTICALS,PVT.LMT,,master
AT-TOCEF-DROP-10ML-1-10ML,TOCEF DROP 10ML 1*10ML,TOCEF DROP 10ML 1*,10 ML,Drops,97.50,,,,,,,SYNCHEM PHARMACEUTICALS,PVT.LMT,,master
AT-TOCEF-O-100DT-10S,TOCEF O 100DT TAB 10S,TOCEF O 100DT,10S,Tablet,173.44,,,,,,,SYNCHEM PHARMACEUTICALS,PVT.LMT,,stock file
AT-TOCEF-O-200-10S,TOCEF O 200 TAB 10S,TOCEF O 200,10S,Tablet,215.63,,,,,,,SYNCHEM PHARMACEUTICALS,PVT.LMT,,stock file
AT-TOCO-FIBRO-10S,TOCO FIBRO CAP 10'S,TOCO FIBRO,10'S,Capsule,356.00,,,,,,,INDOCO,REMEDIES LTD,,stock file
AT-TOFALEMBIC-5MG-14S,TOFALEMBIC 5MG TAB 14'S,TOFALEMBIC 5MG,14'S,Tablet,318.84,Tofacitinib,tofacitinib,Tofacitinib,1,,,ALEMBIC,PHARMA,main,master
AT-TOFASHINE-5MG-10S,TOFASHINE 5MG TAB 10'S,TOFASHINE 5MG,10'S,Tablet,392.81,,,,,,,SUN PHARMA LAB.LTD,CROSSLAND-LIFE,,master
AT-TOFASHINE-XR-11MG-10S,TOFASHINE XR 11MG TAB 10'S,TOFASHINE XR 11MG,10'S,Tablet,890.63,,,,,,,SUN PHARMA LAB.LTD,CROSSLAND-LIFE,,master
AT-TOFASTAR-5MG-10S,TOFASTAR 5MG 10'S,TOFASTAR 5MG,10'S,Tablet,249.38,Tofacitinib,tofacitinib,Tofacitinib,1,,,ALEMBIC,OSTEOFID,main,stock file
AT-TOFASTAR-OD-11MG-14S,TOFASTAR OD 11MG TAB 14'S,TOFASTAR OD 11MG,14'S,Tablet,420.00,Tofacitinib,tofacitinib,Tofacitinib,1,,,ALEMBIC,OSTEOFID,main,stock file
AT-TOFATOP-5MG-10S,TOFATOP 5MG TAB 10'S,TOFATOP 5MG,10'S,Tablet,195.90,Tofacitinib,tofacitinib,Tofacitinib,1,,,ALKEM LAB,LTD DERMAKEM,main,master
AT-TOFATOP-OINTMENT-15GM,TOFATOP OINTMENT 15GM,TOFATOP OINTMENT,15 GM,Ointment,703.13,Tofacitinib,tofacitinib,Tofacitinib,1,,,ALKEM LAB,LTD DERMAKEM,main,master
AT-TOFATOP-XR-10S,TOFATOP XR TAB 10'S,TOFATOP XR,10'S,Tablet,300.00,Tofacitinib,tofacitinib,Tofacitinib,1,,,ALKEM LAB,LTD DERMAKEM,main,stock file
AT-TOFE-10MG-10S,TOFE 10MG TAB 10'S,TOFE 10MG,10'S,Tablet,365.63,Tofacitinib 5mg,tofacitinib 5mg,Tofacitinib,1,"Rheumatoid Arthritis, Psoriatic Arthritis",,ALKEM LABORATORIE LTD,VITA,alkem,stock file
AT-TOFE-5MG-10S,TOFE 5MG TAB 10'S,TOFE 5MG,10'S,Tablet,215.45,Tofacitinib 5mg,tofacitinib 5mg,Tofacitinib,1,"Rheumatoid Arthritis, Psoriatic Arthritis",,ALKEM LABORATORIE LTD,VITA,alkem,stock file
AT-TOFE-ER-11MG-10S,TOFE ER 11MG TAB 10'S,TOFE ER 11MG,10'S,Tablet,330.00,Tofacitinib,tofacitinib,Tofacitinib,1,,,ALKEM LABORATORIE LTD,VITA,main,master
AT-TOFUMA-5MG-10S,TOFUMA 5MG TAB 1*10'S,TOFUMA 5MG,10'S,Tablet,487.50,,,,,,,RPG LIFE SCIENCE LTD,GLODIAN,,master
AT-TOFZA-14S,TOFZA TAB 14'S,TOFZA,14'S,Tablet,576.56,Tofacitinib 5mg,tofacitinib 5mg,Tofacitinib,1,Targeted Specific Disease Modifying Anti Rheumatic Drugs,PsA,WALLACE PHARMA.LTD.LIFESTYLE,Lifestyle,wallace,master
AT-TOFZA-XR-11MG-10S,TOFZA XR 11MG TAB 10'S,TOFZA XR 11MG,10'S,Tablet,609.38,Tofacitinib 11mg,tofacitinib 11mg,Tofacitinib,1,Targeted Specific Disease Modifying Anti Rheumatic Drugs,PsA,WALLACE PHARMA.LTD.LIFESTYLE,Lifestyle,wallace,master
AT-TOLAZ-DT-10-10S,TOLAZ DT 10 TAB 10,TOLAZ DT 10,10'S,Tablet,165.35,Olanzapine Orally Disintegrating,olanzapine orally disintegrating,Olanzapine Orally Disintegrating,1,,,TORRENT PHARMACEUTICALS,MIND,torrent,master
AT-TOLAZ-DT-2-5,TOLAZ DT 2.5 TAB,TOLAZ DT 2.5,,Tablet,70.40,Olanzapine Orally Disintegrating,olanzapine orally disintegrating,Olanzapine Orally Disintegrating,1,,,TORRENT PHARMACEUTICALS,MIND,torrent,master
AT-TOLAZ-DT-5-MG-15S,TOLAZ DT 5 MG TAB 15S,TOLAZ DT 5 MG,15S,Tablet,98.25,Olanzapine Orally Disintegrating,olanzapine orally disintegrating,Olanzapine Orally Disintegrating,1,,,TORRENT PHARMACEUTICALS,MIND,torrent,master
AT-TOLAZ-LA-210MG,TOLAZ LA 210MG INJ. VIAL,TOLAZ LA 210MG,,Injection,"1,546.00",,,,,,,TORRENT PHARMACEUTICALS,MIND,,master
AT-TOLAZ-LA-300,TOLAZ LA 300 INJ,TOLAZ LA 300,,Injection,"1,869.00",,,,,,,TORRENT PHARMACEUTICALS,MIND,,master
AT-TOLAZ-LA-405MG,TOLAZ LA 405MG,TOLAZ LA 405MG,,,"2,038.00",,,,,,,TORRENT PHARMACEUTICALS,MIND,,master
AT-TOLAZ-DT-7-5-10S,TOLAZ-DT 7.5 TAB 10S,TOLAZ-DT 7.5,10S,Tablet,104.55,,,,,,,TORRENT PHARMACEUTICALS,MIND,,master
AT-TOLAZ-MD-10-10S,TOLAZ-MD 10 TAB 10 S,TOLAZ-MD 10,10 S,Tablet,27.19,,,,,,,TORRENT PHARMACEUTICALS,MIND,,stock file
AT-TOLAZ-MD-2-5-10S,TOLAZ-MD 2.5 TABS 10 S,TOLAZ-MD 2.5,10 S,Tablet,10.78,,,,,,,TORRENT PHARMACEUTICALS,MIND,,stock file
AT-TOLAZ-MD-5-10S,TOLAZ-MD 5 TAB 10 S,TOLAZ-MD 5,10 S,Tablet,18.41,,,,,,,TORRENT PHARMACEUTICALS,MIND,,stock file
AT-TOLDIN-400-10S,TOLDIN 400 TAB 10S,TOLDIN 400,10S,Tablet,67.83,,,,,,,TORRENT PHARMA,UNO VISTA,,stock file
AT-TOLDIN-ER-600-10S,TOLDIN ER 600 TAB 10S,TOLDIN ER 600,10S,Tablet,196.59,Etodolac Extended-Release,etodolac extended-release,Etodolac Extended-Release,1,,,TORRENT PHARMA,UNO VISTA,torrent,master
AT-TOLDIN-P-10S,TOLDIN P TAB 10S,TOLDIN P,10S,Tablet,70.31,,,,,,,TORRENT PHARMA,UNO VISTA,,stock file
AT-TOLKEM-450-SR-10S,TOLKEM 450 SR TAB 10'S,TOLKEM 450 SR,10'S,Tablet,510.90,Tolperisone 50mg,tolperisone 50mg,Tolperisone,1,Muscle relaxant,,ALKEM LAB.LTD,PRIZMA,alkem,master
AT-TOLKEM-50MG-10S,TOLKEM 50MG 10'S,TOLKEM 50MG,10'S,Tablet,53.91,Tolperisone 50mg,tolperisone 50mg,Tolperisone,1,Antipsychotic,,ALKEM LAB.LTD,PRIZMA,alkem,stock file
AT-TOLKEM-D-10S,TOLKEM D TAB 10'S,TOLKEM D,10'S,Tablet,221.25,Diclofenac ) 50mg + Tolperisone 150mg,diclofenac ) 50mg+tolperisone 150mg,Diclofenac ) | Tolperisone,2,Muscle relaxant,,ALKEM LAB.LTD,PRIZMA,manual,master
AT-TOLKEM-D-10S-2,TOLKEM D TAB 10S,TOLKEM D,10S,Tablet,221.25,Diclofenac + Tolperisone,diclofenac+tolperisone,Diclofenac | Tolperisone,2,Muscle relaxant,,ALKEM LAB.LTD,PRIZMA,main,stock file
AT-TOLKEM-10S,TOLKEM TAB 10'S,TOLKEM,10'S,Tablet,192.15,Tolperisone 100mg,tolperisone 100mg,Tolperisone,1,Muscle relaxant,,ALKEM LAB.LTD,PRIZMA,alkem,master
AT-TOLOL-AM-25-10S,TOLOL AM 25 TAB 10,TOLOL AM 25,10'S,Tablet,68.20,,,,,,,TORRENT PHARMA,CV LIFE,,stock file
AT-TOLOL-AM-50,TOLOL AM 50 TAB,TOLOL AM 50,,Tablet,93.97,Amlodipine + Metoprolol Succinate,amlodipine+metoprolol succinate,Amlodipine | Metoprolol Succinate,2,,,TORRENT PHARMA,CV LIFE,torrent,stock file
AT-TOLOL-XR-25-10S,TOLOL XR 25 TAB 10,TOLOL XR 25,10'S,Tablet,32.53,Metoprolol Succinate Prolonged-Release,metoprolol succinate prolonged-release,Metoprolol Succinate Prolonged-Release,1,,,TORRENT PHARMA,CV LIFE,torrent,stock file
AT-TOLOL-XR-50-10S,TOLOL XR 50 TAB 10,TOLOL XR 50,10'S,Tablet,49.13,Metoprolol Succinate Prolonged-Release,metoprolol succinate prolonged-release,Metoprolol Succinate Prolonged-Release,1,,,TORRENT PHARMA,CV LIFE,torrent,stock file
AT-TOPCEF-200DT-1S,TOPCEF 200DT TAB 1S,TOPCEF 200DT,1S,Tablet,71.75,,,,,,,TORRENT PHARMA LTD,SPERSH,,stock file
AT-TOPCID-20-TAS-14S,TOPCID 20 TAS 14S,TOPCID 20 TAS,14S,,3.94,,,,,,,TORRENT PHARMA,VISTA,,stock file
AT-TOPCID-40-14S,TOPCID 40 TAB 14S,TOPCID 40,14S,Tablet,6.09,Famotidine 40mg,famotidine 40mg,Famotidine,1,,,TORRENT PHARMA,VISTA,torrent,stock file
AT-TOPEMA-50-10S,TOPEMA 50 TAB 10'S,TOPEMA 50,10'S,Tablet,289.65,Topiramate,topiramate,Topiramate,1,,,ALKEM LAB. LTD,PENTACARE,main,stock file
AT-TOPEMA-25-TAB-10T,TOPEMA-25 TAB 10T,TOPEMA-25 TAB 10T,,Tablet,105.00,Topiramate,topiramate,Topiramate,1,,,ALKEM LAB. LTD,PENTACARE,main,stock file
AT-TOPGRAF-OINT-03-10GM,TOPGRAF OINT .03% 10GM,TOPGRAF OINT .03%,10 GM,Ointment,162.28,,,,,,,GSK LIMITED,TEAM 2 ETT,,stock file
AT-TOPGRAF-OINT-1-10GM,TOPGRAF OINT .1% 10GM,TOPGRAF OINT .1%,10 GM,Ointment,415.45,,,,,,,GSK LIMITED,TEAM 2 ETT,,stock file
AT-TOPIROXO-20MG-10S,TOPIROXO 20MG TAB 10'S,TOPIROXO 20MG,10'S,Tablet,113.40,Topiramate,topiramate,Topiramate,1,,,ALKEM LABORATORIES LTD,BERGEN CRISTA,main,master
AT-TOPIROXO-40MG-10S,TOPIROXO 40MG TAB 10'S,TOPIROXO 40MG,10'S,Tablet,203.90,Topiramate,topiramate,Topiramate,1,,,ALKEM LABORATORIES LTD,BERGEN CRISTA,main,master
AT-TORBULK-90GM-BOTTLE,"TORBULK,90GM,BOTTLE","TORBULK,90GM,BOTTLE",,,338.40,,,,,,,TORRENT PHARMACEUTICALS,LTD,,master
AT-TORCILIN-T-10S,TORCILIN -T TAB 1*10,TORCILIN -T,10'S,Tablet,144.80,Cilnidipine 10mg + Telmisartan 40mg,cilnidipine 10mg+telmisartan 40mg,Cilnidipine | Telmisartan,2,,,TORRENT PHARMA,CV LIFE,torrent,master
AT-TORCILIN-10-10S,TORCILIN 10 TAB 1*10,TORCILIN 10,10'S,Tablet,103.64,Cilnidipine 5mg,cilnidipine 5mg,Cilnidipine,1,,,TORRENT PHARMA,CV LIFE,torrent,stock file
AT-TORCILIN-5-MG-10S,TORCILIN 5 MG TAB 1*10,TORCILIN 5 MG,10'S,Tablet,41.72,Cilnidipine 5mg,cilnidipine 5mg,Cilnidipine,1,,,TORRENT PHARMA,CV LIFE,torrent,stock file
AT-TORCOXIA-BCD-90-10S,TORCOXIA BCD 90 TAB 10S,TORCOXIA BCD 90,10S,Tablet,107.16,Etoricoxib 90mg,etoricoxib 90mg,Etoricoxib,1,,,TORRENT PHARMACEUTICALS,LTD,torrent,stock file
AT-TORFIX-10S,TORFIX TAB 10S,TORFIX,10S,Tablet,176.25,Rifaximin 200mg,rifaximin 200mg,Rifaximin,1,,,TORRENT PHARMACEUTICAL,PRIMA,torrent,stock file
AT-TORFLASH-SCHE-1GM,TORFLASH SCHE 1GM,TORFLASH SCHE,1 GM,,30.47,,,,,,,TORRENT PHARMACEUTICALS,LTD,,master
AT-TORGLIP-50MG-10S,TORGLIP 50MG TAB 10S,TORGLIP 50MG,10S,Tablet,67.03,Vildagliptin,vildagliptin,Vildagliptin,1,,,TORRENT PHARMACEUTICALS,LTD,torrent,master
AT-TORGLIP-M-50-1000MG-10S,TORGLIP M 50/1000MG TAB 10S,TORGLIP M 50/1000MG,10S,Tablet,113.76,,,,,,,TORRENT PHARMACEUTICALS,LTD,,master
AT-TORGLIP-M-50-500MG-10S,TORGLIP M 50/500MG TAB 10S,TORGLIP M 50/500MG,10S,Tablet,113.76,,,,,,,TORRENT PHARMACEUTICALS,LTD,,master
AT-TORGLIP-M-OD-100-500MG-10S,TORGLIP M OD 100/500MG TAB 10'S,TORGLIP M OD 100/500MG,10'S,Tablet,139.69,,,,,,,TORRENT PHARMACEUTICALS,LTD,,stock file
AT-TORGLIP-R-10S,TORGLIP R TAB 10'S,TORGLIP R,10'S,Tablet,168.70,Remogliflozin + Vildagliptin,remogliflozin+vildagliptin,Remogliflozin | Vildagliptin,2,,,TORRENT PHARMACEUTICALS,LTD,torrent,master
AT-TORKAST-FX,TORKAST FX TAB,TORKAST FX,,Tablet,131.25,,,,,,,TORRENT PHARMA,VISTA,,stock file
AT-TORLEVA-1000-10S,TORLEVA 1000 TAB 10 S,TORLEVA 1000,10 S,Tablet,423.45,,,,,,,TORRENT PHARMACEUTICALS,MIND,,master
AT-TORLEVA-250-10S,TORLEVA 250 TAB 10 S,TORLEVA 250,10 S,Tablet,67.25,,,,,,,TORRENT PHARMACEUTICALS,MIND,,master
AT-TORLEVA-500-10S,TORLEVA 500 TAB 10 S,TORLEVA 500,10 S,Tablet,138.60,,,,,,,TORRENT PHARMACEUTICALS,MIND,,master
AT-TORLEVA-750-10S,TORLEVA 750 TAB 10 S,TORLEVA 750,10 S,Tablet,206.55,,,,,,,TORRENT PHARMACEUTICALS,MIND,,master
AT-TORLEVA-100ML,TORLEVA SYRUP 100 ML,TORLEVA,100 ML,Syrup,423.95,Levetiracetam 100mg/ml,levetiracetam 100mg/ml,Levetiracetam,1,,,TORRENT PHARMACEUTICALS,MIND,torrent,stock file
AT-TORLEVA-XR-1000MG-10S,TORLEVA XR 1000MG TAB 10'S,TORLEVA XR 1000MG,10'S,Tablet,496.55,Levetiracetam Prolonged-Release,levetiracetam prolonged-release,Levetiracetam Prolonged-Release,1,,,TORRENT PHARMACEUTICALS,MIND,torrent,master
AT-TORLEVA-XR-500MG-10S,TORLEVA XR 500MG TAB 10'S,TORLEVA XR 500MG,10'S,Tablet,136.50,Levetiracetam Prolonged-Release,levetiracetam prolonged-release,Levetiracetam Prolonged-Release,1,,,TORRENT PHARMACEUTICALS,MIND,torrent,master
AT-TORLEVA-XR-750-10S,"TORLEVA XR 750,TAB 10'S",TORLEVA XR 750,10'S,Tablet,195.45,Levetiracetam Prolonged-Release,levetiracetam prolonged-release,Levetiracetam Prolonged-Release,1,,,TORRENT PHARMACEUTICALS,MIND,torrent,stock file
AT-TORPANEL-2MG-10S,TORPANEL 2MG TAB 10'S,TORPANEL 2MG,10'S,Tablet,122.80,Perampanel 6mg,perampanel 6mg,Perampanel,1,,,TORRENT PHARMACEUTICALS,MIND,torrent,master
AT-TORPANEL-4MG-10S,TORPANEL 4MG TAB 10'S,TORPANEL 4MG,10'S,Tablet,185.35,Perampanel 6mg,perampanel 6mg,Perampanel,1,,,TORRENT PHARMACEUTICALS,MIND,torrent,master
AT-TORPANEL-6MG-10S,TORPANEL 6MG TAB 10'S,TORPANEL 6MG,10'S,Tablet,247.64,Perampanel 6mg,perampanel 6mg,Perampanel,1,,,TORRENT PHARMACEUTICALS,MIND,torrent,master
AT-TORPANEL-8MG-10S,TORPANEL 8MG TAB 10'S,TORPANEL 8MG,10'S,Tablet,281.91,Perampanel 6mg,perampanel 6mg,Perampanel,1,,,TORRENT PHARMACEUTICALS,MIND,torrent,master
AT-TORRELAX-200ML,TORRELAX SYRUP 200ML,TORRELAX,200 ML,Syrup,223.03,,,,,,,TORRENT PHARMACEUTICAL,PRIMA,,stock file
AT-TORUTIC-10MG-10S,TORUTIC 10MG TAB 1*10,TORUTIC 10MG,10'S,Tablet,82.97,Torasemide,torasemide,Torasemide,1,,,ARRIENT HEALTHCARE,(MERAKUS)PRIVATE LIM,main,master
AT-TORUTIC-20MG-10S,TORUTIC 20MG TAB 1*10,TORUTIC 20MG,10'S,Tablet,92.81,Torsemide,torsemide,Torsemide,1,,,ARRIENT HEALTHCARE,(MERAKUS)PRIVATE LIM,main,stock file
AT-TORUTIC-PLUS-15S,TORUTIC PLUS TAB 1*15'S,TORUTIC PLUS,15'S,Tablet,186.56,Spironolactone + Torasemide,spironolactone+torasemide,Spironolactone | Torasemide,2,,,ARRIENT HEALTHCARE,(MERAKUS)PRIVATE LIM,main,master
AT-TORVATE-200-10S,"TORVATE 200,TAB 10'S",TORVATE 200,10'S,Tablet,28.81,Of Sodium Valproate 200mg,of sodium valproate 200mg,Of Sodium Valproate,1,,,TORRENT PHARMACEUTICALS,MIND,torrent,master
AT-TORVATE-300-10S,"TORVATE 300,TAB 10'S",TORVATE 300,10'S,Tablet,40.31,Of Sodium Valproate 200mg,of sodium valproate 200mg,Of Sodium Valproate,1,,,TORRENT PHARMACEUTICALS,MIND,torrent,master
AT-TORVATE-500-10S,"TORVATE 500,TAB 10'S",TORVATE 500,10'S,Tablet,58.15,Of Sodium Valproate 200mg,of sodium valproate 200mg,Of Sodium Valproate,1,,,TORRENT PHARMACEUTICALS,MIND,torrent,master
AT-TORVATE-CHRONO-200-10S,TORVATE CHRONO 200 TAB 10,TORVATE CHRONO 200,10'S,Tablet,35.38,Of Sodium Valproate + Valproic Acid,of sodium valproate+valproic acid,Of Sodium Valproate | Valproic Acid,2,,,TORRENT PHARMACEUTICALS,NURON,torrent,stock file
AT-TORVATE-CHRONO-300-10S,TORVATE CHRONO 300 TAB 10,TORVATE CHRONO 300,10'S,Tablet,54.05,Of Sodium Valproate + Valproic Acid,of sodium valproate+valproic acid,Of Sodium Valproate | Valproic Acid,2,,,TORRENT PHARMACEUTICALS,NURON,torrent,master
AT-TORVATE-CHRONO-500-10S,TORVATE CHRONO 500 TAB 10,TORVATE CHRONO 500,10'S,Tablet,76.10,Of Sodium Valproate + Valproic Acid,of sodium valproate+valproic acid,Of Sodium Valproate | Valproic Acid,2,,,TORRENT PHARMACEUTICALS,NURON,torrent,master
AT-TORVOX-10-10S,TORVOX 10 TAB 10,TORVOX 10,10'S,Tablet,198.80,Vortioxetine 5mg,vortioxetine 5mg,Vortioxetine,1,,,TORRENT PHARMACEUTICALS,LTD,torrent,master
AT-TORVOX-20-10S,TORVOX 20 TAB 10,TORVOX 20,10'S,Tablet,319.36,Vortioxetine 5mg,vortioxetine 5mg,Vortioxetine,1,,,TORRENT PHARMACEUTICALS,LTD,torrent,stock file
AT-TORVOX-5-10S,TORVOX 5 TAB 10S,TORVOX 5,10S,Tablet,84.38,Vortioxetine 5mg,vortioxetine 5mg,Vortioxetine,1,,,TORRENT PHARMACEUTICALS,LTD,torrent,stock file
AT-TOTALDERM-10GM,TOTALDERM CREAM 10GM.,TOTALDERM,10 GM,Cream,49.69,Clobetasol + Gentamicin + Miconazole,clobetasol+gentamicin+miconazole,Clobetasol | Gentamicin | Miconazole,3,,,ALKEM PHARMA,ALPHA MAX,main,stock file
AT-TOTALDERM-PLUS-15GM,TOTALDERM PLUS CREAM 15GM,TOTALDERM PLUS,15 GM,Cream,45.94,Clobetasol + Gentamicin + Miconazole,clobetasol+gentamicin+miconazole,Clobetasol | Gentamicin | Miconazole,3,,,ALKEM PHARMA,ALPHA MAX,main,stock file
AT-TOZAAR-25-10S,TOZAAR 25 TAB 10S,TOZAAR 25,10S,Tablet,32.63,Losartan Potassium 25mg,losartan potassium 25mg,Losartan Potassium,1,,,TORRENT PHARMACEUTICALS,DELTA,torrent,stock file
AT-TOZAAR-50-10S,TOZAAR 50 TAB 10S,TOZAAR 50,10S,Tablet,71.63,Losartan Potassium 50mg,losartan potassium 50mg,Losartan Potassium,1,,,TORRENT PHARMACEUTICALS,DELTA,torrent,stock file
AT-TOZAAR-AT-10S,TOZAAR AT TAB 10S,TOZAAR AT,10S,Tablet,225.14,Atenolol + Losartan Potassium,atenolol+losartan potassium,Atenolol | Losartan Potassium,2,,,TORRENT PHARMACEUTICALS,DELTA,torrent,stock file
AT-TOZAAR-H-10S,TOZAAR H TAB 10S,TOZAAR H,10S,Tablet,107.53,Hydrochlorothiazide + Losartan Potassium,hydrochlorothiazide+losartan potassium,Hydrochlorothiazide | Losartan Potassium,2,,,TORRENT PHARMACEUTICALS,DELTA,torrent,stock file
AT-TOZAM-10S,TOZAM TAB 10,TOZAM,10'S,Tablet,144.09,Amlodipine + Losartan Potassium,amlodipine+losartan potassium,Amlodipine | Losartan Potassium,2,,,TORRENT PHARMACEUTICALS,LTD,torrent,stock file
AT-TRACNIL-M-10S,TRACNIL M TAB 10'S,TRACNIL M,10'S,Tablet,240.00,,,,,,,TORRENT PHARMACEUTICALS,LTD,,master
AT-TRADE-ARTICLE-COTTON-CARRY-B,TRADE ARTICLE COTTON CARRY BAG,TRADE ARTICLE COTTON CARRY BAG,,,0.00,,,,,,,SYNCHEM PHARMACEUTICALS,PVT.LMT,,master
AT-TRADE-ARTICLE-FLASK-SET,TRADE ARTICLE FLASK SET,TRADE ARTICLE FLASK SET,,,1.05,,,,,,,SYNCHEM PHARMACEUTICALS,PVT.LMT,,master
AT-TRADE-ARTICLE-S-BAG,TRADE ARTICLE-S.BAG,TRADE ARTICLE-S.BAG,,,1.05,,,,,,,SYNCHEM PHARMACEUTICALS,PVT.LMT,,master
AT-TRAJENTA-5MG,Trajenta 5mg Tablet,Trajenta 5mg,,Tablet,348.75,Linagliptin 5mg,linagliptin 5mg,Linagliptin,1,,Type 2 diabetes mellitus,BOEHRINGER INGELHEIM,,main,master
AT-TRAJENTA-DUO-2-5MG-1000MG,Trajenta Duo 2.5mg/1000mg Tablet,Trajenta Duo 2.5mg/1000mg,,Tablet,191.25,Linagliptin 2.5mg + Metformin 1000mg,linagliptin 2.5mg+metformin 1000mg,Linagliptin | Metformin,2,,Type 2 diabetes mellitus,BOEHRINGER INGELHEIM,,main,master
AT-TRAJENTA-DUO-2-5MG-500MG,Trajenta Duo 2.5mg/500mg Tablet,Trajenta Duo 2.5mg/500mg,,Tablet,201.50,Linagliptin 2.5mg + Metformin 500mg,linagliptin 2.5mg+metformin 500mg,Linagliptin | Metformin,2,,Type 2 diabetes mellitus,BOEHRINGER INGELHEIM,,main,master
AT-TRAJENTA-DUO-2-5MG-850MG,Trajenta Duo 2.5mg/850mg Tablet,Trajenta Duo 2.5mg/850mg,,Tablet,,Linagliptin 2.5mg + Metformin 850mg,linagliptin 2.5mg+metformin 850mg,Linagliptin | Metformin,2,,Type 2 diabetes mellitus,BOEHRINGER INGELHEIM,,main,master
AT-TRALIN-100MG-10S,TRALIN 100MG TABS 10'S,TRALIN 100MG,10'S,Tablet,136.88,Sertraline,sertraline,Sertraline,1,,,ALKEM LAB.LTD,PRIZMA,main,stock file
AT-TRALIN-25MG-10S,TRALIN 25MG TAB 10'S,TRALIN 25MG,10'S,Tablet,36.09,Sertraline,sertraline,Sertraline,1,,,ALKEM LAB.LTD,PRIZMA,main,stock file
AT-TRALIN-50MG-10S,TRALIN 50MG. 10S',TRALIN 50MG. 10S',,,85.31,Sertraline,sertraline,Sertraline,1,,,ALKEM LAB.LTD,PRIZMA,main,stock file
AT-TRAMIC-MF-10S,TRAMIC-MF TAB 10S,TRAMIC-MF,10S,Tablet,300.00,,,,,,,"RPG LIFE SCIENCES L..,",SEARLE,,stock file
AT-TRAVORITE-EYE-3ML,TRAVORITE EYE DROPS 3ML,TRAVORITE EYE,3 ML,Drops,206.25,Travoprost,travoprost,Travoprost,1,,,ALKEM LABORAT. LTD,EYE CARE,main,stock file
AT-TRAVORITE-T-EYE-3ML,TRAVORITE-T EYE DROPS 3ML,TRAVORITE-T EYE,3 ML,Drops,225.00,Timolol + Travoprost,timolol+travoprost,Timolol | Travoprost,2,,,ALKEM LABORAT. LTD,EYE CARE,main,stock file
AT-TRD-MD-10S,TRD MD TAB 10'S,TRD MD,10'S,Tablet,84.83,,,,,,,MODI MUNDI PHARMA,LTD,,stock file
AT-TRD-CONJECT-INJECTION-1-2ML,TRD-CONJECT INJECTION 1*2ML,TRD-CONJECT INJECTION 1*,2 ML,Injection,21.92,,,,,,,MODI MUNDI,PMD,,stock file
AT-TRD-CONTIN-100MG-10S,TRD-CONTIN 100MG TABS 10'S,TRD-CONTIN 100MG,10'S,Tablet,261.18,Of Tramadol Hydrochloride,of tramadol hydrochloride,Of Tramadol Hydrochloride,1,,,MODI MUNDI PHARMA,LTD,modimundi,master
AT-TRD-P-10S,TRD-P TAB 10'S,TRD-P,10'S,Tablet,63.09,Paracetamol + Tramadol Hydrochloride,paracetamol+tramadol hydrochloride,Paracetamol | Tramadol Hydrochloride,2,,,MODI MUNDI,PMD,modimundi,stock file
AT-TREND-XR-1000MG-10S,TREND XR 1000MG TAB 10'S,TREND XR 1000MG,10'S,Tablet,246.09,Divalproex Sodium 1000mg,divalproex sodium 1000mg,Divalproex Sodium,1,,,TORRENT PHARMACEUTICALS,LTD,torrent,master
AT-TREND-XR-250MG-10S,TREND XR 250MG TAB 1*10'S,TREND XR 250MG,10'S,Tablet,107.53,Divalproex Sodium 250mg,divalproex sodium 250mg,Divalproex Sodium,1,,,TORRENT PHARMACEUTICALS,LTD,torrent,master
AT-TREND-XR-500MG-10S,TREND XR 500MG TAB 10'S,TREND XR 500MG,10'S,Tablet,227.55,Divalproex Sodium 500mg,divalproex sodium 500mg,Divalproex Sodium,1,,,TORRENT PHARMACEUTICALS,LTD,torrent,master
AT-TREND-XR-750MG-10S,TREND XR 750MG TAB 10'S,TREND XR 750MG,10'S,Tablet,236.72,Divalproex Sodium 750mg,divalproex sodium 750mg,Divalproex Sodium,1,,,TORRENT PHARMACEUTICALS,LTD,torrent,stock file
AT-TRI-AZULIX-2-10S,TRI AZULIX -2 TAB 1*10,TRI AZULIX -2,10'S,Tablet,96.19,,,,,,,TORRENT PHARMA,AZUCA,,stock file
AT-TRI-AZULIX-1-MG,TRI AZULIX 1 MG TABS,TRI AZULIX 1 MG,,Tablet,73.03,,,,,,,TORRENT PHARMA,AZUCA,,stock file
AT-TRI-AZULIX-FORTE-1,TRI AZULIX FORTE-1 TAB,TRI AZULIX FORTE-1,,Tablet,72.09,,,,,,,TORRENT PHARMA,AZUCA,,stock file
AT-TRI-AZULIX-FORTE-2,TRI AZULIX FORTE-2 TAB,TRI AZULIX FORTE-2,,Tablet,92.72,,,,,,,TORRENT PHARMA,AZUCA,,stock file
AT-TRI-OLVANCE-40MG-10S,TRI OLVANCE 40MG 1*10TAB,TRI OLVANCE 40MG,10'S,Tablet,172.03,,,,,,,SUN PHARMA LAB.LTD,C.V.CARE,,stock file
AT-TRI-OLMETOR-40-10S,TRI-OLMETOR 40 TAB 10 S,TRI-OLMETOR 40,10 S,Tablet,198.09,Amlodipine + Hydrochlorothiazide + Olmesartan,amlodipine+hydrochlorothiazide+olmesartan,Amlodipine | Hydrochlorothiazide | Olmesartan,3,,,TORRENT PHARMA,PSYCAN CND,torrent,stock file
AT-TRICAIN-RAFT-150ML,TRICAIN RAFT SYRUP 150ML,TRICAIN RAFT,150 ML,Syrup,144.37,,,,,,,RPG LIFE SCIENCE LTD,GLODIAN,,master
AT-TRICAINE-ALMA-200ML,TRICAINE ALMA GEL 200ML,TRICAINE ALMA,200 ML,Gel,204.80,Almagate 5ml + Simethicone 25mg,almagate 5ml+simethicone 25mg,Almagate | Simethicone,2,Gastroenterology,"Hyperacidity, heartburn, acid indigestion",RPG LIFE SCIENCE LTD,GLODIAN,rpg,master
AT-TRICAINE-AR-220ML,TRICAINE AR GEL 220 ML,TRICAINE AR,220 ML,Gel,92.95,,,,,Gastroenterology,"Hyperacidity, acid indigestion",RPG LIFE SCIENCE LTD,GLODIAN,,stock file
AT-TRICAINE-MPS-200ML,TRICAINE MPS GEL 200ML,TRICAINE MPS,200 ML,Gel,185.63,Aluminium Hydroxide Paste 300mg + Oxethaxaine 5ml + Simethicone 125mg,aluminium hydroxide paste 300mg+oxethaxaine 5ml+simethicone 125mg,Aluminium Hydroxide Paste | Oxethaxaine | Simethicone,3,Gastroenterology,"Hyperacidity, heartburn, flatulence",RPG LIFE SCIENCE LTD,GLODIAN,rpg,master
AT-TRICAINE-20S,TRICAINE TAB 20'S,TRICAINE,20'S,Tablet,18.66,,,,,,,RPG LIFE SCIENCE LTD,GLODIAN,,stock file
AT-TRICAINE-S-120ML,TRICAINE-S 120ML,TRICAINE-S,120 ML,,204.00,,,,,,,RPG LIFE SCIENCE LTD,GLODIAN,,stock file
AT-TRIGAN-D-10S,TRIGAN-D TAB 10'S,TRIGAN-D,10'S,Tablet,25.97,Diclofenac + Paracetamol,diclofenac+paracetamol,Diclofenac | Paracetamol,2,,,CADILA PHARMA. LTD,EVANEXT,main,master
AT-TRIGLIMPURE-1MG-10S,TRIGLIMPURE 1MG TAB 1*10,TRIGLIMPURE 1MG,10'S,Tablet,120.00,Glimepiride,glimepiride,Glimepiride,1,,,ARRIENT HEALTHCARE,(ARRIENT)PRIVATE LIM,main,master
AT-TRIGLIMPURE-2MG-10S,TRIGLIMPURE 2MG TAB 1*10,TRIGLIMPURE 2MG,10'S,Tablet,153.65,Glimepiride,glimepiride,Glimepiride,1,,,ARRIENT HEALTHCARE,(ARRIENT)PRIVATE LIM,main,master
AT-TRIKA-0-25-MG,TRIKA 0.25 MG TAB,TRIKA 0.25 MG,,Tablet,39.84,,,,,,,TORRENT PHARMA,CV LIFE,,master
AT-TRIKA-0-5-MG,TRIKA 0.5 MG TAB,TRIKA 0.5 MG,,Tablet,75.75,,,,,,,TORRENT PHARMA,CV LIFE,,master
AT-TRILAXA-SUSPENS-200ML,TRILAXA SUSPENS. 200ML,TRILAXA SUSPENS,200 ML,,193.89,,,,,,,TORRENT PHARMACEUTICALS,LTD,,master
AT-TRILOSAR-12-5MG-10S,TRILOSAR 12.5MG TAB 10S,TRILOSAR 12.5MG,10S,Tablet,130.85,Amlodipine + Chlorthalidone + Losartan Potassium,amlodipine+chlorthalidone+losartan potassium,Amlodipine | Chlorthalidone | Losartan Potassium,3,,,TORRENT PHARMA,CV LIFE,torrent,master
AT-TRILOSAR-6-25MG-10S,TRILOSAR 6.25MG TAB 10S,TRILOSAR 6.25MG,10S,Tablet,95.48,Amlodipine + Chlorthalidone + Losartan Potassium,amlodipine+chlorthalidone+losartan potassium,Amlodipine | Chlorthalidone | Losartan Potassium,3,,,TORRENT PHARMA,CV LIFE,torrent,stock file
AT-TRIMACONTIN-35-10S,TRIMACONTIN 35 TAB 10'S,TRIMACONTIN 35,10'S,Tablet,187.59,Of Trimetazidine Hydrochloride,of trimetazidine hydrochloride,Of Trimetazidine Hydrochloride,1,,,MODI MUNDI PHARMA,LTD,modimundi,stock file
AT-TRIMACONTIN-60-10S,TRIMACONTIN 60 TAB 10'S,TRIMACONTIN 60,10'S,Tablet,333.40,Of Trimetazidine Hydrochloride,of trimetazidine hydrochloride,Of Trimetazidine Hydrochloride,1,,,MODI MUNDI PHARMA,LTD,modimundi,master
AT-TRIMETRIDE-1MG-10S,TRIMETRIDE 1MG TAB 10S,TRIMETRIDE 1MG,10S,Tablet,146.16,Glimepiride + Metformin + Voglibose,glimepiride+metformin+voglibose,Glimepiride | Metformin | Voglibose,3,,,TORRENT PHARMA,CV LIFE,torrent,stock file
AT-TRIMETRIDE-2MG-10S,TRIMETRIDE 2MG TAB 10S,TRIMETRIDE 2MG,10S,Tablet,180.98,Glimepiride + Metformin + Voglibose,glimepiride+metformin+voglibose,Glimepiride | Metformin | Voglibose,3,,,TORRENT PHARMA,CV LIFE,torrent,master
AT-TRINERV-NT-10S,TRINERV NT TAB 10S,TRINERV NT,10S,Tablet,149.53,Nortriptyline + Pregabalin,nortriptyline+pregabalin,Nortriptyline | Pregabalin,2,,,ALKEM LABORATRIES LTD,ACE-ALTIS,main,stock file
AT-TRINERVE-FORTE-10S,TRINERVE FORTE CAP 10'S,TRINERVE FORTE,10'S,Capsule,132.66,Alpha Lipoic Acid + Folic Acid + Methylcobalamin + Pyridoxine,alpha lipoic acid+folic acid+methylcobalamin+pyridoxine,Alpha Lipoic Acid | Folic Acid | Methylcobalamin | Pyridoxine,4,Vitamins / Minerals / Nutrients,,ALKEM LABORATRIES LTD,ACE-ALTIS,main,stock file
AT-TRINERVE-1ML,TRINERVE INJ 1ML,TRINERVE,1 ML,Injection,10.78,Methylcobalamin,methylcobalamin,Methylcobalamin,1,,,ALKEM LABORATRIES LTD,ACE-ALTIS,main,stock file
AT-TRINERVE-LC-10S,TRINERVE LC TAB 10'S,TRINERVE LC,10'S,Tablet,173.91,Folic Acid 1.5mg + L-Carnitine 500mg + Mecobal 1500mcg,folic acid 1.5mg+l-carnitine 500mg+mecobal 1500mcg,Folic Acid | L-Carnitine | Mecobal,3,Gastro Intestinal,,ALKEM LABORAT. LTD,ASCENDA,manual,master
AT-TRINERVE-SOFT-10S,TRINERVE SOFT GEL CAP 10'S,TRINERVE SOFT,10'S,Gel,175.31,Ala 100mg + Chromium 50mcg + Gla 60mg + Mecobal 1500mcg + Pyridoxine 3mg,ala 100mg+chromium 50mcg+gla 60mg+mecobal 1500mcg+pyridoxine 3mg,Ala | Chromium | Gla | Mecobal | Pyridoxine,5,Vitamins / Minerals / Nutrients,,ALKEM LABORATRIES LTD,ACE-ALTIS,manual,master
AT-TRINICALM-PLUS-10S,TRINICALM PLUS TAB 10S,TRINICALM PLUS,10S,Tablet,30.37,Benzhexol Hydrochloride + Trifluoperazine,benzhexol hydrochloride+trifluoperazine,Benzhexol Hydrochloride | Trifluoperazine,2,,,TORRENT PHARMACEUTICAL,AXON,torrent,master
AT-TRINORM,TRINORM TABS,TRINORM,,Tablet,245.00,,,,,,,SUN PHARMA LABS LTD,UROCARE,,stock file
AT-TRIOCYL-PLUS-EYE-DR-3ML,TRIOCYL PLUS EYE DR.3ML,TRIOCYL PLUS EYE DR,3 ML,,53.44,,,,,,,INTAS (ANDRE )LABORATORIES,PVT,,stock file
AT-TRIOLSAR-20-10S,TRIOLSAR 20 TAB 10,TRIOLSAR 20,10'S,Tablet,121.55,Amlodipine + Chlorthalidone + Olmesartan,amlodipine+chlorthalidone+olmesartan,Amlodipine | Chlorthalidone | Olmesartan,3,,,TORRENT PHARMA,INTEGRA,torrent,stock file
AT-TRIOLSAR-40-10S,TRIOLSAR 40 TAB 10,TRIOLSAR 40,10'S,Tablet,275.63,Amlodipine + Chlorthalidone + Olmesartan,amlodipine+chlorthalidone+olmesartan,Amlodipine | Chlorthalidone | Olmesartan,3,,,TORRENT PHARMA,INTEGRA,torrent,master
AT-TRIPHALA-60S,TRIPHALA CAPS 60,TRIPHALA,60'S,Capsule,275.00,Amla + Bibhitaki + Haritaki,amla+bibhitaki+haritaki,Amla | Bibhitaki | Haritaki,3,Herbal anti-hemorrhoidal formulation,PILEX TABS,HIMALAYA DRUG COMPANY,ZEAL,main,master
AT-TRIPOSMEAL-1-10S,TRIPOSMEAL 1 TAB 10,TRIPOSMEAL 1,10'S,Tablet,136.03,,,,,,,TORRENT PHARMA,INTEGRA,,stock file
AT-TRIPOSMEAL-2,TRIPOSMEAL 2 TAB,TRIPOSMEAL 2,,Tablet,186.80,,,,,,,TORRENT PHARMA,INTEGRA,,stock file
AT-TRITELSAR-40MG-10S,TRITELSAR 40MG TAB 10,TRITELSAR 40MG,10'S,Tablet,150.42,Amlodipine + Chlorthalidone + Telmisartan,amlodipine+chlorthalidone+telmisartan,Amlodipine | Chlorthalidone | Telmisartan,3,,,TORRENT PHARMA,CD,torrent,master
AT-TRITELSAR-80-10S,TRITELSAR 80 TAB 10,TRITELSAR 80,10'S,Tablet,183.47,Amlodipine + Chlorthalidone + Telmisartan,amlodipine+chlorthalidone+telmisartan,Amlodipine | Chlorthalidone | Telmisartan,3,,,TORRENT PHARMA,CD,torrent,stock file
AT-TRITELSAR-HS-40-10S,TRITELSAR HS 40 TAB 10,TRITELSAR HS 40,10'S,Tablet,139.69,,,,,,,TORRENT PHARMA,CD,,stock file
AT-TRITELSAR-HS-80,TRITELSAR HS 80 TAB,TRITELSAR HS 80,,Tablet,247.75,,,,,,,TORRENT PHARMA,CD,,master
AT-TRIVITALIN-10S,TRIVITALIN TAB 10'S,TRIVITALIN,10'S,Tablet,299.00,,,,,,,JAGSONPAL PHARMACEUTICALS,LTD,,master
AT-TRIVOGLITOR-1-10S,"TRIVOGLITOR 1,TAB 10'S",TRIVOGLITOR 1,10'S,Tablet,109.88,,,,,,,TORRENT PHARMA,PSYCAN CND,,stock file
AT-TRIVOGLITOR-2-10S,"TRIVOGLITOR 2,TAB 10'S",TRIVOGLITOR 2,10'S,Tablet,198.00,,,,,,,TORRENT PHARMA,PSYCAN CND,,master
AT-TRIVOGLITOR-FORTE-1,TRIVOGLITOR FORTE 1 TABS,TRIVOGLITOR FORTE 1,,Tablet,98.53,Glimepiride + Metformin + Voglibose,glimepiride+metformin+voglibose,Glimepiride | Metformin | Voglibose,3,,,TORRENT PHARMACEUTICALS,LTD,torrent,stock file
AT-TRIVOGLITOR-FORTE-2,TRIVOGLITOR FORTE 2 TABS,TRIVOGLITOR FORTE 2,,Tablet,205.31,,,,,,,TORRENT PHARMACEUTICALS,LTD,,master
AT-TRIVOGO-1-0-3MG-10S,TRIVOGO 1/0.3MG TAB 10S,TRIVOGO 1/0.3MG,10S,Tablet,85.78,Glimepiride + Voglibose,glimepiride+voglibose,Glimepiride | Voglibose,2,,,ALEMBIC,LTD COROZONE,main,stock file
AT-TRIVOGO-1MG-10S,TRIVOGO 1MG TAB 10'S,TRIVOGO 1MG,10'S,Tablet,203.02,Voglibose,voglibose,Voglibose,1,,,ALEMBIC,LTD COROZONE,main,master
AT-TRIVOGO-2-0-3MG-10S,TRIVOGO 2/0.3MG TAB 10S,TRIVOGO 2/0.3MG,10S,Tablet,98.58,Voglibose,glimepiride+voglibose,Glimepiride | Voglibose,2,,,ALEMBIC,LTD COROZONE,main,stock file
AT-TRIVOGO-2MG-10S-2,TRIVOGO 2MG TAB 10 S,TRIVOGO 2MG,10 S,Tablet,235.17,Voglibose,glimepiride,Glimepiride,1,,,ALEMBIC,LTD COROZONE,main,stock file
AT-TRIVOGO-2MG-10S,TRIVOGO 2MG TAB 10'S,TRIVOGO 2MG,10'S,Tablet,214.78,Voglibose,voglibose,Voglibose,1,,,ALEMBIC,LTD COROZONE,main,master
AT-TRIZ-10S,TRIZ TAB 10'S,TRIZ,10'S,Tablet,37.03,Cetirizine Hydrochloride 10mg,cetirizine hydrochloride 10mg,Cetirizine Hydrochloride,1,Respiratory,,INDOCO REMEDIES LTD,SPADE,INDOCO,stock file
AT-TROFAME-XR-10S,TROFAME XR TAB 1*10,TROFAME XR,10'S,Tablet,304.69,,,,,,,SUN PHARMA LABS LTD,UROCARE,,stock file
AT-TROLYS-250MG-7S,TROLYS-250MG TAB 1*7'S,TROLYS-250MG,7'S,Tablet,151.87,,,,,,,ROSSWELT BIOSCIENCES,,,master
AT-TROPAN-2-5MG-10S,TROPAN 2.5MG TAB 1*10,TROPAN 2.5MG,10'S,Tablet,120.94,Oxybutynin 2.5mg,oxybutynin 2.5mg,Oxybutynin,1,UROLOGY,,SUN PHARMA LABS LTD,UROCARE,sun pharma sheet,master
AT-TROPAN-5-MG-10S,TROPAN 5 MG TAB 1*10,TROPAN 5 MG,10'S,Tablet,220.31,Oxybutynin 5mg,oxybutynin 5mg,Oxybutynin,1,UROLOGY,,SUN PHARMA LABS LTD,UROCARE,sun pharma sheet,master
AT-TROPAN-XL-5-10S,TROPAN XL 5 TAB 10,TROPAN XL 5,10'S,Tablet,107.81,Oxybutynin 5mg,oxybutynin 5mg,Oxybutynin,1,UROLOGY,,TORRENT PHARMA,PSYCAN CND,sun pharma sheet,stock file
AT-TROPHOX-200GM,TROPHOX 200GM,TROPHOX,200 GM,,360.00,B Vitamins + Multiminerals + Protein,b vitamins+multiminerals+protein,B Vitamins | Multiminerals | Protein,3,Protein Supplement - Diabetics,Protein supplementation for diabetics,RAPTAKOS BRETT & CO,EIDIKOS,raptakos,stock file
AT-TROPHOX-500GM,TROPHOX 500GM,TROPHOX,500 GM,,675.00,B Vitamins + Multiminerals + Protein,b vitamins+multiminerals+protein,B Vitamins | Multiminerals | Protein,3,Protein Supplement - Diabetics,Protein supplementation for diabetics,RAPTAKOS BRETT & CO,EIDIKOS,raptakos,stock file
AT-TRUCHARGE-10S,TRUCHARGE CAP 10S,TRUCHARGE,10S,Capsule,276.00,Essential Amino Acids + Methylcobalamin + Multiminerals + Multivitamins,essential amino acids+methylcobalamin+multiminerals+multivitamins,Essential Amino Acids | Methylcobalamin | Multiminerals | Multivitamins,4,Nutraceutical,,INDOCO,REMEDIES LTD. FOCUS,INDOCO,stock file
AT-TRULICITY-0-75MG,TRULICITY 0.75MG,TRULICITY 0.75MG,,,"5,154.19",Dulaglutide,dulaglutide,Dulaglutide,1,,,CIPLA LTD,,main,master
AT-TRULICITY-1-5MG-05ML,TRULICITY 1.5MG/0.5ML,TRULICITY 1.5MG/,0.5 ML,,"5,154.19",Dulaglutide,dulaglutide,Dulaglutide,1,,,CIPLA LTD,,main,master
AT-TRULICITY-1-5MG-0-5ML-2PEND,TRULICITY 1.5MG/0.5ML*2PEND,TRULICITY 1.5MG/0.5ML*2PEND,,,"5,154.19",,,,,,,CIPLA LTD,,,stock file
AT-TRUMP-A-100ML,TRUMP A 100ML.,TRUMP A,100 ML,,71.25,Ambroxol + Guaifenesin + Terbutaline,ambroxol+guaifenesin+terbutaline,Ambroxol | Guaifenesin | Terbutaline,3,Respiratory,,ALKEM LABORATORIES,LTD.ALFA NEXGEN,main,stock file
AT-TRUMP-D-100ML,TRUMP D SYP 100ML.,TRUMP D,100 ML,Syrup,78.28,Chlorpheniramine + Dextromethorphan + Phenylephrine,chlorpheniramine+dextromethorphan+phenylephrine,Chlorpheniramine | Dextromethorphan | Phenylephrine,3,,,ALKEM LABORATORIES,LTD.ALFA NEXGEN,main,stock file
AT-TRYBR-D-10,TRYBR-D TAB 10',TRYBR-D,10',Tablet,145.31,,,,,,,INDOCO REMEDIES LTD,ORTHO,,stock file
AT-TRYCEF-TZ-INJ-1-125MG,TRYCEF-TZ INJ 1*125MG,TRYCEF-TZ INJ 1*125MG,,Injection,487.50,,,,,,,NEO LIFE SCIENCES,,,stock file
AT-TRYFEN-P-10S,TRYFEN-P TAB 10S,TRYFEN-P,10S,Tablet,79.69,,,,,,,NEO LIFE SCIENCES,,,master
AT-TRYFEN-PLUS-10S,TRYFEN-PLUS TAB 10S,TRYFEN-PLUS,10S,Tablet,112.50,,,,,,,NEO LIFE SCIENCES,,,master
AT-TRYFER-GOLD-10S,TRYFER-GOLD TAB 10S,TRYFER-GOLD,10S,Tablet,192.19,,,,,,,NEO LIFE SCIENCES,,,master
AT-TSART-20MG-15S,TSART 20MG TAB 15'S,TSART 20MG,15'S,Tablet,62.15,Telmisartan 20mg,telmisartan 20mg,Telmisartan,1,Anti-Hypertensive,,ALKEM LABORATORIES LTD,IMPERIA,alkem,master
AT-TSART-40MG-10S,TSART 40MG TAB 10'S,TSART 40MG,10'S,Tablet,108.36,Telmisartan 40mg,telmisartan 40mg,Telmisartan,1,Anti-Hypertensive,,ALKEM LABORATORIES LTD,IMPERIA,alkem,master
AT-TSART-80-AM-10S,TSART 80 AM TAB 10'S,TSART 80 AM,10'S,Tablet,144.38,Amlodipine + Telmisartan,amlodipine+telmisartan,Amlodipine | Telmisartan,2,,,ALKEM LABORATORIES LTD,IMPERIA,main,stock file
AT-TSART-80-10S,TSART 80 TAB 10'S,TSART 80,10'S,Tablet,163.80,Telmisartan 80mg,telmisartan 80mg,Telmisartan,1,Anti-Hypertensive,,ALKEM LABORATORIES LTD,IMPERIA,alkem,stock file
AT-TSART-80H-10S,TSART 80H TAB 10'S,TSART 80H,10'S,Tablet,265.75,Hydrochlorothiazide 12.5mg + Telmisartan 80mg,hydrochlorothiazide 12.5mg+telmisartan 80mg,Hydrochlorothiazide | Telmisartan,2,Anti-Hypertensive,,ALKEM LABORATORIES LTD,IMPERIA,alkem,master
AT-TSART-80MG-10S,TSART 80MG TAB 10'S,TSART 80MG,10'S,Tablet,163.80,Telmisartan,telmisartan,Telmisartan,1,,,ALKEM LABORATORIES LTD,IMPERIA,main,master
AT-TSART-AM-10S,TSART AM TAB 10'S,TSART AM,10'S,Tablet,274.20,Amlodipine + Telmisartan,amlodipine+telmisartan,Amlodipine | Telmisartan,2,,,ALKEM LABORATORIES LTD,IMPERIA,main,master
AT-TSART-B-2-5MG-15S,TSART B 2.5MG TAB 15'S,TSART B 2.5MG,15'S,Tablet,111.55,Bisoprolol 2.5mg + Telmisartan 40mg,bisoprolol 2.5mg+telmisartan 40mg,Bisoprolol | Telmisartan,2,ANTIHYPERTENSIVE,,ALKEM LABORATORIES LTD,IMPERIA,alkem,master
AT-TSART-B-5MG-10S,TSART B 5MG TAB 10'S,TSART B 5MG,10'S,Tablet,145.75,Bisoprolol 5mg + Telmisartan 40mg,bisoprolol 5mg+telmisartan 40mg,Bisoprolol | Telmisartan,2,ANTIHYPERTENSIVE,,ALKEM LABORATORIES LTD,IMPERIA,alkem,master
AT-TSART-CL-10S,TSART CL TAB 10'S,TSART CL,10'S,Tablet,82.50,Cilnidipine + Telmisartan,cilnidipine+telmisartan,Cilnidipine | Telmisartan,2,,,ALKEM LABORATORIES LTD,IMPERIA,main,stock file
AT-TSART-H-15S,TSART H TAB 15'S,TSART H,15'S,Tablet,311.70,Hydrochlorothiazide 12.5mg + Telmisartan 40mg,hydrochlorothiazide 12.5mg+telmisartan 40mg,Hydrochlorothiazide | Telmisartan,2,Anti-Hypertensive,,ALKEM LABORATORIES LTD,IMPERIA,alkem,master
AT-TSART-MCL-25MG-10S-2,TSART MCL 25MG TAB 10'S,TSART MCL 25MG,10'S,Tablet,148.10,Cilnidipine + Metoprolol,cilnidipine+metoprolol,Cilnidipine | Metoprolol,2,ANTIHYPERTENSIVE,,ALKEM LABORATORIES LTD,IMPERIA,main,stock file
AT-TSART-MCL-50MG-10S-2,TSART MCL 50MG TAB 10'S,TSART MCL 50MG,10'S,Tablet,179.50,Cilnidipine 10mg + Metoprolol 50mg + Telmisartan 40mg,cilnidipine 10mg+metoprolol 50mg+telmisartan 40mg,Cilnidipine | Metoprolol | Telmisartan,3,ANTIHYPERTENSIVE,,ALKEM LABORATORIES LTD,IMPERIA,alkem,stock file
AT-TSART-MCL-25MG-10S,TSART MCL-25MG TAB 10'S,TSART MCL-25MG,10'S,Tablet,148.10,Metoprolol + Telmisartan,metoprolol+telmisartan,Metoprolol | Telmisartan,2,,,ALKEM LABORATORIES LTD,IMPERIA,main,master
AT-TSART-MCL-50MG-10S,TSART MCL-50MG TAB 10'S,TSART MCL-50MG,10'S,Tablet,179.50,Metoprolol + Telmisartan,metoprolol+telmisartan,Metoprolol | Telmisartan,2,,,ALKEM LABORATORIES LTD,IMPERIA,main,master
AT-TSART-TRIO-12-5MG-10S,TSART TRIO 12.5MG TAB 10'S,TSART TRIO 12.5MG,10'S,Tablet,245.60,Chlortalidone 12.5mg + Cilnidipine 10mg + Telmisartan 40mg,chlortalidone 12.5mg+cilnidipine 10mg+telmisartan 40mg,Chlortalidone | Cilnidipine | Telmisartan,3,Anti-Hypertensive,,ALKEM LABORATORIES LTD,IMPERIA,manual,master
AT-TSART-TRIO-6-25MG-10S,TSART TRIO 6.25MG TAB 10'S,TSART TRIO 6.25MG,10'S,Tablet,228.75,Chlortalidone 6.25mg + Cilnidipine 10mg + Telmisartan 40mg,chlortalidone 6.25mg+cilnidipine 10mg+telmisartan 40mg,Chlortalidone | Cilnidipine | Telmisartan,3,Anti-Hypertensive,,ALKEM LABORATORIES LTD,IMPERIA,manual,master
AT-TSART-40CT-10S,TSART-40CT TAB 10'S,TSART-40CT,10'S,Tablet,196.85,Chlorthalidone + Telmisartan,chlorthalidone+telmisartan,Chlorthalidone | Telmisartan,2,,,ALKEM LABORATORIES LTD,IMPERIA,main,master
AT-TSART-M-40-25MG-10S,TSART-M 40/25MG TAB 10'S,TSART-M 40/25MG,10'S,Tablet,191.25,Metoprolol 25mg + Telmisartan 40mg,metoprolol 25mg+telmisartan 40mg,Metoprolol | Telmisartan,2,Anti-Hypertensive,,ALKEM LABORATORIES LTD,IMPERIA,alkem,master
AT-TSART-M-40-50MG-10S,TSART-M 40/50MG TAB 10'S,TSART-M 40/50MG,10'S,Tablet,229.65,Metoprolol 50mg + Telmisartan 40mg,metoprolol 50mg+telmisartan 40mg,Metoprolol | Telmisartan,2,Anti-Hypertensive,,ALKEM LABS,LTD. CARDIOLOGY,alkem,master
AT-TUFEHART-1000MG-20ML,TUFEHART 1000MG 20ML INJ.,TUFEHART 1000MG,20 ML,Injection,"2,717.81",Ferric Carboxymaltose,ferric carboxymaltose,Ferric Carboxymaltose,1,,,ALEMBIC,CARDIGEM,main,stock file
AT-TUFEHART-500MG-10ML,TUFEHART 500MG 10ML INJ.,TUFEHART 500MG,10 ML,Injection,"1,780.31",Ferric Carboxymaltose,ferric carboxymaltose,Ferric Carboxymaltose,1,,,ALEMBIC,CARDIGEM,main,stock file
AT-TUFPRO-FFS-LIQ-1,TUFPRO FFS LIQ 1,TUFPRO FFS LIQ 1,,,45.94,,,,,,,SUN PHARMA LAB.LTD,STANLIFE,,master
AT-TUFPRO-NUTRA-BOTTLES-18-GST,TUFPRO NUTRA BOTTLES 18% GST,TUFPRO NUTRA BOTTLES 18% GST,,,49.00,,,,,,,SUN PHARMA LAB.LTD,STANLIFE,,stock file
AT-TULASI-60S,TULASI CAPS 60S,TULASI,60S,Capsule,93.75,,,,,,,HIMALAYA DRUG COMPANY,OTX,,stock file
AT-TULASI-200ML,TULASI SYP 200 ML,TULASI,200 ML,Syrup,121.88,,,,,,,HIMALAYA DRUG COMPANY,ZEAL,,stock file
AT-TURBOCORT-TUB-15GM,TURBOCORT TUB 15GM,TURBOCORT TUB,15 GM,,151.50,,,,,,,INDOCO REMEDIES LTD,WARREN,,stock file
AT-TUSPEL-LS-1-SUS-100ML,TUSPEL LS 1 SUS 100ML,TUSPEL LS 1 SUS,100 ML,,122.16,,,,,,,INDOCO,REMEDIES LTD. FOCUS,,master
AT-TUSPEL-LS-100ML,TUSPEL LS SYP. 100ML,TUSPEL LS,100 ML,Syrup,112.22,Ammonium Chloride 50mg + Bromhexine Hydrochloride 4mg + Menthol Per 0.75mg + Terbutaline Sulphate 1.25mg,ammonium chloride 50mg+bromhexine hydrochloride 4mg+menthol per 0.75mg+terbutaline sulphate 1.25mg,Ammonium Chloride | Bromhexine Hydrochloride | Menthol Per | Terbutaline Sulphate,4,Cough & Cold Remedies,,INDOCO,REMEDIES LTD. FOCUS,manual,master
AT-TUSPEL-PLUS-100ML,TUSPEL PLUS SYP. 100ML,TUSPEL PLUS,100 ML,Syrup,103.97,Ammonium Chloride 50mg + Bromhexine Hydrochloride 4mg + Menthol Per 0.75mg + Terbutaline Sulphate 1.25mg,ammonium chloride 50mg+bromhexine hydrochloride 4mg+menthol per 0.75mg+terbutaline sulphate 1.25mg,Ammonium Chloride | Bromhexine Hydrochloride | Menthol Per | Terbutaline Sulphate,4,Cough Syrup,,INDOCO,REMEDIES LTD. FOCUS,INDOCO,stock file
AT-TUSPEL-PX-100ML,TUSPEL PX SYP 100ML.,TUSPEL PX,100 ML,Syrup,19.59,Bromhexine Hydrochloride 2mg + Guaifenesin 50mg + Menthol 0.5mg/5ml + Salbutamol Equivalent 1mg,bromhexine hydrochloride 2mg+guaifenesin 50mg+menthol 0.5mg/5ml+salbutamol equivalent 1mg,Bromhexine Hydrochloride | Guaifenesin | Menthol | Salbutamol Equivalent,4,Cough & Cold Remedies,,INDOCO,REMEDIES LTD,INDOCO,stock file
AT-TUSQ-LS-100ML,TUSQ -LS SYP 100ML,TUSQ -LS,100 ML,Syrup,84.38,Ambroxol + Guaifenesin + Levosalbutamol,ambroxol+guaifenesin+levosalbutamol,Ambroxol | Guaifenesin | Levosalbutamol,3,,,BLUE CROSS LABS,LTD,main,stock file
AT-TUSQ-D-LOZ-6S,TUSQ D LOZ TAB 6'S,TUSQ D LOZ,6'S,Tablet,50.62,Chlorpheniramine + Dextromethorphan,chlorpheniramine+dextromethorphan,Chlorpheniramine | Dextromethorphan,2,,,BLUE CROSS LABS,LTD,main,master
AT-TUSQ-DX-100ML,TUSQ DX SYP 100ML,TUSQ DX,100 ML,Syrup,103.12,Chlorpheniramine + Dextromethorphan + Phenylephrine,chlorpheniramine+dextromethorphan+phenylephrine,Chlorpheniramine | Dextromethorphan | Phenylephrine,3,,,BLUE CROSS LABS,LTD,main,master
AT-TUSQ-ORAL,TUSQ ORAL DROPS,TUSQ ORAL,,Drops,40.31,Ambroxol + Guaifenesin + Terbutaline,ambroxol+guaifenesin+terbutaline,Ambroxol | Guaifenesin | Terbutaline,3,,,BLUE CROSS LABS,LTD,main,stock file
AT-TUSQ-X-LIQ-100ML,TUSQ X + LIQ 100ML,TUSQ X + LIQ,100 ML,,103.12,Ambroxol + Guaifenesin + Terbutaline,ambroxol+guaifenesin+terbutaline,Ambroxol | Guaifenesin | Terbutaline,3,,,BLUE CROSS LABS,LTD,main,master
AT-TUSQ-DX-DT-10S,TUSQ-DX DT TAB 10'S,TUSQ-DX DT,10'S,Tablet,56.25,Chlorpheniramine + Dextromethorphan + Phenylephrine,chlorpheniramine+dextromethorphan+phenylephrine,Chlorpheniramine | Dextromethorphan | Phenylephrine,3,,,BLUE CROSS LABS,LTD,main,master
AT-TUSQ-LS-JUNIOR-LIQ-60ML,TUSQ-LS JUNIOR LIQ 60ML,TUSQ-LS JUNIOR LIQ,60 ML,,79.68,Ambroxol + Guaifenesin + Levosalbutamol,ambroxol+guaifenesin+levosalbutamol,Ambroxol | Guaifenesin | Levosalbutamol,3,,,BLUE CROSS LABS,LTD,main,master
AT-TUSSIN-LS-15ML,TUSSIN LS DROPS 15ML,TUSSIN LS,15 ML,Drops,70.31,,,,,,,SYNCHEM PHARMACEUTICALS,PVT.LMT,,master
AT-TUSSIN-LS-PED-60ML,TUSSIN LS PED.SYP 60ML 60ML,TUSSIN LS PED,60 ML,Syrup,76.87,,,,,,,SYNCHEM PHARMACEUTICALS,PVT.LMT,,master
AT-TUSSIN-LS-100ML,TUSSIN LS SYP 100ML,TUSSIN LS,100 ML,Syrup,107.81,,,,,,,SYNCHEM PHARMACEUTICALS,PVT.LMT,,master
AT-TUSSIN-LS-10S,TUSSIN LS TAB 10S,TUSSIN LS,10S,Tablet,60.00,,,,,,,SYNCHEM PHARMACEUTICALS,PVT.LMT,,master
AT-TUSSIN-PED-50ML,TUSSIN PED.SYRUP 50ML,TUSSIN PED,50 ML,Syrup,82.50,,,,,,,SYNCHEM PHARMACEUTICALS,PVT.LMT,,master
AT-TUSSIN-100ML,TUSSIN SYRUP 100ML,TUSSIN,100 ML,Syrup,113.44,Ambroxol 30mg + Cetirizine 5mg + Guaifenesin 100mg/5ml + Phenylephrine 10mg,ambroxol 30mg+cetirizine 5mg+guaifenesin 100mg/5ml+phenylephrine 10mg,Ambroxol | Cetirizine | Guaifenesin | Phenylephrine,4,Respiratory - Cough & Cold / Mucolytic,"Productive cough, mucus, nasal congestion and associated cold/allergic symptoms",SYNCHEM PHARMACEUTICALS,PVT.LMT,synchem,master
AT-TUSSIN-10S,TUSSIN TAB 1*10,TUSSIN,10'S,Tablet,59.06,Ambroxol 30mg + Cetirizine 5mg + Guaifenesin 100mg + Phenylephrine 10mg,ambroxol 30mg+cetirizine 5mg+guaifenesin 100mg+phenylephrine 10mg,Ambroxol | Cetirizine | Guaifenesin | Phenylephrine,4,Respiratory - Cough & Cold / Mucolytic,Productive cough with mucus and associated nasal congestion,SYNCHEM PHARMACEUTICALS,PVT.LMT,synchem,master
AT-TUSSIN-DMR-100ML-SYP-1-100ML,TUSSIN-DMR 100ML SYP 1*100ML,TUSSIN-DMR 100ML SYP 1*,100 ML,Syrup,118.12,,,,,,,SYNCHEM PHARMACEUTICALS,PVT.LMT,,master
AT-TUSSIN-DMR-50ML-SYP-1-50ML,TUSSIN-DMR 50ML SYP 1*50ML,TUSSIN-DMR 50ML SYP 1*,50 ML,Syrup,85.31,,,,,,,SYNCHEM PHARMACEUTICALS,PVT.LMT,,master
AT-TUSSIN-DMR-PEDIATRIC-50ML-SY-50ML,TUSSIN-DMR PEDIATRIC 50ML SYP 1*50ML,TUSSIN-DMR PEDIATRIC 50ML SYP 1*,50 ML,Syrup,84.37,,,,,,,SYNCHEM PHARMACEUTICALS,PVT.LMT,,master
AT-TUSSIN-DMR-10S,TUSSIN-DMR TAB 1*10,TUSSIN-DMR,10'S,Tablet,60.94,,,,,,,SYNCHEM PHARMACEUTICALS,PVT.LMT,,master
AT-TYDOL-100-10S,TYDOL 100 TAB 10'S,TYDOL 100,10'S,Tablet,389.06,Tapentadol 100mg,tapentadol 100mg,Tapentadol,1,PAIN / ANALGESICS,,SUN PHARMA LAB.LTD,CROSSLAND-LIFE,sun pharma sheet,master
AT-TYDOL-50-10S,TYDOL 50 TAB 10'S,TYDOL 50,10'S,Tablet,219.38,Tapentadol 50mg,tapentadol 50mg,Tapentadol,1,PAIN / ANALGESICS,,SUN PHARMA LAB.LTD,CROSSLAND-LIFE,sun pharma sheet,master
AT-U-V-AVO-75GM,U.V AVO LOTION 75GM,U.V AVO,75 GM,Lotion,540.00,Avobenzone + Octinoxate + Oxybenzone,avobenzone+octinoxate+oxybenzone,Avobenzone | Octinoxate | Oxybenzone,3,,,A.MENARINI,DERMA,main,master
AT-U-V-AVO-JUNIOR-50GM,U.V.AVO JUNIOR 50GM,U.V.AVO JUNIOR,50 GM,,525.10,,needs_verification,Needs_verification,1,,,A.MENARINI,DERMA,main,stock file
AT-U-V-AVO-30GM,U.V.AVO LOTION 30GM,U.V.AVO,30 GM,Lotion,177.11,,needs_verification,Needs_verification,1,,,A.MENARINI,DERMA,main,stock file
AT-U-V-AVO-75GM-2,U.V.AVO LOTION 75GM,U.V.AVO,75 GM,Lotion,480.60,Avobenzone + Octinoxate + Oxybenzone,avobenzone+octinoxate+oxybenzone,Avobenzone | Octinoxate | Oxybenzone,3,,,A.MENARINI,DERMA,main,master
AT-U-V-AVO-PRO-50SPF-GEL-50GR,U.V.AVO PRO 50SPF GEL 50GR,U.V.AVO PRO 50SPF GEL 50GR,,Gel,975.00,,needs_verification,Needs_verification,1,,,A.MENARINI,DERMA,main,stock file
AT-U-V-DEW-15-PLUS-30GM,U.V.DEW 15 PLUS LOTION 30GM,U.V.DEW 15 PLUS,30 GM,Lotion,106.80,,needs_verification,Needs_verification,1,,,A.MENARINI,DERMA,main,stock file
AT-U-V-DEW-34-PLUS-30GM,U.V.DEW 34 PLUS LOTION 30GM,U.V.DEW 34 PLUS,30 GM,Lotion,179.78,,needs_verification,Needs_verification,1,,,A.MENARINI,DERMA,main,stock file
AT-UBELAC-WASH-120ML,UBELAC WASH 120ML,UBELAC WASH,120 ML,,200.25,,,,,,,JAGSONPAL PHARMA,LTD.NARI DIV,,stock file
AT-ULGEL-A-200ML,ULGEL A SYP 200ML,ULGEL A,200 ML,Syrup,207.47,Aluminium Hydroxide + Magnesium Hydroxide + Simethicone,aluminium hydroxide+magnesium hydroxide+simethicone,Aluminium Hydroxide | Magnesium Hydroxide | Simethicone,3,,,ALEMBIC,ENTERON,main,master
AT-ULGEL-CORDMOM-SUSP-200M,ULGEL CORDMOM SUSP.200M,ULGEL CORDMOM SUSP.200M,,Suspension,228.00,Aluminium Hydroxide + Magnesium Hydroxide + Simethicone,aluminium hydroxide+magnesium hydroxide+simethicone,Aluminium Hydroxide | Magnesium Hydroxide | Simethicone,3,,,ALEMBIC,ENTERON,main,stock file
AT-ULGEL-LIQUID-SAUNF-200ML,ULGEL LIQUID SAUNF 200ML,ULGEL LIQUID SAUNF,200 ML,,162.00,Aluminium Hydroxide + Magnesium Hydroxide + Simethicone,aluminium hydroxide+magnesium hydroxide+simethicone,Aluminium Hydroxide | Magnesium Hydroxide | Simethicone,3,,,ALEMBIC,ENTERON,main,master
AT-ULGEL-8TAB,ULGEL TAB,ULGEL,8 TAB,Tablet,162.00,Aluminium Hydroxide + Magnesium Hydroxide,aluminium hydroxide+magnesium hydroxide,Aluminium Hydroxide | Magnesium Hydroxide,2,,,ALEMBIC,ENTERON,main,stock file
AT-ULGERAFT-150ML,ULGERAFT SYP 150ML,ULGERAFT,150 ML,Syrup,209.81,Calcium Carbonate + Sodium Alginate + Sodium Bicarbonate,calcium carbonate+sodium alginate+sodium bicarbonate,Calcium Carbonate | Sodium Alginate | Sodium Bicarbonate,3,,,ALEMBIC,ENTERON,main,master
AT-ULTICAN-CAP-100MG-10S,ULTICAN CAP 100MG 10'S,ULTICAN CAP 100MG,10'S,Capsule,248.95,,,,,,,SUN PHARMA,LTD PRIMA LAND,,stock file
AT-ULTICAN-CAP-150MG-1S,ULTICAN CAP 150MG 1'S,ULTICAN CAP 150MG,1'S,Capsule,19.00,,,,,,,SUN PHARMA,LTD PRIMA LAND,,stock file
AT-ULTICAN-CAP-200MG-1S,ULTICAN CAP 200MG 1'S,ULTICAN CAP 200MG,1'S,Capsule,37.48,,,,,,,SUN PHARMA,LTD PRIMA LAND,,stock file
AT-ULTIGEST-200-10,ULTIGEST 200 10,ULTIGEST 200 10,,,271.88,Progesterone,progesterone,Progesterone,1,,,ALKEM PHARMA,AURA,main,stock file
AT-ULTIGEST-SR-200-10S,ULTIGEST SR 200 TAB 10'S,ULTIGEST SR 200,10'S,Tablet,393.75,Progesterone 200mg,progesterone 200mg,Progesterone,1,Gynaec.,,ALKEM LAB,BERGEN ZURIEVE,alkem,stock file
AT-ULTIGEST-SR-300-10S,ULTIGEST SR 300 TAB 10'S,ULTIGEST SR 300,10'S,Tablet,571.88,Progesterone 300mg,progesterone 300mg,Progesterone,1,Gynaec.,,ALKEM LAB,BERGEN ZURIEVE,alkem,stock file
AT-ULTITUSS-100ML,ULTITUSS SUSP.100ML,ULTITUSS,100 ML,Suspension,103.13,Chlorpheniramine + Dextromethorphan + Phenylephrine,chlorpheniramine+dextromethorphan+phenylephrine,Chlorpheniramine | Dextromethorphan | Phenylephrine,3,Cough Preparations,,ALKEM LABS,LTD NEXA,main,stock file
AT-ULTRICH-200GM,ULTRICH 200GM,ULTRICH,200 GM,,279.00,,,,,,,WALLACE PHARMA,RIVELA,,stock file
AT-ULZOL-10GM,ULZOL CREAM 10GM,ULZOL,10 GM,Cream,126.56,Luliconazole,luliconazole,Luliconazole,1,,,ALEMBIC,DERMA,main,stock file
AT-ULZOL-CREAM-30MG,ULZOL CREAM 30MG,ULZOL CREAM 30MG,,Cream,271.88,Luliconazole,luliconazole,Luliconazole,1,,,ALEMBIC,DERMA,main,stock file
AT-UNIAZ-BETA-16-25MG-10S,UNIAZ BETA 16/25MG TAB 10'S,UNIAZ BETA 16/25MG,10'S,Tablet,156.00,,,,,,,TORRENT PHARMACEUTICALS,LTD,,stock file
AT-UNIAZ-BETA-16-50MG-10S,UNIAZ BETA 16/50MG TAB 10'S,UNIAZ BETA 16/50MG,10'S,Tablet,171.00,,,,,,,TORRENT PHARMACEUTICALS,LTD,,stock file
AT-UNICOBAL-D3-10S,UNICOBAL D3 CAP 10,UNICOBAL D3,10'S,Capsule,135.40,,,,,,,TORRENT PHARMA,NEUFOREV,,stock file
AT-UNICOBAL-FORTE-10S,UNICOBAL FORTE TAB 10,UNICOBAL FORTE,10'S,Tablet,149.06,Alpha Lipoic Acid 100mg + Folic Acid 1.5mg + Methylcobalamin 1500mcg + Pyridoxine 3mg,alpha lipoic acid 100mg+folic acid 1.5mg+methylcobalamin 1500mcg+pyridoxine 3mg,Alpha Lipoic Acid | Folic Acid | Methylcobalamin | Pyridoxine,4,,,TORRENT PHARMA,NEUFOREV,torrent,stock file
AT-UNICONTIN-TABS-400MG-10S,UNICONTIN TABS 400MG 10`S,UNICONTIN TABS 400MG,10'S,Tablet,293.70,Theophylline,theophylline,Theophylline,1,,,MODI MUNDI PHARMA,LTD,manual,master
AT-UNICONTIN-TABS-600MG-10S,UNICONTIN TABS 600MG 10`S,UNICONTIN TABS 600MG,10'S,Tablet,384.30,Theophylline,theophylline,Theophylline,1,,,MODI MUNDI PHARMA,LTD,manual,master
AT-UNIENZYME-DROP-15ML,UNIENZYME DROP 15ML,UNIENZYME DROP,15 ML,Drops,71.67,Activated Charcoal + Fungal Diastase + Papain,activated charcoal+fungal diastase+papain,Activated Charcoal | Fungal Diastase | Papain,3,,,TORRENT PHARMA,UVA,torrent,stock file
AT-UNIENZYME-PLUS-200ML,UNIENZYME PLUS SYRUP 200ML,UNIENZYME PLUS,200 ML,Syrup,185.80,,,,,,,TORRENT PHARMACEUTICALS LTD,UNICHEM,,master
AT-UNIENZYME-PRO-10S,UNIENZYME PRO CAP 10'S,UNIENZYME PRO,10'S,Capsule,145.00,,,,,,,TORRENT PHARMACEUTICALS LTD,UNICHEM,,master
AT-UNIENZYME-15S,UNIENZYME TAB 15S,UNIENZYME,15S,Tablet,96.56,Activated Charcoal + Fungal Diastase + Papain,activated charcoal+fungal diastase+papain,Activated Charcoal | Fungal Diastase | Papain,3,,,TORRENT PHARMACEUTICALS LTD,UNICHEM,torrent,master
AT-UNIENZYME-XT-15S,UNIENZYME XT TAB 15'S,UNIENZYME XT,15'S,Tablet,159.36,,,,,,,TORRENT PHARMACEUTICALS LTD,UNICHEM,,stock file
AT-UNISTAR-150-10S,UNISTAR 150 TAB 10,UNISTAR 150,10'S,Tablet,125.70,,,,,,,TORRENT PHARMA,CD,,master
AT-UNISTAR-20-150-10S,UNISTAR 20/150 TAB 10,UNISTAR 20/150,10'S,Tablet,162.32,,,,,,,TORRENT PHARMA,CD,,master
AT-UNISTAR-20-75-10S,UNISTAR 20/75 TAB 10,UNISTAR 20/75,10'S,Tablet,150.90,,,,,,,TORRENT PHARMA,CD,,master
AT-UNISTAR-5-75,UNISTAR 5/75 TAB,UNISTAR 5/75,,Tablet,57.00,,,,,,,TORRENT PHARMA,CD,,master
AT-UNISTAR-75-10S,UNISTAR 75 TAB 10,UNISTAR 75,10'S,Tablet,183.85,,,,,,,TORRENT PHARMA,CD,,master
AT-UNISTAR-GOLD-10MG-10S,UNISTAR GOLD 10MG CAP 10'S,UNISTAR GOLD 10MG,10'S,Capsule,160.50,,,,,,,TORRENT PHARMACEUTICALS,LTD,,stock file
AT-UNISTAR-GOLD-20MG-10S,UNISTAR GOLD 20MG CAP 10'S,UNISTAR GOLD 20MG,10'S,Capsule,249.09,,,,,,,TORRENT PHARMACEUTICALS,LTD,,stock file
AT-UPADAVIO-15MG-10S,UPADAVIO 15MG TAB 10'S,UPADAVIO 15MG,10'S,Tablet,647.00,,,,,,,TORRENT PHARMACEUTICALS,LTD,,stock file
AT-UPGRADE-D,Upgrade D,Upgrade D,,,,Cholecalciferol,cholecalciferol,Cholecalciferol,1,,Vitamin D supplementation and bone health,APPENA LIFE PVT.LTD,,main,master
AT-UPGRADE-D-NANO-SHOTS,Upgrade D Nano Shots,Upgrade D Nano Shots,4 ML,,280.00,Cholecalciferol,cholecalciferol,Cholecalciferol,1,,Vitamin D supplementation and bone health,APPENA LIFE PVT.LTD,,main,master
AT-UPRISE-D3-1K-15S,UPRISE D3 1K CAP 15'S,UPRISE D3 1K,15'S,Capsule,78.44,Cholecalciferol 1000IU,cholecalciferol 1000iu,Cholecalciferol,1,PLAIN VITAMIN D,,ALKEM LABORATORIES LTD,BREGEN NOVA,main,master
AT-UPRISE-D3-2K-10S,UPRISE D3 2K CAP 10'S,UPRISE D3 2K,10'S,Capsule,229.69,Cholecalciferol 2000IU,cholecalciferol 2000iu,Cholecalciferol,1,PLAIN VITAMIN D,,ALKEM LABORATORIES LTD,BREGEN NOVA,main,master
AT-UPRISE-D3-6L,UPRISE D3 6L INJ,UPRISE D3,6 L,Injection,77.80,Cholecalciferol 600000IU/ml,cholecalciferol 600000iu/ml,Cholecalciferol,1,PLAIN VITAMIN D,,ALKEM LABORATORIES LTD,BREGEN NOVA,alkem,master
AT-UPRISE-D3-15ML,UPRISE D3 DROPS 15ML,UPRISE D3,15 ML,Drops,110.60,Cholecalciferol 400IU/ml,cholecalciferol 400iu/ml,Cholecalciferol,1,PLAIN VITAMIN D,,ALKEM LABORATORIES LTD,BREGEN NOVA,alkem,master
AT-UPRISE-D3-ORAL-100ML,UPRISE D3 ORAL SYRUP 100ML,UPRISE D3 ORAL,100 ML,Syrup,275.64,Cholecalciferol,cholecalciferol,Cholecalciferol,1,,,ALKEM LABORATORIES LTD,BREGEN NOVA,main,master
AT-UPRISE-D3-30ML,UPRISE D3 SYP 30ML.,UPRISE D3,30 ML,Syrup,79.69,Cholecalciferol 400IU/ml,cholecalciferol 400iu/ml,Cholecalciferol,1,PLAIN VITAMIN D,,ALKEM LABORATORIES LTD,BREGEN NOVA,alkem,stock file
AT-UPRISE-D3-60K-12S,UPRISE-D3 60K CAP 12'S,UPRISE-D3 60K,12'S,Capsule,394.63,Cholecalciferol 60000IU,cholecalciferol 60000iu,Cholecalciferol,1,,,ALKEM LABORATORIES LTD,BREGEN NOVA,manual,master
AT-UPRISE-D360K-SHOTS-SYRUP-4-5ML,UPRISE-D360K (SHOTS) SYRUP 4*5ML,UPRISE-D360K (SHOTS) SYRUP 4*,5 ML,Syrup,87.65,Cholecalciferol,cholecalciferol,Cholecalciferol,1,,,ALKEM LABORATORIES LTD,BREGEN NOVA,main,master
AT-UPRISE-XT-10S,UPRISE-XT CAP 10'S,UPRISE-XT,10'S,Capsule,122.34,Ferrous Ascorbate + Folic Acid + Zinc,ferrous ascorbate+folic acid+zinc,Ferrous Ascorbate | Folic Acid | Zinc,3,,,ALKEM LABORATORIES LTD,BREGEN NOVA,main,stock file
AT-URDIOGEM-150MG-ATB,URDIOGEM 150MG ATB,URDIOGEM 150MG ATB,,,146.00,Ursodeoxycholic Acid,ursodeoxycholic acid,Ursodeoxycholic Acid,1,,,ALEMBIC,GASTRON,main,stock file
AT-URDIOGEM-300MG,URDIOGEM 300MG TAB,URDIOGEM 300MG,,Tablet,316.55,Ursodeoxycholic Acid,ursodeoxycholic acid,Ursodeoxycholic Acid,1,,,ALEMBIC,GASTRON,main,stock file
AT-URICOSTAT-40-10S,URICOSTAT 40 10'S,URICOSTAT 40,10'S,,80.72,,,,,,,GSK LIMITED,DERMA ACE TEAM 2,,stock file
AT-UROFLAMED-10S,UROFLAMED TAB 10S,UROFLAMED,10S,Tablet,203.16,Flavoxate + Potassium Magnesium Citrate,flavoxate+potassium magnesium citrate,Flavoxate | Potassium Magnesium Citrate,2,,,AGLOWMED LTD,Radiance,main,master
AT-UROSOL-100ML,UROSOL SYRUP 100ML,UROSOL,100 ML,Syrup,107.81,Disodium Hydrogen Citrate 1.533g + Potassium Citrate 0.038g/5ml,disodium hydrogen citrate 1.533g+potassium citrate 0.038g/5ml,Disodium Hydrogen Citrate | Potassium Citrate,2,Urology - Urinary Alkalinizer,"Urinary alkalinisation; kidney stones, UTI-related burning micturition and gout-related uric acid management (PharmEasy)",SYNCHEM PHARMACEUTICALS,PVT.LMT,synchem,master
AT-UROXYDA-10S,UROXYDA TAB 1*10,UROXYDA,10'S,Tablet,389.00,Potassium Citrate,potassium citrate,Potassium Citrate,1,,,ARRIENT HEALTHCARE,(ORENDA)PRIVATE LIM,main,master
AT-UROXYDA-450MG-10S,UROXYDA-450MG TAB 10'S,UROXYDA-450MG,10'S,Tablet,575.00,Potassium Citrate,potassium citrate,Potassium Citrate,1,,,ARRIENT HEALTHCARE,(ORENDA)PRIVATE LIM,main,master
AT-URSETOR-300-10S,URSETOR 300 TAB 10,URSETOR 300,10'S,Tablet,399.00,Ursodeoxycholic Acid 150mg,ursodeoxycholic acid 150mg,Ursodeoxycholic Acid,1,,,TORRENT PHARMA,VIVA,torrent,stock file
AT-URSOKEM-150-10S,URSOKEM 150 TAB 10'S,URSOKEM 150,10'S,Tablet,242.00,Ursodeoxycholic Acid 150mg,ursodeoxycholic acid 150mg,Ursodeoxycholic Acid,1,Hepatoprotectives,,ALKEM LABORAT. LTD,GESTROKEM,alkem,stock file
AT-URSOKEM-300-10S,URSOKEM 300 TAB 10'S,URSOKEM 300,10'S,Tablet,400.00,Ursodeoxycholic Acid 300mg,ursodeoxycholic acid 300mg,Ursodeoxycholic Acid,1,Hepatoprotectives,,ALKEM LABORAT. LTD,GESTROKEM,alkem,stock file
AT-URSOKEM-PLUS-10S,URSOKEM PLUS TAB 10'S,URSOKEM PLUS,10'S,Tablet,290.63,Silymarin 140mg + Ursodeoxycholic Acid 300mg,silymarin 140mg+ursodeoxycholic acid 300mg,Silymarin | Ursodeoxycholic Acid,2,Hepatoprotectives,,ALKEM LABORAT. LTD,GESTROKEM,alkem,stock file
AT-URSOMEG-300MG-10S,URSOMEG-300MG TAB 10S,URSOMEG-300MG,10S,Tablet,350.00,,,,,,,NEO LIFE SCIENCES,,,stock file
AT-URSOMIN-300MG-10S,URSOMIN-300MG TAB 10'S,URSOMIN-300MG,10'S,Tablet,425.00,,,,,,,NEO LIFE SCIENCES,,,stock file
AT-URTIMAX-SPRAY-1-30ML,URTIMAX SPRAY 1*30ML,URTIMAX SPRAY 1*,30 ML,Spray,180.00,,,,,,,DEPSONS PHARMA,,,stock file
AT-URTIMAX-100ML,URTIMAX SYRUP 100ML,URTIMAX,100 ML,Syrup,93.75,Potassium Citrate,potassium citrate,Potassium Citrate,1,,,DEPSONS PHARMA,,main,master
AT-URTIMAX-30S,URTIMAX TAB 30'S,URTIMAX,30'S,Tablet,97.50,Potassium Citrate,potassium citrate,Potassium Citrate,1,,,DEPSONS PHARMA,,main,master
AT-UVRID-NF-100ML,UVRID-NF LOTION 100ML.,UVRID-NF,100 ML,Lotion,311.72,Aloe Vera + Calamine + Paraffin,aloe vera+calamine+paraffin,Aloe Vera | Calamine | Paraffin,3,,,ALKEM LAB,LTD DERMAKEM,main,stock file
AT-V-M-FORTE-15S,V & M FORTE 15'S,V & M FORTE,15'S,,165.00,Multiminerals + Multivitamins,multiminerals+multivitamins,Multiminerals | Multivitamins,2,,,ALKEM PHARMA,ALPHA MAX,main,master
AT-V-GEL-30GM,V GEL 30G,V GEL,30 GM,Gel,140.00,Aloe Vera + Herbal Vaginal Care Blend,aloe vera+herbal vaginal care blend,Aloe Vera | Herbal Vaginal Care Blend,2,,,HIMALAYA DRUG COMPANY ZANDRA,,main,master
AT-V-M-DROP-15ML,V&M DROP 15ML,V&M DROP,15 ML,Drops,38.50,Multiminerals + Multivitamins,multiminerals+multivitamins,Multiminerals | Multivitamins,2,,,ALKEM LABS,LTD NEXA,main,stock file
AT-V-M-NU-100ML,V&M NU SYRUP 100ML,V&M NU,100 ML,Syrup,102.30,Multiminerals + Multivitamins,multiminerals+multivitamins,Multiminerals | Multivitamins,2,Vitamins / Minerals / Nutrients,,ALKEM PHARMA,ALPHA MAX,main,stock file
AT-VAKTUM-250MG-10S,VAKTUM-250MG TAB 10'S,VAKTUM-250MG,10'S,Tablet,280.31,,,,,,,ROSSWELT BIOSCIENCES,,,master
AT-VAKTUM-500MG-10S,VAKTUM-500MG TAB 10'S,VAKTUM-500MG,10'S,Tablet,549.40,Cefuroxime Axetil 500mg,cefuroxime axetil 500mg,Cefuroxime Axetil,1,Anti-Biotic / Anti-Fungal / Anti-Infective,,ROSSWELT BIOSCIENCES,,rosswelt,master
AT-VALEMBIC-160MG-10S,VALEMBIC 160MG TAB 10S,VALEMBIC 160MG,10S,Tablet,132.66,Valsartan,valsartan,Valsartan,1,,,ALEMBIC,LTD COROZONE,main,stock file
AT-VALEMBIC-40MG-10S,VALEMBIC 40MG TAB 10'S,VALEMBIC 40MG,10'S,Tablet,79.55,Valsartan,valsartan,Valsartan,1,,,ALEMBIC,LTD COROZONE,main,master
AT-VALEMBIC-80MG-10S,VALEMBIC 80MG TAB 10'S,VALEMBIC 80MG,10'S,Tablet,127.31,Valsartan,valsartan,Valsartan,1,,,ALEMBIC,LTD COROZONE,main,master
AT-VALEMBIC-80MG-10S-2,VALEMBIC 80MG TAB 10S,VALEMBIC 80MG,10S,Tablet,139.90,Valsartan,valsartan,Valsartan,1,,,ALEMBIC,LTD COROZONE,main,stock file
AT-VALEMBIC-AM-160MG-10S,VALEMBIC AM 160MG TAB 10S,VALEMBIC AM 160MG,10S,Tablet,89.81,Amlodipine + Valsartan,amlodipine+valsartan,Amlodipine | Valsartan,2,,,ALEMBIC,LTD COROZONE,main,stock file
AT-VALEMBIC-AM-80MG-10S,VALEMBIC AM 80MG TAB 10'S,VALEMBIC AM 80MG,10'S,Tablet,77.80,Amlodipine + Valsartan,amlodipine+valsartan,Amlodipine | Valsartan,2,,,ALEMBIC,LTD COROZONE,main,master
AT-VALEMBIC-H-160-10S,VALEMBIC H 160 TAB 10,VALEMBIC H 160,10'S,Tablet,150.00,Hydrochlorothiazide + Valsartan,hydrochlorothiazide+valsartan,Hydrochlorothiazide | Valsartan,2,,,ALEMBIC,LTD COROZONE,main,stock file
AT-VALEMBIC-H-80-10S,VALEMBIC H 80 TAB 10,VALEMBIC H 80,10'S,Tablet,147.75,Hydrochlorothiazide + Valsartan,hydrochlorothiazide+valsartan,Hydrochlorothiazide | Valsartan,2,,,ALEMBIC,LTD COROZONE,main,stock file
AT-VALERA-M-1000MG-15S,VALERA M 1000MG TAB 15'S,VALERA M 1000MG,15'S,Tablet,386.70,Metformin + Vildagliptin,metformin+vildagliptin,Metformin | Vildagliptin,2,,,ALKEM LABORATORIES LTD,IMPERIA,main,master
AT-VALERA-M-500MG-15S,VALERA M 500MG TAB 15'S,VALERA M 500MG,15'S,Tablet,392.80,Metformin + Vildagliptin,metformin+vildagliptin,Metformin | Vildagliptin,2,,,ALKEM LABORATORIES LTD,IMPERIA,main,master
AT-VALERA-15S,VALERA TAB 15'S,VALERA,15'S,Tablet,365.63,Evogliptin 5mg,evogliptin 5mg,Evogliptin,1,,,ALKEM LABORATORIES LTD,IMPERIA,manual,master
AT-VALKEM-250MG-SOLUTION-100ML,VALKEM 250MG SOLUTION 100ML,VALKEM 250MG SOLUTION,100 ML,Solution,214.65,Sodium Valproate,sodium valproate,Sodium Valproate,1,,,ALKEM LAB. LTD,PENTACARE,main,master
AT-VALKEM-500MG-SOLUTION-100ML,VALKEM 500MG SOLUTION 100ML,VALKEM 500MG SOLUTION,100 ML,Solution,336.55,Sodium Valproate,sodium valproate,Sodium Valproate,1,,,ALKEM LAB. LTD,PENTACARE,main,master
AT-VALKEM-OD-1000MG-10S,VALKEM OD 1000MG TAB 10'S,VALKEM OD 1000MG,10'S,Tablet,232.50,Divalproex Sodium 1000mg,divalproex sodium 1000mg,Divalproex Sodium,1,"Anti-Epileptic, Migraine Prophylaxis, Bipolar Disorder",,ALKEM LAB. LTD,PENTACARE,alkem,master
AT-VALKEM-OD-125-10S,VALKEM OD 125 TAB 10'S,VALKEM OD 125,10'S,Tablet,90.47,Divalproex Sodium,divalproex sodium,Divalproex Sodium,1,,,ALKEM LAB. LTD,PENTACARE,main,stock file
AT-VALKEM-OD-250MG-10S,VALKEM OD 250MG TAB 10'S,VALKEM OD 250MG,10'S,Tablet,275.60,Divalproex Sodium 250mg,divalproex sodium 250mg,Divalproex Sodium,1,"Anti-Epileptic, Migraine Prophylaxis, Bipolar Disorder",,ALKEM LAB. LTD,PENTACARE,alkem,master
AT-VALKEM-OD-500MG-10S,VALKEM OD 500MG TAB 10'S,VALKEM OD 500MG,10'S,Tablet,125.60,Divalproex Sodium 500mg,divalproex sodium 500mg,Divalproex Sodium,1,"Anti-Epileptic, Migraine Prophylaxis, Bipolar Disorder",,ALKEM LAB. LTD,PENTACARE,alkem,master
AT-VALKEM-OD-750MG-10S,VALKEM OD 750MG TAB 10'S,VALKEM OD 750MG,10'S,Tablet,223.10,Divalproex Sodium 750mg,divalproex sodium 750mg,Divalproex Sodium,1,"Anti-Epileptic, Migraine Prophylaxis, Bipolar Disorder",,ALKEM LAB. LTD,PENTACARE,alkem,master
AT-VALPEX-200-CR-10S,VALPEX 200 CR TAB 10'S,VALPEX 200 CR,10'S,Tablet,38.33,Divalproex Sodium,divalproex sodium,Divalproex Sodium,1,EPILEPSY,,ALKEM LAB. LTD,PENTACARE,main,master
AT-VALPEX-300-CR-10S,VALPEX 300 CR TABS 10'S,VALPEX 300 CR,10'S,Tablet,223.10,Sodium Valproate 300mg,sodium valproate 300mg,Sodium Valproate,1,EPILEPSY,,ALKEM LAB. LTD,PENTACARE,alkem,stock file
AT-VALPEX-500-CR-10S,VALPEX 500 CR TABS 10'S,VALPEX 500 CR,10'S,Tablet,38.33,Sodium Valproate 500mg,sodium valproate 500mg,Sodium Valproate,1,EPILEPSY,,ALKEM LAB. LTD,PENTACARE,alkem,stock file
AT-VALPURE-CR-300-10S,VALPURE CR 300 TAB 1*10,VALPURE CR 300,10'S,Tablet,65.00,Sodium Valproate,sodium valproate,Sodium Valproate,1,,,ARRIENT HEALTHCARE,(NEUROX)PRIVATE LIM,main,master
AT-VALPURE-CR-500-10S,VALPURE CR 500 TAB 1*10,VALPURE CR 500,10'S,Tablet,97.03,Sodium Valproate,sodium valproate,Sodium Valproate,1,,,ARRIENT HEALTHCARE,(NEUROX)PRIVATE LIM,main,master
AT-VALTOVAL-1G3S,VALTOVAL 1G TAB 3'S,VALTOVAL,1G 3'S,Tablet,319.69,Valaciclovir 1000mg,valaciclovir 1000mg,Valaciclovir,1,ANTI-INFECTIVES,,SUN PHARMACEUTICAL,ORTUS,sun pharma sheet,master
AT-VALTOVAL-500-3S,VALTOVAL 500 TAB 3'S,VALTOVAL 500,3'S,Tablet,182.81,Valaciclovir 500mg,valaciclovir 500mg,Valaciclovir,1,ANTI-INFECTIVES,,SUN PHARMACEUTICAL,ORTUS,sun pharma sheet,stock file
AT-VALZ-40-10S,"VALZ 40,TAB 10'S",VALZ 40,10'S,Tablet,205.31,Vilazodone Hydrochloride,vilazodone hydrochloride,Vilazodone Hydrochloride,1,,,TORRENT PHARMACEUTICALS,NURON,torrent,stock file
AT-VALZ-20-10S,"VALZ-20,TAB 10'S",VALZ-20,10'S,Tablet,223.50,,,,,,,TORRENT PHARMACEUTICALS,NURON,,master
AT-VALZAAR-40-10S,VALZAAR 40 TAB 10S,VALZAAR 40,10S,Tablet,141.65,Valsartan 40mg,valsartan 40mg,Valsartan,1,,,TORRENT PHARMACEUTICALS,PSYCAN,torrent,master
AT-VALZAAR-80-10S,VALZAAR 80 TAB 10S,VALZAAR 80,10S,Tablet,280.88,Valsartan,valsartan,Valsartan,1,,,TORRENT PHARMACEUTICALS,PSYCAN,torrent,stock file
AT-VALZAAR-H-10S,VALZAAR H TAB 10S,VALZAAR H,10S,Tablet,401.25,Hydrochlorothiazide + Valsartan,hydrochlorothiazide+valsartan,Hydrochlorothiazide | Valsartan,2,,,TORRENT PHARMACEUTICALS,PSYCAN,torrent,master
AT-VASOVIN-XL-2-5,VASOVIN-XL 2.5 CAP,VASOVIN-XL 2.5,,Capsule,192.98,Nitroglycerin,nitroglycerin,Nitroglycerin,1,,,TORRENT PHARMA,PSYCAN CND,torrent,stock file
AT-VEBA-PLUS-15S,VEBA PLUS TAB 15'S,VEBA PLUS,15'S,Tablet,84.37,Calcium Carbonate,calcium carbonate,Calcium Carbonate,1,,,BLUE CROSS LABS,LTD,manual,master
AT-VEELAC-FIRST-RICE-400GM,VEELAC FIRST RICE 400GM.,VEELAC FIRST RICE,400 GM,,324.85,,,,,Infant complementary nutrition,Complementary feeding from 6 months,RAPTAKOS BRETT & CO,EIDIKOS,,master
AT-VEELAC-WHEAT-WITH-AP-400GM,VEELAC WHEAT WITH AP 400G,VEELAC WHEAT WITH AP,400 GM,,324.85,,,,,,,RAPTAKOS BRETT & CO,EIDIKOS,,master
AT-VEELAC-WHEAT-WITH-APPLE-400GM,VEELAC WHEAT WITH APPLE 400G,VEELAC WHEAT WITH APPLE,400 GM,,324.85,,,,,,,RAPTAKOS BRETT & CO,EIDIKOS,,stock file
AT-VEGIRES-10S,VEGIRES CAP 10'S,VEGIRES,10'S,Capsule,328.13,,,,,,,NEO LIFE SCIENCES,,,stock file
AT-VEHYCAL-C,VEHYCAL C TABS,VEHYCAL C,,Tablet,66.75,Calcium + Cholecalciferol,calcium+cholecalciferol,Calcium | Cholecalciferol,2,,,ALEMBIC,ELENA,main,stock file
AT-VEHYCAL-15S,VEHYCAL TAB 15'S,VEHYCAL,15'S,Tablet,271.88,Calcium + Cholecalciferol,calcium+cholecalciferol,Calcium | Cholecalciferol,2,,,ALEMBIC,ELENA,main,master
AT-VEHYCAL-XT-15S,VEHYCAL-XT TAB 15'S,VEHYCAL-XT,15'S,Tablet,294.37,Calcium + Cholecalciferol + Folic Acid + Iron,calcium+cholecalciferol+folic acid+iron,Calcium | Cholecalciferol | Folic Acid | Iron,4,,,ALEMBIC,ELENA,main,master
AT-VELBIE-10S,VELBIE TAB 1*10,VELBIE,10'S,Tablet,126.56,Vitamin B Complex,vitamin b complex,Vitamin B Complex,1,,,ARRIENT HEALTHCARE,(ARRIENT)PRIVATE LIM,main,master
AT-VELDROP-GEL-DROP-10ML,VELDROP(GEL)DROP 10ML,VELDROP(GEL)DROP,10 ML,Drops,155.65,Carboxymethylcellulose,carboxymethylcellulose,Carboxymethylcellulose,1,,,ALEMBIC,EYE CARE,main,stock file
AT-VELDROP-PLANE-EYE-10ML,VELDROP(PLANE)EYE DROPS 10ML,VELDROP(PLANE)EYE,10 ML,Drops,146.27,Carboxymethylcellulose,carboxymethylcellulose,Carboxymethylcellulose,1,,,ALEMBIC,EYE CARE,main,stock file
AT-VELOZ-20-15S,VELOZ 20 TAB 15S,VELOZ 20,15S,Tablet,209.06,Rabeprazole 20mg,rabeprazole 20mg,Rabeprazole,1,,,TORRENT PHARMA,VISTA,torrent,master
AT-VELOZ-40-TAB-15S-10,VELOZ 40 TAB 15S 10,VELOZ 40 TAB 15S 10,,Tablet,208.64,,,,,,,TORRENT PHARMACEUTICALS,PSYCAN,,master
AT-VELOZ-D-10S,VELOZ D CAP 10S,VELOZ D,10S,Capsule,219.84,Domperidone + Rabeprazole,domperidone+rabeprazole,Domperidone | Rabeprazole,2,,,TORRENT PHARMA,VISTA,torrent,master
AT-VELOZ-FAST-10S,VELOZ FAST TAB 10'S,VELOZ FAST,10'S,Tablet,124.22,Rabeprazole 20mg,rabeprazole 20mg,Rabeprazole,1,,,TORRENT PHARMA,VISTA,torrent,stock file
AT-VELOZ-IT-10S,VELOZ IT CAP 10S,VELOZ IT,10S,Capsule,305.15,Ltopride + Rabeprazole Gastro Resistant,ltopride+rabeprazole gastro resistant,Ltopride | Rabeprazole Gastro Resistant,2,,,TORRENT PHARMA,VISTA,torrent,master
AT-VELOZ-L-10S,VELOZ L CAP 10S,VELOZ L,10S,Capsule,289.64,Rabeprazole Sodium Levosulpiride 20mg,rabeprazole sodium levosulpiride 20mg,Rabeprazole Sodium Levosulpiride,1,,,TORRENT PHARMA,VISTA,torrent,stock file
AT-VELOZ-M-10S,VELOZ M CAP 10S,VELOZ M,10S,Capsule,123.38,Mosapride Citrate 15mg + Rabeprazole 20mg,mosapride citrate 15mg+rabeprazole 20mg,Mosapride Citrate | Rabeprazole,2,,,TORRENT PHARMA,VISTA,torrent,stock file
AT-VELTUM-250MG-10S,VELTUM-250MG TAB 10'S,VELTUM-250MG,10'S,Tablet,262.50,,,,,,,ROSSWELT BIOSCIENCES,,,stock file
AT-VENLIFT-OD-37-5MG-10S,VENLIFT OD 37.5MG CAP 10'S,VENLIFT OD 37.5MG,10'S,Capsule,65.60,Venlafaxine Prolonged- Release,venlafaxine prolonged- release,Venlafaxine Prolonged- Release,1,,,TORRENT PHARMACEUTICALS,MIND,torrent,master
AT-VENLIFT-OD-75,VENLIFT OD 75 CAPS,VENLIFT OD 75,,Capsule,118.10,Venlafaxine Prolonged- Release,venlafaxine prolonged- release,Venlafaxine Prolonged- Release,1,,,TORRENT PHARMACEUTICALS,MIND,torrent,master
AT-VENLITE-OD-150-10S,VENLITE-OD 150 TAB 10S,VENLITE-OD 150,10S,Tablet,78.75,,,,,,,TORRENT PHARMACEUTICALS,MIND,,stock file
AT-VENTORLIN-EXPT-120ML,VENTORLIN EXPT.120 ML,VENTORLIN EXPT,120 ML,,11.36,,,,,,,GSK LIMITED,TEAM 8,,stock file
AT-VENTORLIN-100ML,VENTORLIN SYP. 100ML,VENTORLIN,100 ML,Syrup,14.86,,,,,,,GSK LIMITED,TEAM 8,,stock file
AT-VEPAN-250-DT-10S,VEPAN 250 DT TAB.10'S,VEPAN 250 DT,10'S,Tablet,42.19,Cefadroxil 250mg,cefadroxil 250mg,Cefadroxil,1,Anti-Infective,,INDOCO,REMEDIES LTD,INDOCO,stock file
AT-VEPAN-500-DT-10S,VEPAN 500 DT TAB.10'S,VEPAN 500 DT,10'S,Tablet,46.93,,,,,,,INDOCO,REMEDIES LTD,,stock file
AT-VERENA-40GM,VERENA GEL-40GM,VERENA,40 GM,Gel,202.58,,,,,,,JAGSONPAL PHARMA,LTD.NARI DIV,,master
AT-VERGO-25MG-10S,VERGO 25MG TAB 10'S,VERGO 25MG,10'S,Tablet,36.56,,need_verification,Need_verification,1,,,ALKEM LAB.LTD,PRIZMA,main,stock file
AT-VERTECID-D-10S,VERTECID-D TAB 10'S,VERTECID-D,10'S,Tablet,80.00,,,,,,,SALASAR PHARMACEUTICALS,,,master
AT-VERTISPORIN-1GM,VERTISPORIN 1GM,VERTISPORIN,1 GM,,140.63,,,,,,,SALASAR PHARMACEUTICALS,,,stock file
AT-VERTISPORIN-FORTE-15GM,VERTISPORIN FORTE 1.5GM,VERTISPORIN FORTE,1.5 GM,,210.94,,,,,,,SALASAR PHARMACEUTICALS,,,stock file
AT-VESBAL-16MG-10S,VESBAL 16MG TAB 10S,VESBAL 16MG,10S,Tablet,101.72,Betahistine,betahistine,Betahistine,1,,,ALKEM LAB.LTD,PRIZMA,main,stock file
AT-VESBAL-24MG-10S,VESBAL 24MG TAB 10S,VESBAL 24MG,10S,Tablet,140.63,Betahistine,betahistine,Betahistine,1,,,ALKEM LAB.LTD,PRIZMA,main,stock file
AT-VESBAL-8MG-10S,VESBAL 8MG TAB 10S,VESBAL 8MG,10S,Tablet,55.78,Betahistine,betahistine,Betahistine,1,,,ALKEM LAB.LTD,PRIZMA,main,stock file
AT-VICTOBET-AM-5MG-10S,VICTOBET-AM 5MG TAB 10'S,VICTOBET-AM 5MG,10'S,Tablet,130.31,Amlodipine + Metoprolol,amlodipine+metoprolol,Amlodipine | Metoprolol,2,,,ANDROMEDA PHARMACEUTICALS,P. L,main,master
AT-VICTOBET-LN-25-10-15S,VICTOBET-LN 25/10 1*15TAB,VICTOBET-LN 25/10,15'S,Tablet,171.56,Cilnidipine + Metoprolol,cilnidipine+metoprolol,Cilnidipine | Metoprolol,2,,,ANDROMEDA PHARMACEUTICALS,P. L,main,stock file
AT-VICTOBET-LN-50-10-15S,VICTOBET-LN 50/10 1*15TAB,VICTOBET-LN 50/10,15'S,Tablet,186.56,Cilnidipine + Metoprolol,cilnidipine+metoprolol,Cilnidipine | Metoprolol,2,,,ANDROMEDA PHARMACEUTICALS,P. L,main,stock file
AT-VIGLIDA-M-FORTE-10S,VIGLIDA M FORTE 1*10,VIGLIDA M FORTE,10'S,,123.75,Metformin + Vildagliptin,metformin+vildagliptin,Metformin | Vildagliptin,2,,,ARRIENT HEALTHCARE,(MERAKUS)PRIVATE LIM,main,master
AT-VIGLIDA-M-15S,VIGLIDA M TAB 1*15,VIGLIDA M,15'S,Tablet,180.93,Metformin + Vildagliptin,metformin+vildagliptin,Metformin | Vildagliptin,2,,,ARRIENT HEALTHCARE,(MERAKUS)PRIVATE LIM,main,master
AT-VIGLIDA-50-10S,VIGLIDA-50 TAB 1*10,VIGLIDA-50,10'S,Tablet,158.43,Vildagliptin,vildagliptin,Vildagliptin,1,,,ARRIENT HEALTHCARE,(MERAKUS)PRIVATE LIM,main,master
AT-VILDAMBIC-50MG-15S,VILDAMBIC 50MG TAB 15'S,VILDAMBIC 50MG,15'S,Tablet,249.37,Vildagliptin,vildagliptin,Vildagliptin,1,,,ALEMBIC,PHARMA,main,master
AT-VILDAMBIC-M-1000MG-15S,VILDAMBIC M 1000MG TAB 15'S,VILDAMBIC M 1000MG,15'S,Tablet,175.55,Metformin + Vildagliptin,metformin+vildagliptin,Metformin | Vildagliptin,2,,,ALEMBIC,PHARMA,main,master
AT-VILDAMBIC-M-500MG-15S,VILDAMBIC M 500MG TAB 15'S,VILDAMBIC M 500MG,15'S,Tablet,92.72,Metformin + Vildagliptin,metformin+vildagliptin,Metformin | Vildagliptin,2,,,ALEMBIC,PHARMA,main,master
AT-VILDAMBIC-OD-100MG-10S,VILDAMBIC OD 100MG TAB 10'S,VILDAMBIC OD 100MG,10'S,Tablet,111.28,Vildagliptin,vildagliptin,Vildagliptin,1,,,ALEMBIC,DERMA,main,master
AT-VILDATOP-M-50-500-10S,VILDATOP M 50/500 TAB 10'S,VILDATOP M 50/500,10'S,Tablet,63.75,,,,,,,FINECURE PHARMACEUTICALS,LTD,,stock file
AT-VINSURE-20MG-10S,VINSURE 20MG TAB 10'S,VINSURE 20MG,10'S,Tablet,55.83,Vortioxetine,vortioxetine,Vortioxetine,1,,,ALKEM LAB. LTD,PENTACARE,main,stock file
AT-VITABIG-SYP-1-200ML,VITABIG SYP 1*200ML,VITABIG SYP 1*,200 ML,Syrup,81.88,,,,,,,DD NUTRITIONS,INDIA,,stock file
AT-VITARESP-120-FX-10S,VITARESP 120 FX TAB 10'S,VITARESP 120 FX,10'S,Tablet,153.28,Fexofenadine,fexofenadine,Fexofenadine,1,,,ALEMBIC,PHARMA,main,master
AT-VITARESP-180-FX-10S-2,VITARESP 180 FX TAB 10S,VITARESP 180 FX,10S,Tablet,265.45,Fexofenadine,fexofenadine,Fexofenadine,1,,,ALEMBIC,PHARMA,main,stock file
AT-VITARESP-CAP10,VITARESP CAP10,VITARESP CAP10,,,84.38,Antioxidants + Multiminerals + Multivitamins,antioxidants+multiminerals+multivitamins,Antioxidants | Multiminerals | Multivitamins,3,,,ALEMBIC,ltd summit,main,stock file
AT-VITARESP-FX-30-30ML,VITARESP FX 30 SUSP.30ML,VITARESP FX 30,30 ML,Suspension,71.86,Fexofenadine,fexofenadine,Fexofenadine,1,,,ALEMBIC,PHARMA,main,stock file
AT-VITARESP-FX-KID-10S,VITARESP FX KID TAB 10S,VITARESP FX KID,10S,Tablet,128.34,Fexofenadine,fexofenadine,Fexofenadine,1,,,ALEMBIC,PHARMA,main,stock file
AT-VITARESP-FX-60ML-2,VITARESP FX SUSP 60ML,VITARESP FX,60 ML,Suspension,155.70,Fexofenadine 60mg + Montelukast 4mg,fexofenadine 60mg+montelukast 4mg,Fexofenadine | Montelukast,2,,,ALEMBIC,PHARMA,manual,master
AT-VIZYLAC,VIZYLAC CAPS,VIZYLAC,,Capsule,86.20,Lactic Acid Bacillus,lactic acid bacillus,Lactic Acid Bacillus,1,,,TORRENT PHARMACEUTICALS LTD,UNICHEM,torrent,master
AT-VIZYLAC-DT,VIZYLAC DT TAB,VIZYLAC DT,,Tablet,57.05,Lactic Acid Bacillus + Zinc Sulphate Monohydrate,lactic acid bacillus+zinc sulphate monohydrate,Lactic Acid Bacillus | Zinc Sulphate Monohydrate,2,,,TORRENT PHARMACEUTICALS LTD,UNICHEM,torrent,master
AT-VIZYLAC-FEM-10S,VIZYLAC FEM CAP 10'S,VIZYLAC FEM,10'S,Capsule,499.15,,,,,,,TORRENT PHARMACEUTICALS LTD,UNICHEM,,master
AT-VIZYLAC-GG,VIZYLAC GG CAP,VIZYLAC GG,,Capsule,485.00,,,,,,,TORRENT PHARMACEUTICALS LTD,UNICHEM,,master
AT-VIZYLAC-GG-SACH,VIZYLAC GG SACH,VIZYLAC GG SACH,,,62.00,,,,,,,TORRENT PHARMA LTD,SONORA WIRRIORS,,master
AT-VIZYLAC-PLUS,VIZYLAC PLUS TAB,VIZYLAC PLUS,,Tablet,88.02,,,,,,,TORRENT PHARMACEUTICALS LTD,UNICHEM,,stock file
AT-VIZYLAC-RICH,VIZYLAC RICH CAPS,VIZYLAC RICH,,Capsule,189.40,Lmmunobiotic + Probiotic-Prebiotic,lmmunobiotic+probiotic-prebiotic,Lmmunobiotic | Probiotic-Prebiotic,2,,,TORRENT PHARMACEUTICALS LTD,UNICHEM,torrent,master
AT-VOAGE-10MG-10S,VOAGE 10MG TAB 10'S,VOAGE 10MG,10'S,Tablet,133.45,Dapagliflozin 10mg,dapagliflozin 10mg,Dapagliflozin,1,,,ALEMBIC,CARDIGEM,manual,master
AT-VOAGE-5MG-10S,VOAGE 5MG TAB 10'S,VOAGE 5MG,10'S,Tablet,104.63,Dapagliflozin,dapagliflozin,Dapagliflozin,1,,,ALEMBIC,CARDIGEM,main,stock file
AT-VOAGE-GM-1MG-10S,VOAGE GM 1MG TAB 10'S,VOAGE GM 1MG,10'S,Tablet,130.41,Dapagliflozin + Glimepiride + Metformin,dapagliflozin+glimepiride+metformin,Dapagliflozin | Glimepiride | Metformin,3,,,ALEMBIC,ltd summit,main,master
AT-VOAGE-GM-2MG-10S,VOAGE GM 2MG TAB 10'S,VOAGE GM 2MG,10'S,Tablet,130.41,Dapagliflozin + Glimepiride + Metformin,dapagliflozin+glimepiride+metformin,Dapagliflozin | Glimepiride | Metformin,3,,,ALEMBIC,ltd summit,main,master
AT-VOAGE-MS-1000MG-15S,VOAGE MS 1000MG TAB 15'S,VOAGE MS 1000MG,15'S,Tablet,320.39,Dapagliflozin 10mg + Metformin 1000mg + Sitagliptin 100mg,dapagliflozin 10mg+metformin 1000mg+sitagliptin 100mg,Dapagliflozin | Metformin | Sitagliptin,3,,,ALEMBIC,ltd summit,manual,master
AT-VOAGE-MS-500MG-15S,VOAGE MS 500MG TAB 15'S,VOAGE MS 500MG,15'S,Tablet,354.09,Dapagliflozin 10mg + Metformin 500mg + Sitagliptin 100mg,dapagliflozin 10mg+metformin 500mg+sitagliptin 100mg,Dapagliflozin | Metformin | Sitagliptin,3,,,ALEMBIC,ltd summit,manual,master
AT-VOAGE-M-10-1000-10S,VOAGE-M 10/1000 TAB 10'S,VOAGE-M 10/1000,10'S,Tablet,146.91,Dapagliflozin + Metformin,dapagliflozin+metformin,Dapagliflozin | Metformin,2,,,ALEMBIC,ltd summit,main,master
AT-VOAGE-M-10-500-10S,VOAGE-M 10/500 TAB 10'S,VOAGE-M 10/500,10'S,Tablet,146.53,Dapagliflozin + Metformin,dapagliflozin+metformin,Dapagliflozin | Metformin,2,,,ALEMBIC,ltd summit,main,master
AT-VOAGE-M-5-1000MG-10S,VOAGE-M 5/1000MG TAB 10'S,VOAGE-M 5/1000MG,10'S,Tablet,92.39,Dapagliflozin + Metformin,dapagliflozin+metformin,Dapagliflozin | Metformin,2,,,ALEMBIC,ltd summit,main,stock file
AT-VOAGE-S-15MG-10S,VOAGE-S 15MG TAB 10'S,VOAGE-S 15MG,10'S,Tablet,258.47,Dapagliflozin,dapagliflozin,Dapagliflozin,1,,,ALEMBIC,ltd summit,main,master
AT-VOAGE-V-10S,VOAGE-V TAB 10'S,VOAGE-V,10'S,Tablet,236.25,Dapagliflozin + Vildagliptin,dapagliflozin+vildagliptin,Dapagliflozin | Vildagliptin,2,,,ALEMBIC,CARDIGEM,main,stock file
AT-VODRO-M-10S,VODRO-M TAB 10,VODRO-M,10'S,Tablet,107.81,Drotaverine Hcl 80mg + Mefenamic Acid 250mg,drotaverine hcl 80mg+mefenamic acid 250mg,Drotaverine Hcl | Mefenamic Acid,2,Gynaecology,,ROSSWELT BIOSCIENCES,,rosswelt,master
AT-VOGFIT-0-3MG-10S,VOGFIT-0.3MG TAB 10'S,VOGFIT-0.3MG,10'S,Tablet,55.31,,,,,,,CAVIN PHARMACEUTICALS,,,stock file
AT-VOGFIT-02MG-10S,VOGFIT-02MG TAB 10'S,VOGFIT-02MG,10'S,Tablet,45.94,,,,,,,CAVIN PHARMACEUTICALS,,,stock file
AT-VOGFIT-M-0-2MG-10S,VOGFIT-M 0.2MG TAB 10S,VOGFIT-M 0.2MG,10S,Tablet,95.00,,,,,,,CAVIN PHARMACEUTICALS,,,stock file
AT-VOGFIT-M-0-3MG-10S,VOGFIT-M 0.3MG TAB 10S,VOGFIT-M 0.3MG,10S,Tablet,105.00,,,,,,,CAVIN PHARMACEUTICALS,,,stock file
AT-VOGLEBOZ-M-0-2MG-10S,VOGLEBOZ M 0.2MG TAB 10'S,VOGLEBOZ M 0.2MG,10'S,Tablet,54.38,,,,,,,FINECURE PHARMACEUTICALS,LTD,,stock file
AT-VOGLEBOZ-M-0-3MG-10S,VOGLEBOZ M 0.3MG TAB 10'S,VOGLEBOZ M 0.3MG,10'S,Tablet,59.06,,,,,,,FINECURE PHARMACEUTICALS,LTD,,stock file
AT-VOGLEBOZ-0-2MG-10S,VOGLEBOZ-0.2MG TAB 10'S,VOGLEBOZ-0.2MG,10'S,Tablet,31.88,,,,,,,FINECURE PHARMACEUTICALS,LTD,,stock file
AT-VOGLEBOZ-0-3MG-10S,VOGLEBOZ-0.3MG TAB 10'S,VOGLEBOZ-0.3MG,10'S,Tablet,45.94,,,,,,,FINECURE PHARMACEUTICALS,LTD,,stock file
AT-VOGLIKEM-0-2-10S,VOGLIKEM 0.2 TAB 10'S,VOGLIKEM 0.2,10'S,Tablet,83.44,Voglibose,voglibose,Voglibose,1,,,ALKEM LABORATORIES,LTD DIABTALOGY,main,stock file
AT-VOGLIKEM-0-3-10S,VOGLIKEM 0.3 TAB 10'S,VOGLIKEM 0.3,10'S,Tablet,177.19,Voglibose,voglibose,Voglibose,1,,,ALKEM LABORATORIES,LTD DIABTALOGY,main,master
AT-VOGLIKEM-M-0-2-10S,VOGLIKEM M 0.2 TAB 10'S,VOGLIKEM M 0.2,10'S,Tablet,142.00,Metformin + Voglibose,metformin+voglibose,Metformin | Voglibose,2,,,ALKEM LABORATORIES,LTD DIABTALOGY,main,master
AT-VOGLIKEM-M-0-3-10S,VOGLIKEM M 0.3 TAB 10'S,VOGLIKEM M 0.3,10'S,Tablet,178.10,Metformin + Voglibose,metformin+voglibose,Metformin | Voglibose,2,,,ALKEM LABORATORIES,LTD DIABTALOGY,main,master
AT-VOGLIKEM-M-0-2FORTE-10S,VOGLIKEM-M 0.2FORTE TAB 10'S,VOGLIKEM-M 0.2FORTE,10'S,Tablet,82.50,Metformin + Voglibose,metformin+voglibose,Metformin | Voglibose,2,,,ALKEM LABORATORIES,LTD DIABTALOGY,main,stock file
AT-VOGLIKEM-M-0-3-FORTE-10S,VOGLIKEM-M 0.3 FORTE TAB 10'S,VOGLIKEM-M 0.3 FORTE,10'S,Tablet,103.13,Metformin + Voglibose,metformin+voglibose,Metformin | Voglibose,2,,,ALKEM LABORATORIES,LTD DIABTALOGY,main,master
AT-VOGLIONE-M-0-2MG-10S,VOGLIONE-M 0.2MG TAB 10S,VOGLIONE-M 0.2MG,10S,Tablet,89.06,,,,,,,ONESTEP HEALTHCARE P. LTD,CARDIAC,,master
AT-VOGLIONE-M-0-3MG-10S,VOGLIONE-M 0.3MG TAB 10S,VOGLIONE-M 0.3MG,10S,Tablet,101.25,,,,,,,ONESTEP HEALTHCARE P. LTD,CARDIAC,,master
AT-VOGLITOR-MD-0-2-10S,VOGLITOR MD 0.2 TAB 10 S,VOGLITOR MD 0.2,10 S,Tablet,83.16,Voglibose 0.2mg,voglibose 0.2mg,Voglibose,1,,,TORRENT PHARMA,PSYCAN CND,torrent,stock file
AT-VOGLITOR-MD-0-3-10S,VOGLITOR MD 0.3 TAB 10 S,VOGLITOR MD 0.3,10 S,Tablet,122.34,Voglibose 0.3mg,voglibose 0.3mg,Voglibose,1,,,TORRENT PHARMA,PSYCAN CND,torrent,stock file
AT-VOGLITOR-MF-0-2-10S,VOGLITOR MF 0.2 TAB 10 S,VOGLITOR MF 0.2,10 S,Tablet,55.45,Metformin + Voglibose,metformin+voglibose,Metformin | Voglibose,2,,,TORRENT PHARMA,PSYCAN CND,torrent,stock file
AT-VOGLITOR-MF-0-3-10S,VOGLITOR MF 0.3 TAB 10 S,VOGLITOR MF 0.3,10 S,Tablet,103.03,Metformin + Voglibose,metformin+voglibose,Metformin | Voglibose,2,,,TORRENT PHARMA,PSYCAN CND,torrent,stock file
AT-VOGLITOR-MF-FORTE-0-2-MG,VOGLITOR MF FORTE 0.2 MG TABS,VOGLITOR MF FORTE 0.2 MG,,Tablet,78.28,Metformin + Voglibose,metformin+voglibose,Metformin | Voglibose,2,,,TORRENT PHARMACEUTICALS,LTD,torrent,stock file
AT-VOGLITOR-MF-FORTE-0-3,VOGLITOR MF FORTE 0.3,VOGLITOR MF FORTE 0.3,,,107.44,Metformin + Voglibose,metformin+voglibose,Metformin | Voglibose,2,,,TORRENT PHARMACEUTICALS,LTD,torrent,stock file
AT-VOGLITOR-R-1-0-3-10S,VOGLITOR R 1/0.3 TAB 10'S,VOGLITOR R 1/0.3,10'S,Tablet,195.94,,,,,,,TORRENT PHARMACEUTICALS,LTD,,master
AT-VOGO-3-MG-10S,VOGO .3 MG TAB 10,VOGO .3 MG,10'S,Tablet,250.22,Voglibose,voglibose,Voglibose,1,,,ALEMBIC,LTD COROZONE,main,stock file
AT-VOGO-0-2-10S,VOGO 0.2 TAB 10'S,VOGO 0.2,10'S,Tablet,186.09,Voglibose,voglibose,Voglibose,1,,,ALEMBIC,LTD COROZONE,main,master
AT-VOGO-M-0-2MG-10S,VOGO M 0.2MG TAB 10'S,VOGO M 0.2MG,10'S,Tablet,158.53,Metformin + Voglibose,metformin+voglibose,Metformin | Voglibose,2,,,ALEMBIC,LTD COROZONE,main,master
AT-VOGO-M-0-3MG-10S,VOGO M 0.3MG TAB 10'S,VOGO M 0.3MG,10'S,Tablet,204.56,Metformin + Voglibose,metformin+voglibose,Metformin | Voglibose,2,,,ALEMBIC,LTD COROZONE,main,stock file
AT-VOLABAY-0-2-M-10S,VOLABAY 0.2 M TAB 10'S,VOLABAY 0.2 M,10'S,Tablet,56.63,,,,,,,WALLACE PHARMA,LIFESTYLE DC,,stock file
AT-VOLABAY-0-2MG-10S,VOLABAY 0.2MG 10'S,VOLABAY 0.2MG,10'S,,60.84,,,,,,,WALLACE PHARMA,LIFESTYLE DC,,stock file
AT-VOLABAY-0-3-M-10S,VOLABAY 0.3 M TAB 10'S,VOLABAY 0.3 M,10'S,Tablet,84.19,,,,,,,WALLACE PHARMA,LIFESTYLE DC,,stock file
AT-VOLABAY-0-3MG-10S,VOLABAY 0.3MG 10'S,VOLABAY 0.3MG,10'S,,92.16,,,,,,,WALLACE PHARMA,LIFESTYLE DC,,stock file
AT-VOLEX-P-10S,VOLEX P 10'S,VOLEX P,10'S,,210.90,,,,,,,SALASAR PHARMACEUTICALS,,,master
AT-VOLFER-XT-150ML,VOLFER XT SYP 150ML,VOLFER XT,150 ML,Syrup,140.62,Ferrous Ascorbate 100mg + Folic Acid 1.5mg,ferrous ascorbate 100mg+folic acid 1.5mg,Ferrous Ascorbate | Folic Acid,2,,,ROSSWELT BIOSCIENCES,,manual,master
AT-VOLFER-XT-10S,VOLFER XT TAB 10,VOLFER XT,10'S,Tablet,126.50,,,,,,,ROSSWELT BIOSCIENCES,,,master
AT-VOLINI-ACTIV-GEL-6GM-POUCH,VOLINI ACTIV GEL 6GM POUCH,VOLINI ACTIV GEL 6GM POUCH,,Gel,14.00,,,,,,,SUN PHARMA LAB,consumer,,master
AT-VOLINI-ACTIVE-12GM-TUBE,VOLINI ACTIVE 12GM.TUBE,VOLINI ACTIVE 12GM.TUBE,,,50.00,,,,,,,SUN PHARMA LAB,consumer,,master
AT-VOLINI-BLAM-10GM,VOLINI BLAM 10GM,VOLINI BLAM,10 GM,,27.19,,,,,,,SUN PHARMA LAB,consumer,,stock file
AT-VOLINI-12GM,VOLINI GEL 12GM,VOLINI,12 GM,Gel,50.00,,,,,,,SUN PHARMA LAB,consumer,,master
AT-VOLINI-15GM,VOLINI GEL 15 GM,VOLINI,15 GM,Gel,77.81,,,,,,,SUN PHARMA LAB,consumer,,master
AT-VOLINI-20GM,VOLINI GEL 20GM,VOLINI,20 GM,Gel,103.00,,,,,,,SUN PHARMA LAB,consumer,,master
AT-VOLINI-30GM,VOLINI GEL 30 GM,VOLINI,30 GM,Gel,160.00,,,,,,,SUN PHARMA LAB,consumer,,master
AT-VOLINI-GEL-50GR,VOLINI GEL 50GR.,VOLINI GEL 50GR,,Gel,210.00,,,,,,,SUN PHARMA LAB,consumer,,master
AT-VOLINI-75GM,VOLINI GEL 75GM,VOLINI,75 GM,Gel,272.00,,,,,,,SUN PHARMA LAB,consumer,,master
AT-VOLINI-JOINT-XPERT-GEL-50-GM,VOLINI JOINT XPERT GEL 50 GM 50,VOLINI JOINT XPERT GEL 50 GM 50,,Gel,225.00,,,,,,,SUN PHARMA LAB,consumer,,stock file
AT-VOLINI-MAXX-30GM,VOLINI MAXX GEL 30GM,VOLINI MAXX,30 GM,Gel,126.56,,,,,,,SUN PHARMA LAB,consumer,,stock file
AT-VOLINI-MAXX-SPRAY-25MG,VOLINI MAXX SPRAY 25MG,VOLINI MAXX SPRAY 25MG,,Spray,92.81,,,,,,,SUN PHARMA LAB,consumer,,stock file
AT-VOLINI-SPRAY-100GM,VOLINI SPRAY 100G,VOLINI SPRAY,100 GM,Spray,349.69,,,,,,,SUN PHARMA LAB,consumer,,master
AT-VOLINI-SPRAY-15GM,VOLINI SPRAY 15G 15G,VOLINI SPRAY,15 GM,Spray,77.00,,,,,,,SUN PHARMA LAB,consumer,,master
AT-VOLINI-SPRAY-42GM,VOLINI SPRAY 42GM.,VOLINI SPRAY,42 GM,Spray,175.00,,,,,,,SUN PHARMA LAB,consumer,,master
AT-VOLINI-SPRAY-60GM,VOLINI SPRAY 60GM,VOLINI SPRAY,60 GM,Spray,233.00,,,,,,,SUN PHARMA LAB,consumer,,master
AT-VOLINI-SPRAY-80GM,VOLINI SPRAY 80GM,VOLINI SPRAY,80 GM,Spray,233.44,,,,,,,SUN PHARMA LAB,consumer,,master
AT-VOLITRA-APS,VOLITRA APS,VOLITRA APS,,,351.56,,,,,,,SUN PHARMA LAB.LTD,CROSSLAND-LIFE,,master
AT-VOLITRA-PLUS-30GM,VOLITRA PLUS 30GM,VOLITRA PLUS,30 GM,,142.50,,,,,,,SUN PHARMA LAB.LTD,CROSSLAND-LIFE,,master
AT-VOLITRA-PLUS-50GM,VOLITRA PLUS GEL 50GM,VOLITRA PLUS,50 GM,Gel,150.00,,,,,,,SUN PHARMA LAB.LTD,CROSSLAND-LIFE,,stock file
AT-VOLITRA-PLUS-SPRAY-55GM,VOLITRA PLUS SPRAY 55G,VOLITRA PLUS SPRAY,55 GM,Spray,182.81,,,,,,,SUN PHARMA LAB.LTD,CROSSLAND-LIFE,,stock file
AT-VOLITRA-ENZO,VOLITRA-ENZO,VOLITRA-ENZO,,,159.38,,,,,,,SUN PHARMA LAB.LTD,CROSSLAND-LIFE,,stock file
AT-VOLIX-0-2MG-10S,VOLIX 0.2MG TABS 10`S,VOLIX 0.2MG,10'S,Tablet,190.31,Voglibose 0.2mg,voglibose 0.2mg,Voglibose,1,ANTI DIABETIC,,SUN PHARMA LAB. LTD,DIABETE,sun pharma sheet,master
AT-VOLIX-0-3MG-15S,VOLIX 0.3MG TABS 15`S,VOLIX 0.3MG,15'S,Tablet,253.13,Voglibose 0.3mg,voglibose 0.3mg,Voglibose,1,ANTI DIABETIC,,SUN PHARMA LAB. LTD,DIABETE,sun pharma sheet,master
AT-VOLIX-M-0-2-500MG-10S,VOLIX M 0.2+500MG TAB 10S,VOLIX M 0.2+500MG,10S,Tablet,133.13,Metformin 500mg + Voglibose 0.2mg,metformin 500mg+voglibose 0.2mg,Metformin | Voglibose,2,ANTI DIABETIC,,SUN PHARMA LAB. LTD,DIABETE,sun pharma sheet,master
AT-VOLIX-M-0-3-500MG-10,VOLIX M 0.3+500MG TAB 10',VOLIX M 0.3+500MG,10',Tablet,192.19,Metformin 500mg + Voglibose 0.3mg,metformin 500mg+voglibose 0.3mg,Metformin | Voglibose,2,ANTI DIABETIC,,SUN PHARMA LAB. LTD,DIABETE,sun pharma sheet,master
AT-VOLIX-R-0-2-0-5MG-10S,VOLIX R 0.2/0.5MG TAB 10'S,VOLIX R 0.2/0.5MG,10'S,Tablet,155.63,Repaglinide 0.2mg + Voglibose 0.5mg,repaglinide 0.2mg+voglibose 0.5mg,Repaglinide | Voglibose,2,,,SUN PHARMA LAB. LTD,DIABETE,manual,master
AT-VOLIX-R-0-2-1MG-10S,VOLIX R 0.2/1MG TAB 10'S,VOLIX R 0.2/1MG,10'S,Tablet,155.63,Repaglinide 0.2mg + Voglibose 1mg,repaglinide 0.2mg+voglibose 1mg,Repaglinide | Voglibose,2,,,SUN PHARMA LAB. LTD,DIABETE,manual,master
AT-VOLIX-R-0-3-0-5MG-10S,VOLIX R 0.3/0.5MG TAB 10'S,VOLIX R 0.3/0.5MG,10'S,Tablet,172.50,Repaglinide 0.3mg + Voglibose 0.5mg,repaglinide 0.3mg+voglibose 0.5mg,Repaglinide | Voglibose,2,,,SUN PHARMA LAB. LTD,DIABETE,manual,master
AT-VOLIX-R-0-3-1MG-10S,VOLIX R 0.3/1MG TAB 10'S,VOLIX R 0.3/1MG,10'S,Tablet,177.19,Repaglinide 0.3mg + Voglibose 1mg,repaglinide 0.3mg+voglibose 1mg,Repaglinide | Voglibose,2,,,SUN PHARMA LAB. LTD,DIABETE,manual,master
AT-VOLIX-TRIO-1-15S,VOLIX TRIO 1 TAB 15'S,VOLIX TRIO 1,15'S,Tablet,248.44,,,,,,,SUN PHARMA LAB. LTD,DIABETE,,master
AT-VOLIX-TRIO-2-15S,VOLIX TRIO 2 TAB 15'S,VOLIX TRIO 2,15'S,Tablet,332.81,,,,,,,SUN PHARMA LAB. LTD,DIABETE,,master
AT-VOLIX-TRIO-DS-2MG-10S,VOLIX TRIO DS 2MG TAB 10'S,VOLIX TRIO DS 2MG,10'S,Tablet,139.65,,,,,,,SUN PHARMA LAB. LTD,DIABETE,,stock file
AT-VOLIX-TRIO-FORTE-2MG-15S,VOLIX TRIO FORTE 2MG 15'S,VOLIX TRIO FORTE 2MG,15'S,,230.63,,,,,,,SUN PHARMA LAB. LTD,DIABETE,,master
AT-VOLIX-03-CP-30S,VOLIX.03 CP 30S,VOLIX.03 CP,30S,,201.56,,,,,,,SUN PHARMA,LABORATORIES LTD,,stock file
AT-VOLPAN-40-10S,VOLPAN 40 TAB 10,VOLPAN 40,10'S,Tablet,75.00,Pantoprazole 40mg,pantoprazole 40mg,Pantoprazole,1,,,ROSSWELT BIOSCIENCES,,manual,master
AT-VOLPAN-D-10S,VOLPAN D TAB 10,VOLPAN D,10'S,Tablet,84.37,,,,,,,ROSSWELT BIOSCIENCES,,,master
AT-VOLPAN-DSR-10S,VOLPAN DSR TAB 10,VOLPAN DSR,10'S,Tablet,112.50,,,,,,,ROSSWELT BIOSCIENCES,,,master
AT-VOLXIME-O-10S,VOLXIME O TAB 1*10,VOLXIME O,10'S,Tablet,210.94,,,,,,,SALASAR PHARMACEUTICALS,,,master
AT-VOLXIME-OZ-10S,VOLXIME-OZ TAB 10S,VOLXIME-OZ,10S,Tablet,164.06,,,,,,,SALASAR PHARMACEUTICALS,,,stock file
AT-VOLZEX-500MG-10S,VOLZEX-500MG TAB 10'S,VOLZEX-500MG,10'S,Tablet,96.00,,,,,,,ROSSWELT BIOSCIENCES,,,master
AT-VOMICLIN-10S,VOMICLIN TAB 10S,VOMICLIN,10S,Tablet,42.18,Ondansetron Hydrochloride 4mg,ondansetron hydrochloride 4mg,Ondansetron Hydrochloride,1,Gynaecology,,ROSSWELT BIOSCIENCES,,rosswelt,master
AT-VOMISAR-4MG,VOMISAR 4MG INJ,VOMISAR 4MG,,Injection,12.19,,,,,,,SALASAR PHARMACEUTICALS,,,stock file
AT-VOMISAR-8-2ML,VOMISAR 8 INJ 2ML.,VOMISAR 8,2 ML,Injection,28.13,,,,,,,SALASAR PHARMACEUTICALS,,,stock file
AT-VOMISAR-MD-4MG-10S,VOMISAR MD 4MG TAB 10'S,VOMISAR MD 4MG,10'S,Tablet,51.56,,,,,,,SALASAR PHARMACEUTICALS,,,master
AT-VONOFIDE-10MG-10S,VONOFIDE 10MG TAB 10'S,VONOFIDE 10MG,10'S,Tablet,84.38,Vonoprazan,vonoprazan,Vonoprazan,1,,,ALEMBIC,ENTERON,main,master
AT-VONOFIDE-20MG-10S,VONOFIDE 20MG TAB 10'S,VONOFIDE 20MG,10'S,Tablet,153.98,Vonoprazan,vonoprazan,Vonoprazan,1,,,ALEMBIC,ENTERON,main,master
AT-VONOTOR-10MG-10S,VONOTOR 10MG TAB 10'S,VONOTOR 10MG,10'S,Tablet,98.65,Vonoprazan 10mg,vonoprazan 10mg,Vonoprazan,1,,,TORRENT PHARMACEUTICALS,LTD,torrent,master
AT-VONOTOR-20MG-10S,VONOTOR 20MG TAB 10'S,VONOTOR 20MG,10'S,Tablet,158.44,Vonoprazan 10mg,vonoprazan 10mg,Vonoprazan,1,,,TORRENT PHARMACEUTICALS,LTD,torrent,master
AT-VONZAI-20MG-10S,VONZAI 20MG TAB 10'S,VONZAI 20MG,10'S,Tablet,140.60,Vonoprazan,vonoprazan,Vonoprazan,1,,,ALKEM LABORAT. LTD,GESTROKEM,main,master
AT-VOSFATE-O,VOSFATE-O SYP,VOSFATE-O,,Syrup,121.86,,,,,,,ROSSWELT BIOSCIENCES,,,master
AT-VOSGIL-MPS-170ML,VOSGIL MPS SYP 170ML,VOSGIL MPS,170 ML,Syrup,89.05,,,,,,,ROSSWELT BIOSCIENCES,,,master
AT-VOSIDOX-LB-10S,VOSIDOX-LB CAP 10'S,VOSIDOX-LB,10'S,Capsule,135.94,,,,,,,ROSSWELT BIOSCIENCES,,,stock file
AT-VOSLAC-10S,VOSLAC-CAP 10'S,VOSLAC,10'S,Capsule,111.25,Prebiotic + Probiotic,prebiotic+probiotic,Prebiotic | Probiotic,2,Gastro / Hepato,,ROSSWELT BIOSCIENCES,,rosswelt,master
AT-VOSLAC-Z-15GM,VOSLAC-Z SACHET 1.5GM,VOSLAC-Z,1.5 GM,Sachet,18.24,,,,,,,ROSSWELT BIOSCIENCES,,,master
AT-VOSLIV-200ML,VOSLIV SYP 200ML,VOSLIV,200 ML,Syrup,121.87,,,,,,,ROSSWELT BIOSCIENCES,,,master
AT-VOSNAC-FAST-INJ-1-1ML,VOSNAC FAST INJ 1*1ML,VOSNAC FAST INJ 1*,1 ML,Injection,15.00,,,,,,,ROSSWELT BIOSCIENCES,,,stock file
AT-VOSNAC-30GM,VOSNAC GEL 30GM,VOSNAC,30 GM,Gel,70.31,,,,,,,ROSSWELT BIOSCIENCES,,,stock file
AT-VOSNAC-S-10S,VOSNAC S TAB 10S,VOSNAC S,10S,Tablet,60.93,,,,,,,ROSSWELT BIOSCIENCES,,,master
AT-VOSNAC-SP-10S,VOSNAC SP TAB 10S,VOSNAC SP,10S,Tablet,75.00,Diclofenac Potassium 50mg + Paracetamol 325mg + Serratiopeptidase 15mg,diclofenac potassium 50mg+paracetamol 325mg+serratiopeptidase 15mg,Diclofenac Potassium | Paracetamol | Serratiopeptidase,3,,,ROSSWELT BIOSCIENCES,,manual,master
AT-VOSNAC-XL-10S,VOSNAC-XL TAB 10S,VOSNAC-XL,10S,Tablet,103.00,Chymotrypsin + Diclofenac Potassium 50mg + Paracetamol 325mg + Trypsin,chymotrypsin+diclofenac potassium 50mg+paracetamol 325mg+trypsin,Chymotrypsin | Diclofenac Potassium | Paracetamol | Trypsin,4,Analgesic / Inflammatory,,ROSSWELT BIOSCIENCES,,rosswelt,master
AT-VOSPROT-200GM,VOSPROT POWDER 200GM,VOSPROT,200 GM,Powder,349.00,,,,,,,ROSSWELT BIOSCIENCES,,,master
AT-VOXIGAIN-10MG-10S,VOXIGAIN 10MG TAB 10'S,VOXIGAIN 10MG,10'S,Tablet,180.94,Vortioxetine,vortioxetine,Vortioxetine,1,,,TORRENT PHARMACEUTICALS,NURON,torrent,master
AT-VOXIGAIN-20MG-10S,VOXIGAIN 20MG TAB 10'S,VOXIGAIN 20MG,10'S,Tablet,290.63,Vortioxetine,vortioxetine,Vortioxetine,1,,,TORRENT PHARMACEUTICALS,NURON,torrent,stock file
AT-VOXIGAIN-5MG-10S,VOXIGAIN 5MG TAB 10'S,VOXIGAIN 5MG,10'S,Tablet,92.72,Vortioxetine,vortioxetine,Vortioxetine,1,,,TORRENT PHARMACEUTICALS,NURON,torrent,master
AT-VOXITIN-10MG-10S,VOXITIN 10MG TAB 10'S,VOXITIN 10MG,10'S,Tablet,351.56,Vortioxetine 10mg,vortioxetine 10mg,Vortioxetine,1,Anti-Epileptic,,ALKEM LAB.LTD,PRIZMA,alkem,master
AT-VOXITIN-20MG-10S,VOXITIN 20MG TAB 10'S,VOXITIN 20MG,10'S,Tablet,101.25,Vortioxetine 20mg,vortioxetine 20mg,Vortioxetine,1,Anti-Epileptic,,ALKEM LAB.LTD,PRIZMA,alkem,master
AT-VOXITIN-5MG-10S,VOXITIN 5MG TAB 10'S,VOXITIN 5MG,10'S,Tablet,198.75,Vortioxetine,vortioxetine,Vortioxetine,1,,,ALKEM LAB.LTD,PRIZMA,main,master
AT-VOZET-10S,VOZET TAB 10'S,VOZET,10'S,Tablet,50.02,,,,,,,GSK LIMITED,DERMA ACE TEAM 2,,stock file
AT-WAL-D3-4S,WAL D3 CAP 4'S,WAL D3,4'S,Capsule,129.23,Cholecalciferol 60000IU,cholecalciferol 60000iu,Cholecalciferol,1,Vitamin D3,Vitamin D3 Deficiency,WALLACE PHARMA.LTD.LIFESTYLE,Lifestyle,wallace,stock file
AT-WAL-D3-NANOSHOTS-5ML,WAL D3 NANOSHOTS 5ML,WAL D3 NANOSHOTS,5 ML,,108.00,,,,,,,WALLACE PHARMACEUTICALS,LTD,,master
AT-WAL-D3-PLUS-DROP-5ML,WAL D3 PLUS DROP 5ML,WAL D3 PLUS DROP,5 ML,Drops,257.50,Contains: Cholecalciferol 1ml,contains: cholecalciferol 1ml,Contains: Cholecalciferol,1,Vitamin D3,Vitamin D3 Deficiency,WALLACE PHARMACEUTICALS,LTD,wallace,master
AT-WALACORT-20S,WALACORT TAB 20S,WALACORT,20S,Tablet,19.12,Betamethasone 0.5mg,betamethasone 0.5mg,Betamethasone,1,Anti-Inflammatory,Steroid Responsive Dermatosis,WALLACE PHARMA,RIVELA,wallace,master
AT-WALAMYCIN-DS-30ML,WALAMYCIN DS 30ML,WALAMYCIN DS,30 ML,,126.75,,,,,Anti-Diarrhoeal,Infantile Infectious Diarrhoea,WALLACE PHARMACEUTICALS,LTD,,master
AT-WALAMYCIN-30ML,WALAMYCIN SUSP.30ML,WALAMYCIN,30 ML,Suspension,70.55,,,,,Anti-Diarrhoeal,Infantile Infectious Diarrhoea,WALLACE PHARMACEUTICALS,LTD,,master
AT-WALAPHAGE-500MG-15S,WALAPHAGE 500MG TABS 15`S,WALAPHAGE 500MG,15'S,Tablet,26.14,Metformin 500mg,metformin 500mg,Metformin,1,Diabetes Management,Type ll Diabetes,WALLACE PHARMA,LIFESTYLE DC,wallace,master
AT-WALAPHAGE-850MG-10S,WALAPHAGE 850MG TABS 10`S,WALAPHAGE 850MG,10'S,Tablet,67.41,Metformin 850mg,metformin 850mg,Metformin,1,Diabetes Management,Type ll Diabetes,WALLACE PHARMA,LIFESTYLE DC,wallace,stock file
AT-WALAPHAGE-G-2-10S,WALAPHAGE G 2 TABS 10'S,WALAPHAGE G 2,10'S,Tablet,154.13,Glimepiride 2mg + Metformin Sustained Released 500mg,glimepiride 2mg+metformin sustained released 500mg,Glimepiride | Metformin Sustained Released,2,Diabetes Management,Type ll Diabetes,WALLACE PHARMA,LIFESTYLE DC,wallace,master
AT-WALAPHAGE-G-1-15S,WALAPHAGE G-1 TABS 15`S,WALAPHAGE G-1,15'S,Tablet,99.37,,,,,,,WALLACE PHARMA,LIFESTYLE DC,,stock file
AT-WALAPHAGE-SR-1000MG-T,WALAPHAGE SR 1000MG T.,WALAPHAGE SR 1000MG T,,,60.65,Metformin 1000mg,metformin 1000mg,Metformin,1,,,WALLACE PHARMA,LIFESTYLE DC,manual,master
AT-WALAPHAGE-SR-500MG-T-1,WALAPHAGE SR 500MG T.1,WALAPHAGE SR 500MG T.1,,,31.72,,,,,,,WALLACE PHARMA,LIFESTYLE DC,,master
AT-WALAPHAGE-2-15S,WALAPHAGE-2 TAB 15S,WALAPHAGE-2,15S,Tablet,79.69,,,,,,,WALLACE PHARMA,LIFESTYLE DC,,stock file
AT-WALFORMIN-OD-60-10S,WALFORMIN OD-60 TAB 10'S,WALFORMIN OD-60,10'S,Tablet,65.72,,,,,,,WALLACE PHARMA,LIFESTYLE DC,,stock file
AT-WALFORMIN-10S,WALFORMIN TABS 10'S,WALFORMIN,10'S,Tablet,94.88,Gliclazide 80mg + Metformin 500mg,gliclazide 80mg+metformin 500mg,Gliclazide | Metformin,2,Diabetes Management,Type 2 Diabetes Mellitus with Cardiac Risk,WALLACE PHARMA,LIFESTYLE DC,wallace,stock file
AT-WALK-AGAIN,Walk-Again,Walk-Again,,,,Diclofenac Diethylamine + Linseed Oil + Menthol + Methyl Salicylate,diclofenac diethylamine+linseed oil+menthol+methyl salicylate,Diclofenac Diethylamine | Linseed Oil | Menthol | Methyl Salicylate,4,,"Relief from pain, swelling and inflammation",APPENA LIFE PVT.LTD,,main,master
AT-WALTUZ-BR-100ML,WALTUZ BR 100ML,WALTUZ BR,100 ML,,60.94,,,,,,,WALLACE PHARMACEUTICALS,LTD,,stock file
AT-WALTUZ-DX-100ML,WALTUZ DX 100ML,WALTUZ DX,100 ML,,66.75,,,,,,,WALLACE PHARMACEUTICALS,LTD,,stock file
AT-WALYTE-APPLE-FLAV-22GM,WALYTE APPLE FLAV.22GMS,WALYTE APPLE FLAV,22 GM,,19.17,,,,,,,WALLACE PHARMACEUTICALS,LTD,,stock file
AT-WALYTE-CITRO-21GM,WALYTE CITRO 21GM,WALYTE CITRO,21 GM,,18.60,,,,,,,WALLACE PHARMACEUTICALS,LTD,,stock file
AT-WALYTE-CITRO-5-42GM,WALYTE CITRO 5*4.2GM,WALYTE CITRO 5*,4.2 GM,,19.60,,,,,,,WALLACE PHARMA.LTD.LIFESTYLE,,,stock file
AT-WALYTE-ENERGY-DRINK-ORANGE-200ML,WALYTE ENERGY DRINK ORANGE 200ML,WALYTE ENERGY DRINK ORANGE,200 ML,,39.84,,,,,,,WALLACE PHARMACEUTICALS,LTD,,stock file
AT-WALYTE-MOSAMBI-DRINK,WALYTE MOSAMBI DRINK,WALYTE MOSAMBI DRINK,,,32.81,,,,,,,WALLACE PHARMACEUTICALS,LTD,,stock file
AT-WALYTE-ORS-5-4-4GM-MANGO,WALYTE ORS 5*4.4GM (MANGO),WALYTE ORS 5*4.4GM (MANGO),,,22.65,,,,,,,WALLACE PHARMACEUTICALS,LTD,,stock file
AT-WALYTE-ORS-ORANGE-F-22GM,WALYTE ORS ORANGE /F 22GM,WALYTE ORS ORANGE /F,22 GM,,22.87,,,,,,,WALLACE PHARMACEUTICALS,LTD,,master
AT-WALYTE-ORS-ORANGE-5-44GM,WALYTE ORS ORANGE 5*4.4GM,WALYTE ORS ORANGE 5*,4.4 GM,,23.20,,,,,,,WALLACE PHARMACEUTICALS,LTD,,master
AT-WALYTE-WHO-ORS-RTD-MANGO-200ML,WALYTE WHO ORS RTD MANGO 200ML,WALYTE WHO ORS RTD MANGO,200 ML,,29.53,,,,,,,WALLACE PHARMACEUTICALS,LTD,,master
AT-WALYTE-WHO-ORS-RTD-ORANGE-200ML,WALYTE WHO ORS RTD ORANGE 200ML,WALYTE WHO ORS RTD ORANGE,200 ML,,31.50,,,,,,,WALLACE PHARMACEUTICALS,LTD,,master
AT-WELLCET-15S,WELLCET TAB 15'S,WELLCET,15'S,Tablet,108.00,,,,,,,NEO LIFE SCIENCES,,,stock file
AT-WIKORYL-10MG-15S,WIKORYL 10MG TAB 15'S,WIKORYL 10MG,15'S,Tablet,86.44,Chlorpheniramine + Phenylephrine,chlorpheniramine+phenylephrine,Chlorpheniramine | Phenylephrine,2,,,ALEMBIC,MAXIS,main,master
AT-WIKORYL-325-DT-10S,WIKORYL 325 DT TAB 10'S,WIKORYL 325 DT,10'S,Tablet,81.00,Chlorpheniramine + Paracetamol + Phenylephrine,chlorpheniramine+paracetamol+phenylephrine,Chlorpheniramine | Paracetamol | Phenylephrine,3,,,ALEMBIC,MEGACARE,main,master
AT-WIKORYL-AF-15ML,WIKORYL AF DROPS 15ML,WIKORYL AF,15 ML,Drops,91.87,Chlorpheniramine + Paracetamol + Phenylephrine,chlorpheniramine+paracetamol+phenylephrine,Chlorpheniramine | Paracetamol | Phenylephrine,3,,,ALEMBIC,MAXIS,main,master
AT-WIKORYL-AF-75ML,WIKORYL AF SYP 75ML,WIKORYL AF,75 ML,Syrup,101.25,Chlorpheniramine + Paracetamol + Phenylephrine,chlorpheniramine+paracetamol+phenylephrine,Chlorpheniramine | Paracetamol | Phenylephrine,3,,,ALEMBIC,MAXIS,main,master
AT-WIKORYL-15ML,WIKORYL DROPS 15ML,WIKORYL,15 ML,Drops,108.23,Chlorpheniramine + Phenylephrine,chlorpheniramine+phenylephrine,Chlorpheniramine | Phenylephrine,2,,,ALEMBIC,MAXIS,main,master
AT-WIKORYL-DS-60ML,WIKORYL DS SYP 60ML,WIKORYL DS,60 ML,Syrup,102.80,Chlorpheniramine + Paracetamol + Phenylephrine,chlorpheniramine+paracetamol+phenylephrine,Chlorpheniramine | Paracetamol | Phenylephrine,3,,,ALEMBIC,MAXIS,main,master
AT-WIKORYL-L-10S,WIKORYL L TAB 10'S,WIKORYL L,10'S,Tablet,46.73,Levocetirizine,levocetirizine,Levocetirizine,1,,,ALEMBIC,MAXIS,main,stock file
AT-WIKORYL-ND-10S,WIKORYL ND TABS 10'S,WIKORYL ND,10'S,Tablet,67.41,Cetirizine + Phenylephrine,cetirizine+phenylephrine,Cetirizine | Phenylephrine,2,,,ALEMBIC,MAXIS,main,stock file
AT-WIKORYL-ORAL-75ML,WIKORYL ORAL SUSP 75ML,WIKORYL ORAL,75 ML,Suspension,107.20,Chlorpheniramine + Phenylephrine,chlorpheniramine+phenylephrine,Chlorpheniramine | Phenylephrine,2,,,ALEMBIC,MAXIS,main,master
AT-WINFATE-O-100ML,WINFATE-O SYP 100ML,WINFATE-O,100 ML,Syrup,170.63,Oxetacaine 20mg + Sucralfate 1000mg,oxetacaine 20mg+sucralfate 1000mg,Oxetacaine | Sucralfate,2,,,NEO LIFE SCIENCES,,main,master
AT-WINOCEF-SB-INJ-1-1-5,WINOCEF-SB INJ 1*1.5 INJ,WINOCEF-SB INJ 1*1.5,,Injection,241.88,,,,,,,NEO LIFE SCIENCES,,,stock file
AT-WINOFF-OZ-10S,WINOFF-OZ TAB 10,WINOFF-OZ,10'S,Tablet,135.94,,,,,,,NEO LIFE SCIENCES,,,stock file
AT-WINOGLOBIN-200GM,WINOGLOBIN POWDER 200GM,WINOGLOBIN,200 GM,Powder,323.44,,,,,,,NEO LIFE SCIENCES,,,master
AT-WINTAZ-4-5-INJ-1-1VAIL,WINTAZ 4.5 INJ 1*1VAIL,WINTAZ 4.5 INJ 1*1VAIL,,Injection,459.38,,,,,,,NEO LIFE SCIENCES,,,stock file
AT-WINTOP-D-10S,WINTOP-D TAB 10S,WINTOP-D,10S,Tablet,108.00,,,,,,,NEO LIFE SCIENCES,,,stock file
AT-WITCEE-PLUS-10S,WITCEE-PLUS TAB 10'S,WITCEE-PLUS,10'S,Tablet,95.00,,,,,,,ROSSWELT BIOSCIENCES,,,stock file
AT-XAMIC-500,XAMIC 500 TABS,XAMIC 500,,Tablet,178.35,Tranexamic Acid 500mg,tranexamic acid 500mg,Tranexamic Acid,1,,,TORRENT PHARMA,B-WELL,torrent,stock file
AT-XAMIC-MF,XAMIC MF TABS,XAMIC MF,,Tablet,270.40,Mefenamic Acid + Tranexamic Acid,mefenamic acid+tranexamic acid,Mefenamic Acid | Tranexamic Acid,2,,,TORRENT PHARMA,B-WELL,torrent,stock file
AT-XANILAX-SR-10S,XANILAX SR TAB 10S,XANILAX SR,10S,Tablet,148.41,Acebrophylline 200mg,acebrophylline 200mg,Acebrophylline,1,,,TORRENT PHARMACEUTICALS,LTD,torrent,stock file
AT-XCEFT-200,XCEFT-200 TAB,XCEFT-200,,Tablet,132.42,Cefixime,cefixime,Cefixime,1,,,ALEMBIC,MAXIS,main,stock file
AT-XCEPODEM-30ML,XCEPODEM SUSP. 30ML,XCEPODEM,30 ML,Suspension,65.63,,,,,,,SUN PHARMA LAB. LTD,PHARMA,,stock file
AT-XCLAVAM-600,XCLAVAM 600 INJ,XCLAVAM 600,,Injection,108.26,Amoxicillin + Clavulanic Acid,amoxicillin+clavulanic acid,Amoxicillin | Clavulanic Acid,2,,,ALKEM LABORAT. LTD,BERGEN ASTA,main,stock file
AT-XEOMIN-100-UNITS-1S,XEOMIN 100 UNITS INJ. 1*1'S,XEOMIN 100 UNITS,1'S,Injection,"27,500.00",,,,,,,MODI MUNDI,PMD,,master
AT-XEOMIN-50-UNITS-1S,XEOMIN 50 UNITS INJ. 1*1'S,XEOMIN 50 UNITS,1'S,Injection,"15,200.00",,,,,,,MODI MUNDI,PMD,,master
AT-XERINA-CREAM-50-GR,XERINA CREAM 50 GR,XERINA CREAM 50 GR,,Cream,487.00,,,,,,,SUN PHARMA,RIGEL,,master
AT-XERINA-DS-50GM,XERINA DS CREAM 50GM,XERINA DS,50 GM,Cream,530.00,,,,,,,SUN PHARMA,RIGEL,,master
AT-XERINA-SOFT-CERAM-50-GR,XERINA SOFT CERAM 50 GR,XERINA SOFT CERAM 50 GR,,,311.50,,,,,,,SUN PHARMA,RIGEL,,stock file
AT-XERINA-SOFT-100ML,XERINA SOFT LOTION 100ML,XERINA SOFT,100 ML,Lotion,429.87,Emollients,emollients,Emollients,1,DERMA,,SUN PHARMA,RIGEL,sun pharma sheet,stock file
AT-XL-GLOW-MAXX-50ML,XL-GLOW MAXX LOTION 50ML,XL-GLOW MAXX,50 ML,Lotion,365.00,,,,,,,NUTRIMED HEALTHCARE,PVT.LTD,,master
AT-XLAXIWAL-150ML,XLAXIWAL 150ML SYP.,XLAXIWAL,150 ML,Syrup,193.72,,,,,,,WALLACE PHARMACEUTICALS LTD,GASTROVA,,stock file
AT-XNEOCAL-MD-PLUS-10S,XNEOCAL MD PLUS TAB 10'S,XNEOCAL MD PLUS,10'S,Tablet,140.00,,,,,,,NEO LIFE SCIENCES,,,stock file
AT-XONE-125MG,XONE 125MG VIAL,XONE 125MG,,Vial,25.31,Ceftriaxone,ceftriaxone,Ceftriaxone,1,,,ALKEM LABORATRIES LTD,ALTRON,main,master
AT-XONE-1GM,XONE 1GM VIAL,XONE,1 GM,Vial,66.64,Ceftriaxone 2g,ceftriaxone 2g,Ceftriaxone,1,Anti-infective,,ALKEM LABORATRIES LTD,ALTRON,alkem,master
AT-XONE-1GM-VIAL,XONE 1GM VIAL**,XONE 1GM VIAL**,,Vial,66.64,Ceftriaxone 1g,ceftriaxone 1g,Ceftriaxone,1,Anti-infective,,ALKEM LABORATRIES LTD,ALTRON,alkem,stock file
AT-XONE-250MG,XONE 250MG VIAL,XONE 250MG,,Vial,29.76,Ceftriaxone,ceftriaxone,Ceftriaxone,1,,,ALKEM LABORATRIES LTD,ALTRON,main,master
AT-XONE-500MG,XONE 500MG VIAL,XONE 500MG,,Vial,52.78,Ceftriaxone,ceftriaxone,Ceftriaxone,1,,,ALKEM LABORATRIES LTD,ALTRON,main,master
AT-XONE-SB-VIAL-1,XONE SB VIAL** 1,XONE SB VIAL** 1,,Vial,50.16,Ceftriaxone 1000mg + Sulbactam 500mg,ceftriaxone 1000mg+sulbactam 500mg,Ceftriaxone | Sulbactam,2,Anti-infective,,ALKEM LABORATRIES LTD,ALTRON,alkem,stock file
AT-XONE-XP-1-125MG,XONE XP 1.125MG VIAL,XONE XP 1.125MG,,Vial,238.13,Ceftriaxone + Sulbactam,ceftriaxone+sulbactam,Ceftriaxone | Sulbactam,2,,,ALKEM LABORATRIES LTD,ALTRON,main,master
AT-XONE-XP-125MG,XONE XP 125MG INJ,XONE XP 125MG,,Injection,39.70,Ceftriaxone + Tazobactam,ceftriaxone+tazobactam,Ceftriaxone | Tazobactam,2,,,ALKEM LABORATRIES LTD,ALTRON,main,stock file
AT-XONE-XP-HS-VAIL,XONE XP HS VAIL,XONE XP HS VAIL,,,150.50,Ceftriaxone + Sulbactam,ceftriaxone+sulbactam,Ceftriaxone | Sulbactam,2,,,ALKEM LABORATRIES LTD,ACE-ALTIS,main,stock file
AT-XONE-XP-HS,XONE XP HS VIAL,XONE XP HS,,Vial,136.85,Ceftriaxone 1g + Tazobactam 125mg,ceftriaxone 1g+tazobactam 125mg,Ceftriaxone | Tazobactam,2,,,ALKEM LABORATRIES LTD,ACE-ALTIS,manual,master
AT-XONE-XP-KID,XONE XP KID VIAL,XONE XP KID,,Vial,91.85,Ceftriaxone 250mg + Tazobactam 31.25mg,ceftriaxone 250mg+tazobactam 31.25mg,Ceftriaxone | Tazobactam,2,,,ALKEM LABORATRIES LTD,ALTRON,manual,master
AT-XONE-ES-15GM,XONE-ES 1.5GM INJ.,XONE-ES,1.5 GM,Injection,280.30,Ceftriaxone + Sulbactam,ceftriaxone+sulbactam,Ceftriaxone | Sulbactam,2,,,ALKEM LABORATRIES LTD,ALTRON,main,master
AT-XONE-ES-15GM1,XONE-ES 1.5GM INJ. 1 VIAL,XONE-ES,1.5GM 1,Injection,280.30,Ceftriaxone + Sulbactam,ceftriaxone+sulbactam,Ceftriaxone | Sulbactam,2,,,ALKEM LABORATRIES LTD,ALTRON,main,stock file
AT-XONE-O-10S,XONE-O TAB 10'S,XONE-O,10'S,Tablet,180.94,Cefixime + Ofloxacin,cefixime+ofloxacin,Cefixime | Ofloxacin,2,Anti-infective,,ALKEM LABORATRIES LTD,ALTRON,main,stock file
AT-XOVALTIB-30MG,Xovaltib 30mg Tablet,Xovaltib 30mg,,Tablet,,Afatinib 30mg,afatinib 30mg,Afatinib,1,,EGFR-mutated non-small-cell lung cancer,BOEHRINGER INGELHEIM,,main,master
AT-XOVOLTIB-20MG,Xovoltib 20mg Tablet,Xovoltib 20mg,,Tablet,,Afatinib 20mg,afatinib 20mg,Afatinib,1,,EGFR-mutated non-small-cell lung cancer,BOEHRINGER INGELHEIM,,main,master
AT-XOVOLTIB-20MG-2,Xovoltib 20mg Tablet,Xovoltib 20mg,,Tablet,,Afatinib 20mg,afatinib 20mg,Afatinib,1,,EGFR-mutated non-small-cell lung cancer,BOEHRINGER INGELHEIM,,main,master
AT-XOVOLTIB-30MG,Xovoltib 30mg Tablet,Xovoltib 30mg,,Tablet,,Afatinib 30mg,afatinib 30mg,Afatinib,1,,EGFR-mutated non-small-cell lung cancer,BOEHRINGER INGELHEIM,,main,master
AT-XOVOLTIB-40MG,Xovoltib 40mg Tablet,Xovoltib 40mg,,Tablet,,Afatinib 40mg,afatinib 40mg,Afatinib,1,,EGFR-mutated non-small-cell lung cancer,BOEHRINGER INGELHEIM,,main,master
AT-XOVOLTIB-50MG,Xovoltib 50mg Tablet,Xovoltib 50mg,,Tablet,,Afatinib 50mg,afatinib 50mg,Afatinib,1,,EGFR-mutated non-small-cell lung cancer,BOEHRINGER INGELHEIM,,main,master
AT-XPECT-A-100ML,XPECT A SYP. 100ML,XPECT A,100 ML,Syrup,50.16,Ambroxol + Guaifenesin + Terbutaline,ambroxol+guaifenesin+terbutaline,Ambroxol | Guaifenesin | Terbutaline,3,,,ALKEM LABORATORIES,LTD.ALFA NEXGEN,main,stock file
AT-XPECT-B-100ML,XPECT B SYP. 100ML,XPECT B,100 ML,Syrup,140.00,Bromhexine + Guaifenesin + Menthol,bromhexine+guaifenesin+menthol,Bromhexine | Guaifenesin | Menthol,3,,,ALKEM LABORATORIES,LTD.ALFA NEXGEN,main,master
AT-XPECT-D-100ML,XPECT D SYRUP 100ML,XPECT D,100 ML,Syrup,123.75,Clorpheniremine Meleate 2mg + Dextromethorphen 10mg + Phenylephrin 5mg,clorpheniremine meleate 2mg+dextromethorphen 10mg+phenylephrin 5mg,Clorpheniremine Meleate | Dextromethorphen | Phenylephrin,3,Cough Preparations,,ALKEM LABORATORIES,LTD.ALFA NEXGEN,manual,master
AT-XPECT-LS-15ML,XPECT LS DROPS 15ML,XPECT LS,15 ML,Drops,64.69,Ambroxol + Guaifenesin + Levosalbutamol,ambroxol+guaifenesin+levosalbutamol,Ambroxol | Guaifenesin | Levosalbutamol,3,,,ALKEM LABORATORIES,LTD.ALFA NEXGEN,main,master
AT-XPECT-PD-100ML,XPECT PD SYP 100ML,XPECT PD,100 ML,Syrup,64.69,Chlorpheniramine + Paracetamol + Phenylephrine,chlorpheniramine+paracetamol+phenylephrine,Chlorpheniramine | Paracetamol | Phenylephrine,3,,,ALKEM LABORATORIES,LTD.ALFA NEXGEN,main,stock file
AT-XPECT-D-JUNIOR-60ML,XPECT-D JUNIOR SYRUP 60ML,XPECT-D JUNIOR,60 ML,Syrup,76.85,Chlorpheniramine + Dextromethorphan + Phenylephrine,chlorpheniramine+dextromethorphan+phenylephrine,Chlorpheniramine | Dextromethorphan | Phenylephrine,3,,,ALKEM LABORATORIES,LTD.ALFA NEXGEN,main,master
AT-XPECT-LS-JUNIOR-60ML,XPECT-LS JUNIOR SYRUP 60ML,XPECT-LS JUNIOR,60 ML,Syrup,72.19,Ambroxol + Guaifenesin + Levosalbutamol,ambroxol+guaifenesin+levosalbutamol,Ambroxol | Guaifenesin | Levosalbutamol,3,,,ALKEM LABORATORIES,LTD.ALFA NEXGEN,main,master
AT-XPECT-LS-100ML,XPECT-LS SYRUP 100ML,XPECT-LS,100 ML,Syrup,129.35,Ambroxol 30mg + Guaphenesin 50mg + Levosalbutamole 1mg,ambroxol 30mg+guaphenesin 50mg+levosalbutamole 1mg,Ambroxol | Guaphenesin | Levosalbutamole,3,Cough Preparations,,ALKEM LABORATORIES,LTD.ALFA NEXGEN,manual,master
AT-XPECT-PD-60ML,XPECT-PD SYRUP 60ML.,XPECT-PD,60 ML,Syrup,35.16,Chlorpheniramine + Paracetamol + Phenylephrine,chlorpheniramine+paracetamol+phenylephrine,Chlorpheniramine | Paracetamol | Phenylephrine,3,Cough Preparations,,ALKEM LABORATORIES,LTD.ALFA NEXGEN,main,stock file
AT-XPLODE-POW,XPLODE POW,XPLODE POW,,,365.79,Multiminerals + Multivitamins + Protein,multiminerals+multivitamins+protein,Multiminerals | Multivitamins | Protein,3,,,ALKEM PAHARMA,DARMA CARE,main,stock file
AT-XPRAB-INJECTION-05ML,XPRAB INJECTION,XPRAB INJECTION,0.5 ML,Injection,404.52,,,,,VACCINES,,SUN PHARMA LAB. LTD,PHARMA,,master
AT-XSTAN-20MG-15TAB,XSTAN 20MG TABS,XSTAN 20MG,15 TAB,Tablet,31.87,Telmisartan,telmisartan,Telmisartan,1,,,BLUE CROSS LABS,LTD BCL,main,master
AT-XSTAN-40MG-15TAB,XSTAN 40MG TABS,XSTAN 40MG,15 TAB,Tablet,51.56,Telmisartan,telmisartan,Telmisartan,1,,,BLUE CROSS LABS,LTD BCL,main,master
AT-XSTAN-AM-15S,XSTAN AM TAB 15'S,XSTAN AM,15'S,Tablet,79.68,Amlodipine + Telmisartan,amlodipine+telmisartan,Amlodipine | Telmisartan,2,,,BLUE CROSS LABS,LTD BCL,main,master
AT-XSTAN-H-15TAB,XSTAN H TABS,XSTAN H,15 TAB,Tablet,79.68,Hydrochlorothiazide + Telmisartan,hydrochlorothiazide+telmisartan,Hydrochlorothiazide | Telmisartan,2,,,BLUE CROSS LABS,LTD BCL,main,master
AT-XSTAN-AMH-15S,XSTAN-AMH TAB 15'S,XSTAN-AMH,15'S,Tablet,93.75,Amlodipine + Hydrochlorothiazide + Telmisartan,amlodipine+hydrochlorothiazide+telmisartan,Amlodipine | Hydrochlorothiazide | Telmisartan,3,,,BLUE CROSS LABS,LTD BCL,main,master
AT-XSTAN-BETA-25-15S,XSTAN-BETA 25 TAB 15'S,XSTAN-BETA 25,15'S,Tablet,75.00,Metoprolol + Telmisartan,metoprolol+telmisartan,Metoprolol | Telmisartan,2,,,BLUE CROSS LABS,LTD BCL,main,master
AT-XSTAN-BETA-50-15S,XSTAN-BETA 50 TAB 15'S,XSTAN-BETA 50,15'S,Tablet,90.00,Metoprolol + Telmisartan,metoprolol+telmisartan,Metoprolol | Telmisartan,2,,,BLUE CROSS LABS,LTD BCL,main,master
AT-XSTAN-CT-12-5-15S,XSTAN-CT 12.5 TAB 15'S,XSTAN-CT 12.5,15'S,Tablet,77.34,Chlorthalidone + Telmisartan,chlorthalidone+telmisartan,Chlorthalidone | Telmisartan,2,,,BLUE CROSS LABS,LTD BCL,main,master
AT-XSTAN-CT-6-25-15S,XSTAN-CT 6.25 TAB 15'S,XSTAN-CT 6.25,15'S,Tablet,63.28,Chlorthalidone + Telmisartan,chlorthalidone+telmisartan,Chlorthalidone | Telmisartan,2,,,BLUE CROSS LABS,LTD BCL,main,master
AT-XT-PARA-12-10S,XT PARA 12 TAB 10,XT PARA 12,10'S,Tablet,64.27,,,,,,,TORRENT PHARMA,UVA,,stock file
AT-XT-PARA-650MG-10S,XT PARA 650MG TAB 10,XT PARA 650MG,10'S,Tablet,17.06,,,,,,,TORRENT PHARMA,UVA,,stock file
AT-XT-PARA-60ML,XT PARA SUSP 60ML 60ML,XT PARA,60 ML,Suspension,35.62,,,,,,,TORRENT PHARMA,UVA,,stock file
AT-XTRAGLO-10S,XTRAGLO TAB 10'S,XTRAGLO,10'S,Tablet,221.50,,,,,,,SUN PHARMA,LTD PRIMA LAND,,master
AT-XXAPIXABID-2-5MG-10S,XXAPIXABID 2.5MG TAB 10S,XXAPIXABID 2.5MG,10S,Tablet,112.50,,,,,,,INDOCO,REMEDIES LTD,,stock file
AT-XXAPIXABID-5MG-10S,XXAPIXABID 5MG TAB 10S,XXAPIXABID 5MG,10S,Tablet,168.75,,,,,,,INDOCO,REMEDIES LTD,,stock file
AT-XYLOCHEK-DROP-10ML,XYLOCHEK DROP 10ML.,XYLOCHEK DROP,10 ML,Drops,49.56,,,,,,,INDOCO REMEDIES LTD,EXCEL,,stock file
AT-XYLOCHEK-NASAL-SPRAY-10ML,XYLOCHEK NASAL SPRAY 10ML,XYLOCHEK NASAL SPRAY,10 ML,Nasal Spray,47.98,Benzalkonium Chloride V/v 0.02% + Xylometazoline Hydrochloride W/v 0.1%,benzalkonium chloride v/v 0.02%+xylometazoline hydrochloride w/v 0.1%,Benzalkonium Chloride V/v | Xylometazoline Hydrochloride W/v,2,Nasal Decongestant,,INDOCO REMEDIES LTD,EXCEL,INDOCO,stock file
AT-YEES-20MG-15S,YEES 20MG TAB 15S,YEES 20MG,15S,Tablet,70.31,Esomeprazole 20mg,esomeprazole 20mg,Esomeprazole,1,Gastro Intestinal,,ALKEM,AURA MAGNA,alkem,stock file
AT-YEES-40MG-15S,YEES 40MG TAB 15S,YEES 40MG,15S,Tablet,165.00,Esomeprazole 40mg,esomeprazole 40mg,Esomeprazole,1,Gastro Intestinal,,ALKEM,AURA MAGNA,alkem,stock file
AT-YEES-D-10S,YEES-D CAP 10S,YEES-D,10S,Capsule,180.00,Domperidone 30mg + Esomeprazole 40mg,domperidone 30mg+esomeprazole 40mg,Domperidone | Esomeprazole,2,Gastro Intestinal,,ALKEM,AURA MAGNA,alkem,stock file
AT-YOCAL-CT-10S,YOCAL-CT TAB 10S,YOCAL-CT,10S,Tablet,230.00,,,,,,,NEO LIFE SCIENCES,,,master
AT-YUGARD-30GM,YUGARD CREAM 30GM,YUGARD,30 GM,Cream,"1,556.61",Other Anti-Ageing Products,other anti-ageing products,Other Anti-Ageing Products,1,DERMA,,SUN PHARMA,RIGEL,sun pharma sheet,stock file
AT-YUGARD-UNDER-EYE-CREEM-15GM,YUGARD UNDER EYE CREEM 15G,YUGARD UNDER EYE CREEM,15 GM,,"1,156.11",,,,,,,SUN PHARMA,RIGEL,,stock file
AT-YULIPRIST-10S,YULIPRIST TABS 10S,YULIPRIST,10S,Tablet,"1,338.98",Ulipristal Acetate 5mg,ulipristal acetate 5mg,Ulipristal Acetate,1,,,JAGSONPAL PHARMA,LTD.NARI DIV,JASONPAL,master
AT-ZADONASE-10S,ZADONASE TAB 10S,ZADONASE,10S,Tablet,176.25,Serratiopeptidase,serratiopeptidase,Serratiopeptidase,1,Respiratory,,ALKEM PHARMA,AURA,main,stock file
AT-ZADONASE-F-SUSPENSION-100ML,ZADONASE-F SUSPENSION 100ML,ZADONASE-F SUSPENSION,100 ML,Suspension,128.91,Fungal Diastase + Pepsin,fungal diastase+pepsin,Fungal Diastase | Pepsin,2,Respiratory,,ALKEM PHARMA,AURA,main,stock file
AT-ZANOCIN-100-MG-60ML,ZANOCIN 100 MG,ZANOCIN 100 MG,60 ML,Syrup,42.89,Ofloxacin 100mg,ofloxacin 100mg,Ofloxacin,1,ANTI-INFECTIVES,,SUN PHARMA LAB.LTD,RICHOUT,sun pharma sheet,stock file
AT-ZANOCIN-200MG-TABS-10S,ZANOCIN 200MG TABS**,ZANOCIN 200MG TABS**,10'S,Tablet,102.19,Ofloxacin 200mg,ofloxacin 200mg,Ofloxacin,1,ANTI-INFECTIVES,,SUN PHARMA LAB.LTD,RICHOUT,sun pharma sheet,master
AT-ZANOCIN-DS-400MG-10S,ZANOCIN DS 400MG TABS 10S,ZANOCIN DS 400MG,10S,Tablet,250.31,Ofloxacin 400mg,ofloxacin 400mg,Ofloxacin,1,ANTI-INFECTIVES,,SUN PHARMA LAB.LTD,RICHOUT,sun pharma sheet,stock file
AT-ZANOCIN-F-10S,ZANOCIN F TAB 10'S,ZANOCIN F,10'S,Tablet,173.44,,,,,,,SUN PHARMA LAB.LTD,RICHOUT,,stock file
AT-ZANOCIN-INFUSION-100ML,ZANOCIN INFUSION 100ML,ZANOCIN INFUSION,100 ML,,122.34,Ofloxacin 200mg,ofloxacin 200mg,Ofloxacin,1,ANTI-INFECTIVES,,SUN PHARMA LAB.LTD,RICHOUT,sun pharma sheet,stock file
AT-ZANOCIN-LIQ-100MG-60ML,ZANOCIN LIQ 100MG SYP 60ML,ZANOCIN LIQ 100MG,60 ML,Syrup,120.94,,,,,,,SUN PHARMA LAB.LTD,RICHOUT,,stock file
AT-ZANOCIN-LIQ-50MG-60ML,ZANOCIN LIQ 50MG 60ML,ZANOCIN LIQ 50MG,60 ML,,65.63,,,,,,,SUN PHARMA LAB.LTD,RICHOUT,,stock file
AT-ZANOCIN-OD-400MG-5S,ZANOCIN OD 400MG TABS 5S,ZANOCIN OD 400MG,5S,Tablet,239.06,Ofloxacin 400mg,ofloxacin 400mg,Ofloxacin,1,ANTI-INFECTIVES,,SUN PHARMA LAB.LTD,RICHOUT,sun pharma sheet,master
AT-ZANOCIN-OZ-TAB-10S,ZANOCIN OZ TAB 10S`,ZANOCIN OZ TAB 10S`,,Tablet,190.31,,,,,,,SUN PHARMA LAB.LTD,RICHOUT,,master
AT-ZANOCIN-PLUS-10S,ZANOCIN PLUS TAB 10'S,ZANOCIN PLUS,10'S,Tablet,111.56,,,,,,,SUN PHARMA LAB.LTD,RICHOUT,,stock file
AT-ZANPAN-D-15S,ZANPAN D CAP 15'S,ZANPAN D,15'S,Capsule,166.88,Domperidone Pr 30mg + Pantoprazole Gr 40mg,domperidone pr 30mg+pantoprazole gr 40mg,Domperidone Pr | Pantoprazole Gr,2,Anti-Emetic,Acid Peptic Disease,WALLACE PHARMACEUTICALS LTD,GASTROVA,wallace,stock file
AT-ZANPAN-GR-15S,ZANPAN GR TAB 15'S,ZANPAN GR,15'S,Tablet,129.38,,,,,,,WALLACE PHARMA,DELITE,,stock file
AT-ZANPAN-L-10S,ZANPAN L CAP 10'S,ZANPAN L,10'S,Capsule,173.44,,,,,,,WALLACE PHARMA,DELITE,,stock file
AT-ZAP-10S,ZAP CAP 10S,ZAP,10S,Capsule,103.13,Domperidone 30mg + Pantoprazole 40mg,domperidone 30mg+pantoprazole 40mg,Domperidone | Pantoprazole,2,Gastro (Drug Induced Acidity),,INDOCO REMEDIES LTD,WARREN,INDOCO,stock file
AT-ZEDOBACT-CL-10S,ZEDOBACT-CL TAB 1*10,ZEDOBACT-CL,10'S,Tablet,164.06,Cefuroxime + Clavulanic Acid,cefuroxime+clavulanic acid,Cefuroxime | Clavulanic Acid,2,,,ARRIENT HEALTHCARE,(ORENDA)PRIVATE LIM,main,master
AT-ZEDOTT-BABY-SHC-1GM,ZEDOTT BABY SHC 1GM,ZEDOTT BABY SHC,1 GM,,12.80,,,,,,,TORRENT PHARMA LTD,SONORA WIRRIORS,,stock file
AT-ZEET-12-100ML,ZEET 12 SYRUP 100ML.,ZEET 12,100 ML,Syrup,66.75,Cyproheptadine,cyproheptadine,Cyproheptadine,1,,,ALEMBIC,MAXIS,main,stock file
AT-ZEET-DX-100ML,ZEET DX SYRUP 100ML,ZEET DX,100 ML,Syrup,119.91,Chlorpheniramine + Dextromethorphan,chlorpheniramine+dextromethorphan,Chlorpheniramine | Dextromethorphan,2,,,ALEMBIC,MAXIS,main,stock file
AT-ZEET-EXPT-100ML,ZEET EXPT 100ML,ZEET EXPT,100 ML,,125.16,Bromhexine + Guaifenesin + Terbutaline,bromhexine+guaifenesin+terbutaline,Bromhexine | Guaifenesin | Terbutaline,3,,,ALEMBIC,MAXIS,main,master
AT-ZEET-EXPT-10S,ZEET EXPT. TABS 10'S,ZEET EXPT,10'S,Tablet,39.94,Ambroxol + Guaifenesin + Terbutaline,ambroxol+guaifenesin+terbutaline,Ambroxol | Guaifenesin | Terbutaline,3,,,ALEMBIC,MAXIS,main,stock file
AT-ZEET-LD-120ML,ZEET LD SYRUP 120ML,ZEET LD,120 ML,Syrup,135.94,Ambroxol + Guaifenesin + Levodropropizine,ambroxol+guaifenesin+levodropropizine,Ambroxol | Guaifenesin | Levodropropizine,3,,,ALEMBIC,MAXIS,manual,master
AT-ZEET-P-60ML,ZEET P SYP 60ML,ZEET P,60 ML,Syrup,72.70,Chlorpheniramine + Paracetamol + Phenylephrine,chlorpheniramine+paracetamol+phenylephrine,Chlorpheniramine | Paracetamol | Phenylephrine,3,,,ALEMBIC,MAXIS,main,stock file
AT-ZELGOR-250MG-TAB-BOT-120S,ZELGOR 250MG TAB BOT. 120S,ZELGOR 250MG TAB BOT,120S,Tablet,"12,187.50",,,,,,,SUN PHARMA LABS LTD,UROCARE,,stock file
AT-ZELGOR-500-MG,ZELGOR 500 MG TABS,ZELGOR 500 MG,,Tablet,"12,187.50",,,,,,,SUN PHARMA LABS LTD,UROCARE,,master
AT-ZEMETRIL-250MG-6S,ZEMETRIL 250MG.TABS 6`S,ZEMETRIL 250MG,6'S,Tablet,266.58,,,,,,,GSK LIMITED,TEAM 8,,stock file
AT-ZEMETRIL-500MG-6S,ZEMETRIL 500MG.TABS 6`S,ZEMETRIL 500MG,6'S,Tablet,491.11,,,,,,,GSK LIMITED,TEAM 8,,stock file
AT-ZEMPRED-16MG-10S,ZEMPRED 16MG TAB 10 S,ZEMPRED 16MG,10 S,Tablet,124.69,Methyl Prednisolone 16mg,methyl prednisolone 16mg,Methyl Prednisolone,1,HORMONES,,SUN PHARMA,RIGEL,sun pharma sheet,master
AT-ZEMPRED-4MG-10S,ZEMPRED 4MG TAB 10 S,ZEMPRED 4MG,10 S,Tablet,60.00,Methyl Prednisolone 4mg,methyl prednisolone 4mg,Methyl Prednisolone,1,HORMONES,,SUN PHARMA,RIGEL,sun pharma sheet,master
AT-ZEMPRED-8MG-10S,ZEMPRED 8MG TAB 10 S,ZEMPRED 8MG,10 S,Tablet,71.25,Methyl Prednisolone 8mg,methyl prednisolone 8mg,Methyl Prednisolone,1,HORMONES,,SUN PHARMA,RIGEL,sun pharma sheet,master
AT-ZENTEL-400MG,ZENTEL 400MG TABS,ZENTEL 400MG,,Tablet,86.70,Albendazole,albendazole,Albendazole,1,,,GSK LIMITED,OPTIVE,main,master
AT-ZENTEL-10ML,ZENTEL SUSP 10ML,ZENTEL,10 ML,Suspension,19.11,Albendazole,albendazole,Albendazole,1,,,GSK LIMITED,OPTIVE,main,master
AT-ZERIPRAN-10MG-10S,ZERIPRAN-10MG TAB 10'S,ZERIPRAN-10MG,10'S,Tablet,136.87,Domperidone,domperidone,Domperidone,1,,,ARRIENT HEALTHCARE,(NEUROX)PRIVATE LIM,main,master
AT-ZERIPRAN-5MG-10S,ZERIPRAN-5MG TAB 10,ZERIPRAN-5MG,10'S,Tablet,97.50,Domperidone,domperidone,Domperidone,1,,,ARRIENT HEALTHCARE,(NEUROX)PRIVATE LIM,main,master
AT-ZEROLAC-200GM,ZEROLAC 200GM,ZEROLAC,200 GM,,293.50,Composition Not Stated,composition not stated,Composition Not Stated,1,Special infant formula,Primary/secondary lactose intolerance and cow/buffalo milk protein allergy,RAPTAKOS BRETT & CO,EIDIKOS,raptakos,master
AT-ZEROLAC-400GM,ZEROLAC 400GM,ZEROLAC,400 GM,,573.50,Composition Not Stated,composition not stated,Composition Not Stated,1,Special infant formula,Primary/secondary lactose intolerance and cow/buffalo milk protein allergy,RAPTAKOS BRETT & CO,EIDIKOS,raptakos,master
AT-ZERT-OD-100MG-10S,ZERT OD 100MG 10'S,ZERT OD 100MG,10'S,,64.69,,,,,,,RPG LIFE SCIENCES,LTD. NEUROPS,,stock file
AT-ZERT-OD-50MG-10S,ZERT OD 50MG 10'S,ZERT OD 50MG,10'S,,43.64,,,,,,,RPG LIFE SCIENCES,LTD. NEUROPS,,stock file
AT-ZEVIT-30S,ZEVIT CAPS 30'S,ZEVIT,30'S,Capsule,39.47,,,,,,,GSK LIMITED,TEAM CTC 6,,stock file
AT-ZICAM-0-25-MG-10S,ZICAM 0.25 MG TAB 10,ZICAM 0.25 MG,10'S,Tablet,17.48,,,,,,,TORRENT PHARMA,NEUFOREV,,stock file
AT-ZICAM-0-5-MG-10S,ZICAM 0.5 MG TAB 10,ZICAM 0.5 MG,10'S,Tablet,29.61,,,,,,,TORRENT PHARMA,NEUFOREV,,stock file
AT-ZICAM-1-MG-10S,ZICAM 1 MG TAB 10,ZICAM 1 MG,10'S,Tablet,40.28,,,,,,,TORRENT PHARMA,NEUFOREV,,stock file
AT-ZICAM-2-MG-10S,ZICAM 2 MG TAB 10,ZICAM 2 MG,10'S,Tablet,78.30,,,,,,,TORRENT PHARMA,NEUFOREV,,stock file
AT-ZIFEXIM,ZIFEXIM TAB,ZIFEXIM,,Tablet,111.56,,,,,,,SUN PHARMA LABS.LTD,MAXXIM,,stock file
AT-ZILENTA-M-FORT-10S,ZILENTA M FORT TAB 10S,ZILENTA M FORT,10S,Tablet,145.78,,,,,,,INDOCO,REMEDIES LTD. FOCUS,,stock file
AT-ZILENTA-M-10S,ZILENTA M TAB 10,ZILENTA M,10'S,Tablet,138.28,Metformin 500mg + Teneligliptin 20mg,metformin 500mg+teneligliptin 20mg,Metformin | Teneligliptin,2,Diabetes,,INDOCO,REMEDIES LTD. FOCUS,INDOCO,stock file
AT-ZILENTA-10S,ZILENTA TABS 10S,ZILENTA,10S,Tablet,107.30,Teneligliptin 20mg,teneligliptin 20mg,Teneligliptin,1,Diabetes,,INDOCO,REMEDIES LTD. FOCUS,INDOCO,stock file
AT-ZILOKEM-20MG,ZILOKEM 20MG TABS,ZILOKEM 20MG,,Tablet,40.31,Olmesartan,olmesartan,Olmesartan,1,,,ALKEM LABORATORIES,LTD DIABTALOGY,main,stock file
AT-ZILOKEM-40MG-10S,ZILOKEM 40MG TAB 10S,ZILOKEM 40MG,10S,Tablet,97.97,Olmesartan,olmesartan,Olmesartan,1,,,ALKEM LABORATORIES,LTD DIABTALOGY,main,stock file
AT-ZILOKEM-80MG-10S,ZILOKEM 80MG TAB 10S,ZILOKEM 80MG,10S,Tablet,139.69,Olmesartan,olmesartan,Olmesartan,1,,,ALKEM LABORATORIES,LTD DIABTALOGY,main,stock file
AT-ZILOKEM-CT-40-12-5MG-10S,ZILOKEM CT 40/12.5MG TAB 10S,ZILOKEM CT 40/12.5MG,10S,Tablet,102.19,Chlorthalidone + Olmesartan,chlorthalidone+olmesartan,Chlorthalidone | Olmesartan,2,,,ALKEM LABORATORIES,LTD DIABTALOGY,main,stock file
AT-ZILSAR-40MG-10S,ZILSAR 40MG TAB 10S,ZILSAR 40MG,10S,Tablet,92.72,Azilsartan Medoxomil,azilsartan medoxomil,Azilsartan Medoxomil,1,,,TORRENT PHARMACEUTICALS LTD,UNICHEM,torrent,stock file
AT-ZILSAR-80MG-10S,ZILSAR 80MG TAB 10S,ZILSAR 80MG,10S,Tablet,154.69,Azilsartan Medoxomil,azilsartan medoxomil,Azilsartan Medoxomil,1,,,TORRENT PHARMACEUTICALS LTD,UNICHEM,torrent,stock file
AT-ZILSAR-CH-40-12-5MG-10S,ZILSAR CH 40/12.5MG TAB 10S,ZILSAR CH 40/12.5MG,10S,Tablet,111.56,,,,,,,TORRENT PHARMACEUTICALS LTD,UNICHEM,,stock file
AT-ZIMBA-CREEM-1,ZIMBA CREEM 1,ZIMBA CREEM 1,,,210.94,,,,,,,SUN PHARMA,LAB.CROSSLAND 1,,stock file
AT-ZIMBA-10ML,ZIMBA LOTION 10ML,ZIMBA,10 ML,Lotion,283.13,,,,,,,SUN PHARMA,LABORATORIES LTD,,stock file
AT-ZIMIG-250MG-7S,ZIMIG 250MG TABS 7'S,ZIMIG 250MG,7'S,Tablet,386.11,Azithromycin,azithromycin,Azithromycin,1,,,GSK LIMITED,DERMA ACE TEAM 2,main,master
AT-ZIMIG-10GM,ZIMIG CREAM 10GM,ZIMIG,10 GM,Cream,78.52,,,,,,,GSK LIMITED,DERMA ACE TEAM 2,,stock file
AT-ZIMIVIR-500MG-3S,ZIMIVIR 500MG TAB 3'S,ZIMIVIR 500MG,3'S,Tablet,181.85,Famciclovir,famciclovir,Famciclovir,1,,,GSK LIMITED,OPTIVE,main,master
AT-ZIMIVIR-1GM1X3,ZIMIVIR TAB 1 GM 1*3,ZIMIVIR,1 GM 1X3,Tablet,273.27,,,,,,,GSK LIMITED,OPTIVE,,stock file
AT-ZIMUNITY-DAILY-30S,ZIMUNITY DAILY TAB 30'S,ZIMUNITY DAILY,30'S,Tablet,300.00,,,,,,,WALLACE PHARMACEUTICALS,LTD,,stock file
AT-ZIMUNITY-15S,ZIMUNITY TAB 15'S,ZIMUNITY,15'S,Tablet,200.00,,,,,,,WALLACE PHARMACEUTICALS,LTD,,stock file
AT-ZINCOREN-10ML,ZINCOREN DROPS 10ML,ZINCOREN,10 ML,Drops,55.78,,,,,,,INDOCO REMEDIES LTD,EXCEL,,stock file
AT-ZINETAC-150MG-10S,ZINETAC 150MG TABS 10`S,ZINETAC 150MG,10'S,Tablet,21.21,,,,,,,GSK LIMITED TEAM PC2,FORTIOR,,stock file
AT-ZINETAC-300MG-10S,ZINETAC 300MG TABS 10`S,ZINETAC 300MG,10'S,Tablet,16.59,,,,,,,GSK LIMITED TEAM PC2,FORTIOR,,stock file
AT-ZISPER-FORTE-10S,ZISPER FORTE TAB 10'S,ZISPER FORTE,10'S,Tablet,134.40,Risperidone + Trihexyphenidyl Hydrochloride,risperidone+trihexyphenidyl hydrochloride,Risperidone | Trihexyphenidyl Hydrochloride,2,,,TORRENT PHARMACEUTICAL,AXON,torrent,master
AT-ZISPER-IR-1MG-10S,ZISPER IR-1MG TAB 10'S,ZISPER IR-1MG,10'S,Tablet,26.45,,,,,,,TORRENT PHARMACEUTICAL,AXON,,master
AT-ZISPER-IR-2MG-10S,ZISPER IR-2MG TAB 10'S,ZISPER IR-2MG,10'S,Tablet,44.15,,,,,,,TORRENT PHARMACEUTICAL,AXON,,master
AT-ZISPER-IR-4MG-10S,ZISPER IR-4MG TAB 10'S,ZISPER IR-4MG,10'S,Tablet,78.55,,,,,,,TORRENT PHARMACEUTICAL,AXON,,master
AT-ZISPER-LS-10S,ZISPER LS TAB 10'S,ZISPER LS,10'S,Tablet,108.79,Risperidone + Trihexyphenidyl Hydrochloride,risperidone+trihexyphenidyl hydrochloride,Risperidone | Trihexyphenidyl Hydrochloride,2,,,TORRENT PHARMACEUTICAL,AXON,torrent,master
AT-ZISPER-PLUS,ZISPER PLUS TABS,ZISPER PLUS,,Tablet,113.40,Risperidone + Trihexyphenidyl Hydrochloride,risperidone+trihexyphenidyl hydrochloride,Risperidone | Trihexyphenidyl Hydrochloride,2,,,TORRENT PHARMACEUTICAL,AXON,torrent,master
AT-ZITHIUM-250MG-6S,ZITHIUM 250MG TAB 6'S,ZITHIUM 250MG,6'S,Tablet,66.62,Azithromycin 250mg,azithromycin 250mg,Azithromycin,1,Anti-infective,,ALKEM PHARMA,ALPHA MAX,alkem,master
AT-ZITHIUM-500MG-3S,ZITHIUM 500MG TAB 3'S,ZITHIUM 500MG,3'S,Tablet,125.87,Azithromycin 500mg,azithromycin 500mg,Azithromycin,1,Anti-infective,,ALKEM PHARMA,ALPHA MAX,alkem,master
AT-ZITHIUM-DS-ORAL-15ML,ZITHIUM DS ORAL SYP 15ML,ZITHIUM DS ORAL,15 ML,Syrup,54.61,Azithromycin 100mg/5ml,azithromycin 100mg/5ml,Azithromycin,1,Anti-infective,,ALKEM PHARMA,ALPHA MAX,alkem,master
AT-ZITHIUM-O-BD-10S,ZITHIUM O BD TAB 10'S,ZITHIUM O BD,10'S,Tablet,177.66,Azithromycin,azithromycin,Azithromycin,1,Anti-infective,,ALKEM PHARMA,ALPHA MAX,main,stock file
AT-ZITHIUM-O-30ML,ZITHIUM O SYP 30ML.,ZITHIUM O,30 ML,Syrup,68.44,Azithromycin,azithromycin,Azithromycin,1,,,ALKEM PHARMA,ALPHA MAX,main,stock file
AT-ZITHIUM-O-5S,ZITHIUM O TAB 5'S,ZITHIUM O,5'S,Tablet,172.97,Azithromycin,azithromycin,Azithromycin,1,Anti-infective,,ALKEM PHARMA,ALPHA MAX,main,stock file
AT-ZITHIUM-ORAL-15ML,ZITHIUM ORAL SYP 15ML,ZITHIUM ORAL,15 ML,Syrup,47.30,Azithromycin 100mg/5ml,azithromycin 100mg/5ml,Azithromycin,1,Anti-infective,,ALKEM PHARMA,ALPHA MAX,alkem,master
AT-ZITHIUM-XL100-30ML,ZITHIUM XL100 SUSP.30ML,ZITHIUM XL100,30 ML,Suspension,71.25,Azithromycin 100mg/5ml,azithromycin 100mg/5ml,Azithromycin,1,Anti-infective,,ALKEM PHARMA,ALPHA MAX,alkem,stock file
AT-ZITHIUM-O-SUSPENSION-60ML,ZITHIUM-O SUSPENSION 60ML,ZITHIUM-O SUSPENSION,60 ML,Suspension,112.50,Azithromycin,azithromycin,Azithromycin,1,Anti-infective,,ALKEM PHARMA,ALPHA MAX,main,stock file
AT-ZLUBRIJOINT-PLUS-30S,ZLUBRIJOINT PLUS 30'S,ZLUBRIJOINT PLUS,30'S,,310.61,,,,,,,WALLACE PHARMA.LTD.LIFESTYLE,,,stock file
AT-ZMUN-CD-10S,ZMUN CD TAB 10'S,ZMUN CD,10'S,Tablet,120.00,,,,,,,INDOCO REMEDIES LTD,SPADE,,stock file
AT-ZN-20-15ML,ZN 20 DROPS 15ML,ZN 20,15 ML,Drops,116.40,,,,,,,WALLACE PHARMACEUTICALS,LTD,,master
AT-ZN-20-100ML,ZN 20 SYP 100ML,ZN 20,100 ML,Syrup,140.63,,,,,Zinc,Diarrhoea,WALLACE PHARMACEUTICALS,LTD,,master
AT-ZOBACTIN-4-5MG,ZOBACTIN 4.5MG INJ,ZOBACTIN 4.5MG,,Injection,337.50,,,,,,,KOYE PHARMACEUTICALS,P.LTD,,stock file
AT-ZOCEF-1-5MG,ZOCEF 1.5MG VIAL,ZOCEF 1.5MG,,Vial,315.94,Cefuroxime,cefuroxime,Cefuroxime,1,,,ALKEM LABORATORIES LTD,BERGEN CRISTA,main,stock file
AT-ZOCEF-250MG-10S,ZOCEF 250MG TABS 10'S,ZOCEF 250MG,10'S,Tablet,435.94,Cefuroxime,cefuroxime,Cefuroxime,1,RTI / UTI / SSTI,,ALKEM LABORATORIES LTD,BERGEN CRISTA,main,stock file
AT-ZOCEF-500MG-10S,ZOCEF 500MG TAB 10'S,ZOCEF 500MG,10'S,Tablet,549.39,Cefuroxime Axetil 500mg,cefuroxime axetil 500mg,Cefuroxime Axetil,1,RTI / UTI / SSTI,,ALKEM LABORATORIES LTD,BERGEN CRISTA,manual,master
AT-ZOCEF-CV-250MG-6S,ZOCEF CV 250MG TAB 6'S,ZOCEF CV 250MG,6'S,Tablet,299.05,Cefuroxime + Clavulanic Acid,cefuroxime+clavulanic acid,Cefuroxime | Clavulanic Acid,2,,,ALKEM LABORATORIES LTD,BERGEN CRISTA,main,master
AT-ZOCEF-CV-500MG-6S,ZOCEF CV 500MG TAB 6'S,ZOCEF CV 500MG,6'S,Tablet,534.35,Cefuroxime + Clavulanic Acid,cefuroxime+clavulanic acid,Cefuroxime | Clavulanic Acid,2,,,ALKEM LABORATORIES LTD,BERGEN CRISTA,main,master
AT-ZOCEF-CV-DRY-30ML,ZOCEF CV DRY SYRUP 30ML,ZOCEF CV DRY,30 ML,Dry Syrup,262.50,Cefuroxime Axetil 125mg/5ml + Clavulanic Acid 31.25mg/5ml,cefuroxime axetil 125mg/5ml+clavulanic acid 31.25mg/5ml,Cefuroxime Axetil | Clavulanic Acid,2,,,ALKEM LABORATORIES LTD,BERGEN CRISTA,manual,master
AT-ZOCEF-DRY-30ML,ZOCEF DRY SYRUP 30ML,ZOCEF DRY,30 ML,Dry Syrup,165.75,Cefuroxime Axetil 125mg/5ml,cefuroxime axetil 125mg/5ml,Cefuroxime Axetil,1,RTI / UTI,,ALKEM LABORATORIES LTD,BERGEN CRISTA,manual,master
AT-ZODERM-E-CREAM-1-50GM,ZODERM E CREAM 1% 50GM,ZODERM E CREAM 1%,50 GM,Cream,321.33,Eberconazole,eberconazole,Eberconazole,1,,,GSK LIMITED,OPTIVE,main,master
AT-ZODERM-E-30GM,ZODERM E CREAM 30GM.,ZODERM E,30 GM,Cream,90.23,,,,,,,GSK LIMITED,DERMA ACE TEAM 2,,stock file
AT-ZOFER-4-10S,ZOFER 4 TAB,ZOFER 4,10'S,Tablet,53.86,Ondansetron 4mg,ondansetron 4mg,Ondansetron,1,GASTRO INTESTINAL,,SUN PHARMA LAB.LTD,STANLIFE,sun pharma sheet,master
AT-ZOFER-8-10S,ZOFER 8 TAB,ZOFER 8,10'S,Tablet,102.69,Ondansetron 8mg,ondansetron 8mg,Ondansetron,1,GASTRO INTESTINAL,,SUN PHARMA LAB.LTD,STANLIFE,sun pharma sheet,stock file
AT-ZOFER-MD-4-10S,ZOFER MD 4 TAB 10,ZOFER MD 4,10'S,Tablet,54.79,Ondansetron 4mg,ondansetron 4mg,Ondansetron,1,GASTRO INTESTINAL,,SUN PHARMA LAB.LTD,STANLIFE,sun pharma sheet,master
AT-ZOFER-MD-8-10S,ZOFER MD 8 TAB 10S,ZOFER MD 8,10S,Tablet,113.67,Ondansetron 8mg,ondansetron 8mg,Ondansetron,1,GASTRO INTESTINAL,,SUN PHARMA LAB.LTD,STANLIFE,sun pharma sheet,stock file
AT-ZOFER-30ML,ZOFER SYRUP 30ML,ZOFER,30 ML,Syrup,39.38,Ondansetron 2mg,ondansetron 2mg,Ondansetron,1,GASTRO INTESTINAL,,SUN PHARMA LAB.LTD,STANLIFE,sun pharma sheet,stock file
AT-ZOFER-INJ-2ML-5,ZOFER-INJ 2ML 5,ZOFER-INJ 2ML 5,,Injection,12.52,,,,,,,SUN PHARMA LAB.LTD,STANLIFE,,master
AT-ZOFER-INJ-4ML-5,ZOFER-INJ 4ML 5,ZOFER-INJ 4ML 5,,Injection,24.59,,,,,,,SUN PHARMA LAB.LTD,STANLIFE,,master
AT-ZOFIX-100-DRY,ZOFIX 100 DRY SYP,ZOFIX 100 DRY,,Dry Syrup,58.76,Cefixime,cefixime,Cefixime,1,,,ALEMBIC,PHARMA,main,stock file
AT-ZOFIX-100,ZOFIX 100 TAB,ZOFIX 100,,Tablet,55.73,Cefixime,cefixime,Cefixime,1,,,ALEMBIC,PHARMA,main,stock file
AT-ZOFIX-200-10S,ZOFIX 200 TAB 10S,ZOFIX 200,10S,Tablet,84.07,Cefixime,cefixime,Cefixime,1,,,ALEMBIC,PHARMA,main,stock file
AT-ZOFIX-50DT,ZOFIX 50DT TAB,ZOFIX 50DT,,Tablet,29.53,Cefixime,cefixime,Cefixime,1,,,ALEMBIC,PHARMA,main,stock file
AT-ZOFIX-CV-100-DT-10S,ZOFIX CV 100 DT 10S,ZOFIX CV 100 DT,10S,,107.67,Cefixime + Clavulanic Acid,cefixime+clavulanic acid,Cefixime | Clavulanic Acid,2,,,ALEMBIC,PHARMA,main,stock file
AT-ZOFIX-DRY-30ML,ZOFIX DRY SYP 30ML.,ZOFIX DRY,30 ML,Dry Syrup,41.27,Cefixime,cefixime,Cefixime,1,,,ALEMBIC,PHARMA,main,stock file
AT-ZOFIX-O-100DT-10S,ZOFIX O 100DT TAB 10S,ZOFIX O 100DT,10S,Tablet,83.58,Cefixime + Ofloxacin,cefixime+ofloxacin,Cefixime | Ofloxacin,2,,,ALEMBIC,PHARMA,main,stock file
AT-ZOFIX-O-10S,ZOFIX O TAB 1*10TAB,ZOFIX O,10'S,Tablet,141.56,Cefixime + Ofloxacin,cefixime+ofloxacin,Cefixime | Ofloxacin,2,,,ALEMBIC,PHARMA,main,stock file
AT-ZOLE-F-SKIN-LOT-15ML,ZOLE F SKIN LOT.15ML,ZOLE F SKIN LOT,15 ML,,63.75,,,,,,,SUN PHARMA LABS.LTD,MAXXIM,,master
AT-ZOLE-F-SKIN-15GM,ZOLE F SKIN OINT.15GM,ZOLE F SKIN,15 GM,Ointment,117.19,,,,,,,SUN PHARMA LABS.LTD,MAXXIM,,master
AT-ZOLE-SKIN,ZOLE SKIN OINT.,ZOLE SKIN,,Ointment,70.31,,,,,,,SUN PHARMA LABS.LTD,MAXXIM,,master
AT-ZOLE-IT-100MG-7S,ZOLE-IT 100MG TAB 7S,ZOLE-IT 100MG,7S,Tablet,147.16,,,,,,,SUN PHARMA LABS.LTD,MAXXIM,,stock file
AT-ZOLE-IT-200MG-10S,ZOLE-IT 200MG TAB 10'S,ZOLE-IT 200MG,10'S,Tablet,232.26,,,,,,,SUN PHARMA LABS.LTD,MAXXIM,,stock file
AT-ZOTUM-1-5GM-VAIL,ZOTUM 1.5GM VAIL INJ,ZOTUM 1.5GM VAIL,,Injection,355.68,Cefuroxime + Sulbactam,cefuroxime+sulbactam,Cefuroxime | Sulbactam,2,,,AGLOWMED LTD.,,main,stock file
AT-ZOTUM-15GM,ZOTUM 1.5GM VIAL INJ,ZOTUM,1.5 GM,Injection,355.68,Cefoperazone + Sulbactam,cefoperazone+sulbactam,Cefoperazone | Sulbactam,2,,,AGLOWMED LTD.,,main,master
AT-ZOTUM-250MG-10S,ZOTUM 250MG TAB 10'S,ZOTUM 250MG,10'S,Tablet,225.43,Cefuroxime Axetil,cefuroxime axetil,Cefuroxime Axetil,1,,,AGLOWMED LTD.,,main,master
AT-ZOTUM-500-10S,ZOTUM 500 TAB 10'S,ZOTUM 500,10'S,Tablet,395.83,Cefuroxime Axetil,cefuroxime axetil,Cefuroxime Axetil,1,,,AGLOWMED LTD.,,main,master
AT-ZOTUM-500-10S-2,ZOTUM 500 TAB 10S,ZOTUM 500,10S,Tablet,395.83,Cefuroxime Axetil,cefuroxime axetil,Cefuroxime Axetil,1,,,AGLOWMED LTD.,,main,stock file
AT-ZOVIRAX-200MG-5S,ZOVIRAX 200MG TABS 5'S,ZOVIRAX 200MG,5'S,Tablet,40.63,Acyclovir,acyclovir,Acyclovir,1,,,GSK LIMITED,DERMA ACE TEAM 2,main,master
AT-ZOVIRAX-400MG-10S,ZOVIRAX 400MG TABS 10'S,ZOVIRAX 400MG,10'S,Tablet,145.81,Acyclovir,acyclovir,Acyclovir,1,,,GSK LIMITED,DERMA ACE TEAM 2,main,master
AT-ZOVIRAX-800MG-5S,ZOVIRAX 800MG TABS 5'S,ZOVIRAX 800MG,5'S,Tablet,201.16,Acyclovir,acyclovir,Acyclovir,1,,,GSK LIMITED,DERMA ACE TEAM 2,main,master
AT-ZOVIRAX-I-V-250MG-5ML,ZOVIRAX I.V. 250MG 5ML,ZOVIRAX I.V. 250MG,5 ML,,499.43,,,,,,,GSK LIMITED TEAM,ALTUS,,stock file
AT-ZOVIRAX-100ML,ZOVIRAX SUSP 100ML,ZOVIRAX,100 ML,Suspension,144.22,Acyclovir,acyclovir,Acyclovir,1,,,GSK LIMITED,DERMA ACE TEAM 2,main,master
AT-ZTOLAZ-DT-5-MG,ZTOLAZ DT 5 MG,ZTOLAZ DT 5 MG,,,30.94,,,,,,,TORRENT PHARMA,VISTA,,stock file
AT-ZUBILANCE-10S,ZUBILANCE TAB 10'S,ZUBILANCE,10'S,Tablet,195.00,Levosulpiride + Rabeprazole,levosulpiride+rabeprazole,Levosulpiride | Rabeprazole,2,,,CELAGENEX RESEARCH INDIA PVT LTD,NEURO,main,master
AT-ZUCATOR-100MG-10S,ZUCATOR 100MG TAB 10S,ZUCATOR 100MG,10S,Tablet,118.13,Remogliflozin Etabonate 100mg,remogliflozin etabonate 100mg,Remogliflozin Etabonate,1,,,TORRENT PHARMACEUTICALS,LTD,torrent,stock file
AT-ZUCATOR-M-500MG-10S,ZUCATOR M 500MG TAB 10S,ZUCATOR M 500MG,10S,Tablet,130.31,Metformin 500mg + Remogliflozin Etabonate 100mg,metformin 500mg+remogliflozin etabonate 100mg,Metformin | Remogliflozin Etabonate,2,,,TORRENT PHARMACEUTICALS,LTD,torrent,stock file
AT-ZULU-AT-4-10S,ZULU AT 4 TAB 10,ZULU AT 4,10'S,Tablet,162.79,,,,,,,TORRENT PHARMA,VITUS,,stock file
AT-ZULU-AT-8,ZULU AT 8 TAB,ZULU AT 8,,Tablet,222.03,,,,,,,TORRENT PHARMA,VITUS,,stock file
AT-ZUPAR-10S,ZUPAR TABS 10`S,ZUPAR,10'S,Tablet,10.45,,,,,,,GSK LIMITED,TEAM 8,,stock file
AT-ZUPRINOR-10MCG-1-2-PATCH,ZUPRINOR 10MCG 1*2 PATCH,ZUPRINOR 10MCG 1*2 PATCH,,,"2,306.26",,,,,,,SUN PHARMA LAB.LTD,CROSSLAND-LIFE,,master
AT-ZUPRINOR-5MCG-1-2-PATCH,ZUPRINOR 5MCG 1*2 PATCH,ZUPRINOR 5MCG 1*2 PATCH,,,"1,318.00",,,,,,,SUN PHARMA LAB.LTD,CROSSLAND-LIFE,,master
AT-ZURIFER-XT-10S,ZURIFER XT TAB 10'S,ZURIFER XT,10'S,Tablet,111.09,,,,,,,ALKEM LAB,BERGEN ZURIEVE,,stock file
AT-ZYLORIC-100MG,ZYLORIC 100MG TABS,ZYLORIC 100MG,,Tablet,20.16,Allopurinol,allopurinol,Allopurinol,1,,,GSK LIMITED,OPTIVE,main,master
AT-ZYLORIC-300MG,ZYLORIC 300MG TABS,ZYLORIC 300MG,,Tablet,60.02,Allopurinol,allopurinol,Allopurinol,1,,,GSK LIMITED,OPTIVE,main,master
AT-ZYNCET-10S,ZYNCET TAB 10S,ZYNCET,10S,Tablet,17.25,Cetirizine,cetirizine,Cetirizine,1,,,TORRENT PHARMA,UVA,torrent,stock file
AT-ZYRONA-INJ-4MG,ZYRONA INJ 4MG,ZYRONA INJ 4MG,,Injection,"2,995.00",,,,,,,SUN PHARMA LABS LTD,UROCARE,,stock file
AT-ZYTEE-L-TUBE-10ML,ZYTEE L(TUBE) 10ML 10ML,ZYTEE L(TUBE),10 ML,Gel,123.50,Benzalkonium Chloride 0.02% + Choline Salicylate 9% + Lignocaine Hcl 2%,benzalkonium chloride 0.02%+choline salicylate 9%+lignocaine hcl 2%,Benzalkonium Chloride | Choline Salicylate | Lignocaine Hcl,3,Oral/Dental care / Local analgesic,,RAPTAKOS BRETT & CO.LIMITED,,raptakos,master
AT-ZYTEE-RB-LOTION-BOTTLE-10ML,ZYTEE RB LOTION(BOTTLE) 10ML,ZYTEE RB LOTION(BOTTLE),10 ML,Lotion,120.50,Benzalkonium Chloride 0.02% + Choline Salicylate 9%,benzalkonium chloride 0.02%+choline salicylate 9%,Benzalkonium Chloride | Choline Salicylate,2,Oral/Dental care,"Painful mouth ulcers, teething pain & denture irritation",RAPTAKOS BRETT & CO.LIMITED,,raptakos,master
AT-ZYTEE-RB-TUBE-10ML,ZYTEE RB TUBE 10ML,ZYTEE RB TUBE,10 ML,,120.50,,,,,,,RAPTAKOS BRETT & CO.LIMITED,,,master
,,,,,,,,,,,,,,,
,,,,,,,,,,,,,,,
,,,,,,,,,,,,,,,
,,,,,,,,,,,,,,,
,,,,,,,,,,,,,,,
,,,,,,,,,,,,,,,
,,,,,,,,,,,,,,,
,,,,,,,,,,,,,,,
,,,,,,,,,,,,,,,
,,,,,,,,,,,,ALEMBIC,ALCARE,,
,,,,,,,,,,,,ALEMBIC,ALCARE,,
,,,,,,,,,,,,ALEMBIC,ALCARE,,
,,,,,,,,,,,,ALEMBIC,ALCARE,,
,,,,,,,,,,,,ALEMBIC,ENTERON,,
,,,,,,,,,,,,ALEMBIC,,,
,,,,,,,,,,,,ALEMBIC,,,
,,,,,,,,,,,,ALEMBIC,,,
,,,,,,,,,,,,ALEMBIC,,,
,,,,,,,,,,,,ALEMBIC,,,
,,,,,,,,,,,,ALEMBIC,,,
,,,,,,,,,,,,ALEMBIC,,,
,,,,,,,,,,,,ALEMBIC,,,
,,,,,,,,,,,,ALEMBIC,,,
,,,,,,,,,,,,ALEMBIC,,,
,,,,,,,,,,,,ALEMBIC,,,
,,,,,,,,,,,,ALEMBIC,ELENA,,
,,,,,,,,,,,,ALEMBIC,MEGACARE,,
,,,,,,,,,,,,ALEMBIC,MEGACARE,,
,,,,,,,,,,,,ALEMBIC,,,
,,,,,,,,,,,,ALEMBIC,,,
,,,,,,,,,,,,ALEMBIC,,,
,,,,,,,,,,,,ALEMBIC,,,
,,,,,,,,,,,,ALEMBIC,,,
,,,,,,,,,,,,ALEMBIC,,,
,,,,,,,,,,,,ALEMBIC,,,
,,,,,,,,,,,,ALEMBIC,,,
,,,,,,,,,,,,ALEMBIC,,,
,,,,,,,,,,,,ALEMBIC,,,
,,,,,,,,,,,,ALEMBIC,,,
,,,,,,,,,,,,ALEMBIC,,,
,,,,,,,,,,,,ALEMBIC,,,
,,,,,,,,,,,,ALEMBIC,,,
,,,,,,,,,,,,ALEMBIC,,,
,,,,,,,,,,,,ALEMBIC,,,
,,,,,,,,,,,,ALEMBIC,,,
,,,,,,,,,,,,ALEMBIC,,,
,,,,,,,,,,,,ALEMBIC,,,
,,,,,,,,,,,,ALEMBIC,,,
,,,,,,,,,,,,ALEMBIC,,,
,,,,,,,,,,,,ALEMBIC,,,
,,,,,,,,,,,,ALEMBIC,,,
,,,,,,,,,,,,ALEMBIC,,,
,,,,,,,,,,,,ALEMBIC,,,
,,,,,,,,,,,,ALEMBIC,,,
,,,,,,,,,,,,ALEMBIC,,,
,,,,,,,,,,,,ALEMBIC,,,
,,,,,,,,,,,,ALEMBIC,,,
,,,,,,,,,,,,ALEMBIC,,,
,,,,,,,,,,,,ALEMBIC,,,
,,,,,,,,,,,,ALEMBIC,,,
,,,,,,,,,,,,ALEMBIC,,,
,,,,,,,,,,,,ALEMBIC,,,
,,,,,,,,,,,,ALEMBIC,,,
,,,,,,,,,,,,ALEMBIC,,,
,,,,,,,,,,,,ALEMBIC,,,
,,,,,,,,,,,,ALEMBIC,,,
,,,,,,,,,,,,ALEMBIC,,,
,,,,,,,,,,,,ALEMBIC,,,
,,,,,,,,,,,,ALEMBIC,,,
,,,,,,,,,,,,ALEMBIC,,,
,,,,,,,,,,,,ALEMBIC,,,